family_id,week,assigned,challenge_completed,goal_saving_minor,eligible_saving_minor,growth_delta_cm,growth_total_cm,points,purchase_days_synthetic
family_000013,2026-W33,True,True,9008,9865,4.8,4.8,52,3
family_000013,2026-W34,True,False,899,11542,1.8,6.6,27,2
family_000013,2026-W35,True,False,0,3252,2.4,9.0,6,3
family_000013,2026-W36,True,True,3128,8799,5.0,14.0,42,4
family_000014,2026-W33,True,True,5542,5542,3.8,3.8,40,2
family_000014,2026-W34,True,True,8495,12929,4.6,8.4,54,3
family_000014,2026-W35,True,True,7162,10403,4.6,13.0,49,3
family_000014,2026-W36,True,True,5784,8722,4.4,17.4,42,3
family_000025,2026-W33,True,True,5200,12242,4.0,4.0,57,2
family_000025,2026-W34,True,False,0,1970,0.8,4.8,3,1
family_000025,2026-W35,True,True,2189,6516,3.6,8.4,38,2
family_000025,2026-W36,True,True,1914,1914,2.8,11.2,28,1
family_000027,2026-W33,True,False,0,13367,1.6,1.6,26,2
family_000027,2026-W34,True,True,15679,23777,4.4,6.0,88,2
family_000027,2026-W35,True,True,14665,26657,4.0,10.0,86,2
family_000027,2026-W36,True,False,3021,7772,1.0,11.0,19,1
family_000029,2026-W33,True,False,0,15956,2.0,2.0,39,2
family_000029,2026-W34,True,True,9908,26809,4.8,6.8,86,3
family_000029,2026-W35,True,True,3568,20920,5.0,11.8,82,3
family_000029,2026-W36,True,True,7221,21095,4.2,16.0,79,2
family_000049,2026-W33,True,True,4361,10818,3.8,3.8,50,2
family_000049,2026-W34,True,True,7300,24699,4.2,8.0,86,2
family_000049,2026-W35,True,True,6766,17461,3.2,11.2,67,1
family_000049,2026-W36,True,True,5506,21734,4.0,15.2,76,2
family_000057,2026-W33,True,True,5129,19320,4.6,4.6,67,3
family_000057,2026-W34,True,False,0,1796,0.8,5.4,3,1
family_000057,2026-W35,True,True,2899,5078,3.8,9.2,39,2
family_000057,2026-W36,True,False,0,3812,0.8,10.0,7,1
family_000058,2026-W33,True,False,0,5864,1.8,1.8,15,2
family_000058,2026-W34,True,True,4281,8607,3.8,5.6,46,2
family_000058,2026-W35,True,False,0,4288,0.8,6.4,8,1
family_000058,2026-W36,True,False,0,1386,1.6,8.0,2,2
family_000059,2026-W33,True,True,6091,24107,4.8,4.8,81,3
family_000059,2026-W34,True,False,0,11368,2.4,7.2,22,3
family_000059,2026-W35,True,False,3708,32278,1.8,9.0,68,2
family_000059,2026-W36,True,True,5827,11869,4.0,13.0,56,2
family_000061,2026-W33,True,True,4026,12896,3.8,3.8,54,2
family_000061,2026-W34,True,True,9335,19927,5.0,8.8,76,3
family_000061,2026-W35,True,True,11218,24730,5.0,13.8,90,3
family_000061,2026-W36,True,True,3807,16821,4.6,18.4,62,3
family_000067,2026-W33,True,True,1480,9093,3.6,3.6,43,2
family_000067,2026-W34,True,True,3284,9336,3.6,7.2,43,2
family_000067,2026-W35,True,True,3542,9961,4.0,11.2,52,2
family_000067,2026-W36,True,True,3555,3555,2.8,14.0,32,1
family_000084,2026-W33,True,True,4734,14782,4.0,4.0,62,2
family_000084,2026-W34,True,True,8372,22960,5.0,9.0,90,3
family_000084,2026-W35,True,True,9317,19057,4.4,13.4,79,2
family_000084,2026-W36,True,True,5864,12901,3.2,16.6,58,1
family_000085,2026-W33,True,True,2131,3153,3.6,3.6,31,2
family_000085,2026-W34,True,False,0,2960,1.6,5.2,5,2
family_000085,2026-W35,True,True,3688,5167,3.6,8.8,35,2
family_000085,2026-W36,True,False,569,1066,1.6,10.4,2,2
family_000087,2026-W33,True,False,2087,7966,1.2,1.2,23,1
family_000087,2026-W34,True,False,3219,10728,1.8,3.0,25,2
family_000087,2026-W35,True,True,11099,19186,3.8,6.8,67,2
family_000087,2026-W36,True,True,5492,9699,3.8,10.6,48,2
family_000091,2026-W33,True,True,1412,2294,3.6,3.6,29,2
family_000091,2026-W34,True,True,4628,12008,3.8,7.4,53,2
family_000091,2026-W35,True,False,0,4879,1.6,9.0,9,2
family_000091,2026-W36,True,True,1078,2519,2.8,11.8,30,1
family_000093,2026-W33,True,True,1670,3277,3.6,3.6,31,2
family_000093,2026-W34,True,True,1168,3201,3.6,7.2,31,2
family_000093,2026-W35,True,False,592,2377,1.6,8.8,4,2
family_000093,2026-W36,True,True,1006,9489,3.6,12.4,43,2
family_000096,2026-W33,True,True,1857,8416,3.8,3.8,45,2
family_000096,2026-W34,True,True,1997,4568,3.6,7.4,34,2
family_000096,2026-W35,True,False,0,1549,1.6,9.0,3,2
family_000096,2026-W36,True,False,1359,5977,1.6,10.6,11,2
family_000101,2026-W33,True,True,4875,7650,4.6,4.6,44,3
family_000101,2026-W34,True,True,3046,12779,4.8,9.4,58,3
family_000101,2026-W35,True,False,1497,4142,1.6,11.0,8,2
family_000101,2026-W36,True,True,5902,10066,4.4,15.4,45,3
family_000106,2026-W33,True,True,8210,18306,4.2,4.2,73,2
family_000106,2026-W34,True,True,9036,19038,4.8,9.0,71,3
family_000106,2026-W35,True,False,0,16456,1.6,10.6,32,2
family_000106,2026-W36,True,False,2860,6863,1.8,12.4,17,2
family_000108,2026-W33,True,True,2212,10045,3.6,3.6,45,2
family_000108,2026-W34,True,True,2352,12702,3.6,7.2,50,2
family_000108,2026-W35,True,True,8190,17774,3.8,11.0,64,2
family_000108,2026-W36,True,True,4197,4834,4.4,15.4,34,3
family_000109,2026-W33,True,True,7050,7723,3.6,3.6,40,2
family_000109,2026-W34,True,True,3415,8968,3.0,6.6,46,1
family_000109,2026-W35,True,True,7508,9666,3.8,10.4,48,2
family_000109,2026-W36,True,True,3180,6221,2.8,13.2,37,1
family_000110,2026-W33,True,True,4431,8531,3.6,3.6,42,2
family_000110,2026-W34,True,False,749,7897,1.8,5.4,19,2
family_000110,2026-W35,True,True,2104,2104,3.6,9.0,29,2
family_000110,2026-W36,True,True,5791,7021,3.6,12.6,39,2
family_000122,2026-W33,True,True,13015,17138,5.0,5.0,79,3
family_000122,2026-W34,True,True,5116,18550,4.8,9.8,70,3
family_000122,2026-W35,True,True,11013,32430,4.6,14.4,113,2
family_000122,2026-W36,True,True,8621,20864,4.6,19.0,86,2
family_000124,2026-W33,True,True,4582,9654,3.8,3.8,48,2
family_000124,2026-W34,True,True,3618,6253,3.6,7.4,37,2
family_000124,2026-W35,True,True,7173,14970,3.6,11.0,54,2
family_000124,2026-W36,True,False,0,6196,1.6,12.6,12,2
family_000126,2026-W33,True,True,6741,20887,4.0,4.0,74,2
family_000126,2026-W34,True,True,4469,17994,3.8,7.8,64,2
family_000126,2026-W35,True,True,3611,16306,3.8,11.6,61,2
family_000126,2026-W36,True,True,4305,14136,3.8,15.4,57,2
family_000127,2026-W33,True,True,3711,10480,3.6,3.6,45,2
family_000127,2026-W34,True,False,0,7796,2.4,6.0,15,3
family_000127,2026-W35,True,False,0,6387,2.4,8.4,12,3
family_000127,2026-W36,True,True,1670,5084,4.4,12.8,35,3
family_000130,2026-W33,True,True,4297,7490,4.4,4.4,39,3
family_000130,2026-W34,True,False,867,2860,1.6,6.0,5,2
family_000130,2026-W35,True,True,7341,11051,3.8,9.8,51,2
family_000130,2026-W36,True,True,2485,4117,3.6,13.4,33,2
family_000132,2026-W33,True,False,0,3430,1.6,1.6,6,2
family_000132,2026-W34,True,False,1009,2036,1.6,3.2,4,2
family_000132,2026-W35,True,True,2394,4166,3.6,6.8,33,2
family_000132,2026-W36,True,True,7882,8546,2.8,9.6,42,1
family_000133,2026-W33,True,True,8065,10199,3.2,3.2,53,1
family_000133,2026-W34,True,True,5287,17380,4.2,7.4,71,2
family_000133,2026-W35,True,False,0,10296,1.0,8.4,24,1
family_000133,2026-W36,True,False,0,16395,2.0,10.4,40,2
family_000138,2026-W33,True,False,0,31600,3.6,3.6,71,4
family_000138,2026-W34,True,False,0,14353,1.0,4.6,32,1
family_000138,2026-W35,True,True,6355,15240,4.6,9.2,59,3
family_000138,2026-W36,True,True,7871,22772,5.0,14.2,82,3
family_000142,2026-W33,True,True,5277,19373,4.8,4.8,71,3
family_000142,2026-W34,True,True,2505,10467,4.0,8.8,53,2
family_000142,2026-W35,True,True,2159,16845,4.0,12.8,66,2
family_000142,2026-W36,True,False,0,10392,0.8,13.6,20,1
family_000144,2026-W33,True,True,3785,10602,3.8,3.8,50,2
family_000144,2026-W34,True,True,2289,3433,3.6,7.4,31,2
family_000144,2026-W35,True,False,0,6136,1.8,9.2,16,2
family_000144,2026-W36,True,True,2061,5065,3.6,12.8,35,2
family_000146,2026-W33,True,True,14825,29742,4.2,4.2,96,2
family_000146,2026-W34,True,True,5066,18481,4.6,8.8,65,3
family_000146,2026-W35,True,False,0,14833,1.6,10.4,29,2
family_000146,2026-W36,True,True,6598,14097,4.0,14.4,61,2
family_000148,2026-W33,True,True,11732,15335,4.2,4.2,67,2
family_000148,2026-W34,True,True,6449,15298,3.2,7.4,63,1
family_000148,2026-W35,True,False,0,9575,2.4,9.8,19,3
family_000148,2026-W36,True,False,0,6419,1.6,11.4,12,2
family_000151,2026-W33,True,True,4552,21084,5.0,5.0,83,3
family_000151,2026-W34,True,False,0,11344,1.6,6.6,22,2
family_000151,2026-W35,True,True,10356,28779,5.0,11.6,94,3
family_000151,2026-W36,True,True,21644,28449,5.0,16.6,101,3
family_000162,2026-W33,True,False,1093,10063,1.8,1.8,24,2
family_000162,2026-W34,True,False,1780,7713,1.8,3.6,19,2
family_000162,2026-W35,True,True,7706,10865,3.0,6.6,50,1
family_000162,2026-W36,True,False,0,3838,0.8,7.4,7,1
family_000163,2026-W33,True,False,0,8607,1.6,1.6,17,2
family_000163,2026-W34,True,True,3611,10146,3.6,5.2,45,2
family_000163,2026-W35,True,True,9657,16635,3.8,9.0,62,2
family_000163,2026-W36,True,True,6273,19625,4.6,13.6,68,3
family_000166,2026-W33,True,True,1957,10202,3.8,3.8,49,2
family_000166,2026-W34,True,False,0,1165,1.6,5.4,2,2
family_000166,2026-W35,True,True,4154,8201,3.6,9.0,41,2
family_000166,2026-W36,True,False,0,7921,1.6,10.6,15,2
family_000169,2026-W33,True,False,0,1336,0.8,0.8,2,1
family_000169,2026-W34,True,False,0,4995,0.8,1.6,9,1
family_000169,2026-W35,True,False,0,1381,0.8,2.4,2,1
family_000169,2026-W36,True,False,0,7008,1.6,4.0,14,2
family_000170,2026-W33,True,False,0,13317,1.6,1.6,26,2
family_000170,2026-W34,True,False,0,10937,1.0,2.6,25,1
family_000170,2026-W35,True,True,7099,17847,5.0,7.6,76,3
family_000170,2026-W36,True,True,7590,18997,3.8,11.4,66,2
family_000174,2026-W33,True,True,5422,9956,3.6,3.6,44,2
family_000174,2026-W34,True,False,1099,1099,1.6,5.2,2,2
family_000174,2026-W35,True,True,3864,4747,3.6,8.8,34,2
family_000174,2026-W36,True,False,0,0,0.8,9.6,0,1
family_000179,2026-W33,True,True,9698,22124,4.8,4.8,77,3
family_000179,2026-W34,True,True,5072,18820,4.2,9.0,74,2
family_000179,2026-W35,True,True,4995,17325,4.4,13.4,75,2
family_000179,2026-W36,True,True,4442,19056,4.6,18.0,67,3
family_000181,2026-W33,True,True,2586,10825,3.8,3.8,50,2
family_000181,2026-W34,True,True,1080,7039,3.2,7.0,47,1
family_000181,2026-W35,True,False,0,3932,1.6,8.6,7,2
family_000181,2026-W36,True,True,5664,9127,3.6,12.2,43,2
family_000184,2026-W33,True,True,1414,5530,3.6,3.6,36,2
family_000184,2026-W34,True,True,3733,11025,3.8,7.4,51,2
family_000184,2026-W35,True,False,1745,4956,1.6,9.0,9,2
family_000184,2026-W36,True,True,1819,7984,3.8,12.8,44,2
family_000190,2026-W33,True,True,6212,14063,4.4,4.4,53,3
family_000190,2026-W34,True,False,1762,3611,0.8,5.2,7,1
family_000190,2026-W35,True,True,2877,14540,3.8,9.0,58,2
family_000190,2026-W36,True,False,939,2684,1.6,10.6,5,2
family_000191,2026-W33,True,True,2268,3588,2.8,2.8,32,1
family_000191,2026-W34,True,True,7088,9859,3.8,6.6,48,2
family_000191,2026-W35,True,False,991,4266,1.6,8.2,8,2
family_000191,2026-W36,True,False,0,12562,1.6,9.8,25,2
family_000195,2026-W33,True,False,0,1762,1.6,1.6,3,2
family_000195,2026-W34,True,False,1021,6669,0.8,2.4,13,1
family_000195,2026-W35,True,True,9537,9537,3.8,6.2,48,2
family_000195,2026-W36,True,False,0,1514,1.6,7.8,3,2
family_000196,2026-W33,True,True,7133,22452,3.8,3.8,73,2
family_000196,2026-W34,True,True,21585,34281,4.6,8.4,113,2
family_000196,2026-W35,True,True,12164,31234,5.0,13.4,107,3
family_000196,2026-W36,True,True,17587,36919,4.2,17.6,110,2
family_000198,2026-W33,True,False,0,2938,1.6,1.6,5,2
family_000198,2026-W34,True,False,550,2851,0.8,2.4,5,1
family_000198,2026-W35,True,True,2023,5177,3.6,6.0,35,2
family_000198,2026-W36,True,True,2652,3896,3.6,9.6,32,2
family_000199,2026-W33,True,True,7357,12141,4.6,4.6,53,3
family_000199,2026-W34,True,True,3150,6229,2.8,7.4,37,1
family_000199,2026-W35,True,False,0,0,0.8,8.2,0,1
family_000199,2026-W36,True,True,6871,9002,3.8,12.0,47,2
family_000202,2026-W33,True,True,2756,11948,3.8,3.8,52,2
family_000202,2026-W34,True,True,6940,17995,4.8,8.6,68,3
family_000202,2026-W35,True,True,7087,15239,4.8,13.4,63,3
family_000202,2026-W36,True,True,7975,17360,4.0,17.4,67,2
family_000203,2026-W33,True,True,1406,4474,2.8,2.8,33,1
family_000203,2026-W34,True,False,0,5585,1.6,4.4,11,2
family_000203,2026-W35,True,True,6306,8746,3.8,8.2,46,2
family_000203,2026-W36,True,True,1055,2809,3.6,11.8,30,2
family_000204,2026-W33,True,False,616,1002,1.6,1.6,2,2
family_000204,2026-W34,True,False,0,656,0.8,2.4,1,1
family_000204,2026-W35,True,False,756,5169,1.6,4.0,10,2
family_000204,2026-W36,True,True,2883,7535,3.8,7.8,44,2
family_000215,2026-W33,True,False,0,445,1.6,1.6,0,2
family_000215,2026-W34,True,False,0,5378,0.8,2.4,10,1
family_000215,2026-W35,True,True,1949,8642,3.6,6.0,42,2
family_000215,2026-W36,True,False,818,11726,2.4,8.4,23,3
family_000218,2026-W33,True,True,1987,8437,3.6,3.6,41,2
family_000218,2026-W34,True,True,1214,5090,3.6,7.2,35,2
family_000218,2026-W35,True,False,798,4001,1.6,8.8,8,2
family_000218,2026-W36,True,True,2258,3649,3.6,12.4,32,2
family_000219,2026-W33,True,True,5804,11594,4.0,4.0,56,2
family_000219,2026-W34,True,False,1042,5106,2.4,6.4,10,3
family_000219,2026-W35,True,True,3971,7971,2.8,9.2,40,1
family_000219,2026-W36,True,False,1645,16285,1.6,10.8,32,2
family_000221,2026-W33,True,True,9278,22468,4.0,4.0,77,2
family_000221,2026-W34,True,False,0,12810,0.8,4.8,25,1
family_000221,2026-W35,True,True,15061,23556,4.4,9.2,88,2
family_000221,2026-W36,True,False,0,6473,0.8,10.0,12,1
family_000224,2026-W33,True,True,2877,7661,3.6,3.6,40,2
family_000224,2026-W34,True,True,3241,9086,3.8,7.4,47,2
family_000224,2026-W35,True,True,1451,3658,3.6,11.0,32,2
family_000224,2026-W36,True,False,1310,4754,0.8,11.8,9,1
family_000236,2026-W33,True,True,2889,7645,3.8,3.8,44,2
family_000236,2026-W34,True,False,0,662,1.6,5.4,1,2
family_000236,2026-W35,True,False,0,3223,1.6,7.0,6,2
family_000236,2026-W36,True,True,1735,3207,2.8,9.8,31,1
family_000239,2026-W33,True,True,4015,21737,4.2,4.2,80,2
family_000239,2026-W34,True,False,3887,8728,1.2,5.4,25,1
family_000239,2026-W35,True,False,0,15421,1.8,7.2,34,2
family_000239,2026-W36,True,False,0,7872,1.6,8.8,15,2
family_000243,2026-W33,True,False,2348,13323,2.0,2.0,34,2
family_000243,2026-W34,True,True,7368,25465,5.0,7.0,83,4
family_000243,2026-W35,True,True,5702,20490,4.2,11.2,77,2
family_000243,2026-W36,True,False,1644,8712,1.8,13.0,21,2
family_000251,2026-W33,True,False,2290,25399,2.6,2.6,70,2
family_000251,2026-W34,True,True,6264,25013,4.0,6.6,83,2
family_000251,2026-W35,True,False,0,4192,1.0,7.6,12,1
family_000251,2026-W36,True,False,0,12200,1.0,8.6,28,1
family_000252,2026-W33,True,False,0,12194,1.0,1.0,28,1
family_000252,2026-W34,True,False,0,6545,1.0,2.0,17,1
family_000252,2026-W35,True,True,2403,9827,4.0,6.0,52,2
family_000252,2026-W36,True,False,0,0,0.0,6.0,0,0
family_000254,2026-W33,True,True,3163,4086,3.6,3.6,33,2
family_000254,2026-W34,True,True,3687,4709,3.6,7.2,34,2
family_000254,2026-W35,True,False,943,5719,1.6,8.8,11,2
family_000254,2026-W36,True,True,1603,6734,3.6,12.4,38,2
family_000256,2026-W33,True,False,0,6479,1.0,1.0,16,1
family_000256,2026-W34,True,False,0,17813,1.8,2.8,39,2
family_000256,2026-W35,True,True,3031,6380,3.8,6.6,41,2
family_000256,2026-W36,True,True,3269,11689,4.0,10.6,56,2
family_000262,2026-W33,True,False,0,7803,1.6,1.6,15,2
family_000262,2026-W34,True,True,3217,17003,3.8,5.4,63,2
family_000262,2026-W35,True,True,4101,11989,4.8,10.2,56,3
family_000262,2026-W36,True,True,2713,15867,4.6,14.8,60,3
family_000264,2026-W33,True,False,919,3595,1.6,1.6,7,2
family_000264,2026-W34,True,True,4858,12377,4.6,6.2,53,3
family_000264,2026-W35,True,True,6739,15525,4.0,10.2,64,2
family_000264,2026-W36,True,False,636,9477,2.4,12.6,18,3
family_000267,2026-W33,True,True,14716,16126,3.8,3.8,61,2
family_000267,2026-W34,True,False,1705,5291,1.6,5.4,10,2
family_000267,2026-W35,True,True,5937,7770,3.6,9.0,40,2
family_000267,2026-W36,True,True,6307,10789,3.8,12.8,50,2
family_000268,2026-W33,True,True,2610,10254,3.0,3.0,49,1
family_000268,2026-W34,True,True,1236,4081,3.6,6.6,33,2
family_000268,2026-W35,True,True,1715,9446,3.8,10.4,47,2
family_000268,2026-W36,True,True,2700,4794,2.8,13.2,34,1
family_000272,2026-W33,True,False,0,7890,1.6,1.6,15,2
family_000272,2026-W34,True,False,0,12486,1.8,3.4,28,2
family_000272,2026-W35,True,False,0,5765,2.4,5.8,11,3
family_000272,2026-W36,True,True,4597,5896,3.0,8.8,40,1
family_000275,2026-W33,True,True,4207,7762,4.4,4.4,40,3
family_000275,2026-W34,True,True,2767,6074,2.8,7.2,37,1
family_000275,2026-W35,True,True,2016,5718,3.6,10.8,36,2
family_000275,2026-W36,True,True,2129,4288,2.8,13.6,33,1
family_000276,2026-W33,True,True,3659,6734,4.4,4.4,38,3
family_000276,2026-W34,True,False,0,4054,2.6,7.0,12,3
family_000276,2026-W35,True,True,7709,7709,3.8,10.8,44,2
family_000276,2026-W36,True,True,2198,5240,3.6,14.4,35,2
family_000279,2026-W33,True,True,28345,35274,4.4,4.4,111,2
family_000279,2026-W34,True,True,6706,14010,4.0,8.4,61,2
family_000279,2026-W35,True,True,3501,6626,3.8,12.2,42,2
family_000279,2026-W36,True,True,6332,21743,3.8,16.0,72,2
family_000280,2026-W33,True,True,1561,4042,4.4,4.4,33,3
family_000280,2026-W34,True,True,3460,4365,4.6,9.0,37,3
family_000280,2026-W35,True,True,1364,4027,3.8,12.8,37,2
family_000280,2026-W36,True,True,1087,3905,3.6,16.4,32,2
family_000284,2026-W33,True,False,0,5900,2.4,2.4,11,3
family_000284,2026-W34,True,True,11265,13561,4.8,7.2,60,3
family_000284,2026-W35,True,True,1801,7115,4.4,11.6,39,3
family_000284,2026-W36,True,True,5063,14507,4.4,16.0,54,3
family_000297,2026-W33,True,True,12450,16837,3.8,3.8,62,2
family_000297,2026-W34,True,True,971,1700,3.6,7.4,28,2
family_000297,2026-W35,True,True,1541,4180,3.8,11.2,37,2
family_000297,2026-W36,True,True,3728,7340,3.8,15.0,43,2
family_000298,2026-W33,True,False,0,5030,1.8,1.8,14,2
family_000298,2026-W34,True,False,0,582,1.6,3.4,1,2
family_000298,2026-W35,True,True,1359,5810,3.6,7.0,36,2
family_000298,2026-W36,True,True,5771,7695,3.6,10.6,40,2
family_000300,2026-W33,True,True,1912,5106,3.6,3.6,35,2
family_000300,2026-W34,True,True,10064,12112,4.6,8.2,53,3
family_000300,2026-W35,True,True,1625,10707,4.8,13.0,54,3
family_000300,2026-W36,True,False,0,7926,1.8,14.8,19,2
family_000304,2026-W33,True,False,0,9492,2.4,2.4,18,3
family_000304,2026-W34,True,False,0,3876,2.4,4.8,7,3
family_000304,2026-W35,True,True,1633,10914,3.8,8.6,50,2
family_000304,2026-W36,True,True,5283,11582,4.6,13.2,52,3
family_000311,2026-W33,True,True,12452,33463,5.0,5.0,103,3
family_000311,2026-W34,True,False,0,11181,1.6,6.6,22,2
family_000311,2026-W35,True,True,12343,34279,4.4,11.0,109,2
family_000311,2026-W36,True,True,5988,24593,4.6,15.6,78,3
family_000313,2026-W33,True,True,9525,15115,3.6,3.6,55,2
family_000313,2026-W34,True,True,10699,12563,3.6,7.2,50,2
family_000313,2026-W35,True,False,0,6608,1.8,9.0,17,2
family_000313,2026-W36,True,True,5016,10424,3.8,12.8,49,2
family_000322,2026-W33,True,True,5031,7471,3.0,3.0,43,1
family_000322,2026-W34,True,False,797,1411,0.8,3.8,2,1
family_000322,2026-W35,True,False,936,12569,1.8,5.6,29,2
family_000322,2026-W36,True,True,5707,13341,4.0,9.6,59,2
family_000330,2026-W33,True,True,13991,15246,4.6,4.6,59,3
family_000330,2026-W34,True,False,0,0,0.0,4.6,0,0
family_000330,2026-W35,True,False,2471,4835,1.6,6.2,9,2
family_000330,2026-W36,True,True,5854,8398,3.6,9.8,41,2
family_000336,2026-W33,True,True,4903,15468,3.6,3.6,55,2
family_000336,2026-W34,True,False,0,0,0.0,3.6,0,0
family_000336,2026-W35,True,False,0,1933,0.8,4.4,3,1
family_000336,2026-W36,True,True,2192,5150,2.8,7.2,35,1
family_000339,2026-W33,True,True,4415,11895,4.6,4.6,52,3
family_000339,2026-W34,True,False,682,12197,3.4,8.0,28,4
family_000339,2026-W35,True,False,1468,11613,1.8,9.8,27,2
family_000339,2026-W36,True,False,0,2733,2.4,12.2,5,3
family_000347,2026-W33,True,True,5812,6993,4.4,4.4,38,3
family_000347,2026-W34,True,True,7509,7509,3.6,8.0,40,2
family_000347,2026-W35,True,True,5787,8613,3.6,11.6,42,2
family_000347,2026-W36,True,True,6959,7960,2.8,14.4,40,1
family_000350,2026-W33,True,True,1779,16420,4.2,4.2,69,2
family_000350,2026-W34,True,True,5316,10974,3.2,7.4,54,1
family_000350,2026-W35,True,True,5463,19048,4.6,12.0,67,3
family_000350,2026-W36,True,True,5650,9590,4.2,16.2,56,2
family_000351,2026-W33,True,False,0,5193,1.8,1.8,14,2
family_000351,2026-W34,True,False,0,0,0.0,1.8,0,0
family_000351,2026-W35,True,True,3726,7715,3.8,5.6,44,2
family_000351,2026-W36,True,False,0,8183,2.0,7.6,24,2
family_000352,2026-W33,True,False,597,6748,0.8,0.8,13,1
family_000352,2026-W34,True,True,2180,11514,3.6,4.4,48,2
family_000352,2026-W35,True,False,1076,8414,2.6,7.0,20,3
family_000352,2026-W36,True,True,3361,13937,3.6,10.6,52,2
family_000356,2026-W33,True,False,0,0,1.6,1.6,0,2
family_000356,2026-W34,True,False,730,3838,1.6,3.2,7,2
family_000356,2026-W35,True,False,0,3001,1.6,4.8,6,2
family_000356,2026-W36,True,True,1019,8446,4.4,9.2,41,3
family_000360,2026-W33,True,False,1114,9796,2.6,2.6,23,3
family_000360,2026-W34,True,True,1559,13840,5.0,7.6,64,3
family_000360,2026-W35,True,False,0,4628,1.6,9.2,9,2
family_000360,2026-W36,True,True,5087,9065,3.8,13.0,47,2
family_000362,2026-W33,False,False,0,5975,0.0,0.0,0,1
family_000362,2026-W34,True,False,0,4495,1.0,1.0,12,1
family_000362,2026-W35,True,True,1537,3384,2.8,3.8,31,1
family_000362,2026-W36,True,True,1867,8324,3.0,6.8,45,1
family_000363,2026-W33,True,True,1841,7335,3.8,3.8,43,2
family_000363,2026-W34,True,False,421,2509,1.6,5.4,5,2
family_000363,2026-W35,True,True,1573,3228,3.6,9.0,31,2
family_000363,2026-W36,True,True,4028,11127,3.6,12.6,47,2
family_000365,2026-W33,True,True,5157,11779,4.4,4.4,48,3
family_000365,2026-W34,True,False,0,2889,1.6,6.0,5,2
family_000365,2026-W35,True,True,637,637,3.6,9.6,26,2
family_000365,2026-W36,True,True,2648,4715,2.8,12.4,34,1
family_000368,2026-W33,True,False,3190,10592,1.8,1.8,25,2
family_000368,2026-W34,True,False,2715,11131,1.8,3.6,26,2
family_000368,2026-W35,True,True,3407,10732,4.0,7.6,54,2
family_000368,2026-W36,True,True,2631,6526,3.8,11.4,42,2
family_000372,2026-W33,True,True,2249,3312,3.6,3.6,31,2
family_000372,2026-W34,True,True,2277,10447,3.6,7.2,45,2
family_000372,2026-W35,True,True,2726,5996,3.6,10.8,36,2
family_000372,2026-W36,True,True,4786,11469,2.8,13.6,47,1
family_000380,2026-W33,True,True,12051,35423,4.8,4.8,103,3
family_000380,2026-W34,True,True,18621,51020,5.0,9.8,151,3
family_000380,2026-W35,True,True,10700,27648,4.0,13.8,88,2
family_000380,2026-W36,True,False,6066,25240,2.0,15.8,58,2
family_000386,2026-W33,True,True,1235,2746,3.6,3.6,30,2
family_000386,2026-W34,True,True,5023,5767,3.0,6.6,40,1
family_000386,2026-W35,True,False,907,907,0.8,7.4,1,1
family_000386,2026-W36,True,False,0,1926,0.8,8.2,3,1
family_000387,2026-W33,True,False,0,18245,0.8,0.8,36,1
family_000387,2026-W34,True,True,3142,11552,4.6,5.4,52,3
family_000387,2026-W35,True,False,0,11789,1.8,7.2,27,2
family_000387,2026-W36,True,False,0,17483,1.6,8.8,34,2
family_000388,2026-W33,True,False,0,0,0.0,0.0,0,0
family_000388,2026-W34,True,True,3474,4245,2.8,2.8,33,1
family_000388,2026-W35,True,True,1993,3251,2.8,5.6,31,1
family_000388,2026-W36,True,False,0,1203,0.8,6.4,2,1
family_000390,2026-W33,True,True,2919,6016,2.8,2.8,37,1
family_000390,2026-W34,True,True,2314,4918,3.6,6.4,34,2
family_000390,2026-W35,True,False,0,4726,1.6,8.0,9,2
family_000390,2026-W36,True,True,1920,1920,2.8,10.8,28,1
family_000391,2026-W33,True,True,4118,12288,4.8,4.8,57,3
family_000391,2026-W34,True,True,5735,7021,3.6,8.4,39,2
family_000391,2026-W35,True,True,1206,2177,3.6,12.0,29,2
family_000391,2026-W36,True,True,1211,2244,3.6,15.6,29,2
family_000393,2026-W33,True,True,5221,9096,4.4,4.4,43,3
family_000393,2026-W34,True,True,1936,8289,4.6,9.0,45,3
family_000393,2026-W35,True,True,1867,9763,4.6,13.6,48,3
family_000393,2026-W36,True,False,1599,6751,1.6,15.2,13,2
family_000394,2026-W33,True,False,0,2112,1.6,1.6,4,2
family_000394,2026-W34,True,True,4861,4861,3.6,5.2,34,2
family_000394,2026-W35,True,True,877,5954,3.6,8.8,36,2
family_000394,2026-W36,True,False,0,7909,0.8,9.6,15,1
family_000398,2026-W33,True,True,4369,14887,4.0,4.0,62,2
family_000398,2026-W34,True,True,10687,17387,4.0,8.0,67,2
family_000398,2026-W35,True,True,3943,13503,3.8,11.8,56,2
family_000398,2026-W36,True,True,9370,20556,4.2,16.0,78,2
family_000404,2026-W33,True,False,0,12185,2.6,2.6,28,3
family_000404,2026-W34,True,True,10619,21645,3.4,6.0,80,1
family_000404,2026-W35,True,True,8544,10627,4.0,10.0,54,2
family_000404,2026-W36,True,True,5610,12701,3.8,13.8,54,2
family_000405,2026-W33,True,True,5132,13270,4.4,4.4,51,3
family_000405,2026-W34,True,True,5175,8084,3.8,8.2,45,2
family_000405,2026-W35,True,False,0,2390,1.6,9.8,4,2
family_000405,2026-W36,True,False,0,6167,1.6,11.4,12,2
family_000406,2026-W33,True,True,8203,18098,4.8,4.8,69,3
family_000406,2026-W34,True,True,5270,7573,4.0,8.8,48,2
family_000406,2026-W35,True,True,3352,12267,4.0,12.8,57,2
family_000406,2026-W36,True,True,3866,15632,3.4,16.2,68,1
family_000415,2026-W33,True,False,684,3275,0.8,0.8,6,1
family_000415,2026-W34,True,True,4221,5322,3.0,3.8,39,1
family_000415,2026-W35,True,True,4091,6635,3.0,6.8,42,1
family_000415,2026-W36,True,False,650,4123,1.6,8.4,8,2
family_000417,2026-W33,True,True,2128,8485,3.6,3.6,41,2
family_000417,2026-W34,True,True,1638,3443,2.8,6.4,31,1
family_000417,2026-W35,True,False,0,492,0.8,7.2,0,1
family_000417,2026-W36,True,False,0,871,1.6,8.8,1,2
family_000420,2026-W33,True,True,7061,12371,4.8,4.8,57,3
family_000420,2026-W34,True,True,10514,19033,5.0,9.8,75,3
family_000420,2026-W35,True,False,1991,14870,1.2,11.0,37,1
family_000420,2026-W36,True,True,7303,18357,4.4,15.4,77,2
family_000423,2026-W33,True,True,2178,2905,2.8,2.8,30,1
family_000423,2026-W34,True,True,3982,9408,4.4,7.2,43,3
family_000423,2026-W35,True,False,1294,3493,1.6,8.8,6,2
family_000423,2026-W36,True,True,3428,8800,2.8,11.6,42,1
family_000433,2026-W33,True,False,0,7804,1.6,1.6,15,2
family_000433,2026-W34,True,True,8545,18018,5.0,6.6,73,3
family_000433,2026-W35,True,True,2425,4702,2.8,9.4,34,1
family_000433,2026-W36,True,False,1082,3151,0.8,10.2,6,1
family_000436,2026-W33,True,True,5608,11084,4.4,4.4,47,3
family_000436,2026-W34,True,True,6900,10850,4.6,9.0,50,3
family_000436,2026-W35,True,True,2570,8236,4.4,13.4,41,3
family_000436,2026-W36,True,True,3304,6965,3.6,17.0,38,2
family_000437,2026-W33,True,True,5422,6182,3.8,3.8,41,2
family_000437,2026-W34,True,True,2654,10073,3.8,7.6,49,2
family_000437,2026-W35,True,True,11541,13872,3.0,10.6,56,1
family_000437,2026-W36,True,True,8218,11688,3.6,14.2,48,2
family_000438,2026-W33,True,True,10827,18909,4.6,4.6,82,2
family_000438,2026-W34,True,False,2474,15864,2.6,7.2,35,3
family_000438,2026-W35,True,False,0,15332,1.8,9.0,34,2
family_000438,2026-W36,True,True,3896,9718,3.0,12.0,48,1
family_000440,2026-W33,True,True,2102,15795,4.0,4.0,64,2
family_000440,2026-W34,True,True,4179,17310,3.4,7.4,71,1
family_000440,2026-W35,True,True,16858,23481,4.2,11.6,83,2
family_000440,2026-W36,True,True,8297,14302,4.2,15.8,65,2
family_000446,2026-W33,True,True,1637,6306,3.6,3.6,37,2
family_000446,2026-W34,True,True,2858,8955,2.8,6.4,42,1
family_000446,2026-W35,True,True,3179,18458,3.2,9.6,69,1
family_000446,2026-W36,True,True,4671,7989,3.6,13.2,40,2
family_000447,2026-W33,True,True,5239,14936,3.8,3.8,58,2
family_000447,2026-W34,True,True,3630,20996,4.0,7.8,74,2
family_000447,2026-W35,True,False,0,6264,1.6,9.4,12,2
family_000447,2026-W36,True,False,0,5528,0.8,10.2,11,1
family_000448,2026-W33,True,True,1653,3471,3.6,3.6,31,2
family_000448,2026-W34,True,True,2156,4272,2.8,6.4,33,1
family_000448,2026-W35,True,True,4033,7179,3.0,9.4,43,1
family_000448,2026-W36,True,False,0,0,1.6,11.0,0,2
family_000450,2026-W33,True,True,3218,3218,3.6,3.6,31,2
family_000450,2026-W34,True,True,4125,5467,2.8,6.4,35,1
family_000450,2026-W35,True,True,1862,4338,3.6,10.0,33,2
family_000450,2026-W36,True,True,4049,10754,3.0,13.0,50,1
family_000452,2026-W33,True,True,2599,13307,4.6,4.6,55,3
family_000452,2026-W34,True,True,6880,18298,4.8,9.4,69,3
family_000452,2026-W35,True,True,7259,20631,4.8,14.2,74,3
family_000452,2026-W36,True,True,3246,14555,4.8,19.0,62,3
family_000455,2026-W33,True,False,0,9741,1.8,1.8,23,2
family_000455,2026-W34,True,False,0,4786,0.8,2.6,9,1
family_000455,2026-W35,True,True,871,6766,3.8,6.4,42,2
family_000455,2026-W36,True,False,0,4520,1.6,8.0,9,2
family_000459,2026-W33,True,True,2440,7243,3.6,3.6,39,2
family_000459,2026-W34,True,True,1973,8545,4.4,8.0,42,3
family_000459,2026-W35,True,False,616,5471,1.8,9.8,14,2
family_000459,2026-W36,True,True,7774,14293,3.8,13.6,57,2
family_000460,2026-W33,True,True,3749,21402,4.6,4.6,71,3
family_000460,2026-W34,True,True,15403,27021,3.2,7.8,87,1
family_000460,2026-W35,True,True,5459,18702,4.2,12.0,74,2
family_000460,2026-W36,True,True,6889,18269,3.8,15.8,65,2
family_000461,2026-W33,True,True,4931,5901,3.8,3.8,40,2
family_000461,2026-W34,True,True,5172,9044,3.8,7.6,47,2
family_000461,2026-W35,True,True,2935,5289,3.6,11.2,35,2
family_000461,2026-W36,True,True,11444,13834,3.0,14.2,56,1
family_000469,2026-W33,True,True,8705,13459,4.4,4.4,51,3
family_000469,2026-W34,True,True,1102,4853,3.8,8.2,38,2
family_000469,2026-W35,True,False,0,6934,1.8,10.0,17,2
family_000469,2026-W36,True,False,0,2605,1.6,11.6,5,2
family_000470,2026-W33,True,False,3471,3471,1.6,1.6,6,2
family_000470,2026-W34,True,True,5208,9111,4.4,6.0,43,3
family_000470,2026-W35,True,True,6288,12298,4.4,10.4,49,3
family_000470,2026-W36,True,True,5993,8061,3.6,14.0,41,2
family_000475,2026-W33,True,False,0,7315,1.6,1.6,14,2
family_000475,2026-W34,True,False,0,10170,1.0,2.6,24,1
family_000475,2026-W35,True,False,0,4584,1.6,4.2,9,2
family_000475,2026-W36,True,False,0,3440,1.6,5.8,6,2
family_000476,2026-W33,True,False,594,6503,1.2,1.2,21,1
family_000476,2026-W34,True,True,4156,6486,3.6,4.8,37,2
family_000476,2026-W35,True,True,1677,2265,2.8,7.6,29,1
family_000476,2026-W36,True,True,8541,10407,4.0,11.6,53,2
family_000483,2026-W33,True,True,4403,6040,3.6,3.6,37,2
family_000483,2026-W34,True,True,2819,4320,2.8,6.4,33,1
family_000483,2026-W35,True,False,0,0,1.6,8.0,0,2
family_000483,2026-W36,True,True,5485,5485,3.8,11.8,39,2
family_000485,2026-W33,True,True,6891,14670,4.8,4.8,62,3
family_000485,2026-W34,True,False,0,1713,1.6,6.4,3,2
family_000485,2026-W35,True,False,0,5390,2.4,8.8,10,3
family_000485,2026-W36,True,False,0,6390,1.6,10.4,12,2
family_000487,2026-W33,True,True,1346,3273,3.0,3.0,35,1
family_000487,2026-W34,True,True,5929,5929,3.6,6.6,36,2
family_000487,2026-W35,True,True,2658,7745,4.6,11.2,44,3
family_000487,2026-W36,True,True,5206,10106,3.6,14.8,45,2
family_000488,2026-W33,True,True,3645,9514,3.8,3.8,48,2
family_000488,2026-W34,True,True,3178,7000,2.8,6.6,39,1
family_000488,2026-W35,True,True,1166,1936,2.8,9.4,28,1
family_000488,2026-W36,True,True,1944,5163,2.8,12.2,35,1
family_000495,2026-W33,True,True,6385,10660,3.8,3.8,50,2
family_000495,2026-W34,True,False,0,2619,1.6,5.4,5,2
family_000495,2026-W35,True,False,0,4360,2.4,7.8,8,3
family_000495,2026-W36,True,True,1854,5772,4.4,12.2,36,3
family_000496,2026-W33,True,True,5685,10330,4.6,4.6,49,3
family_000496,2026-W34,True,True,5195,10148,3.0,7.6,49,1
family_000496,2026-W35,True,False,0,7845,1.0,8.6,19,1
family_000496,2026-W36,True,True,2715,13121,4.0,12.6,59,2
family_000510,2026-W33,True,True,4045,5710,3.6,3.6,36,2
family_000510,2026-W34,True,True,2942,3932,3.6,7.2,32,2
family_000510,2026-W35,True,True,5418,7739,3.6,10.8,40,2
family_000510,2026-W36,True,False,0,4379,1.6,12.4,8,2
family_000517,2026-W33,True,True,4444,6189,3.6,3.6,37,2
family_000517,2026-W34,True,True,2772,3656,2.8,6.4,32,1
family_000517,2026-W35,True,True,6266,13710,4.8,11.2,60,3
family_000517,2026-W36,True,True,3819,4610,2.8,14.0,34,1
family_000526,2026-W33,True,False,692,7053,1.6,1.6,14,2
family_000526,2026-W34,True,True,1132,7398,2.8,4.4,39,1
family_000526,2026-W35,True,True,5838,6587,3.6,8.0,38,2
family_000526,2026-W36,True,True,1758,3511,3.6,11.6,32,2
family_000533,2026-W33,True,True,3257,3257,3.0,3.0,35,1
family_000533,2026-W34,True,False,0,11244,1.6,4.6,22,2
family_000533,2026-W35,True,True,3082,5363,3.6,8.2,35,2
family_000533,2026-W36,True,True,2907,8223,4.4,12.6,41,3
family_000534,2026-W33,True,False,0,12542,1.6,1.6,25,2
family_000534,2026-W34,True,True,7284,22054,4.0,5.6,77,2
family_000534,2026-W35,True,True,7819,33442,4.6,10.2,95,3
family_000534,2026-W36,True,True,7036,20136,4.0,14.2,73,2
family_000545,2026-W33,True,False,1055,2149,1.6,1.6,4,2
family_000545,2026-W34,True,True,4739,8324,3.6,5.2,41,2
family_000545,2026-W35,True,True,4940,5922,3.0,8.2,40,1
family_000545,2026-W36,True,False,1956,3783,1.6,9.8,7,2
family_000547,2026-W33,True,True,4065,7948,2.8,2.8,40,1
family_000547,2026-W34,True,True,7082,10113,4.6,7.4,49,3
family_000547,2026-W35,True,True,3588,8300,2.8,10.2,41,1
family_000547,2026-W36,True,False,0,9602,2.0,12.2,27,2
family_000552,2026-W33,True,False,573,9518,2.4,2.4,19,3
family_000552,2026-W34,True,True,5915,11205,3.8,6.2,51,2
family_000552,2026-W35,True,True,5344,7424,4.4,10.6,39,3
family_000552,2026-W36,True,True,4552,8661,4.6,15.2,46,3
family_000557,2026-W33,True,True,10205,15889,3.4,3.4,68,1
family_000557,2026-W34,True,True,11323,20097,4.2,7.6,77,2
family_000557,2026-W35,True,False,2513,9732,2.0,9.6,27,2
family_000557,2026-W36,True,False,2029,23338,2.8,12.4,54,3
family_000559,2026-W33,True,True,4346,10736,3.2,3.2,54,1
family_000559,2026-W34,True,True,10408,20250,4.0,7.2,73,2
family_000559,2026-W35,True,False,0,7825,1.6,8.8,15,2
family_000559,2026-W36,True,False,0,14821,2.4,11.2,29,3
family_000562,2026-W33,True,True,3696,17266,3.2,3.2,67,1
family_000562,2026-W34,True,True,5976,14970,4.4,7.6,54,3
family_000562,2026-W35,True,True,3092,12938,3.6,11.2,50,2
family_000562,2026-W36,True,True,3772,8323,3.8,15.0,45,2
family_000565,2026-W33,True,True,2054,7063,3.6,3.6,39,2
family_000565,2026-W34,True,True,1569,4956,3.6,7.2,34,2
family_000565,2026-W35,True,False,0,2856,0.8,8.0,5,1
family_000565,2026-W36,True,True,2353,4963,3.8,11.8,38,2
family_000567,2026-W33,True,True,13492,30720,4.4,4.4,102,2
family_000567,2026-W34,True,True,3625,26713,4.6,9.0,82,3
family_000567,2026-W35,True,True,21491,49297,4.4,13.4,139,2
family_000567,2026-W36,True,True,14260,40313,4.4,17.8,121,2
family_000570,2026-W33,True,True,3773,16728,4.0,4.0,66,2
family_000570,2026-W34,True,True,5361,11840,4.2,8.2,60,2
family_000570,2026-W35,True,False,0,11056,1.6,9.8,22,2
family_000570,2026-W36,True,False,0,4982,0.8,10.6,9,1
family_000582,2026-W33,True,False,783,19466,1.8,1.8,42,2
family_000582,2026-W34,True,True,3240,6250,4.4,6.2,37,3
family_000582,2026-W35,True,False,899,899,1.6,7.8,1,2
family_000582,2026-W36,True,False,636,4201,2.4,10.2,8,3
family_000586,2026-W33,True,True,15635,18573,4.2,4.2,74,2
family_000586,2026-W34,True,False,2438,4143,1.0,5.2,12,1
family_000586,2026-W35,True,False,2628,4154,1.0,6.2,12,1
family_000586,2026-W36,True,True,3828,8786,3.8,10.0,46,2
family_000593,2026-W33,True,False,0,7483,1.6,1.6,14,2
family_000593,2026-W34,True,False,0,4646,1.6,3.2,9,2
family_000593,2026-W35,True,False,0,15763,1.6,4.8,31,2
family_000593,2026-W36,True,False,0,13919,1.8,6.6,31,2
family_000595,2026-W33,True,True,3032,10226,4.2,4.2,57,2
family_000595,2026-W34,True,False,0,7522,1.6,5.8,15,2
family_000595,2026-W35,True,False,0,8990,0.8,6.6,17,1
family_000595,2026-W36,True,True,8762,13563,3.2,9.8,60,1
family_000598,2026-W33,True,True,3712,3712,3.6,3.6,32,2
family_000598,2026-W34,True,True,5701,13117,4.4,8.0,51,3
family_000598,2026-W35,True,True,3577,6178,4.4,12.4,37,3
family_000598,2026-W36,True,False,1095,4250,2.4,14.8,8,3
family_000603,2026-W33,True,False,0,0,0.8,0.8,0,1
family_000603,2026-W34,True,False,838,2753,1.6,2.4,5,2
family_000603,2026-W35,True,False,0,5559,0.8,3.2,11,1
family_000603,2026-W36,True,False,892,892,0.8,4.0,1,1
family_000606,2026-W33,True,True,3209,13595,3.8,3.8,56,2
family_000606,2026-W34,True,True,4609,10322,4.4,8.2,45,3
family_000606,2026-W35,True,True,4688,11742,4.4,12.6,48,3
family_000606,2026-W36,True,True,9098,15808,4.6,17.2,60,3
family_000611,2026-W33,True,True,1850,1850,3.6,3.6,28,2
family_000611,2026-W34,True,False,718,1789,0.8,4.4,3,1
family_000611,2026-W35,True,True,5404,6546,3.6,8.0,38,2
family_000611,2026-W36,True,True,3486,8394,4.6,12.6,45,3
family_000614,2026-W33,True,True,7231,20414,4.2,4.2,77,2
family_000614,2026-W34,True,True,7909,24306,4.4,8.6,89,2
family_000614,2026-W35,True,False,3194,14495,2.2,10.8,40,2
family_000614,2026-W36,True,False,3077,13396,2.0,12.8,34,2
family_000618,2026-W33,True,False,0,12279,2.6,2.6,28,3
family_000618,2026-W34,True,False,1692,7493,1.8,4.4,18,2
family_000618,2026-W35,True,True,12457,30053,5.0,9.4,97,4
family_000618,2026-W36,True,True,7334,12287,3.2,12.6,57,1
family_000621,2026-W33,True,False,0,5480,1.2,1.2,18,1
family_000621,2026-W34,True,True,3748,13801,4.0,5.2,60,2
family_000621,2026-W35,True,False,0,1799,1.6,6.8,3,2
family_000621,2026-W36,True,True,2567,7066,3.8,10.6,43,2
family_000629,2026-W33,True,True,1974,4568,3.6,3.6,34,2
family_000629,2026-W34,True,False,0,5572,1.6,5.2,11,2
family_000629,2026-W35,True,False,0,5468,1.6,6.8,10,2
family_000629,2026-W36,True,True,5679,14048,3.6,10.4,53,2
family_000634,2026-W33,True,False,882,882,0.8,0.8,1,1
family_000634,2026-W34,True,True,4265,4980,3.6,4.4,34,2
family_000634,2026-W35,True,True,1567,6628,4.6,9.0,42,3
family_000634,2026-W36,True,True,3595,7320,3.8,12.8,43,2
family_000641,2026-W33,True,False,0,7680,1.6,1.6,15,2
family_000641,2026-W34,True,True,7934,10293,3.6,5.2,45,2
family_000641,2026-W35,True,True,5834,13575,4.4,9.6,52,3
family_000641,2026-W36,True,True,2866,18711,4.6,14.2,66,3
family_000643,2026-W33,True,True,5626,5626,3.6,3.6,36,2
family_000643,2026-W34,True,True,3124,6475,3.6,7.2,37,2
family_000643,2026-W35,True,True,2643,5656,3.6,10.8,36,2
family_000643,2026-W36,True,False,0,2913,0.8,11.6,5,1
family_000644,2026-W33,True,False,0,15417,2.6,2.6,34,3
family_000644,2026-W34,True,False,2404,10202,2.2,4.8,32,2
family_000644,2026-W35,True,False,0,10358,1.6,6.4,20,2
family_000644,2026-W36,True,True,3803,15516,4.2,10.6,68,2
family_000658,2026-W33,True,False,1207,13330,1.8,1.8,30,2
family_000658,2026-W34,True,True,9583,22328,4.8,6.6,77,3
family_000658,2026-W35,True,False,0,11196,2.4,9.0,22,3
family_000658,2026-W36,True,False,0,8637,1.6,10.6,17,2
family_000661,2026-W33,True,False,0,6131,0.8,0.8,12,1
family_000661,2026-W34,True,True,21841,24756,3.8,4.6,78,2
family_000661,2026-W35,True,True,4544,6158,2.8,7.4,37,1
family_000661,2026-W36,True,True,6467,6467,3.6,11.0,37,2
family_000665,2026-W33,True,True,2757,14546,3.0,3.0,58,1
family_000665,2026-W34,True,True,9383,15778,4.4,7.4,72,2
family_000665,2026-W35,True,True,7722,16810,4.2,11.6,70,2
family_000665,2026-W36,True,False,0,7296,0.8,12.4,14,1
family_000666,2026-W33,True,True,4763,4763,2.8,2.8,34,1
family_000666,2026-W34,True,True,6039,7100,3.6,6.4,39,2
family_000666,2026-W35,True,False,987,4021,1.8,8.2,12,2
family_000666,2026-W36,True,False,3585,4829,1.6,9.8,9,2
family_000675,2026-W33,True,True,5617,32476,5.0,5.0,109,3
family_000675,2026-W34,True,True,5129,17130,3.8,8.8,63,2
family_000675,2026-W35,True,False,0,14334,2.0,10.8,36,2
family_000675,2026-W36,True,True,4591,20878,3.4,14.2,78,1
family_000682,2026-W33,True,True,3181,7590,4.0,4.0,48,2
family_000682,2026-W34,True,True,3701,16370,3.8,7.8,61,2
family_000682,2026-W35,True,True,3603,8725,3.8,11.6,46,2
family_000682,2026-W36,True,True,6171,17982,4.0,15.6,68,2
family_000683,2026-W33,True,False,0,1110,0.8,0.8,2,1
family_000683,2026-W34,True,True,4328,12574,3.8,4.6,54,2
family_000683,2026-W35,True,True,2151,5941,3.6,8.2,36,2
family_000683,2026-W36,True,True,2879,17057,4.0,12.2,67,2
family_000684,2026-W33,True,True,5814,12764,3.8,3.8,54,2
family_000684,2026-W34,True,True,4868,7391,3.0,6.8,43,1
family_000684,2026-W35,True,True,4036,8109,3.6,10.4,41,2
family_000684,2026-W36,True,True,5862,11913,3.0,13.4,52,1
family_000686,2026-W33,True,True,9823,23330,4.0,4.0,79,2
family_000686,2026-W34,True,True,10381,17679,4.2,8.2,72,2
family_000686,2026-W35,True,False,3036,11877,1.8,10.0,27,2
family_000686,2026-W36,True,True,4720,20015,3.8,13.8,69,2
family_000688,2026-W33,True,True,6664,12799,4.2,4.2,62,2
family_000688,2026-W34,True,True,4605,17813,3.8,8.0,64,2
family_000688,2026-W35,True,True,12647,23603,5.0,13.0,84,3
family_000688,2026-W36,True,True,16018,35754,5.0,18.0,120,3
family_000689,2026-W33,True,True,4957,15707,5.0,5.0,68,3
family_000689,2026-W34,True,True,2517,12448,3.8,8.8,53,2
family_000689,2026-W35,True,False,0,7834,1.6,10.4,15,2
family_000689,2026-W36,True,True,4148,13460,4.6,15.0,55,3
family_000694,2026-W33,True,True,2753,4083,2.8,2.8,33,1
family_000694,2026-W34,True,True,6128,6811,4.4,7.2,38,3
family_000694,2026-W35,True,True,4705,8661,3.6,10.8,42,2
family_000694,2026-W36,True,True,2359,2359,2.8,13.6,29,1
family_000696,2026-W33,True,True,9744,14575,4.2,4.2,66,2
family_000696,2026-W34,True,True,10513,11691,3.6,7.8,48,2
family_000696,2026-W35,True,False,0,2661,0.8,8.6,5,1
family_000696,2026-W36,True,False,0,1834,1.6,10.2,3,2
family_000700,2026-W33,True,False,0,8415,1.8,1.8,20,2
family_000700,2026-W34,True,True,5198,9854,4.0,5.8,52,2
family_000700,2026-W35,True,False,0,9360,1.8,7.6,22,2
family_000700,2026-W36,True,False,0,23127,2.0,9.6,54,2
family_000702,2026-W33,True,False,0,3199,2.4,2.4,6,3
family_000702,2026-W34,True,False,0,17456,2.4,4.8,34,3
family_000702,2026-W35,True,True,3800,14879,4.0,8.8,62,2
family_000702,2026-W36,True,True,1623,6428,4.6,13.4,41,3
family_000708,2026-W33,True,True,6807,23807,5.0,5.0,84,3
family_000708,2026-W34,True,True,5004,11332,3.8,8.8,51,2
family_000708,2026-W35,True,True,5895,23686,4.8,13.6,80,3
family_000708,2026-W36,True,False,2904,9027,1.2,14.8,26,1
family_000716,2026-W33,True,True,1822,16202,4.8,4.8,65,3
family_000716,2026-W34,True,True,3715,7715,3.6,8.4,40,2
family_000716,2026-W35,True,True,2363,5435,4.4,12.8,35,3
family_000716,2026-W36,True,True,1820,6652,4.4,17.2,38,3
family_000718,2026-W33,True,True,4956,6776,4.4,4.4,38,3
family_000718,2026-W34,True,False,1111,3615,2.4,6.8,7,3
family_000718,2026-W35,True,True,19543,23060,5.0,11.8,83,3
family_000718,2026-W36,True,False,0,3838,1.6,13.4,7,2
family_000722,2026-W33,True,True,6979,6979,3.8,3.8,42,2
family_000722,2026-W34,True,False,642,8381,2.4,6.2,16,3
family_000722,2026-W35,True,True,2252,6271,3.6,9.8,37,2
family_000722,2026-W36,True,True,2721,5328,4.4,14.2,35,3
family_000725,2026-W33,True,False,930,930,0.8,0.8,1,1
family_000725,2026-W34,True,False,0,4140,1.6,2.4,8,2
family_000725,2026-W35,True,True,3402,8611,3.8,6.2,46,2
family_000725,2026-W36,True,True,3619,10158,4.0,10.2,53,2
family_000727,2026-W33,True,False,0,11073,1.8,1.8,26,2
family_000727,2026-W34,True,True,6570,7723,3.6,5.4,40,2
family_000727,2026-W35,True,True,2105,9188,4.4,9.8,43,3
family_000727,2026-W36,True,False,1260,2273,1.6,11.4,4,2
family_000735,2026-W33,True,True,5951,7818,3.6,3.6,40,2
family_000735,2026-W34,True,True,3430,3430,3.6,7.2,31,2
family_000735,2026-W35,True,True,2406,7524,3.6,10.8,40,2
family_000735,2026-W36,True,False,918,11699,2.0,12.8,31,2
family_000739,2026-W33,True,True,5311,6609,3.6,3.6,38,2
family_000739,2026-W34,True,False,0,2099,0.8,4.4,4,1
family_000739,2026-W35,True,False,0,2981,1.6,6.0,5,2
family_000739,2026-W36,True,True,6324,8426,3.6,9.6,41,2
family_000743,2026-W33,True,False,0,12636,1.6,1.6,25,2
family_000743,2026-W34,True,True,8158,10875,4.0,5.6,54,2
family_000743,2026-W35,True,True,2495,13070,4.0,9.6,59,2
family_000743,2026-W36,True,True,9991,20836,3.2,12.8,74,1
family_000745,2026-W33,False,False,0,0,0.0,0.0,0,2
family_000745,2026-W34,False,False,0,4857,0.0,0.0,0,2
family_000745,2026-W35,False,False,0,3895,0.0,0.0,0,2
family_000745,2026-W36,True,True,788,2075,3.6,3.6,29,2
family_000746,2026-W33,True,True,3674,11236,4.2,4.2,59,2
family_000746,2026-W34,True,False,0,10520,1.6,5.8,21,2
family_000746,2026-W35,True,True,4662,11678,4.0,9.8,56,2
family_000746,2026-W36,True,True,6446,14316,4.8,14.6,61,3
family_000753,2026-W33,True,False,0,7534,1.8,1.8,19,2
family_000753,2026-W34,True,True,5565,5565,4.0,5.8,44,2
family_000753,2026-W35,True,False,0,8028,1.8,7.6,20,2
family_000753,2026-W36,True,False,0,6429,2.4,10.0,12,3
family_000755,2026-W33,True,True,1642,13440,4.0,4.0,59,2
family_000755,2026-W34,True,False,0,6258,0.8,4.8,12,1
family_000755,2026-W35,True,True,5345,15554,4.0,8.8,64,2
family_000755,2026-W36,True,True,8281,25845,4.0,12.8,84,2
family_000760,2026-W33,True,True,3776,13115,2.8,2.8,51,1
family_000760,2026-W34,True,False,777,8077,2.4,5.2,16,3
family_000760,2026-W35,True,True,9693,15981,4.8,10.0,64,3
family_000760,2026-W36,True,True,4627,10197,4.6,14.6,49,3
family_000768,2026-W33,True,False,0,15197,1.6,1.6,30,2
family_000768,2026-W34,True,False,0,12359,1.6,3.2,24,2
family_000768,2026-W35,True,False,2655,7677,0.8,4.0,15,1
family_000768,2026-W36,True,True,5122,14482,4.2,8.2,65,2
family_000774,2026-W33,True,True,2910,3551,2.8,2.8,32,1
family_000774,2026-W34,True,False,0,1068,1.6,4.4,2,2
family_000774,2026-W35,True,True,2852,5093,3.6,8.0,35,2
family_000774,2026-W36,True,True,2096,4882,3.6,11.6,34,2
family_000780,2026-W33,True,True,9178,15076,4.6,4.6,59,3
family_000780,2026-W34,True,True,8171,9940,4.8,9.4,52,3
family_000780,2026-W35,True,True,6954,13220,4.6,14.0,55,3
family_000780,2026-W36,True,True,4868,7358,3.6,17.6,39,2
family_000800,2026-W33,True,True,2143,6289,3.6,3.6,37,2
family_000800,2026-W34,True,False,655,2088,1.6,5.2,4,2
family_000800,2026-W35,True,False,889,1966,1.6,6.8,3,2
family_000800,2026-W36,True,True,2422,14139,3.6,10.4,53,2
family_000802,2026-W33,True,True,5582,16518,4.0,4.0,66,2
family_000802,2026-W34,True,True,4227,21645,4.0,8.0,76,2
family_000802,2026-W35,True,True,2476,31633,4.2,12.2,100,2
family_000802,2026-W36,True,False,0,7504,2.6,14.8,19,3
family_000817,2026-W33,True,False,1041,5076,2.4,2.4,10,3
family_000817,2026-W34,True,False,736,3203,1.6,4.0,6,2
family_000817,2026-W35,True,True,1263,4077,3.8,7.8,37,2
family_000817,2026-W36,True,True,2230,8779,3.6,11.4,42,2
family_000818,2026-W33,True,True,4492,11130,4.0,4.0,55,2
family_000818,2026-W34,True,True,5678,14159,4.2,8.2,65,2
family_000818,2026-W35,True,False,0,10343,1.6,9.8,20,2
family_000818,2026-W36,True,True,2963,8775,3.8,13.6,46,2
family_000821,2026-W33,True,False,1624,4717,1.6,1.6,9,2
family_000821,2026-W34,True,True,5802,10229,3.8,5.4,49,2
family_000821,2026-W35,True,True,5092,5092,3.8,9.2,39,2
family_000821,2026-W36,True,True,6125,8997,3.8,13.0,46,2
family_000835,2026-W33,True,True,8800,13113,4.0,4.0,59,2
family_000835,2026-W34,True,False,0,2772,1.6,5.6,5,2
family_000835,2026-W35,True,True,3187,9310,3.8,9.4,47,2
family_000835,2026-W36,True,False,0,6524,1.6,11.0,13,2
family_000836,2026-W33,True,True,2228,5417,3.6,3.6,35,2
family_000836,2026-W34,True,False,0,6209,1.8,5.4,16,2
family_000836,2026-W35,True,True,4076,7806,3.6,9.0,40,2
family_000836,2026-W36,True,True,1574,6978,2.8,11.8,38,1
family_000838,2026-W33,True,True,2209,5320,3.6,3.6,35,2
family_000838,2026-W34,True,False,962,10531,1.0,4.6,25,1
family_000838,2026-W35,True,False,1278,2101,0.8,5.4,4,1
family_000838,2026-W36,True,True,4439,6150,3.6,9.0,37,2
family_000841,2026-W33,True,True,9056,9056,3.8,3.8,47,2
family_000841,2026-W34,True,True,1661,7578,3.8,7.6,44,2
family_000841,2026-W35,True,False,0,9138,2.4,10.0,18,3
family_000841,2026-W36,True,False,0,5454,0.8,10.8,10,1
family_000843,2026-W33,True,False,0,13850,1.6,1.6,27,2
family_000843,2026-W34,True,True,23968,36052,4.6,6.2,117,2
family_000843,2026-W35,True,True,10693,18560,4.0,10.2,70,2
family_000843,2026-W36,True,False,3440,13652,1.8,12.0,31,2
family_000846,2026-W33,True,False,773,2787,2.4,2.4,5,3
family_000846,2026-W34,True,True,2585,4969,4.4,6.8,34,3
family_000846,2026-W35,True,True,2431,5746,4.4,11.2,36,3
family_000846,2026-W36,True,True,6232,8098,3.6,14.8,41,2
family_000848,2026-W33,True,True,2329,5941,2.8,2.8,36,1
family_000848,2026-W34,True,True,2211,3382,2.8,5.6,31,1
family_000848,2026-W35,True,False,0,0,0.0,5.6,0,0
family_000848,2026-W36,True,False,0,0,0.8,6.4,0,1
family_000849,2026-W33,True,True,2428,5761,3.6,3.6,36,2
family_000849,2026-W34,True,False,0,4632,1.6,5.2,9,2
family_000849,2026-W35,True,True,2554,5585,2.8,8.0,36,1
family_000849,2026-W36,True,True,3429,8770,3.8,11.8,46,2
family_000853,2026-W33,True,False,0,1082,0.8,0.8,2,1
family_000853,2026-W34,True,True,3620,5176,3.8,4.6,39,2
family_000853,2026-W35,True,True,1677,12424,4.2,8.8,61,2
family_000853,2026-W36,True,False,0,4990,1.6,10.4,9,2
family_000856,2026-W33,True,False,2668,2668,1.6,1.6,5,2
family_000856,2026-W34,True,True,3304,7321,4.4,6.0,39,3
family_000856,2026-W35,True,True,6689,10638,2.8,8.8,46,1
family_000856,2026-W36,True,False,1945,4864,0.8,9.6,9,1
family_000862,2026-W33,True,False,0,23549,2.0,2.0,55,2
family_000862,2026-W34,True,True,3493,13698,4.2,6.2,64,2
family_000862,2026-W35,True,True,3494,8435,3.8,10.0,45,2
family_000862,2026-W36,True,False,1603,17361,2.2,12.2,46,2
family_000867,2026-W33,True,True,8902,21534,5.0,5.0,76,4
family_000867,2026-W34,True,False,0,10247,2.4,7.4,20,3
family_000867,2026-W35,True,False,0,6810,2.4,9.8,13,3
family_000867,2026-W36,True,False,0,10729,2.4,12.2,21,3
family_000869,2026-W33,True,True,6278,20689,4.0,4.0,74,2
family_000869,2026-W34,True,True,12588,19535,3.4,7.4,76,1
family_000869,2026-W35,True,True,13477,25334,4.2,11.6,87,2
family_000869,2026-W36,True,False,0,18446,2.4,14.0,36,3
family_000874,2026-W33,True,True,3729,10207,4.4,4.4,45,3
family_000874,2026-W34,True,True,2622,15130,4.4,8.8,55,3
family_000874,2026-W35,True,False,1270,7582,1.6,10.4,15,2
family_000874,2026-W36,True,True,4601,7029,4.6,15.0,43,3
family_000875,2026-W33,True,True,8170,28476,4.4,4.4,97,2
family_000875,2026-W34,True,False,2279,6139,1.8,6.2,16,2
family_000875,2026-W35,True,False,0,14884,2.0,8.2,37,2
family_000875,2026-W36,True,True,9449,18224,3.6,11.8,77,1
family_000877,2026-W33,True,True,4276,10264,4.6,4.6,49,3
family_000877,2026-W34,True,True,4960,11010,2.8,7.4,47,1
family_000877,2026-W35,True,False,0,5467,1.6,9.0,10,2
family_000877,2026-W36,True,False,793,5238,1.6,10.6,10,2
family_000878,2026-W33,True,True,4540,11314,4.4,4.4,47,3
family_000878,2026-W34,True,True,8529,17157,3.0,7.4,63,1
family_000878,2026-W35,True,True,5735,16697,3.0,10.4,62,1
family_000878,2026-W36,True,True,13037,17619,3.8,14.2,64,2
family_000883,2026-W33,True,False,1936,7035,1.6,1.6,14,2
family_000883,2026-W34,True,True,1589,7540,3.6,5.2,40,2
family_000883,2026-W35,True,False,1059,10329,2.0,7.2,28,2
family_000883,2026-W36,True,False,0,3748,2.4,9.6,7,3
family_000885,2026-W33,True,False,2286,6298,2.4,2.4,12,3
family_000885,2026-W34,True,False,2556,5079,1.6,4.0,10,2
family_000885,2026-W35,True,True,7326,8468,3.0,7.0,45,1
family_000885,2026-W36,True,True,5345,6864,4.4,11.4,38,3
family_000886,2026-W33,True,True,7172,7559,3.8,3.8,44,2
family_000886,2026-W34,True,True,9623,12283,3.8,7.6,53,2
family_000886,2026-W35,True,False,0,4442,0.8,8.4,8,1
family_000886,2026-W36,True,True,3753,7611,3.8,12.2,44,2
family_000889,2026-W33,True,False,2103,31788,4.0,4.0,79,4
family_000889,2026-W34,True,True,7464,20373,5.0,9.0,77,3
family_000889,2026-W35,True,False,0,22188,3.6,12.6,52,4
family_000889,2026-W36,True,True,13433,25170,5.0,17.6,91,3
family_000893,2026-W33,True,True,6142,14484,3.8,3.8,57,2
family_000893,2026-W34,True,True,4626,4626,3.8,7.6,38,2
family_000893,2026-W35,True,True,4796,7221,3.6,11.2,39,2
family_000893,2026-W36,True,True,3301,13858,3.0,14.2,56,1
family_000896,2026-W33,True,True,5029,6002,3.6,3.6,37,2
family_000896,2026-W34,True,True,6748,6748,3.6,7.2,38,2
family_000896,2026-W35,True,True,4037,7839,2.8,10.0,40,1
family_000896,2026-W36,True,True,8380,9744,3.8,13.8,48,2
family_000897,2026-W33,True,False,0,8498,2.4,2.4,16,3
family_000897,2026-W34,True,True,2086,9494,3.8,6.2,47,2
family_000897,2026-W35,True,False,0,8082,1.6,7.8,16,2
family_000897,2026-W36,True,False,0,9108,2.4,10.2,18,3
family_000908,2026-W33,True,True,6408,6408,3.8,3.8,41,2
family_000908,2026-W34,True,True,3402,11316,3.6,7.4,47,2
family_000908,2026-W35,True,True,4134,6513,3.6,11.0,38,2
family_000908,2026-W36,True,True,1822,4363,2.8,13.8,33,1
family_000910,2026-W33,True,True,4977,13644,4.4,4.4,52,3
family_000910,2026-W34,True,True,6010,15932,4.8,9.2,64,3
family_000910,2026-W35,True,True,6018,15910,4.6,13.8,60,3
family_000910,2026-W36,True,False,898,5706,1.6,15.4,11,2
family_000911,2026-W33,True,False,0,614,0.8,0.8,1,1
family_000911,2026-W34,True,False,0,0,1.6,2.4,0,2
family_000911,2026-W35,True,False,2169,9680,2.4,4.8,19,3
family_000911,2026-W36,True,True,5033,9974,4.4,9.2,44,3
family_000912,2026-W33,True,True,4419,5525,3.6,3.6,36,2
family_000912,2026-W34,True,False,1196,2625,1.6,5.2,5,2
family_000912,2026-W35,True,False,0,8458,1.6,6.8,16,2
family_000912,2026-W36,True,False,0,2519,0.8,7.6,5,1
family_000915,2026-W33,True,True,4303,24171,4.2,4.2,85,2
family_000915,2026-W34,True,False,0,5529,1.6,5.8,11,2
family_000915,2026-W35,True,False,0,8516,1.8,7.6,21,2
family_000915,2026-W36,True,True,2530,10585,3.8,11.4,50,2
family_000916,2026-W33,True,False,0,5778,1.6,1.6,11,2
family_000916,2026-W34,True,True,5683,7547,3.6,5.2,40,2
family_000916,2026-W35,True,True,3635,5360,3.8,9.0,39,2
family_000916,2026-W36,True,False,0,0,0.0,9.0,0,0
family_000923,2026-W33,True,True,2665,4636,3.6,3.6,34,2
family_000923,2026-W34,True,False,764,1242,1.6,5.2,2,2
family_000923,2026-W35,True,True,2017,3790,2.8,8.0,32,1
family_000923,2026-W36,True,True,3259,4151,3.6,11.6,33,2
family_000925,2026-W33,True,True,15236,31574,5.0,5.0,100,3
family_000925,2026-W34,True,True,10828,20243,4.0,9.0,73,2
family_000925,2026-W35,True,True,6551,19977,3.8,12.8,68,2
family_000925,2026-W36,True,False,4857,20448,2.6,15.4,44,3
family_000927,2026-W33,True,True,5590,11876,4.2,4.2,60,2
family_000927,2026-W34,True,True,2759,19616,4.2,8.4,76,2
family_000927,2026-W35,True,True,10506,30279,4.4,12.8,101,2
family_000927,2026-W36,True,False,0,14410,1.2,14.0,36,1
family_000937,2026-W33,True,True,3140,3572,3.8,3.8,36,2
family_000937,2026-W34,True,True,11612,13130,4.6,8.4,55,3
family_000937,2026-W35,True,True,7913,10032,3.6,12.0,45,2
family_000937,2026-W36,True,True,1870,5224,3.6,15.6,35,2
family_000943,2026-W33,True,False,0,6289,2.6,2.6,16,3
family_000943,2026-W34,True,True,5086,6811,3.8,6.4,42,2
family_000943,2026-W35,True,True,4449,11471,4.0,10.4,55,2
family_000943,2026-W36,True,False,0,1618,1.6,12.0,3,2
family_000945,2026-W33,True,True,2708,15058,3.8,3.8,59,2
family_000945,2026-W34,True,False,0,6008,2.4,6.2,12,3
family_000945,2026-W35,True,True,3242,5280,3.6,9.8,35,2
family_000945,2026-W36,True,True,3333,4519,3.6,13.4,34,2
family_000947,2026-W33,True,True,7778,21633,5.0,5.0,80,3
family_000947,2026-W34,True,False,2469,4550,1.0,6.0,13,1
family_000947,2026-W35,True,True,2777,23244,5.0,11.0,83,3
family_000947,2026-W36,True,False,2650,10852,2.0,13.0,29,2
family_000949,2026-W33,True,True,9894,32120,4.2,4.2,101,2
family_000949,2026-W34,True,False,0,9620,1.6,5.8,19,2
family_000949,2026-W35,True,True,7818,19326,3.2,9.0,71,1
family_000949,2026-W36,True,True,7026,11711,4.0,13.0,56,2
family_000956,2026-W33,True,False,0,3295,1.6,1.6,6,2
family_000956,2026-W34,True,False,0,1036,1.6,3.2,2,2
family_000956,2026-W35,True,True,7351,10640,3.8,7.0,50,2
family_000956,2026-W36,True,True,2389,8780,3.6,10.6,42,2
family_000957,2026-W33,True,True,6965,24873,4.2,4.2,86,2
family_000957,2026-W34,True,True,13976,26574,3.2,7.4,86,1
family_000957,2026-W35,True,False,0,14976,1.0,8.4,33,1
family_000957,2026-W36,True,False,0,19362,1.8,10.2,42,2
family_000960,2026-W33,True,True,5356,8315,3.6,3.6,41,2
family_000960,2026-W34,True,True,4487,6147,4.4,8.0,37,3
family_000960,2026-W35,True,True,3612,10542,3.8,11.8,50,2
family_000960,2026-W36,True,False,606,3667,1.6,13.4,7,2
family_000963,2026-W33,True,True,19499,35891,4.2,4.2,108,2
family_000963,2026-W34,True,False,0,2814,0.8,5.0,5,1
family_000963,2026-W35,True,True,11664,28398,4.2,9.2,93,2
family_000963,2026-W36,True,False,0,29703,1.8,11.0,63,2
family_000967,2026-W33,True,False,0,6058,2.4,2.4,12,3
family_000967,2026-W34,True,True,2337,17252,4.6,7.0,63,3
family_000967,2026-W35,True,True,5816,27994,5.0,12.0,92,3
family_000967,2026-W36,True,False,0,8233,0.8,12.8,16,1
family_000976,2026-W33,True,True,2538,5031,3.6,3.6,35,2
family_000976,2026-W34,True,True,5189,7175,3.6,7.2,39,2
family_000976,2026-W35,True,True,1801,5228,3.6,10.8,35,2
family_000976,2026-W36,True,True,2571,12281,3.0,13.8,53,1
family_000981,2026-W33,True,True,3161,9880,3.8,3.8,48,2
family_000981,2026-W34,True,False,816,5117,0.8,4.6,10,1
family_000981,2026-W35,True,False,1028,2132,1.6,6.2,4,2
family_000981,2026-W36,True,True,4901,12086,3.8,10.0,53,2
family_000984,2026-W33,True,True,7928,10225,3.6,3.6,45,2
family_000984,2026-W34,True,True,2895,2895,2.8,6.4,30,1
family_000984,2026-W35,True,True,1957,5133,3.8,10.2,39,2
family_000984,2026-W36,True,True,1713,2694,3.8,14.0,34,2
family_000985,2026-W33,True,False,0,0,0.8,0.8,0,1
family_000985,2026-W34,True,False,931,7269,0.8,1.6,14,1
family_000985,2026-W35,True,False,711,4603,0.8,2.4,9,1
family_000985,2026-W36,True,True,6931,10717,2.8,5.2,46,1
family_001002,2026-W33,True,False,1343,10801,1.6,1.6,21,2
family_001002,2026-W34,True,True,6653,15180,4.4,6.0,55,3
family_001002,2026-W35,True,True,9722,21947,3.8,9.8,72,2
family_001002,2026-W36,True,True,6117,19742,4.4,14.2,64,3
family_001003,2026-W33,True,True,4951,4951,3.6,3.6,34,2
family_001003,2026-W34,True,True,5941,12606,3.8,7.4,54,2
family_001003,2026-W35,True,True,13798,13798,4.0,11.4,60,2
family_001003,2026-W36,True,True,4185,7480,3.8,15.2,43,2
family_001005,2026-W33,True,True,4274,5808,3.6,3.6,36,2
family_001005,2026-W34,True,True,14587,23415,4.6,8.2,75,3
family_001005,2026-W35,True,True,5705,8608,3.6,11.8,42,2
family_001005,2026-W36,True,True,5060,13803,3.8,15.6,56,2
family_001006,2026-W33,True,True,5704,10679,3.6,3.6,46,2
family_001006,2026-W34,True,True,4290,7605,3.6,7.2,40,2
family_001006,2026-W35,True,True,9171,12615,3.6,10.8,50,2
family_001006,2026-W36,True,True,6335,6335,3.8,14.6,41,2
family_001009,2026-W33,True,False,0,7650,1.8,1.8,19,2
family_001009,2026-W34,True,True,4029,11784,3.2,5.0,56,1
family_001009,2026-W35,True,True,4461,11054,3.8,8.8,51,2
family_001009,2026-W36,True,False,0,9522,0.8,9.6,19,1
family_001015,2026-W33,True,True,9585,17262,4.2,4.2,71,2
family_001015,2026-W34,True,True,21534,25281,5.0,9.2,91,3
family_001015,2026-W35,True,True,13067,23781,5.0,14.2,84,3
family_001015,2026-W36,True,True,16638,25580,4.6,18.8,96,2
family_001016,2026-W33,True,True,3125,16549,3.8,3.8,62,2
family_001016,2026-W34,True,False,1498,7414,1.8,5.6,18,2
family_001016,2026-W35,True,True,3233,6358,3.0,8.6,41,1
family_001016,2026-W36,True,False,0,14117,1.8,10.4,32,2
family_001020,2026-W33,True,True,4020,7740,3.6,3.6,40,2
family_001020,2026-W34,True,True,2222,10639,3.6,7.2,46,2
family_001020,2026-W35,True,False,640,4497,0.8,8.0,8,1
family_001020,2026-W36,True,True,7421,8437,3.6,11.6,41,2
family_001024,2026-W33,True,True,10647,12153,3.8,3.8,53,2
family_001024,2026-W34,True,True,1850,1850,3.6,7.4,28,2
family_001024,2026-W35,True,True,2389,4519,3.6,11.0,34,2
family_001024,2026-W36,True,False,530,4421,0.8,11.8,8,1
family_001034,2026-W33,True,True,3951,12480,3.4,3.4,61,1
family_001034,2026-W34,True,True,3184,11194,3.8,7.2,51,2
family_001034,2026-W35,True,True,7759,10998,4.0,11.2,54,2
family_001034,2026-W36,True,True,8504,16586,4.0,15.2,66,2
family_001036,2026-W33,True,True,7582,15483,4.2,4.2,67,2
family_001036,2026-W34,True,False,0,14137,2.4,6.6,44,2
family_001036,2026-W35,True,True,14326,18860,4.2,10.8,74,2
family_001036,2026-W36,True,True,6007,14866,3.2,14.0,62,1
family_001043,2026-W33,True,True,6810,13301,3.8,3.8,55,2
family_001043,2026-W34,True,False,0,14476,1.8,5.6,32,2
family_001043,2026-W35,True,True,6559,19690,4.0,9.6,72,2
family_001043,2026-W36,True,False,0,3818,1.0,10.6,11,1
family_001045,2026-W33,True,False,0,3093,0.8,0.8,6,1
family_001045,2026-W34,True,True,3748,4849,3.6,4.4,34,2
family_001045,2026-W35,True,True,7877,11895,3.0,7.4,52,1
family_001045,2026-W36,True,True,3402,6450,3.6,11.0,37,2
family_001057,2026-W33,True,True,3050,3050,2.8,2.8,31,1
family_001057,2026-W34,True,True,2689,4146,3.6,6.4,33,2
family_001057,2026-W35,True,True,5448,8100,2.8,9.2,41,1
family_001057,2026-W36,True,True,3363,4540,3.6,12.8,34,2
family_001074,2026-W33,True,True,11895,32516,4.2,4.2,102,2
family_001074,2026-W34,True,False,2532,9569,2.6,6.8,23,3
family_001074,2026-W35,True,False,2866,9435,2.8,9.6,26,3
family_001074,2026-W36,True,True,4961,15023,4.6,14.2,59,3
family_001078,2026-W33,True,True,18778,25473,3.8,3.8,79,2
family_001078,2026-W34,True,True,25082,35630,4.6,8.4,116,2
family_001078,2026-W35,True,False,0,18575,1.6,10.0,37,2
family_001078,2026-W36,True,False,0,14719,0.8,10.8,29,1
family_001083,2026-W33,True,False,0,5906,1.6,1.6,11,2
family_001083,2026-W34,True,True,3026,4145,3.8,5.4,37,2
family_001083,2026-W35,True,False,0,7543,1.6,7.0,15,2
family_001083,2026-W36,True,False,0,3847,2.4,9.4,7,3
family_001085,2026-W33,True,False,0,5547,1.6,1.6,11,2
family_001085,2026-W34,True,False,0,9514,1.6,3.2,19,2
family_001085,2026-W35,True,False,0,13870,2.0,5.2,35,2
family_001085,2026-W36,True,True,6638,17798,3.6,8.8,76,1
family_001086,2026-W33,True,True,8773,17445,4.0,4.0,67,2
family_001086,2026-W34,True,False,1971,8265,1.8,5.8,20,2
family_001086,2026-W35,True,False,0,4917,1.6,7.4,9,2
family_001086,2026-W36,True,True,8178,13241,4.2,11.6,63,2
family_001088,2026-W33,True,False,0,13959,2.6,2.6,31,3
family_001088,2026-W34,True,True,7464,17517,5.0,7.6,72,3
family_001088,2026-W35,True,True,15373,21090,5.0,12.6,91,3
family_001088,2026-W36,True,True,4033,14571,4.2,16.8,66,2
family_001091,2026-W33,True,True,3660,6004,3.6,3.6,37,2
family_001091,2026-W34,True,True,7141,10207,3.8,7.4,49,2
family_001091,2026-W35,True,True,12257,16068,3.6,11.0,57,2
family_001091,2026-W36,True,True,13481,15354,3.8,14.8,59,2
family_001096,2026-W33,True,False,0,1647,2.4,2.4,3,3
family_001096,2026-W34,True,True,2443,6945,4.6,7.0,42,3
family_001096,2026-W35,True,False,0,625,1.6,8.6,1,2
family_001096,2026-W36,True,True,1502,2528,5.0,13.6,30,4
family_001100,2026-W33,True,True,4027,20093,4.6,4.6,69,3
family_001100,2026-W34,True,False,0,15808,1.6,6.2,31,2
family_001100,2026-W35,True,True,6748,19465,4.6,10.8,67,3
family_001100,2026-W36,True,True,15873,46986,5.0,15.8,138,3
family_001101,2026-W33,True,True,16450,23820,4.2,4.2,84,2
family_001101,2026-W34,True,False,0,13888,2.6,6.8,31,3
family_001101,2026-W35,True,True,7081,18659,4.8,11.6,70,3
family_001101,2026-W36,True,True,20459,33920,5.0,16.6,120,4
family_001102,2026-W33,True,True,7695,13269,4.4,4.4,67,2
family_001102,2026-W34,True,True,6117,20474,3.2,7.6,73,1
family_001102,2026-W35,True,True,10357,21800,4.0,11.6,76,2
family_001102,2026-W36,True,False,2628,6167,1.0,12.6,16,1
family_001103,2026-W33,True,False,0,8896,2.0,2.0,25,2
family_001103,2026-W34,True,True,4046,11676,3.0,5.0,52,1
family_001103,2026-W35,True,False,0,0,0.8,5.8,0,1
family_001103,2026-W36,True,True,9188,11055,3.8,9.6,51,2
family_001105,2026-W33,True,True,1498,6147,3.6,3.6,37,2
family_001105,2026-W34,True,True,1586,4729,3.0,6.6,38,1
family_001105,2026-W35,True,False,0,4979,1.6,8.2,9,2
family_001105,2026-W36,True,True,10743,12862,4.4,12.6,66,2
family_001110,2026-W33,True,True,2089,2089,2.8,2.8,29,1
family_001110,2026-W34,True,True,984,3724,3.6,6.4,32,2
family_001110,2026-W35,True,True,3142,10173,3.6,10.0,45,2
family_001110,2026-W36,True,True,1043,4644,2.8,12.8,34,1
family_001113,2026-W33,True,True,2063,2063,3.6,3.6,29,2
family_001113,2026-W34,True,True,3573,5127,3.8,7.4,39,2
family_001113,2026-W35,True,False,817,3067,1.6,9.0,6,2
family_001113,2026-W36,True,True,12103,12103,3.8,12.8,53,2
family_001121,2026-W33,True,False,0,4278,1.6,1.6,8,2
family_001121,2026-W34,True,True,1120,9976,3.6,5.2,44,2
family_001121,2026-W35,True,True,8135,13973,4.2,9.4,64,2
family_001121,2026-W36,True,False,0,4521,1.6,11.0,9,2
family_001123,2026-W33,True,True,5924,6530,3.6,3.6,38,2
family_001123,2026-W34,True,False,0,8822,1.6,5.2,17,2
family_001123,2026-W35,True,True,3583,6350,4.4,9.6,37,3
family_001123,2026-W36,True,False,0,2012,1.0,10.6,8,1
family_001130,2026-W33,True,True,7384,16520,5.0,5.0,74,3
family_001130,2026-W34,True,True,3199,24778,5.0,10.0,90,3
family_001130,2026-W35,True,True,18385,25376,4.2,14.2,87,2
family_001130,2026-W36,True,False,0,5089,1.6,15.8,10,2
family_001135,2026-W33,True,True,11285,12150,4.2,4.2,61,2
family_001135,2026-W34,True,True,4554,5557,4.4,8.6,36,3
family_001135,2026-W35,True,True,3115,12556,3.6,12.2,50,2
family_001135,2026-W36,True,True,6553,12875,4.4,16.6,50,3
family_001136,2026-W33,True,True,2912,7115,3.6,3.6,39,2
family_001136,2026-W34,True,True,1952,3648,4.4,8.0,32,3
family_001136,2026-W35,True,True,3885,7413,3.6,11.6,39,2
family_001136,2026-W36,True,True,5115,7231,4.4,16.0,39,3
family_001141,2026-W33,True,False,0,17480,1.0,1.0,38,1
family_001141,2026-W34,True,True,8974,23654,4.8,5.8,80,3
family_001141,2026-W35,True,True,11908,31949,4.0,9.8,96,2
family_001141,2026-W36,True,False,2745,21181,1.8,11.6,46,2
family_001143,2026-W33,True,False,2290,2290,2.4,2.4,4,3
family_001143,2026-W34,True,True,3392,7588,3.6,6.0,40,2
family_001143,2026-W35,True,True,11635,18205,3.8,9.8,65,2
family_001143,2026-W36,True,True,3216,8547,3.8,13.6,46,2
family_001144,2026-W33,True,True,5363,6626,3.8,3.8,42,2
family_001144,2026-W34,True,True,7162,9266,3.6,7.4,43,2
family_001144,2026-W35,True,True,2030,3445,3.6,11.0,31,2
family_001144,2026-W36,True,True,4638,11938,3.8,14.8,52,2
family_001145,2026-W33,True,True,1691,15242,5.0,5.0,63,4
family_001145,2026-W34,True,False,0,5594,2.4,7.4,11,3
family_001145,2026-W35,True,False,0,12109,1.8,9.2,28,2
family_001145,2026-W36,True,False,0,4178,1.6,10.8,8,2
family_001146,2026-W33,True,True,7867,16877,3.6,3.6,58,2
family_001146,2026-W34,True,True,3361,5631,2.8,6.4,36,1
family_001146,2026-W35,True,True,8019,11188,4.4,10.8,47,3
family_001146,2026-W36,True,False,0,1470,0.8,11.6,2,1
family_001149,2026-W33,True,True,6976,18166,4.0,4.0,69,2
family_001149,2026-W34,True,False,0,11914,2.4,6.4,23,3
family_001149,2026-W35,True,False,0,4697,1.6,8.0,9,2
family_001149,2026-W36,True,True,4152,26165,5.0,13.0,93,3
family_001153,2026-W33,True,False,0,3798,1.6,1.6,7,2
family_001153,2026-W34,True,True,1061,1899,3.6,5.2,28,2
family_001153,2026-W35,True,True,4675,9270,3.6,8.8,43,2
family_001153,2026-W36,True,False,0,3272,2.4,11.2,6,3
family_001163,2026-W33,True,False,0,0,0.0,0.0,0,0
family_001163,2026-W34,True,True,4360,8347,3.8,3.8,45,2
family_001163,2026-W35,True,True,2517,5086,3.6,7.4,35,2
family_001163,2026-W36,True,False,0,5981,1.6,9.0,11,2
family_001167,2026-W33,True,True,10891,20395,4.8,4.8,73,3
family_001167,2026-W34,True,True,3231,14899,3.8,8.6,58,2
family_001167,2026-W35,True,True,5609,11348,3.8,12.4,51,2
family_001167,2026-W36,True,False,1223,5333,2.4,14.8,10,3
family_001170,2026-W33,True,True,14944,21353,4.2,4.2,79,2
family_001170,2026-W34,True,False,0,5010,1.6,5.8,10,2
family_001170,2026-W35,True,True,6330,7031,3.8,9.6,43,2
family_001170,2026-W36,True,True,1115,5490,3.6,13.2,35,2
family_001175,2026-W33,True,True,4477,8251,3.6,3.6,41,2
family_001175,2026-W34,True,False,0,8797,1.0,4.6,21,1
family_001175,2026-W35,True,False,0,4226,1.6,6.2,8,2
family_001175,2026-W36,True,True,3691,8625,3.6,9.8,42,2
family_001176,2026-W33,True,True,3874,6732,3.6,3.6,38,2
family_001176,2026-W34,True,True,3786,7384,3.8,7.4,43,2
family_001176,2026-W35,True,True,9503,10167,3.6,11.0,45,2
family_001176,2026-W36,True,True,7550,9955,4.4,15.4,44,3
family_001178,2026-W33,True,True,3688,3688,2.8,2.8,32,1
family_001178,2026-W34,True,False,621,621,1.6,4.4,1,2
family_001178,2026-W35,True,True,5328,12020,4.8,9.2,57,3
family_001178,2026-W36,True,True,3586,9083,3.0,12.2,47,1
family_001179,2026-W33,True,True,6324,11807,3.6,3.6,48,2
family_001179,2026-W34,True,True,3549,12760,3.6,7.2,50,2
family_001179,2026-W35,True,True,1514,2905,3.6,10.8,30,2
family_001179,2026-W36,True,True,1931,6314,3.6,14.4,37,2
family_001183,2026-W33,True,True,6902,6902,3.6,3.6,38,2
family_001183,2026-W34,True,False,0,1626,0.8,4.4,3,1
family_001183,2026-W35,True,True,3534,9669,3.6,8.0,44,2
family_001183,2026-W36,True,True,2969,12558,3.8,11.8,54,2
family_001185,2026-W33,True,False,910,4935,1.6,1.6,9,2
family_001185,2026-W34,True,False,0,3988,1.6,3.2,7,2
family_001185,2026-W35,True,True,1443,1932,2.8,6.0,28,1
family_001185,2026-W36,True,True,1026,2029,2.8,8.8,29,1
family_001189,2026-W33,True,True,3787,6453,3.8,3.8,41,2
family_001189,2026-W34,True,True,4911,4911,3.6,7.4,34,2
family_001189,2026-W35,True,True,9727,13255,4.4,11.8,51,3
family_001189,2026-W36,True,False,2234,8992,2.4,14.2,17,3
family_001190,2026-W33,True,True,5268,12536,3.8,3.8,54,2
family_001190,2026-W34,True,False,1684,7036,1.6,5.4,14,2
family_001190,2026-W35,True,False,633,4655,2.4,7.8,9,3
family_001190,2026-W36,True,True,4292,5128,4.6,12.4,39,3
family_001195,2026-W33,True,True,2188,5482,3.6,3.6,35,2
family_001195,2026-W34,True,False,1368,5614,1.6,5.2,11,2
family_001195,2026-W35,True,True,9164,12575,3.6,8.8,50,2
family_001195,2026-W36,True,True,3010,6733,3.6,12.4,38,2
family_001204,2026-W33,True,False,1850,5111,1.8,1.8,14,2
family_001204,2026-W34,True,True,7571,15551,4.0,5.8,64,2
family_001204,2026-W35,True,False,550,3249,0.8,6.6,6,1
family_001204,2026-W36,True,True,9345,12028,4.0,10.6,57,2
family_001207,2026-W33,True,True,1886,5541,3.6,3.6,36,2
family_001207,2026-W34,True,True,4405,5632,4.4,8.0,36,3
family_001207,2026-W35,True,True,3922,3922,3.6,11.6,32,2
family_001207,2026-W36,True,True,2057,11085,3.8,15.4,51,2
family_001208,2026-W33,True,False,0,419,1.6,1.6,0,2
family_001208,2026-W34,True,True,3142,3804,2.8,4.4,32,1
family_001208,2026-W35,True,False,0,0,0.0,4.4,0,0
family_001208,2026-W36,True,False,674,2259,0.8,5.2,4,1
family_001211,2026-W33,True,False,637,6631,1.6,1.6,13,2
family_001211,2026-W34,True,False,0,0,0.8,2.4,0,1
family_001211,2026-W35,True,True,1499,5153,3.6,6.0,35,2
family_001211,2026-W36,True,True,6904,11038,2.8,8.8,47,1
family_001217,2026-W33,True,True,6727,23392,4.6,4.6,91,2
family_001217,2026-W34,True,True,4447,10784,3.8,8.4,50,2
family_001217,2026-W35,True,True,9187,20715,4.0,12.4,74,2
family_001217,2026-W36,True,False,0,12680,1.6,14.0,25,2
family_001219,2026-W33,True,True,5984,7460,4.6,4.6,43,3
family_001219,2026-W34,True,True,7249,16754,4.6,9.2,62,3
family_001219,2026-W35,True,False,1570,9483,1.6,10.8,18,2
family_001219,2026-W36,True,False,0,8051,2.4,13.2,16,3
family_001221,2026-W33,True,False,0,767,0.8,0.8,1,1
family_001221,2026-W34,True,False,0,0,0.8,1.6,0,1
family_001221,2026-W35,True,True,2391,10963,3.8,5.4,50,2
family_001221,2026-W36,True,False,786,1417,1.6,7.0,2,2
family_001225,2026-W33,True,True,2244,9357,3.8,3.8,47,2
family_001225,2026-W34,True,True,8572,17963,4.4,8.2,76,2
family_001225,2026-W35,True,False,0,1553,0.8,9.0,3,1
family_001225,2026-W36,True,False,0,7346,1.8,10.8,18,2
family_001227,2026-W33,True,True,847,847,3.6,3.6,26,2
family_001227,2026-W34,True,True,2075,5322,3.6,7.2,35,2
family_001227,2026-W35,True,True,4839,7661,3.6,10.8,40,2
family_001227,2026-W36,True,True,5541,6585,3.6,14.4,38,2
family_001230,2026-W33,True,False,0,527,1.6,1.6,1,2
family_001230,2026-W34,True,False,0,210,1.6,3.2,0,2
family_001230,2026-W35,True,True,963,3447,3.6,6.8,31,2
family_001230,2026-W36,True,True,2745,7961,3.6,10.4,40,2
family_001231,2026-W33,True,True,2559,2559,2.8,2.8,30,1
family_001231,2026-W34,True,False,0,10586,1.6,4.4,21,2
family_001231,2026-W35,True,False,0,941,0.8,5.2,1,1
family_001231,2026-W36,True,True,6740,12536,3.6,8.8,50,2
family_001232,2026-W33,True,True,8752,12887,4.6,4.6,54,3
family_001232,2026-W34,True,True,2663,8669,4.8,9.4,50,3
family_001232,2026-W35,True,True,2387,9370,3.8,13.2,47,2
family_001232,2026-W36,True,False,755,6348,1.6,14.8,12,2
family_001237,2026-W33,True,True,1982,2762,3.6,3.6,30,2
family_001237,2026-W34,True,False,0,4980,1.6,5.2,9,2
family_001237,2026-W35,True,False,0,4387,1.6,6.8,8,2
family_001237,2026-W36,True,True,2924,10282,3.6,10.4,45,2
family_001238,2026-W33,True,True,11384,14531,4.4,4.4,54,3
family_001238,2026-W34,True,True,6816,9701,3.6,8.0,44,2
family_001238,2026-W35,True,True,5103,15182,3.8,11.8,59,2
family_001238,2026-W36,True,False,4714,9512,0.8,12.6,19,1
family_001245,2026-W33,True,True,3021,4523,3.6,3.6,34,2
family_001245,2026-W34,True,True,1399,5572,3.6,7.2,36,2
family_001245,2026-W35,True,True,3360,8660,2.8,10.0,42,1
family_001245,2026-W36,True,True,1473,12974,2.8,12.8,50,1
family_001251,2026-W33,True,True,3303,14176,4.4,4.4,53,3
family_001251,2026-W34,True,True,2975,6544,4.4,8.8,38,3
family_001251,2026-W35,True,False,0,9259,2.6,11.4,22,3
family_001251,2026-W36,True,False,1291,5253,1.8,13.2,14,2
family_001267,2026-W33,True,False,0,5811,1.6,1.6,11,2
family_001267,2026-W34,True,True,2327,3032,3.6,5.2,31,2
family_001267,2026-W35,True,True,3283,6318,3.6,8.8,37,2
family_001267,2026-W36,True,False,752,752,0.8,9.6,1,1
family_001291,2026-W33,True,True,5192,10186,4.6,4.6,49,3
family_001291,2026-W34,True,True,4331,7137,4.4,9.0,39,3
family_001291,2026-W35,True,False,0,6590,0.8,9.8,13,1
family_001291,2026-W36,True,False,396,5843,2.4,12.2,11,3
family_001293,2026-W33,True,True,1303,9248,3.6,3.6,43,2
family_001293,2026-W34,True,True,13051,27380,3.6,7.2,79,2
family_001293,2026-W35,True,True,3238,11936,3.8,11.0,52,2
family_001293,2026-W36,True,True,14054,19486,3.8,14.8,67,2
family_001297,2026-W33,True,True,10949,17083,3.8,3.8,63,2
family_001297,2026-W34,True,True,2705,6799,3.8,7.6,42,2
family_001297,2026-W35,True,False,868,10095,0.8,8.4,20,1
family_001297,2026-W36,True,True,8822,16008,3.6,12.0,57,2
family_001298,2026-W33,True,True,4956,4956,4.4,4.4,34,3
family_001298,2026-W34,True,True,5195,11015,3.6,8.0,47,2
family_001298,2026-W35,True,True,6233,7384,3.6,11.6,39,2
family_001298,2026-W36,True,True,2953,4964,3.6,15.2,34,2
family_001301,2026-W33,True,False,0,5713,1.6,1.6,11,2
family_001301,2026-W34,True,True,7522,8893,3.8,5.4,46,2
family_001301,2026-W35,True,False,757,5497,1.6,7.0,10,2
family_001301,2026-W36,True,True,3724,12527,3.6,10.6,50,2
family_001302,2026-W33,True,True,5416,12381,4.0,4.0,57,2
family_001302,2026-W34,True,False,0,3108,0.8,4.8,6,1
family_001302,2026-W35,True,True,7552,17344,5.0,9.8,71,3
family_001302,2026-W36,True,True,5238,17121,3.0,12.8,63,1
family_001304,2026-W33,True,True,7934,8933,4.4,4.4,42,3
family_001304,2026-W34,True,True,8715,10513,4.4,8.8,46,3
family_001304,2026-W35,True,True,8233,12401,3.6,12.4,49,2
family_001304,2026-W36,True,True,7249,10443,3.6,16.0,45,2
family_001311,2026-W33,True,True,10569,22138,4.2,4.2,81,2
family_001311,2026-W34,True,True,9135,12450,5.0,9.2,61,3
family_001311,2026-W35,True,True,17252,31247,5.0,14.2,103,3
family_001311,2026-W36,True,False,0,6986,1.6,15.8,13,2
family_001315,2026-W33,True,True,4749,18781,4.6,4.6,66,3
family_001315,2026-W34,True,False,2781,15665,1.8,6.4,35,2
family_001315,2026-W35,True,False,0,9843,1.6,8.0,19,2
family_001315,2026-W36,True,True,4010,16117,4.0,12.0,65,2
family_001319,2026-W33,True,True,1447,8396,3.6,3.6,41,2
family_001319,2026-W34,True,True,22347,30090,4.0,7.6,93,2
family_001319,2026-W35,True,False,0,1695,0.8,8.4,3,1
family_001319,2026-W36,True,False,1636,5873,1.6,10.0,11,2
family_001322,2026-W33,True,False,0,4597,1.6,1.6,9,2
family_001322,2026-W34,True,True,15600,15600,4.6,6.2,60,3
family_001322,2026-W35,True,True,8886,11310,4.4,10.6,47,3
family_001322,2026-W36,True,True,4793,7543,3.6,14.2,40,2
family_001323,2026-W33,True,False,0,5810,1.8,1.8,15,2
family_001323,2026-W34,True,True,6346,10098,3.8,5.6,49,2
family_001323,2026-W35,True,False,0,11863,1.8,7.4,27,2
family_001323,2026-W36,True,True,5659,7217,3.0,10.4,43,1
family_001326,2026-W33,True,True,6940,11398,4.6,4.6,51,3
family_001326,2026-W34,True,True,2632,12394,3.8,8.4,53,2
family_001326,2026-W35,True,False,692,3068,0.8,9.2,6,1
family_001326,2026-W36,True,False,1307,6884,1.8,11.0,17,2
family_001335,2026-W33,True,True,2957,16508,3.8,3.8,62,2
family_001335,2026-W34,True,True,6675,15678,4.4,8.2,72,2
family_001335,2026-W35,True,True,1791,13248,3.8,12.0,55,2
family_001335,2026-W36,True,False,0,0,0.0,12.0,0,0
family_001338,2026-W33,True,False,863,5640,0.8,0.8,11,1
family_001338,2026-W34,True,False,2377,2377,1.6,2.4,4,2
family_001338,2026-W35,True,False,560,560,1.6,4.0,1,2
family_001338,2026-W36,True,True,7374,7374,3.6,7.6,39,2
family_001340,2026-W33,True,True,18445,30506,5.0,5.0,102,3
family_001340,2026-W34,True,True,6134,16833,4.0,9.0,66,2
family_001340,2026-W35,True,True,7173,26083,5.0,14.0,93,3
family_001340,2026-W36,True,True,6462,22010,4.6,18.6,73,3
family_001349,2026-W33,True,True,10368,17525,4.4,4.4,60,3
family_001349,2026-W34,True,False,1555,8201,1.6,6.0,16,2
family_001349,2026-W35,True,False,974,10841,1.6,7.6,21,2
family_001349,2026-W36,True,False,0,5605,1.6,9.2,11,2
family_001354,2026-W33,True,True,13198,22377,4.2,4.2,81,2
family_001354,2026-W34,True,True,5258,21485,4.2,8.4,79,2
family_001354,2026-W35,True,True,10259,29731,5.0,13.4,100,4
family_001354,2026-W36,True,True,9610,14720,4.0,17.4,62,2
family_001368,2026-W33,True,True,8588,24642,5.0,5.0,90,3
family_001368,2026-W34,True,True,8857,33452,5.0,10.0,103,3
family_001368,2026-W35,True,True,4814,29023,5.0,15.0,95,3
family_001368,2026-W36,True,False,3165,24886,2.8,17.8,57,3
family_001369,2026-W33,True,False,0,3655,1.8,1.8,11,2
family_001369,2026-W34,True,False,0,4252,2.4,4.2,8,3
family_001369,2026-W35,True,False,0,1985,1.6,5.8,3,2
family_001369,2026-W36,True,False,1020,3699,2.6,8.4,11,3
family_001373,2026-W33,True,True,6758,13501,2.8,2.8,52,1
family_001373,2026-W34,True,True,8309,8309,3.6,6.4,41,2
family_001373,2026-W35,True,False,0,3834,0.8,7.2,7,1
family_001373,2026-W36,True,True,2255,2255,2.8,10.0,29,1
family_001383,2026-W33,True,False,962,3647,1.6,1.6,7,2
family_001383,2026-W34,True,True,7105,7105,3.6,5.2,39,2
family_001383,2026-W35,True,True,4221,4221,4.4,9.6,33,3
family_001383,2026-W36,True,False,0,0,0.8,10.4,0,1
family_001392,2026-W33,True,True,4212,5749,3.8,3.8,40,2
family_001392,2026-W34,True,True,8993,10767,4.0,7.8,54,2
family_001392,2026-W35,True,False,0,5140,1.6,9.4,10,2
family_001392,2026-W36,True,True,1941,8185,3.0,12.4,45,1
family_001393,2026-W33,True,True,1725,5027,3.6,3.6,35,2
family_001393,2026-W34,True,False,613,8737,1.6,5.2,17,2
family_001393,2026-W35,True,True,3955,9559,3.6,8.8,44,2
family_001393,2026-W36,True,True,2008,6587,3.6,12.4,38,2
family_001394,2026-W33,True,True,12192,14413,3.8,3.8,57,2
family_001394,2026-W34,True,False,0,9422,1.8,5.6,22,2
family_001394,2026-W35,True,False,0,7300,1.6,7.2,14,2
family_001394,2026-W36,True,False,0,3459,1.6,8.8,6,2
family_001395,2026-W33,True,False,0,0,0.8,0.8,0,1
family_001395,2026-W34,True,True,5544,7545,3.6,4.4,40,2
family_001395,2026-W35,True,True,5635,6706,3.6,8.0,38,2
family_001395,2026-W36,True,False,0,3761,1.6,9.6,7,2
family_001397,2026-W33,True,True,11076,27305,5.0,5.0,91,3
family_001397,2026-W34,True,False,0,16621,2.6,7.6,37,3
family_001397,2026-W35,True,False,3182,15586,2.0,9.6,39,2
family_001397,2026-W36,True,True,14963,55325,5.0,14.6,163,3
family_001399,2026-W33,True,True,2074,11769,3.8,3.8,52,2
family_001399,2026-W34,True,True,3333,3333,3.6,7.4,31,2
family_001399,2026-W35,True,False,0,3363,0.8,8.2,6,1
family_001399,2026-W36,True,True,4589,7130,3.6,11.8,39,2
family_001407,2026-W33,True,False,2554,11730,2.0,2.0,31,2
family_001407,2026-W34,True,True,5460,9281,3.8,5.8,47,2
family_001407,2026-W35,True,True,4544,6430,3.8,9.6,41,2
family_001407,2026-W36,True,False,0,982,1.6,11.2,1,2
family_001411,2026-W33,True,True,8703,10156,3.6,3.6,45,2
family_001411,2026-W34,True,True,4757,12048,5.0,8.6,53,4
family_001411,2026-W35,True,True,5601,6120,3.6,12.2,37,2
family_001411,2026-W36,True,True,3393,5902,3.6,15.8,36,2
family_001414,2026-W33,True,True,9221,9221,3.6,3.6,43,2
family_001414,2026-W34,True,True,7943,12482,3.6,7.2,49,2
family_001414,2026-W35,True,True,7872,9459,3.6,10.8,43,2
family_001414,2026-W36,True,True,4209,4209,3.6,14.4,33,2
family_001415,2026-W33,True,True,2355,7661,3.0,3.0,44,1
family_001415,2026-W34,True,False,0,0,1.6,4.6,0,2
family_001415,2026-W35,True,True,1970,3897,3.6,8.2,32,2
family_001415,2026-W36,True,True,3587,12686,3.2,11.4,58,1
family_001416,2026-W33,True,True,3384,5503,3.6,3.6,36,2
family_001416,2026-W34,True,True,1986,13252,4.4,8.0,51,3
family_001416,2026-W35,True,True,5705,12976,2.8,10.8,50,1
family_001416,2026-W36,True,True,9159,25884,3.8,14.6,80,2
family_001422,2026-W33,True,True,7769,12643,3.6,3.6,50,2
family_001422,2026-W34,True,True,8596,8596,4.6,8.2,46,3
family_001422,2026-W35,True,False,498,4558,1.6,9.8,9,2
family_001422,2026-W36,True,True,8995,10835,4.4,14.2,46,3
family_001431,2026-W33,True,True,10331,17722,4.4,4.4,76,2
family_001431,2026-W34,True,True,14051,14791,4.4,8.8,70,2
family_001431,2026-W35,True,False,1673,14841,2.0,10.8,37,2
family_001431,2026-W36,True,False,0,10599,1.8,12.6,25,2
family_001436,2026-W33,True,True,3371,11373,4.8,4.8,55,3
family_001436,2026-W34,True,True,3829,6306,3.8,8.6,41,2
family_001436,2026-W35,True,True,2837,15439,4.6,13.2,59,3
family_001436,2026-W36,True,False,0,8523,1.6,14.8,17,2
family_001438,2026-W33,True,False,0,14702,2.4,2.4,29,3
family_001438,2026-W34,True,False,0,11438,1.6,4.0,22,2
family_001438,2026-W35,True,True,5782,5782,3.0,7.0,40,1
family_001438,2026-W36,True,False,0,2606,1.6,8.6,5,2
family_001445,2026-W33,True,True,6778,8347,3.6,3.6,41,2
family_001445,2026-W34,True,True,2969,5461,2.8,6.4,35,1
family_001445,2026-W35,True,True,2424,7830,3.6,10.0,40,2
family_001445,2026-W36,True,True,10205,13201,3.6,13.6,51,2
family_001446,2026-W33,True,True,6183,9484,3.8,3.8,47,2
family_001446,2026-W34,True,True,6861,8612,3.6,7.4,42,2
family_001446,2026-W35,True,False,0,13500,1.2,8.6,35,1
family_001446,2026-W36,True,False,0,2071,0.8,9.4,4,1
family_001448,2026-W33,True,True,2106,4199,3.6,3.6,33,2
family_001448,2026-W34,True,True,3659,6905,3.6,7.2,38,2
family_001448,2026-W35,True,True,1349,1349,2.8,10.0,27,1
family_001448,2026-W36,True,True,6861,17184,3.8,13.8,63,2
family_001449,2026-W33,True,True,14519,33492,5.0,5.0,115,3
family_001449,2026-W34,True,True,19893,26568,5.0,10.0,102,3
family_001449,2026-W35,True,True,8990,17078,5.0,15.0,71,3
family_001449,2026-W36,True,True,7452,17572,3.8,18.8,64,2
family_001458,2026-W33,True,False,1604,11818,2.6,2.6,27,3
family_001458,2026-W34,True,False,0,7133,2.4,5.0,14,3
family_001458,2026-W35,True,True,3293,18642,4.6,9.6,66,3
family_001458,2026-W36,True,False,0,16862,2.4,12.0,33,3
family_001461,2026-W33,True,True,990,2554,3.6,3.6,30,2
family_001461,2026-W34,False,False,0,4114,0.0,3.6,0,2
family_001461,2026-W35,True,False,0,5043,1.0,4.6,14,1
family_001461,2026-W36,True,True,6179,18767,4.8,9.4,70,3
family_001465,2026-W33,True,False,0,3895,1.6,1.6,7,2
family_001465,2026-W34,True,True,13002,15521,4.0,5.6,64,2
family_001465,2026-W35,True,True,7279,11319,3.6,9.2,47,2
family_001465,2026-W36,True,True,7405,14103,3.6,12.8,53,2
family_001471,2026-W33,True,True,1235,6304,3.8,3.8,41,2
family_001471,2026-W34,True,True,4499,8905,3.0,6.8,46,1
family_001471,2026-W35,True,False,0,5687,0.8,7.6,11,1
family_001471,2026-W36,True,False,0,15488,1.6,9.2,30,2
family_001473,2026-W33,True,False,0,1167,1.6,1.6,2,2
family_001473,2026-W34,True,True,1758,4086,3.8,5.4,37,2
family_001473,2026-W35,True,True,2273,2273,3.6,9.0,29,2
family_001473,2026-W36,True,True,1738,4553,3.0,12.0,38,1
family_001475,2026-W33,True,True,4617,16765,4.0,4.0,66,2
family_001475,2026-W34,True,True,6247,24630,5.0,9.0,90,3
family_001475,2026-W35,True,True,5492,18872,3.8,12.8,66,2
family_001475,2026-W36,True,False,0,20109,1.8,14.6,44,2
family_001476,2026-W33,True,True,7806,19964,4.4,4.4,80,2
family_001476,2026-W34,True,True,4522,28338,4.4,8.8,97,2
family_001476,2026-W35,True,True,3098,18498,3.8,12.6,65,2
family_001476,2026-W36,True,False,0,14205,1.6,14.2,28,2
family_001477,2026-W33,True,True,3370,3370,3.0,3.0,35,1
family_001477,2026-W34,True,True,9766,11911,3.8,6.8,52,2
family_001477,2026-W35,True,False,0,6939,1.8,8.6,17,2
family_001477,2026-W36,True,False,0,4286,0.8,9.4,8,1
family_001487,2026-W33,True,True,6099,9971,4.8,4.8,52,3
family_001487,2026-W34,True,True,9382,10252,4.6,9.4,49,3
family_001487,2026-W35,True,True,3302,3302,3.6,13.0,31,2
family_001487,2026-W36,True,True,5953,6711,4.4,17.4,38,3
family_001490,2026-W33,True,True,10079,12677,3.8,3.8,54,2
family_001490,2026-W34,True,False,1579,3642,1.6,5.4,7,2
family_001490,2026-W35,True,True,6042,11523,3.6,9.0,48,2
family_001490,2026-W36,True,False,962,7469,1.8,10.8,18,2
family_001491,2026-W33,True,False,0,7659,1.8,1.8,19,2
family_001491,2026-W34,True,False,0,15716,1.8,3.6,35,2
family_001491,2026-W35,True,True,11994,18778,5.0,8.6,82,3
family_001491,2026-W36,True,False,0,7039,1.6,10.2,14,2
family_001492,2026-W33,True,False,0,2933,1.6,1.6,5,2
family_001492,2026-W34,True,True,4305,11277,4.0,5.6,55,2
family_001492,2026-W35,True,True,3488,5265,3.6,9.2,35,2
family_001492,2026-W36,True,True,3126,5058,3.8,13.0,39,2
family_001493,2026-W33,True,True,1282,4474,3.6,3.6,33,2
family_001493,2026-W34,True,False,0,5788,1.8,5.4,15,2
family_001493,2026-W35,True,True,1212,6169,3.6,9.0,37,2
family_001493,2026-W36,True,True,5025,7879,5.0,14.0,40,4
family_001495,2026-W33,True,False,0,15102,2.2,2.2,42,2
family_001495,2026-W34,True,True,6237,18732,5.0,7.2,74,3
family_001495,2026-W35,True,True,3171,13468,3.8,11.0,55,2
family_001495,2026-W36,True,True,14013,20725,4.4,15.4,82,2
family_001496,2026-W33,True,True,24684,29805,5.0,5.0,96,3
family_001496,2026-W34,True,False,813,1516,2.4,7.4,3,3
family_001496,2026-W35,True,False,1424,11343,0.8,8.2,22,1
family_001496,2026-W36,True,True,9007,31503,4.8,13.0,96,3
family_001497,2026-W33,True,False,966,2900,0.8,0.8,5,1
family_001497,2026-W34,True,False,817,8838,1.8,2.6,21,2
family_001497,2026-W35,True,True,5218,11127,4.6,7.2,51,3
family_001497,2026-W36,True,False,1043,2270,1.6,8.8,4,2
family_001498,2026-W33,True,False,0,13775,2.6,2.6,31,3
family_001498,2026-W34,True,True,1751,9489,4.4,7.0,43,3
family_001498,2026-W35,True,True,3866,7070,3.6,10.6,39,2
family_001498,2026-W36,True,True,2686,12384,4.6,15.2,53,3
family_001500,2026-W33,True,False,0,0,0.0,0.0,0,0
family_001500,2026-W34,True,True,3152,11086,3.8,3.8,51,2
family_001500,2026-W35,True,True,3860,5710,2.8,6.6,36,1
family_001500,2026-W36,True,True,3258,4771,2.8,9.4,34,1
family_001503,2026-W33,True,True,6465,7381,3.6,3.6,39,2
family_001503,2026-W34,True,True,5458,15539,3.0,6.6,60,1
family_001503,2026-W35,True,True,2302,4291,3.6,10.2,33,2
family_001503,2026-W36,True,False,0,5075,2.6,12.8,14,3
family_001505,2026-W33,True,True,5541,9515,4.0,4.0,52,2
family_001505,2026-W34,True,False,0,1758,0.8,4.8,3,1
family_001505,2026-W35,True,False,992,1894,0.8,5.6,3,1
family_001505,2026-W36,True,False,676,1376,0.8,6.4,2,1
family_001511,2026-W33,True,True,2799,29619,5.0,5.0,96,4
family_001511,2026-W34,True,True,4402,12579,4.2,9.2,62,2
family_001511,2026-W35,True,True,3665,9857,4.0,13.2,52,2
family_001511,2026-W36,True,True,7788,16428,4.2,17.4,69,2
family_001522,2026-W33,True,False,0,12590,1.8,1.8,29,2
family_001522,2026-W34,True,True,6873,12466,4.6,6.4,53,3
family_001522,2026-W35,True,True,7066,15525,4.0,10.4,64,2
family_001522,2026-W36,True,True,9664,16093,4.2,14.6,69,2
family_001523,2026-W33,True,True,3435,6338,3.6,3.6,37,2
family_001523,2026-W34,True,True,6009,6677,3.8,7.4,42,2
family_001523,2026-W35,True,False,1480,6638,1.6,9.0,13,2
family_001523,2026-W36,True,True,2173,5603,3.6,12.6,36,2
family_001524,2026-W33,True,True,4784,13415,3.8,3.8,55,2
family_001524,2026-W34,True,False,0,15489,3.4,7.2,34,4
family_001524,2026-W35,True,True,3350,16358,4.2,11.4,69,2
family_001524,2026-W36,True,False,2757,11220,2.6,14.0,26,3
family_001531,2026-W33,True,False,3285,10080,1.8,1.8,24,2
family_001531,2026-W34,True,True,9575,35809,3.6,5.4,112,1
family_001531,2026-W35,True,True,9755,22048,3.8,9.2,73,2
family_001531,2026-W36,True,True,6651,24419,3.8,13.0,77,2
family_001536,2026-W33,True,True,6353,7380,4.0,4.0,47,2
family_001536,2026-W34,True,True,4004,4004,3.8,7.8,37,2
family_001536,2026-W35,True,True,4224,8339,3.0,10.8,45,1
family_001536,2026-W36,True,True,4738,13353,4.0,14.8,59,2
family_001539,2026-W33,True,False,0,4375,1.6,1.6,8,2
family_001539,2026-W34,True,True,2732,7446,3.6,5.2,39,2
family_001539,2026-W35,True,False,0,0,0.8,6.0,0,1
family_001539,2026-W36,True,True,2481,6362,2.8,8.8,37,1
family_001541,2026-W33,True,False,0,5187,1.6,1.6,10,2
family_001541,2026-W34,True,False,0,5974,1.6,3.2,11,2
family_001541,2026-W35,True,False,0,14781,1.0,4.2,33,1
family_001541,2026-W36,True,True,3446,9624,4.0,8.2,52,2
family_001545,2026-W33,True,True,4060,8399,3.6,3.6,41,2
family_001545,2026-W34,True,True,3024,7318,4.4,8.0,39,3
family_001545,2026-W35,True,True,3214,9800,3.6,11.6,44,2
family_001545,2026-W36,True,True,11399,13324,5.0,16.6,51,4
family_001546,2026-W33,True,True,10521,14165,4.6,4.6,57,3
family_001546,2026-W34,True,False,1823,7052,2.4,7.0,14,3
family_001546,2026-W35,True,False,2292,7772,2.4,9.4,15,3
family_001546,2026-W36,True,False,1183,5496,1.6,11.0,10,2
family_001555,2026-W33,True,True,5985,8232,4.6,4.6,45,3
family_001555,2026-W34,True,True,11912,11912,4.4,9.0,48,3
family_001555,2026-W35,True,False,2154,7020,2.4,11.4,14,3
family_001555,2026-W36,True,True,4689,14303,3.8,15.2,57,2
family_001556,2026-W33,True,True,11407,29292,4.6,4.6,87,3
family_001556,2026-W34,True,True,8040,22888,4.8,9.4,78,3
family_001556,2026-W35,True,True,16505,25775,4.6,14.0,96,2
family_001556,2026-W36,True,True,5087,19759,3.8,17.8,68,2
family_001562,2026-W33,True,False,0,8211,2.4,2.4,16,3
family_001562,2026-W34,True,False,0,7260,2.6,5.0,18,3
family_001562,2026-W35,True,True,2913,7363,4.4,9.4,39,3
family_001562,2026-W36,True,False,0,6418,2.4,11.8,12,3
family_001564,2026-W33,True,True,8230,26107,4.0,4.0,85,2
family_001564,2026-W34,True,True,12759,22835,4.2,8.2,82,2
family_001564,2026-W35,True,True,10462,18071,3.2,11.4,69,1
family_001564,2026-W36,True,True,8974,22705,3.8,15.2,74,2
family_001571,2026-W33,True,False,0,0,0.0,0.0,0,0
family_001571,2026-W34,True,True,4040,7899,3.6,3.6,40,2
family_001571,2026-W35,True,False,0,7601,1.6,5.2,15,2
family_001571,2026-W36,True,True,11263,13561,3.8,9.0,56,2
family_001575,2026-W33,True,False,4386,31268,2.2,2.2,74,2
family_001575,2026-W34,True,True,5482,19745,4.8,7.0,72,3
family_001575,2026-W35,True,True,4180,13530,4.6,11.6,56,3
family_001575,2026-W36,True,True,6166,13566,3.0,14.6,56,1
family_001584,2026-W33,True,True,4621,8423,4.0,4.0,49,2
family_001584,2026-W34,True,True,5910,5910,3.0,7.0,40,1
family_001584,2026-W35,True,False,0,11038,1.8,8.8,26,2
family_001584,2026-W36,True,False,0,9353,1.6,10.4,18,2
family_001588,2026-W33,True,False,1776,5579,1.6,1.6,11,2
family_001588,2026-W34,True,True,2739,6812,3.6,5.2,38,2
family_001588,2026-W35,True,False,0,6204,1.6,6.8,12,2
family_001588,2026-W36,True,True,3764,14588,4.0,10.8,62,2
family_001590,2026-W33,True,True,17240,25635,4.4,4.4,92,2
family_001590,2026-W34,True,True,6087,14855,4.0,8.4,62,2
family_001590,2026-W35,True,True,9041,18567,4.4,12.8,78,2
family_001590,2026-W36,True,True,5897,12139,3.8,16.6,53,2
family_001593,2026-W33,True,False,816,9113,1.6,1.6,18,2
family_001593,2026-W34,True,False,878,5931,0.8,2.4,11,1
family_001593,2026-W35,True,True,3798,5007,3.6,6.0,35,2
family_001593,2026-W36,True,True,3917,3917,3.6,9.6,32,2
family_001595,2026-W33,True,True,3552,8840,4.0,4.0,50,2
family_001595,2026-W34,True,False,0,6578,2.4,6.4,13,3
family_001595,2026-W35,True,False,0,5966,2.4,8.8,11,3
family_001595,2026-W36,True,False,0,8427,2.0,10.8,24,2
family_001597,2026-W33,True,True,6408,27301,4.6,4.6,83,3
family_001597,2026-W34,True,True,6430,33532,5.0,9.6,108,3
family_001597,2026-W35,True,True,16059,40715,5.0,14.6,130,3
family_001597,2026-W36,True,False,0,1223,0.8,15.4,2,1
family_001607,2026-W33,True,False,0,10392,2.4,2.4,20,3
family_001607,2026-W34,True,True,5622,10538,3.0,5.4,50,1
family_001607,2026-W35,True,True,10495,29304,4.4,9.8,99,2
family_001607,2026-W36,True,False,2992,22663,3.4,13.2,49,4
family_001614,2026-W33,True,True,7897,29467,4.4,4.4,99,2
family_001614,2026-W34,True,True,11581,19335,4.2,8.6,75,2
family_001614,2026-W35,True,False,2332,18399,3.2,11.8,52,3
family_001614,2026-W36,True,True,3737,23763,5.0,16.8,84,3
family_001617,2026-W33,True,True,11076,25704,4.0,4.0,84,2
family_001617,2026-W34,True,False,0,19238,2.0,6.0,46,2
family_001617,2026-W35,True,False,0,14391,1.6,7.6,28,2
family_001617,2026-W36,True,True,6391,17648,4.0,11.6,68,2
family_001619,2026-W33,True,False,1692,3309,1.6,1.6,6,2
family_001619,2026-W34,True,False,0,3297,1.0,2.6,10,1
family_001619,2026-W35,True,False,0,0,0.0,2.6,0,0
family_001619,2026-W36,True,True,1618,3939,3.6,6.2,32,2
family_001623,2026-W33,True,True,8530,9623,3.6,3.6,44,2
family_001623,2026-W34,True,True,4239,6999,3.6,7.2,38,2
family_001623,2026-W35,True,True,4802,7447,4.4,11.6,39,3
family_001623,2026-W36,True,True,5464,12435,3.6,15.2,49,2
family_001624,2026-W33,True,True,4216,14861,3.8,3.8,58,2
family_001624,2026-W34,True,True,6175,15500,4.0,7.8,64,2
family_001624,2026-W35,True,True,11429,27214,4.0,11.8,87,2
family_001624,2026-W36,True,True,7083,19548,4.2,16.0,76,2
family_001625,2026-W33,True,True,4829,10701,4.6,4.6,50,3
family_001625,2026-W34,True,False,1797,7487,0.8,5.4,14,1
family_001625,2026-W35,True,True,1731,1731,2.8,8.2,28,1
family_001625,2026-W36,True,False,1048,7484,2.6,10.8,18,3
family_001626,2026-W33,True,False,0,4707,0.8,0.8,9,1
family_001626,2026-W34,True,True,2516,17986,4.0,4.8,68,2
family_001626,2026-W35,True,True,6285,13690,3.4,8.2,64,1
family_001626,2026-W36,True,True,2238,15351,3.2,11.4,63,1
family_001629,2026-W33,True,True,2874,2874,2.8,2.8,30,1
family_001629,2026-W34,True,True,5363,11159,2.8,5.6,47,1
family_001629,2026-W35,False,False,0,9500,0.0,5.6,0,2
family_001629,2026-W36,True,False,0,3336,1.6,7.2,6,2
family_001634,2026-W33,True,False,0,8108,1.6,1.6,16,2
family_001634,2026-W34,True,True,3551,12723,4.0,5.6,58,2
family_001634,2026-W35,True,True,10549,19901,5.0,10.6,80,3
family_001634,2026-W36,True,False,0,5433,1.6,12.2,10,2
family_001637,2026-W33,True,True,2746,2746,3.6,3.6,30,2
family_001637,2026-W34,True,True,2814,5044,2.8,6.4,35,1
family_001637,2026-W35,True,False,1151,5157,1.6,8.0,10,2
family_001637,2026-W36,True,True,3585,4997,3.6,11.6,34,2
family_001639,2026-W33,True,False,3457,13411,2.6,2.6,30,3
family_001639,2026-W34,True,True,12997,12997,3.6,6.2,50,2
family_001639,2026-W35,True,True,7824,14753,3.6,9.8,54,2
family_001639,2026-W36,True,True,6584,8568,3.6,13.4,42,2
family_001640,2026-W33,True,True,5961,10023,4.6,4.6,49,3
family_001640,2026-W34,True,False,1339,8738,2.4,7.0,17,3
family_001640,2026-W35,True,True,2268,3489,3.6,10.6,31,2
family_001640,2026-W36,True,True,6373,10852,4.6,15.2,50,3
family_001644,2026-W33,True,False,0,2205,0.8,0.8,4,1
family_001644,2026-W34,True,True,2056,5734,3.6,4.4,36,2
family_001644,2026-W35,True,True,3158,3912,2.8,7.2,32,1
family_001644,2026-W36,True,False,1143,7809,1.6,8.8,15,2
family_001647,2026-W33,True,True,10318,15279,4.6,4.6,59,3
family_001647,2026-W34,True,True,8504,18292,4.4,9.0,61,3
family_001647,2026-W35,True,True,3042,19983,4.6,13.6,68,3
family_001647,2026-W36,True,True,7993,12542,3.6,17.2,50,2
family_001653,2026-W33,True,True,2996,10048,3.6,3.6,45,2
family_001653,2026-W34,True,False,1767,11651,1.8,5.4,27,2
family_001653,2026-W35,True,False,0,5875,1.6,7.0,11,2
family_001653,2026-W36,True,False,0,5065,1.6,8.6,10,2
family_001655,2026-W33,True,True,1416,3544,2.8,2.8,32,1
family_001655,2026-W34,True,False,0,4179,1.8,4.6,12,2
family_001655,2026-W35,True,False,0,3593,0.8,5.4,7,1
family_001655,2026-W36,True,True,3279,3279,2.8,8.2,31,1
family_001661,2026-W33,True,False,816,2583,1.6,1.6,5,2
family_001661,2026-W34,True,True,5361,6424,3.6,5.2,37,2
family_001661,2026-W35,True,True,4639,9407,3.8,9.0,47,2
family_001661,2026-W36,True,False,837,7131,2.4,11.4,14,3
family_001662,2026-W33,True,True,6494,9922,4.0,4.0,52,2
family_001662,2026-W34,True,True,5670,11702,3.2,7.2,56,1
family_001662,2026-W35,True,True,12824,21038,4.2,11.4,79,2
family_001662,2026-W36,True,False,0,3949,1.6,13.0,7,2
family_001667,2026-W33,True,True,5306,16956,4.6,4.6,62,3
family_001667,2026-W34,True,True,1301,6201,3.8,8.4,41,2
family_001667,2026-W35,True,False,0,8641,1.6,10.0,17,2
family_001667,2026-W36,True,True,4513,5316,3.8,13.8,39,2
family_001668,2026-W33,True,True,4371,19443,4.0,4.0,71,2
family_001668,2026-W34,True,True,12269,35635,5.0,9.0,120,3
family_001668,2026-W35,True,True,13237,39687,4.6,13.6,124,2
family_001668,2026-W36,True,True,7236,22430,5.0,18.6,81,3
family_001674,2026-W33,True,False,3309,20218,1.8,1.8,44,2
family_001674,2026-W34,True,True,8360,16644,5.0,6.8,70,3
family_001674,2026-W35,True,False,0,17746,2.6,9.4,39,3
family_001674,2026-W36,True,False,1233,10011,1.8,11.2,24,2
family_001677,2026-W33,True,True,12651,13895,4.4,4.4,52,3
family_001677,2026-W34,True,True,12723,22127,3.6,8.0,69,2
family_001677,2026-W35,True,True,5355,11472,3.6,11.6,47,2
family_001677,2026-W36,True,True,11753,19706,4.8,16.4,72,3
family_001679,2026-W33,True,True,7545,7545,3.0,3.0,44,1
family_001679,2026-W34,True,False,0,5956,0.8,3.8,11,1
family_001679,2026-W35,True,False,0,4670,1.6,5.4,9,2
family_001679,2026-W36,True,False,0,0,0.8,6.2,0,1
family_001680,2026-W33,True,True,4086,4086,2.8,2.8,33,1
family_001680,2026-W34,True,False,2242,5513,0.8,3.6,11,1
family_001680,2026-W35,True,True,5659,5659,3.0,6.6,40,1
family_001680,2026-W36,True,False,0,0,1.6,8.2,0,2
family_001681,2026-W33,True,False,851,5580,1.6,1.6,11,2
family_001681,2026-W34,True,True,7010,13832,3.6,5.2,52,2
family_001681,2026-W35,True,False,0,11212,1.2,6.4,30,1
family_001681,2026-W36,True,False,841,10833,1.6,8.0,21,2
family_001689,2026-W33,True,True,7192,22941,5.0,5.0,86,3
family_001689,2026-W34,True,True,10280,24899,5.0,10.0,86,3
family_001689,2026-W35,True,True,6434,28861,5.0,15.0,94,3
family_001689,2026-W36,True,False,0,2436,0.8,15.8,4,1
family_001691,2026-W33,True,True,6035,9211,3.8,3.8,47,2
family_001691,2026-W34,True,True,4527,6855,3.8,7.6,42,2
family_001691,2026-W35,True,False,973,5401,0.8,8.4,10,1
family_001691,2026-W36,True,True,3528,5910,3.6,12.0,36,2
family_001693,2026-W33,True,True,8235,16364,3.8,3.8,61,2
family_001693,2026-W34,True,True,1620,3201,3.6,7.4,31,2
family_001693,2026-W35,True,True,6573,14497,4.0,11.4,61,2
family_001693,2026-W36,True,True,2359,11884,3.8,15.2,52,2
family_001694,2026-W33,True,True,3057,8878,3.6,3.6,42,2
family_001694,2026-W34,True,True,3280,3966,3.6,7.2,32,2
family_001694,2026-W35,True,True,12407,23179,5.0,12.2,83,3
family_001694,2026-W36,True,False,0,5490,2.4,14.6,10,3
family_001695,2026-W33,True,True,9207,34628,3.8,3.8,98,2
family_001695,2026-W34,True,False,0,24178,3.2,7.0,48,4
family_001695,2026-W35,True,True,5169,18628,4.6,11.6,66,3
family_001695,2026-W36,True,True,10000,23554,4.8,16.4,80,3
family_001696,2026-W33,True,False,0,21749,2.6,2.6,47,3
family_001696,2026-W34,True,False,0,9894,1.8,4.4,23,2
family_001696,2026-W35,True,True,15473,32159,5.0,9.4,105,3
family_001696,2026-W36,True,True,13164,20703,5.0,14.4,82,3
family_001699,2026-W33,True,False,0,16479,1.8,1.8,36,2
family_001699,2026-W34,True,True,4581,25992,4.8,6.6,84,3
family_001699,2026-W35,True,True,11276,35392,4.4,11.0,111,2
family_001699,2026-W36,True,True,21900,45877,4.6,15.6,144,2
family_001700,2026-W33,True,True,1729,4026,3.6,3.6,33,2
family_001700,2026-W34,True,True,10191,30485,5.0,8.6,93,4
family_001700,2026-W35,True,True,7578,13686,4.4,13.0,52,3
family_001700,2026-W36,True,True,9059,16627,3.8,16.8,62,2
family_001703,2026-W33,True,False,0,17052,2.4,2.4,34,3
family_001703,2026-W34,True,False,0,11320,1.2,3.6,30,1
family_001703,2026-W35,True,False,1129,11278,1.8,5.4,26,2
family_001703,2026-W36,True,True,3150,16001,4.6,10.0,61,3
family_001709,2026-W33,True,True,3218,7510,4.4,4.4,40,3
family_001709,2026-W34,True,True,3252,7857,4.4,8.8,40,3
family_001709,2026-W35,True,True,5591,11963,4.6,13.4,52,3
family_001709,2026-W36,True,True,2417,4867,3.6,17.0,34,2
family_001722,2026-W33,True,True,7946,13983,3.6,3.6,52,2
family_001722,2026-W34,True,False,1529,4805,1.6,5.2,9,2
family_001722,2026-W35,True,False,549,6809,1.6,6.8,13,2
family_001722,2026-W36,True,False,0,3385,1.6,8.4,6,2
family_001725,2026-W33,True,False,0,8605,1.6,1.6,17,2
family_001725,2026-W34,True,False,0,10117,1.8,3.4,24,2
family_001725,2026-W35,True,True,1906,9840,3.6,7.0,44,2
family_001725,2026-W36,True,False,738,3366,1.6,8.6,6,2
family_001730,2026-W33,True,True,6883,10094,3.8,3.8,49,2
family_001730,2026-W34,True,False,1734,6930,1.6,5.4,13,2
family_001730,2026-W35,True,False,0,7436,1.6,7.0,14,2
family_001730,2026-W36,True,False,807,807,0.8,7.8,1,1
family_001731,2026-W33,True,True,8548,26877,4.8,4.8,86,3
family_001731,2026-W34,True,True,8257,50421,5.0,9.8,141,3
family_001731,2026-W35,True,True,7241,31782,5.0,14.8,100,3
family_001731,2026-W36,True,True,16623,40334,5.0,19.8,121,3
family_001732,2026-W33,True,False,0,17022,1.6,1.6,34,2
family_001732,2026-W34,True,True,23434,32690,4.4,6.0,106,2
family_001732,2026-W35,True,False,0,18437,2.0,8.0,44,2
family_001732,2026-W36,True,True,8841,18725,3.8,11.8,66,2
family_001749,2026-W33,True,True,2755,15360,3.8,3.8,59,2
family_001749,2026-W34,True,False,0,11148,1.8,5.6,26,2
family_001749,2026-W35,True,False,0,2669,1.6,7.2,5,2
family_001749,2026-W36,True,False,0,13906,1.6,8.8,27,2
family_001750,2026-W33,True,True,1085,7791,3.8,3.8,44,2
family_001750,2026-W34,True,True,1861,7116,2.8,6.6,39,1
family_001750,2026-W35,True,False,0,4990,0.8,7.4,9,1
family_001750,2026-W36,True,True,3716,5064,3.6,11.0,35,2
family_001754,2026-W33,True,True,2388,9155,2.8,2.8,43,1
family_001754,2026-W34,True,True,4522,8869,3.6,6.4,42,2
family_001754,2026-W35,True,True,5298,9700,3.8,10.2,48,2
family_001754,2026-W36,True,True,3039,3613,3.6,13.8,32,2
family_001759,2026-W33,True,True,3189,13203,3.6,3.6,51,2
family_001759,2026-W34,True,True,3810,7610,4.6,8.2,44,3
family_001759,2026-W35,True,False,0,3480,1.6,9.8,6,2
family_001759,2026-W36,True,False,0,9658,2.6,12.4,23,3
family_001761,2026-W33,True,False,0,7080,1.6,1.6,14,2
family_001761,2026-W34,True,False,0,5176,2.4,4.0,10,3
family_001761,2026-W35,True,True,1369,7150,3.8,7.8,43,2
family_001761,2026-W36,True,False,775,3511,1.6,9.4,7,2
family_001763,2026-W33,True,False,1499,5865,1.6,1.6,11,2
family_001763,2026-W34,True,True,4301,6034,3.6,5.2,37,2
family_001763,2026-W35,True,True,5129,12336,3.8,9.0,53,2
family_001763,2026-W36,True,False,2654,3118,1.6,10.6,6,2
family_001765,2026-W33,True,True,6066,17968,3.0,3.0,64,1
family_001765,2026-W34,True,True,3923,13557,4.4,7.4,52,3
family_001765,2026-W35,True,False,0,5983,2.4,9.8,11,3
family_001765,2026-W36,True,True,6946,12674,3.6,13.4,50,2
family_001776,2026-W33,True,False,0,8291,1.6,1.6,16,2
family_001776,2026-W34,True,False,0,3749,2.4,4.0,7,3
family_001776,2026-W35,True,True,7292,18540,4.6,8.6,66,3
family_001776,2026-W36,True,False,0,9002,2.4,11.0,18,3
family_001777,2026-W33,True,False,0,3995,1.0,1.0,11,1
family_001777,2026-W34,True,True,2404,3018,2.8,3.8,31,1
family_001777,2026-W35,True,False,0,4265,0.8,4.6,8,1
family_001777,2026-W36,True,False,0,0,0.0,4.6,0,0
family_001778,2026-W33,True,True,6320,11029,3.8,3.8,51,2
family_001778,2026-W34,True,False,0,9805,1.6,5.4,19,2
family_001778,2026-W35,True,False,0,3309,1.6,7.0,6,2
family_001778,2026-W36,True,False,0,5483,0.8,7.8,10,1
family_001779,2026-W33,True,True,5889,8498,3.8,3.8,45,2
family_001779,2026-W34,True,False,0,2679,1.6,5.4,5,2
family_001779,2026-W35,True,True,3021,15553,4.6,10.0,60,3
family_001779,2026-W36,True,True,2375,3810,4.4,14.4,32,3
family_001780,2026-W33,True,True,1986,5178,3.6,3.6,35,2
family_001780,2026-W34,True,True,3385,13264,4.8,8.4,59,3
family_001780,2026-W35,True,True,3076,3076,3.6,12.0,31,2
family_001780,2026-W36,True,True,3035,8938,2.8,14.8,42,1
family_001784,2026-W33,True,True,6310,15899,4.0,4.0,64,2
family_001784,2026-W34,True,False,0,10709,1.6,5.6,21,2
family_001784,2026-W35,True,True,5104,8725,3.2,8.8,50,1
family_001784,2026-W36,True,False,0,15688,1.8,10.6,35,2
family_001785,2026-W33,True,True,2149,4981,3.6,3.6,34,2
family_001785,2026-W34,True,True,6537,7385,3.8,7.4,43,2
family_001785,2026-W35,True,False,0,674,0.8,8.2,1,1
family_001785,2026-W36,True,True,10554,11742,3.0,11.2,52,1
family_001786,2026-W33,True,True,5450,9982,3.6,3.6,44,2
family_001786,2026-W34,True,True,2785,4589,3.6,7.2,34,2
family_001786,2026-W35,True,False,1175,6372,2.4,9.6,12,3
family_001786,2026-W36,True,True,2039,5093,3.8,13.4,39,2
family_001790,2026-W33,True,False,0,7599,3.2,3.2,15,4
family_001790,2026-W34,True,True,2975,14475,3.8,7.0,57,2
family_001790,2026-W35,True,False,396,1500,2.4,9.4,3,3
family_001790,2026-W36,True,True,4411,12678,3.8,13.2,54,2
family_001791,2026-W33,True,True,6138,9947,4.6,4.6,48,3
family_001791,2026-W34,True,True,4764,7560,4.4,9.0,40,3
family_001791,2026-W35,True,True,5002,6960,4.4,13.4,38,3
family_001791,2026-W36,True,True,4999,10136,4.4,17.8,45,3
family_001793,2026-W33,True,True,9310,14861,5.0,5.0,58,4
family_001793,2026-W34,True,False,0,2090,1.6,6.6,4,2
family_001793,2026-W35,True,True,5777,15718,4.8,11.4,64,3
family_001793,2026-W36,True,False,0,2351,0.8,12.2,4,1
family_001797,2026-W33,True,True,13225,27928,4.2,4.2,92,2
family_001797,2026-W34,True,True,11025,18058,3.8,8.0,65,2
family_001797,2026-W35,True,True,3940,13255,3.8,11.8,55,2
family_001797,2026-W36,True,False,0,11134,1.6,13.4,22,2
family_001798,2026-W33,True,True,9688,17598,5.0,5.0,72,3
family_001798,2026-W34,True,True,5784,28087,5.0,10.0,101,3
family_001798,2026-W35,True,True,10248,24756,4.2,14.2,86,2
family_001798,2026-W36,True,False,0,10117,1.6,15.8,20,2
family_001803,2026-W33,True,True,1562,8591,4.0,4.0,50,2
family_001803,2026-W34,True,False,0,4159,1.6,5.6,8,2
family_001803,2026-W35,True,False,0,6779,2.6,8.2,17,3
family_001803,2026-W36,True,True,2367,8524,3.8,12.0,46,2
family_001808,2026-W33,True,False,0,10794,1.6,1.6,21,2
family_001808,2026-W34,True,True,9257,16508,4.2,5.8,70,2
family_001808,2026-W35,True,False,0,5273,0.8,6.6,10,1
family_001808,2026-W36,True,True,8901,18091,3.4,10.0,73,1
family_001815,2026-W33,True,True,2950,9799,3.8,3.8,48,2
family_001815,2026-W34,True,False,0,16748,1.8,5.6,37,2
family_001815,2026-W35,True,True,7101,12749,3.8,9.4,54,2
family_001815,2026-W36,True,False,0,14494,1.8,11.2,32,2
family_001821,2026-W33,True,False,3282,6805,1.6,1.6,13,2
family_001821,2026-W34,True,True,5839,9810,4.4,6.0,44,3
family_001821,2026-W35,True,True,10972,10972,4.4,10.4,46,3
family_001821,2026-W36,True,True,7054,8776,3.6,14.0,42,2
family_001824,2026-W33,True,False,0,4449,1.6,1.6,8,2
family_001824,2026-W34,True,False,1480,5118,1.0,2.6,14,1
family_001824,2026-W35,True,True,3057,13993,4.0,6.6,60,2
family_001824,2026-W36,True,True,11394,23890,4.0,10.6,80,2
family_001827,2026-W33,True,False,0,5492,0.8,0.8,10,1
family_001827,2026-W34,True,False,0,13260,1.2,2.0,34,1
family_001827,2026-W35,True,True,5027,8031,3.8,5.8,45,2
family_001827,2026-W36,True,False,0,8431,1.0,6.8,20,1
family_001828,2026-W33,True,False,0,2094,0.8,0.8,4,1
family_001828,2026-W34,True,False,0,2506,1.6,2.4,5,2
family_001828,2026-W35,True,False,0,3996,2.4,4.8,7,3
family_001828,2026-W36,True,False,0,3067,1.6,6.4,6,2
family_001829,2026-W33,True,True,6232,10260,3.8,3.8,49,2
family_001829,2026-W34,True,True,3237,4343,3.6,7.4,33,2
family_001829,2026-W35,True,False,0,0,1.6,9.0,0,2
family_001829,2026-W36,True,False,709,4012,1.6,10.6,8,2
family_001833,2026-W33,True,True,7085,21350,4.0,4.0,75,2
family_001833,2026-W34,True,False,0,12211,2.0,6.0,32,2
family_001833,2026-W35,True,False,2363,10360,2.0,8.0,28,2
family_001833,2026-W36,True,True,2833,13227,4.0,12.0,59,2
family_001834,2026-W33,True,True,4854,5071,4.6,4.6,39,3
family_001834,2026-W34,True,True,9201,9201,3.8,8.4,47,2
family_001834,2026-W35,True,True,3115,8947,4.6,13.0,46,3
family_001834,2026-W36,True,True,8251,8943,4.4,17.4,42,3
family_001847,2026-W33,True,False,1185,9113,2.4,2.4,18,3
family_001847,2026-W34,True,True,2343,4316,2.8,5.2,33,1
family_001847,2026-W35,True,True,3256,9558,4.8,10.0,52,3
family_001847,2026-W36,True,False,0,3336,2.6,12.6,10,3
family_001849,2026-W33,True,False,1739,1739,0.8,0.8,3,1
family_001849,2026-W34,True,True,7142,8723,2.8,3.6,42,1
family_001849,2026-W35,True,True,3413,5620,3.6,7.2,36,2
family_001849,2026-W36,True,True,3470,3470,3.6,10.8,31,2
family_001853,2026-W33,True,True,3994,4954,3.6,3.6,34,2
family_001853,2026-W34,True,False,459,10753,2.0,5.6,29,2
family_001853,2026-W35,True,True,2320,7209,3.6,9.2,39,2
family_001853,2026-W36,True,True,2221,7045,3.6,12.8,39,2
family_001860,2026-W33,True,True,6341,8873,3.6,3.6,42,2
family_001860,2026-W34,True,False,723,2709,1.6,5.2,5,2
family_001860,2026-W35,True,True,5761,9138,3.6,8.8,43,2
family_001860,2026-W36,True,False,0,3925,1.6,10.4,7,2
family_001866,2026-W33,True,False,0,10449,1.8,1.8,24,2
family_001866,2026-W34,True,False,0,11465,1.2,3.0,30,1
family_001866,2026-W35,True,False,0,11751,1.6,4.6,23,2
family_001866,2026-W36,True,False,0,8213,2.0,6.6,24,2
family_001871,2026-W33,True,True,5955,17492,4.4,4.4,59,3
family_001871,2026-W34,True,True,2084,8944,4.6,9.0,46,3
family_001871,2026-W35,True,True,1659,6923,4.4,13.4,38,3
family_001871,2026-W36,True,False,880,3245,1.6,15.0,6,2
family_001877,2026-W33,True,True,4254,16393,3.4,3.4,69,1
family_001877,2026-W34,True,False,0,18971,2.0,5.4,45,2
family_001877,2026-W35,True,True,13425,39807,5.0,10.4,128,3
family_001877,2026-W36,True,False,2284,36747,3.4,13.8,93,3
family_001878,2026-W33,True,True,7814,18441,4.4,4.4,61,3
family_001878,2026-W34,True,False,1058,8313,2.4,6.8,16,3
family_001878,2026-W35,True,True,1456,7748,4.4,11.2,40,3
family_001878,2026-W36,True,False,0,9162,1.6,12.8,18,2
family_001879,2026-W33,True,False,0,6053,1.6,1.6,12,2
family_001879,2026-W34,True,True,6580,7995,3.8,5.4,44,2
family_001879,2026-W35,True,False,559,5329,1.8,7.2,14,2
family_001879,2026-W36,True,True,1106,7125,3.8,11.0,43,2
family_001888,2026-W33,True,False,1197,7024,1.6,1.6,14,2
family_001888,2026-W34,True,True,4109,12610,4.0,5.6,58,2
family_001888,2026-W35,True,True,2362,16696,4.6,10.2,62,3
family_001888,2026-W36,True,True,11458,20618,3.6,13.8,66,2
family_001893,2026-W33,True,True,9355,30736,5.0,5.0,102,3
family_001893,2026-W34,True,False,1975,13589,2.6,7.6,31,3
family_001893,2026-W35,True,True,2720,9475,3.0,10.6,47,1
family_001893,2026-W36,True,False,1282,10307,1.6,12.2,36,1
family_001894,2026-W33,True,True,7417,15705,2.8,2.8,56,1
family_001894,2026-W34,True,True,3180,11618,3.6,6.4,48,2
family_001894,2026-W35,True,True,3222,7469,3.8,10.2,43,2
family_001894,2026-W36,True,False,0,11400,1.8,12.0,26,2
family_001901,2026-W33,True,True,9083,14016,3.2,3.2,61,1
family_001901,2026-W34,True,False,1803,9223,2.0,5.2,26,2
family_001901,2026-W35,True,False,3130,18964,2.0,7.2,45,2
family_001901,2026-W36,True,True,5040,16079,4.2,11.4,69,2
family_001902,2026-W33,True,False,0,9458,1.6,1.6,18,2
family_001902,2026-W34,True,False,0,18026,3.4,5.0,40,4
family_001902,2026-W35,True,True,3394,6697,3.8,8.8,42,2
family_001902,2026-W36,True,False,0,1850,1.6,10.4,3,2
family_001912,2026-W33,True,True,8455,16657,4.0,4.0,66,2
family_001912,2026-W34,True,True,8659,10655,4.2,8.2,58,2
family_001912,2026-W35,True,False,0,8932,1.6,9.8,17,2
family_001912,2026-W36,True,False,2163,10525,1.8,11.6,25,2
family_001924,2026-W33,True,False,0,1489,1.6,1.6,2,2
family_001924,2026-W34,True,True,1811,7069,3.8,5.4,43,2
family_001924,2026-W35,True,False,0,4453,1.6,7.0,8,2
family_001924,2026-W36,True,True,2762,6741,3.8,10.8,42,2
family_001925,2026-W33,True,False,0,15341,2.6,2.6,34,3
family_001925,2026-W34,True,True,1661,12933,3.6,6.2,50,2
family_001925,2026-W35,True,True,2629,11764,4.0,10.2,56,2
family_001925,2026-W36,True,True,13019,15890,4.6,14.8,60,3
family_001927,2026-W33,True,True,4628,19556,3.8,3.8,68,2
family_001927,2026-W34,True,True,5074,20191,3.8,7.6,69,2
family_001927,2026-W35,True,True,2001,18435,4.6,12.2,65,3
family_001927,2026-W36,True,True,10519,30402,5.0,17.2,113,3
family_001931,2026-W33,True,True,2708,13532,3.8,3.8,56,2
family_001931,2026-W34,True,True,3555,6893,3.6,7.4,38,2
family_001931,2026-W35,True,True,1863,4172,3.6,11.0,33,2
family_001931,2026-W36,True,False,0,10644,2.8,13.8,29,3
family_001932,2026-W33,True,True,20013,32196,5.0,5.0,105,3
family_001932,2026-W34,True,False,0,25642,2.6,7.6,55,3
family_001932,2026-W35,True,True,15539,41952,5.0,12.6,128,3
family_001932,2026-W36,True,False,2735,16624,2.6,15.2,37,3
family_001936,2026-W33,True,False,897,4806,1.6,1.6,9,2
family_001936,2026-W34,True,True,3104,7140,3.6,5.2,39,2
family_001936,2026-W35,True,True,1796,2972,3.6,8.8,30,2
family_001936,2026-W36,True,True,8266,11053,3.8,12.6,51,2
family_001948,2026-W33,True,True,4248,6154,4.4,4.4,37,3
family_001948,2026-W34,True,True,2026,5539,3.8,8.2,40,2
family_001948,2026-W35,True,False,1636,5213,1.6,9.8,10,2
family_001948,2026-W36,True,False,0,3041,0.8,10.6,6,1
family_001953,2026-W33,True,True,4600,6267,3.6,3.6,37,2
family_001953,2026-W34,True,True,5332,13585,3.6,7.2,52,2
family_001953,2026-W35,True,True,10779,21597,5.0,12.2,76,4
family_001953,2026-W36,True,True,4924,8521,4.4,16.6,42,3
family_001956,2026-W33,True,True,9030,10622,4.6,4.6,50,3
family_001956,2026-W34,True,True,5134,14891,3.8,8.4,58,2
family_001956,2026-W35,True,True,2298,11787,3.6,12.0,48,2
family_001956,2026-W36,True,True,12951,27085,4.4,16.4,79,3
family_001960,2026-W33,True,True,12876,24728,5.0,5.0,94,3
family_001960,2026-W34,True,False,0,12142,2.6,7.6,28,3
family_001960,2026-W35,True,True,3158,19368,3.8,11.4,67,2
family_001960,2026-W36,True,True,3639,11932,4.8,16.2,56,3
family_001966,2026-W33,True,True,7399,10663,2.8,2.8,46,1
family_001966,2026-W34,True,False,1906,1906,0.8,3.6,3,1
family_001966,2026-W35,True,False,2214,9987,1.8,5.4,23,2
family_001966,2026-W36,True,True,3610,5865,3.6,9.0,36,2
family_001969,2026-W33,True,True,3875,12477,4.0,4.0,57,2
family_001969,2026-W34,True,True,5499,15347,4.2,8.2,67,2
family_001969,2026-W35,True,True,4734,14043,3.8,12.0,57,2
family_001969,2026-W36,True,True,5185,9423,3.2,15.2,51,1
family_001970,2026-W33,True,False,2116,11741,1.8,1.8,27,2
family_001970,2026-W34,True,True,9578,13626,5.0,6.8,68,3
family_001970,2026-W35,True,True,8118,16167,5.0,11.8,73,3
family_001970,2026-W36,True,True,6335,15694,4.0,15.8,64,2
family_001972,2026-W33,True,True,1985,6684,2.8,2.8,38,1
family_001972,2026-W34,True,True,6073,9745,4.0,6.8,52,2
family_001972,2026-W35,True,False,1135,1135,0.8,7.6,2,1
family_001972,2026-W36,True,True,1261,3193,3.6,11.2,31,2
family_001974,2026-W33,True,True,2365,6550,3.6,3.6,38,2
family_001974,2026-W34,True,False,0,10716,1.8,5.4,25,2
family_001974,2026-W35,True,True,2050,4303,3.6,9.0,33,2
family_001974,2026-W36,True,True,4283,7151,3.0,12.0,43,1
family_001989,2026-W33,True,True,2983,16629,3.8,3.8,62,2
family_001989,2026-W34,True,True,2839,7393,3.8,7.6,43,2
family_001989,2026-W35,True,False,1531,5279,2.4,10.0,10,3
family_001989,2026-W36,True,True,2531,8593,3.6,13.6,42,2
family_001991,2026-W33,True,True,9648,10410,3.6,3.6,45,2
family_001991,2026-W34,True,True,5276,8812,4.4,8.0,42,3
family_001991,2026-W35,True,True,7455,12639,3.6,11.6,50,2
family_001991,2026-W36,True,False,2349,2349,2.4,14.0,4,3
family_001992,2026-W33,True,True,3262,9265,3.6,3.6,43,2
family_001992,2026-W34,True,True,2572,14370,4.6,8.2,57,3
family_001992,2026-W35,True,False,1818,21630,1.0,9.2,47,1
family_001992,2026-W36,True,False,575,1495,0.8,10.0,2,1
family_001995,2026-W33,True,True,13521,32176,4.6,4.6,109,2
family_001995,2026-W34,True,False,1746,23602,3.0,7.6,59,3
family_001995,2026-W35,True,True,7862,13076,4.0,11.6,59,2
family_001995,2026-W36,True,True,27504,55412,4.6,16.2,159,2
family_dima,2026-W33,True,False,0,16756,2.0,2.0,41,2
family_dima,2026-W34,True,True,5313,23219,4.2,6.2,83,2
family_dima,2026-W35,True,True,3859,20057,4.0,10.2,73,2
family_dima,2026-W36,True,False,0,23672,2.0,12.2,55,2
family_ivanovy,2026-W33,True,True,1667,4713,3.6,3.6,34,2
family_ivanovy,2026-W34,True,True,1613,8628,3.8,7.4,46,2
family_ivanovy,2026-W35,True,True,3263,9122,3.0,10.4,47,1
family_ivanovy,2026-W36,True,False,0,1995,1.6,12.0,3,2
