user_id,family_id,network_home,x5_segment,is_app_user,behavior_type,child_stage,city_bucket,base_freq_per_week,avg_check_rub,promo_share,markdown_share,top_categories
u_ivanovy,family_ivanovy,ТС5,дети до 3,true,хозяин,6-9,7,2.4,676.8,0.3,0.05,подгузники;детская гигиена;молочка;фрукты;хлеб
u_dima,family_dima,ТСЧ,дети до 3,true,охотник,2-3,12,2.1,853.2,0.5,0.25,молочка;хлеб;фрукты;подгузники;готовая еда
u_000002,family_000002,ТС5,молодёжь,true,хозяин,none,8,0.64,564.0,0.3,0.05,готовая еда;молочка;фрукты;напитки;снеки
u_000003,family_000003,ТС5,молодёжь,true,хозяин,none,20,0.53,564.0,0.3,0.05,снеки;молочка;выпечка;готовая еда;фрукты
u_000004,family_000004,ТС5,зрелые,true,хозяин,none,6,1.7,564.0,0.3,0.05,овощи;гигиена;хлеб;мясо;фрукты
u_000005,family_000005,ТС5,вредные привычки,true,хозяин,none,12,1.4,564.0,0.3,0.05,гигиена;молочка;фрукты;крупы;хлеб
u_000006,family_000006,ТС5,молодёжь,true,охотник,none,12,1.08,564.0,0.5,0.25,фрукты;готовая еда;молочка;напитки;выпечка
u_000007,family_000007,ТСХ,старшие,true,охотник,none,4,2.76,878.0,0.5,0.25,хлеб;овощи;крупы;рыба;творог
u_000008,family_000008,ТС5,молодёжь,true,категорийный,none,3,1.11,564.0,0.3,0.05,снеки;молочка;фрукты;готовая еда;выпечка
u_000009,family_000009,ТС5,старшие,true,охотник,none,18,2.44,564.0,0.5,0.25,овощи;молочка;крупы;творог;хлеб
u_000010,family_000010,ТС5,молодёжь,true,категорийный,none,19,1.38,564.0,0.3,0.05,напитки;снеки;выпечка;молочка;фрукты
u_000011,family_000011,ТС5,молодёжь,true,охотник,none,18,0.76,564.0,0.5,0.25,молочка;выпечка;фрукты;снеки;готовая еда
u_000012,family_000012,ТСЧ,молодёжь,true,хозяин,none,2,1.36,711.0,0.3,0.05,снеки;фрукты;выпечка;напитки;готовая еда
u_000013,family_000013,ТС5,дети до 3,true,хозяин,9-12,18,2.79,676.8,0.3,0.05,подгузники;хлеб;молочка;детские каши;детская гигиена
u_000014,family_000014,ТС5,дети до 3,true,хозяин,9-12,17,2.64,676.8,0.3,0.05,фрукты;подгузники;молочка;детские каши;хлеб
u_000015,family_000015,ТС5,зрелые,true,хозяин,none,17,1.92,564.0,0.3,0.05,мясо;овощи;фрукты;молочка;гигиена
u_000016,family_000016,ТСЧ,старшие,true,охотник,none,10,2.48,711.0,0.5,0.25,крупы;творог;молочка;хлеб;рыба
u_000017,family_000017,ТСЧ,старшие,true,хозяин,none,5,2.26,711.0,0.3,0.05,хлеб;творог;крупы;рыба;овощи
u_000018,family_000018,ТСЧ,старшие,true,охотник,none,7,3.43,711.0,0.5,0.25,хлеб;овощи;рыба;творог;крупы
u_000019,family_000019,ТС5,молодёжь,true,хозяин,none,19,1.05,564.0,0.3,0.05,молочка;снеки;готовая еда;выпечка;напитки
u_000020,family_000020,ТС5,старшие,true,охотник,none,3,3.03,564.0,0.5,0.25,овощи;хлеб;крупы;рыба;молочка
u_000021,family_000021,ТСХ,зрелые,true,хозяин,none,8,1.78,878.0,0.3,0.05,гигиена;фрукты;хлеб;молочка;крупы
u_000022,family_000022,ТС5,молодёжь,true,хозяин,none,2,1.17,564.0,0.3,0.05,фрукты;готовая еда;молочка;снеки;напитки
u_000023,family_000023,ТСЧ,молодёжь,true,хозяин,none,18,0.95,711.0,0.3,0.05,выпечка;снеки;напитки;молочка;готовая еда
u_000024,family_000024,ТСЧ,молодёжь,true,охотник,none,18,0.6,711.0,0.5,0.25,фрукты;молочка;готовая еда;выпечка;напитки
u_000025,family_000025,ТС5,дети до 3,true,хозяин,1-2,2,1.75,676.8,0.3,0.05,подгузники;детские каши;молочка;детская гигиена;фрукты
u_000026,family_000026,ТС5,старшие,true,категорийный,none,18,3.32,564.0,0.3,0.05,хлеб;крупы;творог;рыба;молочка
u_000027,family_000027,ТСЧ,дети до 3,true,охотник,9-12,2,1.58,853.2,0.5,0.25,детские каши;фрукты;детская гигиена;подгузники;молочка
u_000028,family_000028,ТСЧ,молодёжь,true,хозяин,none,8,0.9,711.0,0.3,0.05,молочка;снеки;готовая еда;напитки;выпечка
u_000029,family_000029,ТС5,дети до 3,true,охотник,9-12,7,2.5,676.8,0.5,0.25,молочка;детская гигиена;хлеб;фрукты;подгузники
u_000030,family_000030,ТС5,молодёжь,true,хозяин,none,3,0.51,564.0,0.3,0.05,молочка;фрукты;готовая еда;выпечка;напитки
u_000031,family_000031,ТС5,молодёжь,true,хозяин,none,3,1.38,564.0,0.3,0.05,напитки;фрукты;снеки;выпечка;молочка
u_000032,family_000032,ТС5,старшие,true,охотник,none,1,3.34,564.0,0.5,0.25,творог;овощи;молочка;хлеб;крупы
u_000033,family_000033,ТС5,молодёжь,true,хозяин,none,9,0.78,564.0,0.3,0.05,снеки;напитки;фрукты;молочка;выпечка
u_000034,family_000034,ТС5,молодёжь,true,категорийный,none,2,0.59,564.0,0.3,0.05,выпечка;напитки;готовая еда;фрукты;снеки
u_000035,family_000035,ТСХ,зрелые,true,хозяин,none,15,1.55,878.0,0.3,0.05,фрукты;мясо;молочка;крупы;гигиена
u_000036,family_000036,ТСЧ,зрелые,true,хозяин,none,2,1.83,711.0,0.3,0.05,мясо;гигиена;хлеб;фрукты;молочка
u_000037,family_000037,ТС5,молодёжь,true,категорийный,none,2,1.4,564.0,0.3,0.05,снеки;фрукты;готовая еда;молочка;напитки
u_000038,family_000038,ТСЧ,зрелые,true,категорийный,none,8,1.86,711.0,0.3,0.05,гигиена;хлеб;фрукты;молочка;мясо
u_000039,family_000039,ТСХ,вредные привычки,true,категорийный,none,8,1.07,878.0,0.3,0.05,гигиена;крупы;молочка;фрукты;мясо
u_000040,family_000040,ТСЧ,молодёжь,true,охотник,none,15,0.85,711.0,0.5,0.25,снеки;фрукты;готовая еда;напитки;выпечка
u_000041,family_000041,ТС5,молодёжь,true,хозяин,none,9,0.85,564.0,0.3,0.05,молочка;выпечка;напитки;готовая еда;фрукты
u_000042,family_000042,ТСЧ,молодёжь,true,хозяин,none,9,0.54,711.0,0.3,0.05,молочка;выпечка;напитки;фрукты;снеки
u_000043,family_000043,ТС5,старшие,true,хозяин,none,19,2.38,564.0,0.3,0.05,молочка;хлеб;рыба;овощи;творог
u_000044,family_000044,ТС5,молодёжь,true,охотник,none,11,1.12,564.0,0.5,0.25,фрукты;готовая еда;напитки;выпечка;снеки
u_000045,family_000045,ТС5,молодёжь,true,охотник,none,18,0.63,564.0,0.5,0.25,выпечка;фрукты;снеки;напитки;молочка
u_000046,family_000046,ТС5,зрелые,true,хозяин,none,7,1.43,564.0,0.3,0.05,мясо;гигиена;овощи;фрукты;хлеб
u_000047,family_000047,ТС5,молодёжь,true,хозяин,none,6,1.16,564.0,0.3,0.05,напитки;молочка;фрукты;готовая еда;выпечка
u_000048,family_000048,ТС5,молодёжь,true,хозяин,none,1,0.55,564.0,0.3,0.05,выпечка;молочка;готовая еда;снеки;напитки
u_000049,family_000049,ТСЧ,дети до 3,true,охотник,1-2,16,2.1,853.2,0.5,0.25,детская гигиена;подгузники;фрукты;хлеб;детские каши
u_000050,family_000050,ТС5,старшие,true,хозяин,none,2,3.11,564.0,0.3,0.05,молочка;хлеб;крупы;творог;овощи
u_000051,family_000051,ТСЧ,старшие,true,охотник,none,17,2.85,711.0,0.5,0.25,творог;хлеб;крупы;овощи;рыба
u_000052,family_000052,ТС5,зрелые,true,охотник,none,9,1.77,564.0,0.5,0.25,мясо;фрукты;хлеб;овощи;гигиена
u_000053,family_000053,ТС5,молодёжь,true,хозяин,none,11,1.39,564.0,0.3,0.05,готовая еда;снеки;молочка;фрукты;выпечка
u_000054,family_000054,ТС5,зрелые,true,хозяин,none,14,1.33,564.0,0.3,0.05,фрукты;гигиена;молочка;хлеб;крупы
u_000055,family_000055,ТС5,зрелые,true,категорийный,none,1,1.86,564.0,0.3,0.05,гигиена;мясо;фрукты;крупы;молочка
u_000056,family_000056,ТСЧ,вредные привычки,true,хозяин,none,14,1.34,711.0,0.3,0.05,крупы;мясо;гигиена;хлеб;фрукты
u_000057,family_000057,ТС5,дети до 3,true,хозяин,9-12,13,2.59,676.8,0.3,0.05,детские каши;детская гигиена;подгузники;фрукты;хлеб
u_000058,family_000058,ТС5,дети до 3,true,категорийный,6-9,2,1.89,676.8,0.3,0.05,молочка;детская гигиена;детские каши;фрукты;хлеб
u_000059,family_000059,ТСХ,дети до 3,true,охотник,1-2,9,2.75,1053.6,0.5,0.25,детские каши;подгузники;фрукты;детская гигиена;хлеб
u_000060,family_000060,ТС5,зрелые,true,охотник,none,1,1.95,564.0,0.5,0.25,хлеб;молочка;мясо;гигиена;крупы
u_000061,family_000061,ТС5,дети до 3,true,охотник,6-9,15,2.55,676.8,0.5,0.25,молочка;детская гигиена;подгузники;детские каши;фрукты
u_000062,family_000062,ТС5,молодёжь,true,хозяин,none,13,0.9,564.0,0.3,0.05,фрукты;снеки;готовая еда;напитки;выпечка
u_000063,family_000063,ТС5,зрелые,true,охотник,none,20,1.81,564.0,0.5,0.25,гигиена;мясо;молочка;овощи;фрукты
u_000064,family_000064,ТС5,вредные привычки,true,хозяин,none,11,0.81,564.0,0.3,0.05,фрукты;гигиена;молочка;крупы;хлеб
u_000065,family_000065,ТС5,зрелые,true,охотник,none,14,1.18,564.0,0.5,0.25,мясо;крупы;овощи;фрукты;хлеб
u_000066,family_000066,ТС5,зрелые,true,хозяин,none,8,1.83,564.0,0.3,0.05,молочка;овощи;фрукты;хлеб;мясо
u_000067,family_000067,ТС5,дети до 3,true,хозяин,1-2,11,1.77,676.8,0.3,0.05,детская гигиена;молочка;фрукты;хлеб;детские каши
u_000068,family_000068,ТСЧ,зрелые,true,хозяин,none,1,1.52,711.0,0.3,0.05,хлеб;молочка;гигиена;фрукты;мясо
u_000069,family_000069,ТС5,молодёжь,true,хозяин,none,16,0.95,564.0,0.3,0.05,готовая еда;фрукты;напитки;молочка;снеки
u_000070,family_000070,ТС5,молодёжь,true,хозяин,none,16,1.05,564.0,0.3,0.05,напитки;выпечка;фрукты;снеки;молочка
u_000071,family_000071,ТС5,молодёжь,true,хозяин,none,7,0.82,564.0,0.3,0.05,фрукты;молочка;снеки;готовая еда;напитки
u_000072,family_000072,ТСХ,молодёжь,true,хозяин,none,17,1.1,878.0,0.3,0.05,готовая еда;снеки;напитки;фрукты;молочка
u_000073,family_000073,ТС5,молодёжь,true,хозяин,none,9,0.55,564.0,0.3,0.05,готовая еда;молочка;напитки;выпечка;фрукты
u_000074,family_000074,ТС5,зрелые,true,хозяин,none,1,1.57,564.0,0.3,0.05,фрукты;гигиена;крупы;овощи;молочка
u_000075,family_000075,ТСЧ,молодёжь,true,охотник,none,4,1.32,711.0,0.5,0.25,выпечка;фрукты;готовая еда;напитки;молочка
u_000076,family_000076,ТС5,зрелые,true,категорийный,none,3,1.99,564.0,0.3,0.05,молочка;мясо;фрукты;хлеб;овощи
u_000077,family_000077,ТС5,старшие,true,хозяин,none,19,3.98,564.0,0.3,0.05,овощи;творог;молочка;рыба;хлеб
u_000078,family_000078,ТСЧ,молодёжь,true,хозяин,none,3,0.66,711.0,0.3,0.05,снеки;молочка;готовая еда;выпечка;напитки
u_000079,family_000079,ТС5,зрелые,true,хозяин,none,2,1.23,564.0,0.3,0.05,крупы;овощи;фрукты;молочка;гигиена
u_000080,family_000080,ТС5,молодёжь,true,охотник,none,19,1.16,564.0,0.5,0.25,снеки;выпечка;готовая еда;напитки;молочка
u_000081,family_000081,ТС5,старшие,true,охотник,none,3,2.12,564.0,0.5,0.25,овощи;творог;рыба;крупы;молочка
u_000082,family_000082,ТС5,молодёжь,true,хозяин,none,9,1.0,564.0,0.3,0.05,выпечка;фрукты;готовая еда;напитки;молочка
u_000083,family_000083,ТСЧ,зрелые,true,охотник,none,1,1.09,711.0,0.5,0.25,крупы;мясо;гигиена;молочка;овощи
u_000084,family_000084,ТСЧ,дети до 3,true,охотник,6-9,16,2.28,853.2,0.5,0.25,детские каши;молочка;детская гигиена;фрукты;хлеб
u_000085,family_000085,ТС5,дети до 3,true,хозяин,9-12,14,2.0,676.8,0.3,0.05,хлеб;подгузники;детская гигиена;детские каши;молочка
u_000086,family_000086,ТС5,молодёжь,true,категорийный,none,18,0.54,564.0,0.3,0.05,готовая еда;напитки;молочка;снеки;фрукты
u_000087,family_000087,ТСЧ,дети до 3,true,охотник,0-6,18,2.19,853.2,0.5,0.25,подгузники;детская гигиена;молочка;детские каши;фрукты
u_000088,family_000088,ТС5,зрелые,true,хозяин,none,18,1.13,564.0,0.3,0.05,овощи;фрукты;крупы;молочка;мясо
u_000089,family_000089,ТСЧ,зрелые,true,хозяин,none,6,1.31,711.0,0.3,0.05,молочка;мясо;фрукты;гигиена;крупы
u_000090,family_000090,ТСЧ,старшие,true,хозяин,none,4,3.3,711.0,0.3,0.05,крупы;хлеб;овощи;творог;рыба
u_000091,family_000091,ТС5,дети до 3,true,хозяин,1-2,18,1.72,676.8,0.3,0.05,детская гигиена;фрукты;хлеб;подгузники;детские каши
u_000092,family_000092,ТСХ,зрелые,true,хозяин,none,17,1.27,878.0,0.3,0.05,молочка;овощи;крупы;фрукты;гигиена
u_000093,family_000093,ТС5,дети до 3,true,хозяин,2-3,13,2.18,676.8,0.3,0.05,молочка;детская гигиена;фрукты;хлеб;детские каши
u_000094,family_000094,ТС5,зрелые,true,хозяин,none,16,1.71,564.0,0.3,0.05,гигиена;фрукты;крупы;хлеб;мясо
u_000095,family_000095,ТСЧ,молодёжь,true,категорийный,none,11,1.37,711.0,0.3,0.05,выпечка;готовая еда;фрукты;молочка;напитки
u_000096,family_000096,ТС5,дети до 3,true,хозяин,1-2,9,2.01,676.8,0.3,0.05,хлеб;детские каши;подгузники;детская гигиена;молочка
u_000097,family_000097,ТСЧ,зрелые,true,охотник,none,16,1.87,711.0,0.5,0.25,молочка;мясо;гигиена;хлеб;овощи
u_000098,family_000098,ТС5,молодёжь,true,хозяин,none,3,0.93,564.0,0.3,0.05,готовая еда;фрукты;выпечка;молочка;снеки
u_000099,family_000099,ТСЧ,молодёжь,true,охотник,none,10,0.86,711.0,0.5,0.25,выпечка;снеки;молочка;напитки;фрукты
u_000100,family_000100,ТС5,зрелые,true,хозяин,none,3,1.61,564.0,0.3,0.05,фрукты;мясо;хлеб;гигиена;овощи
u_000101,family_000101,ТС5,дети до 3,true,хозяин,9-12,1,2.85,676.8,0.3,0.05,детские каши;молочка;детская гигиена;подгузники;хлеб
u_000102,family_000102,ТСЧ,старшие,true,хозяин,none,14,3.38,711.0,0.3,0.05,хлеб;овощи;крупы;рыба;творог
u_000103,family_000103,ТС5,вредные привычки,true,хозяин,none,10,1.79,564.0,0.3,0.05,овощи;молочка;фрукты;гигиена;крупы
u_000104,family_000104,ТС5,зрелые,true,охотник,none,2,1.91,564.0,0.5,0.25,крупы;фрукты;овощи;хлеб;мясо
u_000105,family_000105,ТСЧ,молодёжь,true,хозяин,none,9,1.18,711.0,0.3,0.05,фрукты;снеки;готовая еда;напитки;выпечка
u_000106,family_000106,ТС5,дети до 3,true,охотник,6-9,3,2.86,676.8,0.5,0.25,молочка;детские каши;детская гигиена;подгузники;хлеб
u_000107,family_000107,ТСХ,зрелые,true,хозяин,none,17,1.91,878.0,0.3,0.05,гигиена;хлеб;овощи;фрукты;крупы
u_000108,family_000108,ТСХ,дети до 3,true,хозяин,0-6,5,2.63,1053.6,0.3,0.05,детская гигиена;детские каши;молочка;подгузники;хлеб
u_000109,family_000109,ТС5,дети до 3,true,хозяин,9-12,19,2.07,676.8,0.3,0.05,хлеб;молочка;подгузники;фрукты;детские каши
u_000110,family_000110,ТС5,дети до 3,true,категорийный,9-12,20,1.83,676.8,0.3,0.05,подгузники;детские каши;молочка;фрукты;детская гигиена
u_000111,family_000111,ТС5,молодёжь,true,хозяин,none,16,0.62,564.0,0.3,0.05,снеки;молочка;фрукты;выпечка;напитки
u_000112,family_000112,ТС5,старшие,true,охотник,none,18,2.84,564.0,0.5,0.25,рыба;крупы;хлеб;овощи;молочка
u_000113,family_000113,ТСЧ,зрелые,true,категорийный,none,9,1.03,711.0,0.3,0.05,овощи;хлеб;фрукты;мясо;молочка
u_000114,family_000114,ТСЧ,молодёжь,true,охотник,none,18,1.4,711.0,0.5,0.25,фрукты;напитки;готовая еда;снеки;молочка
u_000115,family_000115,ТС5,молодёжь,true,охотник,none,15,0.59,564.0,0.5,0.25,снеки;молочка;готовая еда;выпечка;фрукты
u_000116,family_000116,ТС5,молодёжь,true,хозяин,none,3,1.33,564.0,0.3,0.05,молочка;снеки;фрукты;готовая еда;выпечка
u_000117,family_000117,ТСХ,зрелые,true,хозяин,none,9,1.86,878.0,0.3,0.05,хлеб;гигиена;мясо;овощи;молочка
u_000118,family_000118,ТС5,зрелые,true,хозяин,none,12,1.79,564.0,0.3,0.05,хлеб;мясо;овощи;молочка;фрукты
u_000119,family_000119,ТС5,молодёжь,true,хозяин,none,4,1.25,564.0,0.3,0.05,выпечка;фрукты;напитки;молочка;готовая еда
u_000120,family_000120,ТС5,молодёжь,true,охотник,none,17,0.8,564.0,0.5,0.25,фрукты;готовая еда;молочка;снеки;напитки
u_000121,family_000121,ТС5,молодёжь,true,охотник,none,15,0.57,564.0,0.5,0.25,готовая еда;напитки;снеки;фрукты;молочка
u_000122,family_000122,ТС5,дети до 3,true,охотник,9-12,13,2.99,676.8,0.5,0.25,фрукты;молочка;детские каши;хлеб;детская гигиена
u_000123,family_000123,ТС5,зрелые,true,охотник,none,18,1.72,564.0,0.5,0.25,хлеб;фрукты;крупы;гигиена;мясо
u_000124,family_000124,ТС5,дети до 3,true,хозяин,0-6,11,2.14,676.8,0.3,0.05,хлеб;молочка;фрукты;подгузники;детская гигиена
u_000125,family_000125,ТС5,зрелые,true,хозяин,none,4,1.74,564.0,0.3,0.05,овощи;хлеб;мясо;молочка;гигиена
u_000126,family_000126,ТСЧ,дети до 3,true,охотник,1-2,12,2.81,853.2,0.5,0.25,детские каши;подгузники;молочка;хлеб;детская гигиена
u_000127,family_000127,ТС5,дети до 3,true,хозяин,1-2,8,2.77,676.8,0.3,0.05,молочка;фрукты;хлеб;подгузники;детская гигиена
u_000128,family_000128,ТС5,зрелые,true,охотник,none,20,1.61,564.0,0.5,0.25,крупы;мясо;молочка;овощи;гигиена
u_000129,family_000129,ТС5,зрелые,true,хозяин,none,11,1.35,564.0,0.3,0.05,хлеб;гигиена;мясо;фрукты;молочка
u_000130,family_000130,ТС5,дети до 3,true,хозяин,2-3,7,2.06,676.8,0.3,0.05,детские каши;молочка;детская гигиена;хлеб;фрукты
u_000131,family_000131,ТСХ,зрелые,true,хозяин,none,3,1.88,878.0,0.3,0.05,хлеб;гигиена;мясо;молочка;овощи
u_000132,family_000132,ТС5,дети до 3,true,хозяин,2-3,15,2.12,676.8,0.3,0.05,детская гигиена;фрукты;подгузники;хлеб;молочка
u_000133,family_000133,ТС5,дети до 3,true,охотник,2-3,10,1.57,676.8,0.5,0.25,детские каши;фрукты;подгузники;хлеб;молочка
u_000134,family_000134,ТС5,молодёжь,true,хозяин,none,9,0.79,564.0,0.3,0.05,готовая еда;фрукты;выпечка;напитки;снеки
u_000135,family_000135,ТС5,вредные привычки,true,охотник,none,17,1.36,564.0,0.5,0.25,крупы;овощи;молочка;фрукты;гигиена
u_000136,family_000136,ТС5,молодёжь,true,категорийный,none,11,1.08,564.0,0.3,0.05,молочка;выпечка;фрукты;снеки;готовая еда
u_000137,family_000137,ТС5,старшие,true,хозяин,none,20,2.92,564.0,0.3,0.05,рыба;овощи;молочка;крупы;хлеб
u_000138,family_000138,ТС5,дети до 3,true,охотник,1-2,10,2.62,676.8,0.5,0.25,детская гигиена;молочка;хлеб;подгузники;фрукты
u_000139,family_000139,ТС5,молодёжь,true,охотник,none,12,1.23,564.0,0.5,0.25,фрукты;снеки;молочка;готовая еда;напитки
u_000140,family_000140,ТС5,молодёжь,true,хозяин,none,3,0.68,564.0,0.3,0.05,фрукты;выпечка;молочка;напитки;снеки
u_000141,family_000141,ТС5,зрелые,true,охотник,none,20,1.32,564.0,0.5,0.25,крупы;овощи;хлеб;фрукты;молочка
u_000142,family_000142,ТС5,дети до 3,true,охотник,2-3,2,2.03,676.8,0.5,0.25,подгузники;молочка;детские каши;детская гигиена;хлеб
u_000143,family_000143,ТС5,зрелые,true,хозяин,none,3,1.62,564.0,0.3,0.05,мясо;фрукты;крупы;молочка;хлеб
u_000144,family_000144,ТСЧ,дети до 3,true,хозяин,2-3,16,2.25,853.2,0.3,0.05,подгузники;детские каши;хлеб;детская гигиена;фрукты
u_000145,family_000145,ТС5,молодёжь,true,хозяин,none,15,1.49,564.0,0.3,0.05,молочка;фрукты;снеки;выпечка;напитки
u_000146,family_000146,ТСЧ,дети до 3,true,охотник,2-3,2,2.68,853.2,0.5,0.25,хлеб;молочка;подгузники;детская гигиена;детские каши
u_000147,family_000147,ТС5,вредные привычки,true,хозяин,none,20,1.67,564.0,0.3,0.05,овощи;молочка;мясо;хлеб;фрукты
u_000148,family_000148,ТС5,дети до 3,true,охотник,6-9,20,2.56,676.8,0.5,0.25,подгузники;молочка;детские каши;фрукты;детская гигиена
u_000149,family_000149,ТСЧ,зрелые,true,охотник,none,17,1.09,711.0,0.5,0.25,крупы;фрукты;мясо;овощи;молочка
u_000150,family_000150,ТС5,молодёжь,true,хозяин,none,16,0.69,564.0,0.3,0.05,снеки;фрукты;готовая еда;молочка;выпечка
u_000151,family_000151,ТС5,дети до 3,true,охотник,2-3,2,2.49,676.8,0.5,0.25,фрукты;детская гигиена;детские каши;подгузники;молочка
u_000152,family_000152,ТС5,зрелые,true,охотник,none,6,1.72,564.0,0.5,0.25,молочка;фрукты;овощи;хлеб;крупы
u_000153,family_000153,ТС5,зрелые,true,охотник,none,8,1.53,564.0,0.5,0.25,овощи;фрукты;хлеб;гигиена;крупы
u_000154,family_000154,ТСЧ,старшие,true,хозяин,none,10,3.56,711.0,0.3,0.05,творог;рыба;хлеб;молочка;овощи
u_000155,family_000155,ТСЧ,молодёжь,true,хозяин,none,16,1.37,711.0,0.3,0.05,молочка;готовая еда;фрукты;снеки;выпечка
u_000156,family_000156,ТСХ,молодёжь,true,категорийный,none,5,1.33,878.0,0.3,0.05,готовая еда;снеки;выпечка;молочка;фрукты
u_000157,family_000157,ТС5,вредные привычки,true,хозяин,none,13,1.79,564.0,0.3,0.05,овощи;хлеб;молочка;гигиена;мясо
u_000158,family_000158,ТСЧ,зрелые,true,охотник,none,5,1.04,711.0,0.5,0.25,гигиена;фрукты;хлеб;крупы;мясо
u_000159,family_000159,ТС5,старшие,true,хозяин,none,7,3.67,564.0,0.3,0.05,творог;рыба;хлеб;молочка;крупы
u_000160,family_000160,ТС5,молодёжь,true,хозяин,none,20,0.96,564.0,0.3,0.05,готовая еда;выпечка;фрукты;напитки;молочка
u_000161,family_000161,ТСХ,молодёжь,true,хозяин,none,12,0.74,878.0,0.3,0.05,выпечка;снеки;готовая еда;напитки;молочка
u_000162,family_000162,ТС5,дети до 3,true,охотник,2-3,18,1.53,676.8,0.5,0.25,детские каши;подгузники;хлеб;детская гигиена;молочка
u_000163,family_000163,ТСХ,дети до 3,true,хозяин,6-9,4,2.66,1053.6,0.3,0.05,хлеб;молочка;детская гигиена;подгузники;детские каши
u_000164,family_000164,ТС5,зрелые,true,хозяин,none,15,1.98,564.0,0.3,0.05,фрукты;крупы;хлеб;мясо;молочка
u_000165,family_000165,ТСХ,старшие,true,хозяин,none,7,2.09,878.0,0.3,0.05,крупы;молочка;овощи;рыба;хлеб
u_000166,family_000166,ТСЧ,дети до 3,true,хозяин,6-9,10,2.04,853.2,0.3,0.05,подгузники;молочка;фрукты;хлеб;детская гигиена
u_000167,family_000167,ТС5,вредные привычки,true,хозяин,none,13,1.14,564.0,0.3,0.05,хлеб;фрукты;крупы;овощи;мясо
u_000168,family_000168,ТС5,молодёжь,true,хозяин,none,14,1.1,564.0,0.3,0.05,снеки;молочка;напитки;фрукты;готовая еда
u_000169,family_000169,ТС5,дети до 3,true,хозяин,2-3,14,1.75,676.8,0.3,0.05,детские каши;молочка;хлеб;подгузники;детская гигиена
u_000170,family_000170,ТС5,дети до 3,true,охотник,0-6,3,2.51,676.8,0.5,0.25,детские каши;молочка;детская гигиена;подгузники;фрукты
u_000171,family_000171,ТСЧ,зрелые,true,хозяин,none,5,1.07,711.0,0.3,0.05,гигиена;крупы;овощи;мясо;хлеб
u_000172,family_000172,ТСЧ,молодёжь,true,хозяин,none,15,1.45,711.0,0.3,0.05,напитки;выпечка;готовая еда;фрукты;молочка
u_000173,family_000173,ТС5,вредные привычки,true,охотник,none,8,1.76,564.0,0.5,0.25,молочка;крупы;хлеб;фрукты;овощи
u_000174,family_000174,ТС5,дети до 3,true,хозяин,9-12,15,1.82,676.8,0.3,0.05,фрукты;молочка;детские каши;подгузники;хлеб
u_000175,family_000175,ТС5,молодёжь,true,хозяин,none,15,1.5,564.0,0.3,0.05,фрукты;напитки;молочка;выпечка;готовая еда
u_000176,family_000176,ТС5,молодёжь,true,хозяин,none,6,1.21,564.0,0.3,0.05,фрукты;снеки;напитки;выпечка;готовая еда
u_000177,family_000177,ТС5,молодёжь,true,хозяин,none,16,0.53,564.0,0.3,0.05,молочка;фрукты;напитки;снеки;готовая еда
u_000178,family_000178,ТС5,молодёжь,true,хозяин,none,16,1.03,564.0,0.3,0.05,выпечка;молочка;готовая еда;фрукты;снеки
u_000179,family_000179,ТС5,дети до 3,true,охотник,9-12,5,2.82,676.8,0.5,0.25,фрукты;хлеб;детская гигиена;подгузники;детские каши
u_000180,family_000180,ТС5,зрелые,true,охотник,none,17,1.15,564.0,0.5,0.25,хлеб;гигиена;овощи;крупы;фрукты
u_000181,family_000181,ТСЧ,дети до 3,true,хозяин,0-6,9,1.79,853.2,0.3,0.05,фрукты;молочка;детская гигиена;хлеб;детские каши
u_000182,family_000182,ТС5,молодёжь,true,охотник,none,19,1.44,564.0,0.5,0.25,снеки;фрукты;напитки;выпечка;готовая еда
u_000183,family_000183,ТСЧ,молодёжь,true,хозяин,none,19,0.76,711.0,0.3,0.05,снеки;молочка;выпечка;напитки;готовая еда
u_000184,family_000184,ТС5,дети до 3,true,хозяин,9-12,16,1.87,676.8,0.3,0.05,хлеб;детские каши;молочка;детская гигиена;подгузники
u_000185,family_000185,ТС5,молодёжь,true,хозяин,none,15,0.7,564.0,0.3,0.05,молочка;снеки;напитки;выпечка;фрукты
u_000186,family_000186,ТСХ,зрелые,true,категорийный,none,5,1.76,878.0,0.3,0.05,мясо;гигиена;молочка;овощи;крупы
u_000187,family_000187,ТС5,молодёжь,true,хозяин,none,4,0.55,564.0,0.3,0.05,выпечка;молочка;фрукты;готовая еда;напитки
u_000188,family_000188,ТСЧ,старшие,true,охотник,none,7,3.53,711.0,0.5,0.25,хлеб;творог;рыба;крупы;овощи
u_000189,family_000189,ТС5,молодёжь,true,хозяин,none,15,1.47,564.0,0.3,0.05,снеки;молочка;напитки;готовая еда;выпечка
u_000190,family_000190,ТС5,дети до 3,true,категорийный,1-2,10,2.31,676.8,0.3,0.05,подгузники;детские каши;детская гигиена;фрукты;молочка
u_000191,family_000191,ТСХ,дети до 3,true,хозяин,2-3,18,1.79,1053.6,0.3,0.05,фрукты;молочка;подгузники;детская гигиена;хлеб
u_000192,family_000192,ТСХ,молодёжь,true,категорийный,none,20,0.62,878.0,0.3,0.05,готовая еда;выпечка;напитки;снеки;молочка
u_000193,family_000193,ТСХ,молодёжь,true,хозяин,none,17,0.54,878.0,0.3,0.05,готовая еда;снеки;напитки;молочка;выпечка
u_000194,family_000194,ТС5,старшие,true,хозяин,none,20,2.64,564.0,0.3,0.05,хлеб;творог;овощи;рыба;крупы
u_000195,family_000195,ТС5,дети до 3,true,хозяин,2-3,10,2.21,676.8,0.3,0.05,подгузники;молочка;фрукты;детские каши;хлеб
u_000196,family_000196,ТСЧ,дети до 3,true,охотник,0-6,20,2.21,853.2,0.5,0.25,хлеб;фрукты;детская гигиена;молочка;подгузники
u_000197,family_000197,ТС5,молодёжь,true,охотник,none,20,1.27,564.0,0.5,0.25,выпечка;снеки;молочка;готовая еда;напитки
u_000198,family_000198,ТС5,дети до 3,true,хозяин,1-2,7,2.12,676.8,0.3,0.05,фрукты;детские каши;подгузники;молочка;хлеб
u_000199,family_000199,ТС5,дети до 3,true,категорийный,1-2,17,2.07,676.8,0.3,0.05,детская гигиена;детские каши;молочка;фрукты;хлеб
u_000200,family_000200,ТС5,зрелые,true,охотник,none,9,1.61,564.0,0.5,0.25,хлеб;гигиена;овощи;мясо;молочка
u_000201,family_000201,ТСЧ,старшие,true,охотник,none,7,3.38,711.0,0.5,0.25,хлеб;овощи;рыба;крупы;творог
u_000202,family_000202,ТС5,дети до 3,true,охотник,1-2,12,2.93,676.8,0.5,0.25,детская гигиена;молочка;подгузники;хлеб;детские каши
u_000203,family_000203,ТС5,дети до 3,true,хозяин,1-2,7,1.8,676.8,0.3,0.05,фрукты;молочка;хлеб;подгузники;детские каши
u_000204,family_000204,ТС5,дети до 3,true,хозяин,2-3,8,2.46,676.8,0.3,0.05,подгузники;хлеб;детские каши;детская гигиена;молочка
u_000205,family_000205,ТС5,зрелые,true,хозяин,none,18,1.98,564.0,0.3,0.05,хлеб;фрукты;крупы;мясо;овощи
u_000206,family_000206,ТС5,старшие,true,хозяин,none,2,3.82,564.0,0.3,0.05,молочка;творог;крупы;овощи;рыба
u_000207,family_000207,ТСЧ,молодёжь,true,охотник,none,6,1.43,711.0,0.5,0.25,готовая еда;выпечка;молочка;фрукты;снеки
u_000208,family_000208,ТСЧ,молодёжь,true,хозяин,none,4,1.43,711.0,0.3,0.05,напитки;фрукты;выпечка;молочка;снеки
u_000209,family_000209,ТСЧ,молодёжь,true,хозяин,none,9,0.69,711.0,0.3,0.05,готовая еда;напитки;снеки;молочка;выпечка
u_000210,family_000210,ТС5,зрелые,true,хозяин,none,11,1.79,564.0,0.3,0.05,мясо;крупы;хлеб;гигиена;овощи
u_000211,family_000211,ТСЧ,старшие,true,охотник,none,17,2.66,711.0,0.5,0.25,хлеб;молочка;крупы;творог;рыба
u_000212,family_000212,ТС5,молодёжь,true,хозяин,none,8,0.95,564.0,0.3,0.05,напитки;фрукты;молочка;выпечка;готовая еда
u_000213,family_000213,ТС5,молодёжь,true,хозяин,none,4,0.97,564.0,0.3,0.05,снеки;выпечка;напитки;молочка;готовая еда
u_000214,family_000214,ТС5,старшие,true,хозяин,none,8,2.44,564.0,0.3,0.05,крупы;хлеб;рыба;творог;овощи
u_000215,family_000215,ТС5,дети до 3,true,хозяин,2-3,7,2.64,676.8,0.3,0.05,хлеб;фрукты;подгузники;молочка;детская гигиена
u_000216,family_000216,ТС5,молодёжь,true,категорийный,none,4,0.56,564.0,0.3,0.05,молочка;фрукты;снеки;напитки;готовая еда
u_000217,family_000217,ТС5,зрелые,true,хозяин,none,7,1.72,564.0,0.3,0.05,фрукты;молочка;мясо;гигиена;крупы
u_000218,family_000218,ТС5,дети до 3,true,хозяин,0-6,18,2.19,676.8,0.3,0.05,молочка;подгузники;детские каши;детская гигиена;фрукты
u_000219,family_000219,ТСХ,дети до 3,true,хозяин,9-12,3,2.31,1053.6,0.3,0.05,подгузники;хлеб;детские каши;фрукты;детская гигиена
u_000220,family_000220,ТС5,зрелые,true,охотник,none,14,1.37,564.0,0.5,0.25,фрукты;гигиена;крупы;мясо;молочка
u_000221,family_000221,ТС5,дети до 3,true,охотник,9-12,4,1.77,676.8,0.5,0.25,фрукты;детские каши;детская гигиена;молочка;подгузники
u_000222,family_000222,ТСЧ,зрелые,true,категорийный,none,15,1.67,711.0,0.3,0.05,мясо;фрукты;гигиена;крупы;молочка
u_000223,family_000223,ТС5,молодёжь,true,хозяин,none,4,0.53,564.0,0.3,0.05,фрукты;выпечка;готовая еда;молочка;напитки
u_000224,family_000224,ТС5,дети до 3,true,хозяин,0-6,8,2.61,676.8,0.3,0.05,детские каши;хлеб;детская гигиена;молочка;подгузники
u_000225,family_000225,ТСХ,зрелые,true,хозяин,none,10,1.23,878.0,0.3,0.05,крупы;мясо;овощи;гигиена;молочка
u_000226,family_000226,ТС5,молодёжь,true,охотник,none,8,0.91,564.0,0.5,0.25,напитки;готовая еда;снеки;фрукты;выпечка
u_000227,family_000227,ТС5,молодёжь,true,хозяин,none,13,1.29,564.0,0.3,0.05,напитки;выпечка;молочка;готовая еда;снеки
u_000228,family_000228,ТС5,зрелые,true,хозяин,none,8,1.3,564.0,0.3,0.05,крупы;хлеб;фрукты;молочка;овощи
u_000229,family_000229,ТС5,вредные привычки,true,хозяин,none,13,1.04,564.0,0.3,0.05,хлеб;овощи;молочка;фрукты;гигиена
u_000230,family_000230,ТС5,зрелые,true,хозяин,none,9,1.38,564.0,0.3,0.05,мясо;гигиена;молочка;крупы;фрукты
u_000231,family_000231,ТСЧ,зрелые,true,охотник,none,7,1.48,711.0,0.5,0.25,гигиена;овощи;крупы;молочка;фрукты
u_000232,family_000232,ТСЧ,старшие,true,хозяин,none,16,3.83,711.0,0.3,0.05,рыба;творог;крупы;хлеб;молочка
u_000233,family_000233,ТС5,зрелые,true,хозяин,none,18,1.65,564.0,0.3,0.05,овощи;гигиена;крупы;фрукты;хлеб
u_000234,family_000234,ТС5,старшие,true,хозяин,none,11,3.83,564.0,0.3,0.05,овощи;рыба;хлеб;молочка;творог
u_000235,family_000235,ТСХ,молодёжь,true,хозяин,none,19,1.08,878.0,0.3,0.05,выпечка;напитки;снеки;готовая еда;фрукты
u_000236,family_000236,ТС5,дети до 3,true,хозяин,2-3,11,1.89,676.8,0.3,0.05,детские каши;хлеб;фрукты;подгузники;детская гигиена
u_000237,family_000237,ТС5,зрелые,true,хозяин,none,18,1.99,564.0,0.3,0.05,молочка;мясо;гигиена;крупы;овощи
u_000238,family_000238,ТС5,молодёжь,true,хозяин,none,8,0.57,564.0,0.3,0.05,снеки;готовая еда;фрукты;напитки;выпечка
u_000239,family_000239,ТС5,дети до 3,true,охотник,2-3,16,2.49,676.8,0.5,0.25,подгузники;хлеб;детские каши;фрукты;молочка
u_000240,family_000240,ТС5,молодёжь,true,категорийный,none,1,1.0,564.0,0.3,0.05,фрукты;выпечка;снеки;готовая еда;напитки
u_000241,family_000241,ТС5,молодёжь,true,охотник,none,9,1.32,564.0,0.5,0.25,напитки;выпечка;готовая еда;снеки;фрукты
u_000242,family_000242,ТС5,молодёжь,true,охотник,none,10,1.18,564.0,0.5,0.25,готовая еда;фрукты;молочка;снеки;напитки
u_000243,family_000243,ТС5,дети до 3,true,охотник,6-9,3,2.25,676.8,0.5,0.25,детские каши;молочка;подгузники;фрукты;хлеб
u_000244,family_000244,ТС5,старшие,true,охотник,none,19,2.95,564.0,0.5,0.25,молочка;рыба;овощи;хлеб;творог
u_000245,family_000245,ТС5,зрелые,true,хозяин,none,7,1.59,564.0,0.3,0.05,гигиена;крупы;фрукты;молочка;хлеб
u_000246,family_000246,ТС5,молодёжь,true,охотник,none,13,1.18,564.0,0.5,0.25,молочка;напитки;выпечка;фрукты;готовая еда
u_000247,family_000247,ТСХ,зрелые,true,хозяин,none,12,1.05,878.0,0.3,0.05,фрукты;хлеб;молочка;овощи;гигиена
u_000248,family_000248,ТСХ,старшие,true,хозяин,none,11,2.06,878.0,0.3,0.05,овощи;хлеб;творог;молочка;крупы
u_000249,family_000249,ТС5,вредные привычки,true,хозяин,none,19,1.46,564.0,0.3,0.05,молочка;мясо;овощи;хлеб;крупы
u_000250,family_000250,ТС5,молодёжь,true,хозяин,none,5,1.24,564.0,0.3,0.05,напитки;фрукты;готовая еда;выпечка;молочка
u_000251,family_000251,ТСЧ,дети до 3,true,охотник,0-6,5,1.63,853.2,0.5,0.25,детские каши;хлеб;фрукты;подгузники;молочка
u_000252,family_000252,ТС5,дети до 3,true,охотник,9-12,13,1.52,676.8,0.5,0.25,детские каши;хлеб;подгузники;молочка;фрукты
u_000253,family_000253,ТС5,молодёжь,true,хозяин,none,5,0.77,564.0,0.3,0.05,напитки;выпечка;снеки;готовая еда;фрукты
u_000254,family_000254,ТС5,дети до 3,true,хозяин,0-6,12,1.88,676.8,0.3,0.05,детская гигиена;детские каши;хлеб;фрукты;подгузники
u_000255,family_000255,ТС5,молодёжь,true,хозяин,none,20,0.88,564.0,0.3,0.05,напитки;выпечка;фрукты;снеки;готовая еда
u_000256,family_000256,ТС5,дети до 3,true,охотник,1-2,11,1.77,676.8,0.5,0.25,детские каши;молочка;фрукты;хлеб;детская гигиена
u_000257,family_000257,ТСЧ,зрелые,true,хозяин,none,9,1.82,711.0,0.3,0.05,фрукты;овощи;молочка;хлеб;крупы
u_000258,family_000258,ТСЧ,молодёжь,true,охотник,none,1,1.45,711.0,0.5,0.25,выпечка;снеки;фрукты;молочка;готовая еда
u_000259,family_000259,ТСЧ,зрелые,true,хозяин,none,16,1.14,711.0,0.3,0.05,овощи;хлеб;гигиена;крупы;мясо
u_000260,family_000260,ТС5,вредные привычки,true,хозяин,none,20,1.28,564.0,0.3,0.05,фрукты;мясо;крупы;гигиена;овощи
u_000261,family_000261,ТС5,старшие,true,охотник,none,18,3.19,564.0,0.5,0.25,молочка;рыба;крупы;овощи;хлеб
u_000262,family_000262,ТС5,дети до 3,true,охотник,1-2,11,2.95,676.8,0.5,0.25,детские каши;подгузники;фрукты;хлеб;детская гигиена
u_000263,family_000263,ТС5,зрелые,true,хозяин,none,19,1.22,564.0,0.3,0.05,овощи;фрукты;крупы;хлеб;мясо
u_000264,family_000264,ТСЧ,дети до 3,true,хозяин,0-6,4,2.75,853.2,0.3,0.05,хлеб;детская гигиена;молочка;фрукты;детские каши
u_000265,family_000265,ТС5,молодёжь,true,хозяин,none,16,0.6,564.0,0.3,0.05,фрукты;выпечка;напитки;готовая еда;снеки
u_000266,family_000266,ТС5,зрелые,true,хозяин,none,11,1.65,564.0,0.3,0.05,крупы;хлеб;гигиена;мясо;овощи
u_000267,family_000267,ТС5,дети до 3,true,категорийный,6-9,13,2.44,676.8,0.3,0.05,детская гигиена;детские каши;фрукты;подгузники;молочка
u_000268,family_000268,ТС5,дети до 3,true,хозяин,6-9,7,1.92,676.8,0.3,0.05,хлеб;подгузники;фрукты;молочка;детские каши
u_000269,family_000269,ТС5,молодёжь,true,хозяин,none,16,1.03,564.0,0.3,0.05,фрукты;напитки;выпечка;молочка;снеки
u_000270,family_000270,ТС5,молодёжь,true,охотник,none,20,0.67,564.0,0.5,0.25,фрукты;напитки;готовая еда;молочка;выпечка
u_000271,family_000271,ТС5,молодёжь,true,хозяин,none,12,1.19,564.0,0.3,0.05,молочка;выпечка;фрукты;напитки;готовая еда
u_000272,family_000272,ТС5,дети до 3,true,хозяин,2-3,6,2.33,676.8,0.3,0.05,детские каши;молочка;детская гигиена;подгузники;хлеб
u_000273,family_000273,ТСЧ,зрелые,true,охотник,none,1,1.48,711.0,0.5,0.25,хлеб;фрукты;мясо;крупы;гигиена
u_000274,family_000274,ТС5,вредные привычки,true,охотник,none,16,0.97,564.0,0.5,0.25,мясо;молочка;хлеб;овощи;крупы
u_000275,family_000275,ТС5,дети до 3,true,хозяин,1-2,19,2.61,676.8,0.3,0.05,детские каши;фрукты;подгузники;молочка;хлеб
u_000276,family_000276,ТС5,дети до 3,true,категорийный,2-3,2,2.64,676.8,0.3,0.05,детские каши;фрукты;детская гигиена;хлеб;подгузники
u_000277,family_000277,ТСХ,зрелые,true,хозяин,none,2,1.45,878.0,0.3,0.05,овощи;молочка;фрукты;крупы;мясо
u_000278,family_000278,ТС5,зрелые,true,охотник,none,20,1.63,564.0,0.5,0.25,хлеб;мясо;гигиена;крупы;молочка
u_000279,family_000279,ТСЧ,дети до 3,true,охотник,2-3,18,1.75,853.2,0.5,0.25,хлеб;молочка;фрукты;детские каши;детская гигиена
u_000280,family_000280,ТСЧ,дети до 3,true,категорийный,0-6,5,2.94,853.2,0.3,0.05,детские каши;подгузники;молочка;хлеб;фрукты
u_000281,family_000281,ТСХ,молодёжь,true,хозяин,none,11,1.33,878.0,0.3,0.05,фрукты;выпечка;молочка;готовая еда;снеки
u_000282,family_000282,ТС5,вредные привычки,true,хозяин,none,3,1.2,564.0,0.3,0.05,крупы;овощи;гигиена;фрукты;хлеб
u_000283,family_000283,ТС5,молодёжь,true,охотник,none,3,1.23,564.0,0.5,0.25,выпечка;напитки;готовая еда;молочка;снеки
u_000284,family_000284,ТС5,дети до 3,true,хозяин,9-12,11,2.74,676.8,0.3,0.05,молочка;фрукты;детская гигиена;хлеб;детские каши
u_000285,family_000285,ТСХ,зрелые,true,охотник,none,2,1.1,878.0,0.5,0.25,гигиена;фрукты;молочка;мясо;крупы
u_000286,family_000286,ТС5,молодёжь,true,категорийный,none,7,1.5,564.0,0.3,0.05,снеки;напитки;фрукты;выпечка;готовая еда
u_000287,family_000287,ТС5,молодёжь,true,хозяин,none,6,0.55,564.0,0.3,0.05,фрукты;напитки;снеки;выпечка;готовая еда
u_000288,family_000288,ТСХ,молодёжь,true,хозяин,none,5,1.09,878.0,0.3,0.05,молочка;выпечка;готовая еда;фрукты;снеки
u_000289,family_000289,ТСЧ,старшие,true,хозяин,none,5,2.96,711.0,0.3,0.05,крупы;хлеб;молочка;овощи;творог
u_000290,family_000290,ТС5,молодёжь,true,хозяин,none,13,1.27,564.0,0.3,0.05,снеки;фрукты;готовая еда;напитки;выпечка
u_000291,family_000291,ТС5,молодёжь,true,хозяин,none,7,1.13,564.0,0.3,0.05,снеки;выпечка;молочка;готовая еда;напитки
u_000292,family_000292,ТСЧ,молодёжь,true,хозяин,none,13,0.85,711.0,0.3,0.05,выпечка;напитки;снеки;готовая еда;фрукты
u_000293,family_000293,ТС5,молодёжь,true,охотник,none,20,0.78,564.0,0.5,0.25,фрукты;готовая еда;напитки;молочка;выпечка
u_000294,family_000294,ТСХ,молодёжь,true,хозяин,none,8,0.99,878.0,0.3,0.05,готовая еда;снеки;выпечка;напитки;фрукты
u_000295,family_000295,ТС5,старшие,true,категорийный,none,11,2.26,564.0,0.3,0.05,творог;хлеб;овощи;рыба;молочка
u_000296,family_000296,ТСХ,старшие,true,охотник,none,1,3.17,878.0,0.5,0.25,молочка;овощи;крупы;рыба;творог
u_000297,family_000297,ТСЧ,дети до 3,true,хозяин,2-3,14,2.14,853.2,0.3,0.05,детские каши;подгузники;детская гигиена;хлеб;фрукты
u_000298,family_000298,ТС5,дети до 3,true,хозяин,6-9,18,1.99,676.8,0.3,0.05,фрукты;подгузники;молочка;детские каши;детская гигиена
u_000299,family_000299,ТСХ,зрелые,true,хозяин,none,3,1.92,878.0,0.3,0.05,молочка;фрукты;мясо;гигиена;хлеб
u_000300,family_000300,ТС5,дети до 3,true,хозяин,0-6,5,2.55,676.8,0.3,0.05,детская гигиена;детские каши;молочка;фрукты;хлеб
u_000301,family_000301,ТС5,молодёжь,true,охотник,none,9,1.23,564.0,0.5,0.25,готовая еда;фрукты;напитки;снеки;выпечка
u_000302,family_000302,ТС5,молодёжь,true,категорийный,none,3,1.0,564.0,0.3,0.05,молочка;напитки;готовая еда;снеки;выпечка
u_000303,family_000303,ТС5,молодёжь,true,хозяин,none,19,1.17,564.0,0.3,0.05,готовая еда;снеки;фрукты;выпечка;напитки
u_000304,family_000304,ТС5,дети до 3,true,хозяин,6-9,6,2.9,676.8,0.3,0.05,подгузники;фрукты;детские каши;хлеб;детская гигиена
u_000305,family_000305,ТС5,старшие,true,хозяин,none,3,3.14,564.0,0.3,0.05,молочка;творог;рыба;хлеб;овощи
u_000306,family_000306,ТСЧ,старшие,true,категорийный,none,3,3.75,711.0,0.3,0.05,овощи;рыба;творог;молочка;крупы
u_000307,family_000307,ТС5,молодёжь,true,хозяин,none,10,1.24,564.0,0.3,0.05,снеки;выпечка;напитки;молочка;фрукты
u_000308,family_000308,ТСЧ,зрелые,true,охотник,none,18,1.76,711.0,0.5,0.25,хлеб;гигиена;молочка;фрукты;мясо
u_000309,family_000309,ТС5,молодёжь,true,охотник,none,1,1.45,564.0,0.5,0.25,готовая еда;выпечка;напитки;фрукты;молочка
u_000310,family_000310,ТС5,молодёжь,true,хозяин,none,2,1.47,564.0,0.3,0.05,снеки;напитки;готовая еда;выпечка;молочка
u_000311,family_000311,ТСЧ,дети до 3,true,охотник,9-12,15,2.96,853.2,0.5,0.25,подгузники;фрукты;хлеб;молочка;детские каши
u_000312,family_000312,ТС5,вредные привычки,true,хозяин,none,2,1.23,564.0,0.3,0.05,хлеб;гигиена;овощи;мясо;крупы
u_000313,family_000313,ТСЧ,дети до 3,true,категорийный,9-12,11,2.18,853.2,0.3,0.05,детская гигиена;подгузники;хлеб;фрукты;молочка
u_000314,family_000314,ТС5,молодёжь,true,хозяин,none,14,0.62,564.0,0.3,0.05,напитки;снеки;выпечка;молочка;фрукты
u_000315,family_000315,ТС5,молодёжь,true,хозяин,none,10,1.33,564.0,0.3,0.05,фрукты;молочка;готовая еда;выпечка;снеки
u_000316,family_000316,ТС5,зрелые,true,категорийный,none,13,1.51,564.0,0.3,0.05,крупы;овощи;гигиена;хлеб;молочка
u_000317,family_000317,ТСЧ,старшие,true,хозяин,none,18,2.5,711.0,0.3,0.05,хлеб;молочка;крупы;творог;овощи
u_000318,family_000318,ТС5,зрелые,true,хозяин,none,7,1.82,564.0,0.3,0.05,овощи;крупы;молочка;гигиена;мясо
u_000319,family_000319,ТС5,молодёжь,true,категорийный,none,15,1.31,564.0,0.3,0.05,готовая еда;напитки;фрукты;выпечка;снеки
u_000320,family_000320,ТС5,старшие,true,хозяин,none,13,2.99,564.0,0.3,0.05,хлеб;рыба;крупы;творог;молочка
u_000321,family_000321,ТСЧ,вредные привычки,true,хозяин,none,5,0.83,711.0,0.3,0.05,мясо;гигиена;хлеб;овощи;крупы
u_000322,family_000322,ТС5,дети до 3,true,хозяин,9-12,13,1.71,676.8,0.3,0.05,детская гигиена;фрукты;хлеб;молочка;подгузники
u_000323,family_000323,ТСЧ,зрелые,true,хозяин,none,18,1.78,711.0,0.3,0.05,овощи;мясо;крупы;гигиена;хлеб
u_000324,family_000324,ТС5,молодёжь,true,хозяин,none,1,1.4,564.0,0.3,0.05,напитки;готовая еда;выпечка;фрукты;снеки
u_000325,family_000325,ТСХ,старшие,true,категорийный,none,4,2.5,878.0,0.3,0.05,крупы;овощи;молочка;хлеб;рыба
u_000326,family_000326,ТС5,зрелые,true,охотник,none,6,1.24,564.0,0.5,0.25,овощи;крупы;гигиена;молочка;мясо
u_000327,family_000327,ТСХ,старшие,true,хозяин,none,19,3.9,878.0,0.3,0.05,хлеб;творог;овощи;молочка;крупы
u_000328,family_000328,ТС5,молодёжь,true,охотник,none,1,1.03,564.0,0.5,0.25,готовая еда;напитки;снеки;фрукты;выпечка
u_000329,family_000329,ТСХ,старшие,true,охотник,none,11,2.12,878.0,0.5,0.25,крупы;творог;рыба;молочка;хлеб
u_000330,family_000330,ТСЧ,дети до 3,true,категорийный,1-2,19,1.65,853.2,0.3,0.05,молочка;хлеб;детская гигиена;подгузники;детские каши
u_000331,family_000331,ТСХ,старшие,true,охотник,none,6,3.41,878.0,0.5,0.25,творог;рыба;овощи;молочка;хлеб
u_000332,family_000332,ТС5,зрелые,true,хозяин,none,6,1.73,564.0,0.3,0.05,крупы;мясо;фрукты;молочка;гигиена
u_000333,family_000333,ТС5,старшие,true,категорийный,none,8,3.28,564.0,0.3,0.05,молочка;хлеб;крупы;творог;рыба
u_000334,family_000334,ТС5,старшие,true,хозяин,none,3,3.64,564.0,0.3,0.05,рыба;овощи;хлеб;молочка;крупы
u_000335,family_000335,ТС5,зрелые,true,хозяин,none,4,1.72,564.0,0.3,0.05,молочка;фрукты;крупы;мясо;гигиена
u_000336,family_000336,ТСЧ,дети до 3,true,хозяин,2-3,13,1.65,853.2,0.3,0.05,детские каши;фрукты;детская гигиена;подгузники;хлеб
u_000337,family_000337,ТС5,зрелые,true,хозяин,none,11,1.26,564.0,0.3,0.05,молочка;гигиена;овощи;хлеб;фрукты
u_000338,family_000338,ТС5,молодёжь,true,категорийный,none,3,0.84,564.0,0.3,0.05,молочка;выпечка;готовая еда;снеки;фрукты
u_000339,family_000339,ТС5,дети до 3,true,хозяин,9-12,7,2.96,676.8,0.3,0.05,детские каши;фрукты;молочка;хлеб;детская гигиена
u_000340,family_000340,ТС5,молодёжь,true,хозяин,none,18,1.34,564.0,0.3,0.05,снеки;готовая еда;напитки;молочка;фрукты
u_000341,family_000341,ТС5,зрелые,true,охотник,none,16,1.2,564.0,0.5,0.25,молочка;хлеб;крупы;овощи;гигиена
u_000342,family_000342,ТС5,молодёжь,true,охотник,none,16,0.99,564.0,0.5,0.25,фрукты;напитки;готовая еда;молочка;снеки
u_000343,family_000343,ТС5,зрелые,true,хозяин,none,15,1.04,564.0,0.3,0.05,фрукты;гигиена;овощи;хлеб;крупы
u_000344,family_000344,ТС5,молодёжь,true,охотник,none,4,0.59,564.0,0.5,0.25,напитки;молочка;выпечка;фрукты;готовая еда
u_000345,family_000345,ТС5,зрелые,true,охотник,none,14,1.97,564.0,0.5,0.25,крупы;фрукты;мясо;хлеб;гигиена
u_000346,family_000346,ТС5,вредные привычки,true,охотник,none,2,1.3,564.0,0.5,0.25,мясо;гигиена;крупы;хлеб;молочка
u_000347,family_000347,ТСЧ,дети до 3,true,категорийный,6-9,7,2.71,853.2,0.3,0.05,детская гигиена;подгузники;детские каши;фрукты;хлеб
u_000348,family_000348,ТС5,зрелые,true,хозяин,none,20,1.26,564.0,0.3,0.05,крупы;молочка;гигиена;фрукты;овощи
u_000349,family_000349,ТС5,молодёжь,true,хозяин,none,15,1.42,564.0,0.3,0.05,готовая еда;молочка;выпечка;фрукты;снеки
u_000350,family_000350,ТС5,дети до 3,true,охотник,0-6,4,2.34,676.8,0.5,0.25,подгузники;молочка;фрукты;детская гигиена;детские каши
u_000351,family_000351,ТС5,дети до 3,true,охотник,0-6,6,1.91,676.8,0.5,0.25,детская гигиена;фрукты;детские каши;подгузники;хлеб
u_000352,family_000352,ТСЧ,дети до 3,true,хозяин,1-2,9,2.85,853.2,0.3,0.05,подгузники;молочка;фрукты;детская гигиена;детские каши
u_000353,family_000353,ТСЧ,старшие,true,охотник,none,8,2.27,711.0,0.5,0.25,рыба;хлеб;овощи;крупы;творог
u_000354,family_000354,ТС5,молодёжь,true,хозяин,none,14,1.24,564.0,0.3,0.05,молочка;напитки;готовая еда;фрукты;выпечка
u_000355,family_000355,ТС5,зрелые,true,хозяин,none,17,1.88,564.0,0.3,0.05,молочка;хлеб;крупы;мясо;гигиена
u_000356,family_000356,ТС5,дети до 3,true,категорийный,6-9,9,2.05,676.8,0.3,0.05,детские каши;фрукты;хлеб;молочка;подгузники
u_000357,family_000357,ТС5,молодёжь,true,хозяин,none,15,0.68,564.0,0.3,0.05,выпечка;молочка;напитки;снеки;готовая еда
u_000358,family_000358,ТСЧ,молодёжь,true,охотник,none,3,0.79,711.0,0.5,0.25,выпечка;готовая еда;снеки;напитки;молочка
u_000359,family_000359,ТСЧ,зрелые,true,охотник,none,9,1.65,711.0,0.5,0.25,мясо;молочка;крупы;фрукты;гигиена
u_000360,family_000360,ТС5,дети до 3,true,хозяин,9-12,20,2.71,676.8,0.3,0.05,молочка;хлеб;детские каши;детская гигиена;фрукты
u_000361,family_000361,ТС5,молодёжь,true,хозяин,none,17,1.32,564.0,0.3,0.05,выпечка;молочка;готовая еда;фрукты;снеки
u_000362,family_000362,ТС5,дети до 3,true,хозяин,0-6,16,1.6,676.8,0.3,0.05,молочка;хлеб;фрукты;детская гигиена;детские каши
u_000363,family_000363,ТС5,дети до 3,true,хозяин,0-6,20,2.11,676.8,0.3,0.05,молочка;детская гигиена;подгузники;хлеб;фрукты
u_000364,family_000364,ТСЧ,молодёжь,true,хозяин,none,13,1.24,711.0,0.3,0.05,молочка;фрукты;снеки;выпечка;готовая еда
u_000365,family_000365,ТС5,дети до 3,true,хозяин,9-12,17,1.95,676.8,0.3,0.05,детская гигиена;фрукты;хлеб;детские каши;подгузники
u_000366,family_000366,ТС5,зрелые,true,охотник,none,18,1.76,564.0,0.5,0.25,хлеб;крупы;овощи;молочка;фрукты
u_000367,family_000367,ТС5,зрелые,true,хозяин,none,11,1.37,564.0,0.3,0.05,мясо;овощи;фрукты;молочка;хлеб
u_000368,family_000368,ТС5,дети до 3,true,охотник,2-3,3,2.21,676.8,0.5,0.25,детская гигиена;фрукты;подгузники;молочка;хлеб
u_000369,family_000369,ТС5,вредные привычки,true,охотник,none,5,0.94,564.0,0.5,0.25,хлеб;овощи;фрукты;мясо;молочка
u_000370,family_000370,ТС5,зрелые,true,охотник,none,16,1.33,564.0,0.5,0.25,хлеб;овощи;молочка;мясо;гигиена
u_000371,family_000371,ТС5,зрелые,true,хозяин,none,6,1.49,564.0,0.3,0.05,гигиена;молочка;хлеб;фрукты;овощи
u_000372,family_000372,ТС5,дети до 3,true,хозяин,0-6,2,2.3,676.8,0.3,0.05,хлеб;молочка;подгузники;детская гигиена;детские каши
u_000373,family_000373,ТС5,молодёжь,true,охотник,none,8,1.19,564.0,0.5,0.25,напитки;фрукты;снеки;готовая еда;выпечка
u_000374,family_000374,ТС5,молодёжь,true,хозяин,none,2,0.8,564.0,0.3,0.05,напитки;выпечка;фрукты;снеки;готовая еда
u_000375,family_000375,ТС5,старшие,true,хозяин,none,7,2.33,564.0,0.3,0.05,хлеб;молочка;крупы;творог;овощи
u_000376,family_000376,ТС5,молодёжь,true,хозяин,none,4,0.87,564.0,0.3,0.05,фрукты;готовая еда;выпечка;напитки;снеки
u_000377,family_000377,ТСХ,зрелые,true,хозяин,none,2,1.66,878.0,0.3,0.05,крупы;молочка;гигиена;мясо;хлеб
u_000378,family_000378,ТС5,молодёжь,true,хозяин,none,5,0.71,564.0,0.3,0.05,фрукты;готовая еда;напитки;снеки;молочка
u_000379,family_000379,ТС5,молодёжь,true,охотник,none,5,0.92,564.0,0.5,0.25,готовая еда;молочка;фрукты;снеки;выпечка
u_000380,family_000380,ТСХ,дети до 3,true,охотник,9-12,17,2.96,1053.6,0.5,0.25,молочка;детские каши;хлеб;подгузники;фрукты
u_000381,family_000381,ТС5,старшие,true,охотник,none,16,2.66,564.0,0.5,0.25,молочка;рыба;творог;хлеб;крупы
u_000382,family_000382,ТС5,молодёжь,true,хозяин,none,4,1.4,564.0,0.3,0.05,фрукты;снеки;выпечка;молочка;напитки
u_000383,family_000383,ТС5,молодёжь,true,хозяин,none,2,1.35,564.0,0.3,0.05,напитки;фрукты;выпечка;молочка;готовая еда
u_000384,family_000384,ТС5,зрелые,true,хозяин,none,5,1.66,564.0,0.3,0.05,хлеб;овощи;крупы;фрукты;мясо
u_000385,family_000385,ТС5,зрелые,true,хозяин,none,11,1.18,564.0,0.3,0.05,фрукты;гигиена;крупы;овощи;хлеб
u_000386,family_000386,ТС5,дети до 3,true,хозяин,6-9,4,1.7,676.8,0.3,0.05,хлеб;подгузники;детская гигиена;фрукты;детские каши
u_000387,family_000387,ТСЧ,дети до 3,true,охотник,1-2,6,2.42,853.2,0.5,0.25,молочка;фрукты;подгузники;хлеб;детские каши
u_000388,family_000388,ТС5,дети до 3,true,категорийный,1-2,2,1.6,676.8,0.3,0.05,хлеб;молочка;подгузники;фрукты;детские каши
u_000389,family_000389,ТСЧ,зрелые,true,хозяин,none,17,1.69,711.0,0.3,0.05,мясо;молочка;фрукты;хлеб;гигиена
u_000390,family_000390,ТС5,дети до 3,true,хозяин,2-3,20,1.58,676.8,0.3,0.05,хлеб;детская гигиена;детские каши;фрукты;подгузники
u_000391,family_000391,ТС5,дети до 3,true,хозяин,9-12,2,2.26,676.8,0.3,0.05,фрукты;детские каши;хлеб;подгузники;молочка
u_000392,family_000392,ТС5,зрелые,true,хозяин,none,16,1.45,564.0,0.3,0.05,молочка;фрукты;гигиена;мясо;хлеб
u_000393,family_000393,ТС5,дети до 3,true,хозяин,0-6,20,2.94,676.8,0.3,0.05,хлеб;молочка;детская гигиена;фрукты;детские каши
u_000394,family_000394,ТСЧ,дети до 3,true,хозяин,6-9,15,2.0,853.2,0.3,0.05,фрукты;хлеб;детские каши;молочка;детская гигиена
u_000395,family_000395,ТСХ,молодёжь,true,охотник,none,8,0.5,878.0,0.5,0.25,напитки;фрукты;молочка;выпечка;готовая еда
u_000396,family_000396,ТС5,молодёжь,true,хозяин,none,14,0.61,564.0,0.3,0.05,молочка;снеки;фрукты;готовая еда;выпечка
u_000397,family_000397,ТС5,зрелые,true,хозяин,none,11,1.11,564.0,0.3,0.05,фрукты;молочка;мясо;крупы;хлеб
u_000398,family_000398,ТС5,дети до 3,true,охотник,1-2,1,2.3,676.8,0.5,0.25,подгузники;фрукты;детские каши;молочка;детская гигиена
u_000399,family_000399,ТСЧ,зрелые,true,категорийный,none,19,1.17,711.0,0.3,0.05,гигиена;хлеб;молочка;фрукты;овощи
u_000400,family_000400,ТС5,зрелые,true,хозяин,none,13,1.42,564.0,0.3,0.05,мясо;крупы;хлеб;овощи;гигиена
u_000401,family_000401,ТСЧ,старшие,true,хозяин,none,5,2.28,711.0,0.3,0.05,творог;рыба;овощи;хлеб;крупы
u_000402,family_000402,ТСХ,старшие,true,охотник,none,7,2.42,878.0,0.5,0.25,рыба;овощи;творог;хлеб;молочка
u_000403,family_000403,ТСЧ,зрелые,true,категорийный,none,17,1.54,711.0,0.3,0.05,крупы;овощи;молочка;гигиена;фрукты
u_000404,family_000404,ТС5,дети до 3,true,охотник,1-2,18,1.93,676.8,0.5,0.25,детские каши;подгузники;фрукты;хлеб;детская гигиена
u_000405,family_000405,ТС5,дети до 3,true,хозяин,6-9,10,2.53,676.8,0.3,0.05,детская гигиена;подгузники;молочка;фрукты;детские каши
u_000406,family_000406,ТС5,дети до 3,true,охотник,2-3,8,2.61,676.8,0.5,0.25,фрукты;детские каши;детская гигиена;молочка;хлеб
u_000407,family_000407,ТС5,молодёжь,true,хозяин,none,14,1.46,564.0,0.3,0.05,фрукты;напитки;готовая еда;выпечка;снеки
u_000408,family_000408,ТС5,зрелые,true,охотник,none,15,1.83,564.0,0.5,0.25,крупы;гигиена;овощи;хлеб;мясо
u_000409,family_000409,ТСЧ,вредные привычки,true,хозяин,none,3,0.99,711.0,0.3,0.05,хлеб;крупы;мясо;молочка;гигиена
u_000410,family_000410,ТС5,молодёжь,true,хозяин,none,6,1.08,564.0,0.3,0.05,напитки;готовая еда;фрукты;снеки;молочка
u_000411,family_000411,ТС5,старшие,true,хозяин,none,20,3.69,564.0,0.3,0.05,овощи;хлеб;рыба;молочка;крупы
u_000412,family_000412,ТС5,старшие,true,хозяин,none,17,2.32,564.0,0.3,0.05,творог;рыба;хлеб;молочка;крупы
u_000413,family_000413,ТС5,молодёжь,true,хозяин,none,12,0.79,564.0,0.3,0.05,молочка;фрукты;выпечка;напитки;готовая еда
u_000414,family_000414,ТС5,молодёжь,true,хозяин,none,20,1.42,564.0,0.3,0.05,снеки;готовая еда;напитки;фрукты;молочка
u_000415,family_000415,ТС5,дети до 3,true,хозяин,2-3,12,2.27,676.8,0.3,0.05,фрукты;детские каши;хлеб;подгузники;детская гигиена
u_000416,family_000416,ТСЧ,молодёжь,true,хозяин,none,4,0.67,711.0,0.3,0.05,молочка;фрукты;готовая еда;напитки;выпечка
u_000417,family_000417,ТС5,дети до 3,true,хозяин,1-2,4,1.81,676.8,0.3,0.05,хлеб;детские каши;подгузники;молочка;фрукты
u_000418,family_000418,ТС5,зрелые,true,хозяин,none,3,1.05,564.0,0.3,0.05,гигиена;овощи;мясо;молочка;крупы
u_000419,family_000419,ТСЧ,старшие,true,хозяин,none,15,3.26,711.0,0.3,0.05,хлеб;овощи;молочка;крупы;рыба
u_000420,family_000420,ТС5,дети до 3,true,охотник,2-3,2,2.55,676.8,0.5,0.25,подгузники;молочка;хлеб;детская гигиена;фрукты
u_000421,family_000421,ТС5,молодёжь,true,категорийный,none,13,0.9,564.0,0.3,0.05,фрукты;готовая еда;выпечка;молочка;напитки
u_000422,family_000422,ТС5,вредные привычки,true,охотник,none,18,1.09,564.0,0.5,0.25,крупы;хлеб;овощи;мясо;молочка
u_000423,family_000423,ТС5,дети до 3,true,хозяин,0-6,19,2.39,676.8,0.3,0.05,фрукты;хлеб;подгузники;детская гигиена;детские каши
u_000424,family_000424,ТСХ,зрелые,true,хозяин,none,14,1.91,878.0,0.3,0.05,гигиена;мясо;хлеб;крупы;молочка
u_000425,family_000425,ТС5,зрелые,true,хозяин,none,6,1.67,564.0,0.3,0.05,мясо;молочка;гигиена;фрукты;овощи
u_000426,family_000426,ТС5,молодёжь,true,хозяин,none,4,0.7,564.0,0.3,0.05,молочка;выпечка;напитки;снеки;готовая еда
u_000427,family_000427,ТС5,молодёжь,true,хозяин,none,3,1.4,564.0,0.3,0.05,напитки;выпечка;молочка;снеки;фрукты
u_000428,family_000428,ТС5,молодёжь,true,хозяин,none,11,1.46,564.0,0.3,0.05,снеки;готовая еда;напитки;молочка;выпечка
u_000429,family_000429,ТСХ,зрелые,true,хозяин,none,12,1.13,878.0,0.3,0.05,крупы;овощи;фрукты;мясо;хлеб
u_000430,family_000430,ТС5,молодёжь,true,хозяин,none,6,1.15,564.0,0.3,0.05,готовая еда;напитки;снеки;молочка;фрукты
u_000431,family_000431,ТС5,зрелые,true,хозяин,none,3,1.89,564.0,0.3,0.05,гигиена;мясо;молочка;фрукты;овощи
u_000432,family_000432,ТС5,молодёжь,true,хозяин,none,18,0.97,564.0,0.3,0.05,снеки;напитки;выпечка;готовая еда;фрукты
u_000433,family_000433,ТС5,дети до 3,true,хозяин,9-12,17,1.52,676.8,0.3,0.05,детская гигиена;фрукты;хлеб;молочка;подгузники
u_000434,family_000434,ТС5,молодёжь,true,категорийный,none,5,1.24,564.0,0.3,0.05,выпечка;напитки;готовая еда;фрукты;снеки
u_000435,family_000435,ТС5,молодёжь,true,хозяин,none,7,1.02,564.0,0.3,0.05,напитки;выпечка;молочка;снеки;готовая еда
u_000436,family_000436,ТС5,дети до 3,true,хозяин,2-3,9,2.75,676.8,0.3,0.05,молочка;фрукты;детская гигиена;детские каши;хлеб
u_000437,family_000437,ТС5,дети до 3,true,категорийный,2-3,9,2.06,676.8,0.3,0.05,детская гигиена;фрукты;детские каши;хлеб;молочка
u_000438,family_000438,ТС5,дети до 3,true,охотник,2-3,5,2.16,676.8,0.5,0.25,детская гигиена;подгузники;молочка;фрукты;детские каши
u_000439,family_000439,ТС5,молодёжь,true,охотник,none,4,1.16,564.0,0.5,0.25,выпечка;напитки;готовая еда;снеки;молочка
u_000440,family_000440,ТС5,дети до 3,true,охотник,1-2,1,1.87,676.8,0.5,0.25,детская гигиена;фрукты;хлеб;подгузники;молочка
u_000441,family_000441,ТСЧ,молодёжь,true,хозяин,none,6,1.02,711.0,0.3,0.05,выпечка;молочка;готовая еда;напитки;снеки
u_000442,family_000442,ТСЧ,молодёжь,true,охотник,none,16,1.37,711.0,0.5,0.25,снеки;фрукты;выпечка;напитки;готовая еда
u_000443,family_000443,ТСХ,зрелые,true,хозяин,none,17,1.26,878.0,0.3,0.05,крупы;гигиена;овощи;фрукты;мясо
u_000444,family_000444,ТС5,молодёжь,true,хозяин,none,4,0.52,564.0,0.3,0.05,молочка;фрукты;выпечка;готовая еда;напитки
u_000445,family_000445,ТС5,старшие,true,хозяин,none,18,3.01,564.0,0.3,0.05,молочка;рыба;хлеб;овощи;творог
u_000446,family_000446,ТСЧ,дети до 3,true,хозяин,1-2,17,2.13,853.2,0.3,0.05,подгузники;фрукты;детские каши;хлеб;детская гигиена
u_000447,family_000447,ТСХ,дети до 3,true,охотник,2-3,4,2.14,1053.6,0.5,0.25,молочка;детские каши;детская гигиена;подгузники;фрукты
u_000448,family_000448,ТС5,дети до 3,true,хозяин,0-6,1,2.37,676.8,0.3,0.05,подгузники;фрукты;хлеб;детская гигиена;детские каши
u_000449,family_000449,ТС5,молодёжь,true,хозяин,none,5,0.93,564.0,0.3,0.05,молочка;напитки;фрукты;выпечка;снеки
u_000450,family_000450,ТС5,дети до 3,true,категорийный,1-2,7,2.12,676.8,0.3,0.05,фрукты;детские каши;детская гигиена;хлеб;молочка
u_000451,family_000451,ТС5,молодёжь,true,хозяин,none,13,1.24,564.0,0.3,0.05,фрукты;готовая еда;снеки;выпечка;молочка
u_000452,family_000452,ТС5,дети до 3,true,охотник,2-3,20,2.55,676.8,0.5,0.25,хлеб;подгузники;детская гигиена;детские каши;фрукты
u_000453,family_000453,ТСЧ,старшие,true,хозяин,none,20,2.87,711.0,0.3,0.05,молочка;овощи;крупы;хлеб;рыба
u_000454,family_000454,ТС5,зрелые,true,категорийный,none,13,1.61,564.0,0.3,0.05,мясо;овощи;гигиена;молочка;фрукты
u_000455,family_000455,ТС5,дети до 3,true,хозяин,2-3,10,1.79,676.8,0.3,0.05,фрукты;хлеб;детская гигиена;молочка;подгузники
u_000456,family_000456,ТС5,молодёжь,true,охотник,none,6,0.59,564.0,0.5,0.25,напитки;выпечка;фрукты;молочка;снеки
u_000457,family_000457,ТС5,молодёжь,true,хозяин,none,3,1.42,564.0,0.3,0.05,молочка;напитки;фрукты;снеки;выпечка
u_000458,family_000458,ТС5,старшие,true,хозяин,none,13,3.15,564.0,0.3,0.05,овощи;крупы;хлеб;рыба;молочка
u_000459,family_000459,ТС5,дети до 3,true,хозяин,0-6,17,2.94,676.8,0.3,0.05,фрукты;хлеб;молочка;детские каши;детская гигиена
u_000460,family_000460,ТСЧ,дети до 3,true,охотник,9-12,15,2.52,853.2,0.5,0.25,фрукты;подгузники;детские каши;хлеб;детская гигиена
u_000461,family_000461,ТС5,дети до 3,true,категорийный,6-9,11,2.12,676.8,0.3,0.05,молочка;фрукты;подгузники;хлеб;детская гигиена
u_000462,family_000462,ТС5,молодёжь,true,охотник,none,11,0.58,564.0,0.5,0.25,снеки;выпечка;напитки;фрукты;готовая еда
u_000463,family_000463,ТСЧ,вредные привычки,true,категорийный,none,7,1.3,711.0,0.3,0.05,хлеб;гигиена;крупы;овощи;молочка
u_000464,family_000464,ТС5,зрелые,true,охотник,none,12,1.16,564.0,0.5,0.25,молочка;гигиена;крупы;фрукты;овощи
u_000465,family_000465,ТС5,зрелые,true,категорийный,none,16,1.37,564.0,0.3,0.05,овощи;фрукты;мясо;гигиена;хлеб
u_000466,family_000466,ТС5,зрелые,true,хозяин,none,13,1.22,564.0,0.3,0.05,мясо;хлеб;молочка;фрукты;крупы
u_000467,family_000467,ТСЧ,молодёжь,true,хозяин,none,6,0.96,711.0,0.3,0.05,готовая еда;молочка;выпечка;снеки;фрукты
u_000468,family_000468,ТС5,молодёжь,true,хозяин,none,11,0.86,564.0,0.3,0.05,напитки;снеки;фрукты;готовая еда;молочка
u_000469,family_000469,ТС5,дети до 3,true,хозяин,1-2,14,1.82,676.8,0.3,0.05,хлеб;молочка;фрукты;детская гигиена;детские каши
u_000470,family_000470,ТС5,дети до 3,true,категорийный,6-9,4,2.58,676.8,0.3,0.05,детская гигиена;фрукты;детские каши;хлеб;подгузники
u_000471,family_000471,ТС5,старшие,true,хозяин,none,1,2.35,564.0,0.3,0.05,хлеб;крупы;овощи;творог;рыба
u_000472,family_000472,ТС5,зрелые,true,хозяин,none,4,1.69,564.0,0.3,0.05,молочка;хлеб;овощи;фрукты;мясо
u_000473,family_000473,ТС5,зрелые,true,хозяин,none,12,1.56,564.0,0.3,0.05,гигиена;овощи;крупы;молочка;хлеб
u_000474,family_000474,ТС5,зрелые,true,категорийный,none,7,1.58,564.0,0.3,0.05,крупы;гигиена;мясо;хлеб;фрукты
u_000475,family_000475,ТС5,дети до 3,true,хозяин,1-2,3,2.07,676.8,0.3,0.05,молочка;детские каши;детская гигиена;подгузники;фрукты
u_000476,family_000476,ТС5,дети до 3,true,хозяин,0-6,3,1.74,676.8,0.3,0.05,детская гигиена;молочка;фрукты;детские каши;хлеб
u_000477,family_000477,ТСХ,зрелые,true,хозяин,none,15,1.78,878.0,0.3,0.05,овощи;крупы;мясо;фрукты;хлеб
u_000478,family_000478,ТС5,зрелые,true,хозяин,none,8,1.66,564.0,0.3,0.05,крупы;гигиена;молочка;хлеб;мясо
u_000479,family_000479,ТС5,молодёжь,true,категорийный,none,16,1.05,564.0,0.3,0.05,готовая еда;выпечка;фрукты;молочка;снеки
u_000480,family_000480,ТС5,молодёжь,true,категорийный,none,13,0.81,564.0,0.3,0.05,снеки;напитки;выпечка;молочка;готовая еда
u_000481,family_000481,ТС5,зрелые,true,хозяин,none,12,1.86,564.0,0.3,0.05,овощи;фрукты;крупы;гигиена;мясо
u_000482,family_000482,ТС5,старшие,true,охотник,none,6,3.18,564.0,0.5,0.25,хлеб;творог;рыба;овощи;крупы
u_000483,family_000483,ТСЧ,дети до 3,true,хозяин,0-6,15,1.96,853.2,0.3,0.05,детские каши;молочка;детская гигиена;хлеб;подгузники
u_000484,family_000484,ТС5,зрелые,true,охотник,none,12,1.29,564.0,0.5,0.25,мясо;молочка;фрукты;гигиена;хлеб
u_000485,family_000485,ТС5,дети до 3,true,хозяин,6-9,1,2.32,676.8,0.3,0.05,детская гигиена;детские каши;фрукты;хлеб;подгузники
u_000486,family_000486,ТС5,зрелые,true,хозяин,none,13,1.22,564.0,0.3,0.05,молочка;фрукты;хлеб;овощи;мясо
u_000487,family_000487,ТС5,дети до 3,true,хозяин,6-9,3,1.77,676.8,0.3,0.05,молочка;подгузники;детские каши;хлеб;детская гигиена
u_000488,family_000488,ТС5,дети до 3,true,хозяин,0-6,5,1.57,676.8,0.3,0.05,фрукты;подгузники;детская гигиена;хлеб;детские каши
u_000489,family_000489,ТС5,зрелые,true,охотник,none,8,1.09,564.0,0.5,0.25,молочка;фрукты;хлеб;овощи;мясо
u_000490,family_000490,ТС5,зрелые,true,категорийный,none,15,1.7,564.0,0.3,0.05,молочка;овощи;гигиена;хлеб;мясо
u_000491,family_000491,ТС5,вредные привычки,true,хозяин,none,6,0.99,564.0,0.3,0.05,гигиена;овощи;фрукты;молочка;мясо
u_000492,family_000492,ТСЧ,зрелые,true,хозяин,none,15,1.25,711.0,0.3,0.05,молочка;хлеб;фрукты;гигиена;овощи
u_000493,family_000493,ТС5,молодёжь,true,хозяин,none,10,1.44,564.0,0.3,0.05,снеки;готовая еда;молочка;фрукты;напитки
u_000494,family_000494,ТС5,молодёжь,true,охотник,none,7,1.47,564.0,0.5,0.25,снеки;выпечка;напитки;готовая еда;молочка
u_000495,family_000495,ТСХ,дети до 3,true,хозяин,6-9,1,2.95,1053.6,0.3,0.05,фрукты;детские каши;детская гигиена;хлеб;подгузники
u_000496,family_000496,ТС5,дети до 3,true,охотник,9-12,2,1.59,676.8,0.5,0.25,хлеб;детская гигиена;подгузники;детские каши;фрукты
u_000497,family_000497,ТС5,старшие,true,охотник,none,12,3.61,564.0,0.5,0.25,хлеб;крупы;молочка;овощи;творог
u_000498,family_000498,ТС5,молодёжь,true,охотник,none,16,1.21,564.0,0.5,0.25,молочка;напитки;выпечка;готовая еда;фрукты
u_000499,family_000499,ТС5,молодёжь,true,хозяин,none,20,1.41,564.0,0.3,0.05,молочка;снеки;готовая еда;напитки;выпечка
u_000500,family_000500,ТС5,зрелые,true,хозяин,none,15,1.0,564.0,0.3,0.05,крупы;мясо;фрукты;хлеб;молочка
u_000501,family_000501,ТС5,молодёжь,true,охотник,none,11,1.22,564.0,0.5,0.25,фрукты;молочка;выпечка;готовая еда;снеки
u_000502,family_000502,ТСХ,молодёжь,true,хозяин,none,14,1.14,878.0,0.3,0.05,готовая еда;фрукты;молочка;выпечка;напитки
u_000503,family_000503,ТС5,молодёжь,true,хозяин,none,7,0.6,564.0,0.3,0.05,молочка;выпечка;фрукты;напитки;снеки
u_000504,family_000504,ТС5,молодёжь,true,охотник,none,1,1.43,564.0,0.5,0.25,снеки;выпечка;готовая еда;фрукты;молочка
u_000505,family_000505,ТС5,зрелые,true,охотник,none,12,1.79,564.0,0.5,0.25,молочка;мясо;овощи;гигиена;крупы
u_000506,family_000506,ТС5,молодёжь,true,категорийный,none,17,0.6,564.0,0.3,0.05,фрукты;снеки;выпечка;готовая еда;напитки
u_000507,family_000507,ТС5,молодёжь,true,охотник,none,6,1.06,564.0,0.5,0.25,молочка;выпечка;готовая еда;напитки;снеки
u_000508,family_000508,ТС5,зрелые,true,хозяин,none,4,1.17,564.0,0.3,0.05,хлеб;мясо;фрукты;овощи;крупы
u_000509,family_000509,ТС5,старшие,true,хозяин,none,12,3.8,564.0,0.3,0.05,творог;овощи;рыба;крупы;хлеб
u_000510,family_000510,ТСЧ,дети до 3,true,хозяин,2-3,7,2.06,853.2,0.3,0.05,фрукты;молочка;хлеб;детская гигиена;детские каши
u_000511,family_000511,ТСЧ,молодёжь,true,хозяин,none,10,1.1,711.0,0.3,0.05,молочка;снеки;напитки;готовая еда;фрукты
u_000512,family_000512,ТСЧ,молодёжь,true,хозяин,none,9,1.42,711.0,0.3,0.05,молочка;фрукты;снеки;готовая еда;напитки
u_000513,family_000513,ТС5,молодёжь,true,хозяин,none,19,0.75,564.0,0.3,0.05,напитки;фрукты;готовая еда;молочка;снеки
u_000514,family_000514,ТС5,молодёжь,true,хозяин,none,11,1.29,564.0,0.3,0.05,снеки;выпечка;готовая еда;напитки;фрукты
u_000515,family_000515,ТС5,зрелые,true,хозяин,none,2,1.92,564.0,0.3,0.05,овощи;гигиена;фрукты;мясо;молочка
u_000516,family_000516,ТСЧ,молодёжь,true,охотник,none,20,1.43,711.0,0.5,0.25,фрукты;выпечка;готовая еда;снеки;молочка
u_000517,family_000517,ТС5,дети до 3,true,хозяин,6-9,5,1.58,676.8,0.3,0.05,хлеб;детские каши;фрукты;молочка;подгузники
u_000518,family_000518,ТС5,молодёжь,true,хозяин,none,5,0.84,564.0,0.3,0.05,выпечка;молочка;готовая еда;напитки;снеки
u_000519,family_000519,ТС5,вредные привычки,true,хозяин,none,5,1.56,564.0,0.3,0.05,фрукты;мясо;хлеб;гигиена;крупы
u_000520,family_000520,ТС5,молодёжь,true,охотник,none,17,0.75,564.0,0.5,0.25,готовая еда;напитки;выпечка;снеки;фрукты
u_000521,family_000521,ТС5,вредные привычки,true,хозяин,none,7,1.12,564.0,0.3,0.05,мясо;крупы;молочка;овощи;гигиена
u_000522,family_000522,ТСЧ,зрелые,true,категорийный,none,15,1.62,711.0,0.3,0.05,фрукты;молочка;хлеб;мясо;овощи
u_000523,family_000523,ТС5,зрелые,true,охотник,none,4,1.74,564.0,0.5,0.25,хлеб;мясо;гигиена;овощи;молочка
u_000524,family_000524,ТС5,зрелые,true,хозяин,none,16,1.02,564.0,0.3,0.05,хлеб;крупы;мясо;гигиена;молочка
u_000525,family_000525,ТС5,зрелые,true,хозяин,none,20,1.73,564.0,0.3,0.05,хлеб;крупы;молочка;фрукты;овощи
u_000526,family_000526,ТСЧ,дети до 3,true,хозяин,0-6,10,1.8,853.2,0.3,0.05,хлеб;фрукты;молочка;подгузники;детская гигиена
u_000527,family_000527,ТС5,молодёжь,true,хозяин,none,9,1.16,564.0,0.3,0.05,фрукты;напитки;готовая еда;выпечка;снеки
u_000528,family_000528,ТСЧ,зрелые,true,хозяин,none,13,1.51,711.0,0.3,0.05,крупы;молочка;овощи;фрукты;мясо
u_000529,family_000529,ТС5,молодёжь,true,хозяин,none,15,1.06,564.0,0.3,0.05,фрукты;готовая еда;молочка;выпечка;снеки
u_000530,family_000530,ТС5,вредные привычки,true,хозяин,none,12,1.48,564.0,0.3,0.05,овощи;крупы;гигиена;хлеб;мясо
u_000531,family_000531,ТС5,молодёжь,true,хозяин,none,13,1.39,564.0,0.3,0.05,готовая еда;молочка;напитки;фрукты;выпечка
u_000532,family_000532,ТС5,вредные привычки,true,хозяин,none,13,1.32,564.0,0.3,0.05,крупы;мясо;хлеб;фрукты;молочка
u_000533,family_000533,ТС5,дети до 3,true,хозяин,2-3,11,2.17,676.8,0.3,0.05,детская гигиена;хлеб;фрукты;молочка;подгузники
u_000534,family_000534,ТСЧ,дети до 3,true,охотник,2-3,5,2.15,853.2,0.5,0.25,детская гигиена;фрукты;хлеб;детские каши;подгузники
u_000535,family_000535,ТС5,старшие,true,хозяин,none,11,3.68,564.0,0.3,0.05,крупы;молочка;овощи;рыба;хлеб
u_000536,family_000536,ТС5,зрелые,true,охотник,none,9,1.15,564.0,0.5,0.25,хлеб;молочка;гигиена;мясо;крупы
u_000537,family_000537,ТСХ,зрелые,true,хозяин,none,19,1.61,878.0,0.3,0.05,мясо;хлеб;крупы;молочка;гигиена
u_000538,family_000538,ТС5,зрелые,true,хозяин,none,20,1.47,564.0,0.3,0.05,крупы;овощи;хлеб;фрукты;мясо
u_000539,family_000539,ТС5,молодёжь,true,хозяин,none,14,1.26,564.0,0.3,0.05,готовая еда;напитки;выпечка;фрукты;молочка
u_000540,family_000540,ТСХ,молодёжь,true,категорийный,none,15,1.37,878.0,0.3,0.05,выпечка;напитки;фрукты;готовая еда;снеки
u_000541,family_000541,ТС5,молодёжь,true,охотник,none,13,1.22,564.0,0.5,0.25,выпечка;молочка;готовая еда;напитки;фрукты
u_000542,family_000542,ТС5,зрелые,true,хозяин,none,8,1.52,564.0,0.3,0.05,фрукты;крупы;молочка;гигиена;овощи
u_000543,family_000543,ТСХ,старшие,true,хозяин,none,15,2.8,878.0,0.3,0.05,овощи;рыба;хлеб;молочка;крупы
u_000544,family_000544,ТС5,старшие,true,охотник,none,5,2.93,564.0,0.5,0.25,рыба;хлеб;молочка;овощи;творог
u_000545,family_000545,ТС5,дети до 3,true,категорийный,2-3,5,2.09,676.8,0.3,0.05,молочка;детские каши;подгузники;фрукты;детская гигиена
u_000546,family_000546,ТС5,зрелые,true,хозяин,none,15,1.09,564.0,0.3,0.05,овощи;крупы;хлеб;молочка;фрукты
u_000547,family_000547,ТС5,дети до 3,true,хозяин,2-3,13,2.59,676.8,0.3,0.05,фрукты;хлеб;детская гигиена;детские каши;молочка
u_000548,family_000548,ТС5,молодёжь,true,хозяин,none,5,0.66,564.0,0.3,0.05,снеки;фрукты;готовая еда;молочка;напитки
u_000549,family_000549,ТС5,зрелые,true,хозяин,none,6,1.12,564.0,0.3,0.05,хлеб;гигиена;молочка;овощи;мясо
u_000550,family_000550,ТС5,зрелые,true,хозяин,none,1,1.61,564.0,0.3,0.05,фрукты;хлеб;крупы;гигиена;мясо
u_000551,family_000551,ТС5,молодёжь,true,охотник,none,8,1.38,564.0,0.5,0.25,напитки;молочка;снеки;готовая еда;фрукты
u_000552,family_000552,ТС5,дети до 3,true,хозяин,0-6,19,2.76,676.8,0.3,0.05,молочка;хлеб;подгузники;детские каши;фрукты
u_000553,family_000553,ТС5,молодёжь,true,охотник,none,20,1.16,564.0,0.5,0.25,фрукты;молочка;снеки;выпечка;напитки
u_000554,family_000554,ТСЧ,молодёжь,true,хозяин,none,12,1.4,711.0,0.3,0.05,готовая еда;выпечка;фрукты;снеки;напитки
u_000555,family_000555,ТС5,зрелые,true,хозяин,none,17,1.41,564.0,0.3,0.05,хлеб;крупы;гигиена;молочка;фрукты
u_000556,family_000556,ТС5,старшие,true,хозяин,none,3,2.97,564.0,0.3,0.05,рыба;творог;овощи;крупы;хлеб
u_000557,family_000557,ТС5,дети до 3,true,охотник,6-9,20,2.34,676.8,0.5,0.25,фрукты;детские каши;хлеб;подгузники;молочка
u_000558,family_000558,ТСХ,старшие,true,хозяин,none,1,2.93,878.0,0.3,0.05,молочка;крупы;хлеб;творог;рыба
u_000559,family_000559,ТС5,дети до 3,true,охотник,0-6,7,2.54,676.8,0.5,0.25,молочка;подгузники;хлеб;детская гигиена;детские каши
u_000560,family_000560,ТСХ,молодёжь,true,хозяин,none,13,1.22,878.0,0.3,0.05,молочка;готовая еда;снеки;фрукты;выпечка
u_000561,family_000561,ТСЧ,старшие,true,хозяин,none,16,3.59,711.0,0.3,0.05,рыба;крупы;хлеб;молочка;творог
u_000562,family_000562,ТСЧ,дети до 3,true,хозяин,1-2,2,2.75,853.2,0.3,0.05,молочка;фрукты;хлеб;детские каши;подгузники
u_000563,family_000563,ТС5,зрелые,true,охотник,none,12,1.07,564.0,0.5,0.25,хлеб;овощи;молочка;крупы;гигиена
u_000564,family_000564,ТС5,зрелые,true,хозяин,none,13,1.19,564.0,0.3,0.05,молочка;овощи;крупы;гигиена;хлеб
u_000565,family_000565,ТС5,дети до 3,true,хозяин,1-2,10,1.82,676.8,0.3,0.05,молочка;детская гигиена;подгузники;фрукты;детские каши
u_000566,family_000566,ТСХ,старшие,true,хозяин,none,1,3.6,878.0,0.3,0.05,творог;крупы;рыба;хлеб;овощи
u_000567,family_000567,ТСХ,дети до 3,true,охотник,6-9,4,2.73,1053.6,0.5,0.25,фрукты;детская гигиена;хлеб;молочка;подгузники
u_000568,family_000568,ТС5,зрелые,true,хозяин,none,1,1.31,564.0,0.3,0.05,молочка;крупы;мясо;гигиена;хлеб
u_000569,family_000569,ТС5,молодёжь,true,хозяин,none,10,0.52,564.0,0.3,0.05,напитки;снеки;фрукты;готовая еда;выпечка
u_000570,family_000570,ТС5,дети до 3,true,охотник,0-6,9,1.72,676.8,0.5,0.25,молочка;подгузники;фрукты;хлеб;детские каши
u_000571,family_000571,ТС5,молодёжь,true,хозяин,none,5,1.44,564.0,0.3,0.05,напитки;молочка;снеки;готовая еда;фрукты
u_000572,family_000572,ТС5,старшие,true,хозяин,none,2,2.26,564.0,0.3,0.05,хлеб;молочка;творог;крупы;рыба
u_000573,family_000573,ТС5,вредные привычки,true,охотник,none,19,1.43,564.0,0.5,0.25,крупы;гигиена;фрукты;овощи;хлеб
u_000574,family_000574,ТС5,молодёжь,true,охотник,none,18,0.58,564.0,0.5,0.25,выпечка;молочка;снеки;готовая еда;фрукты
u_000575,family_000575,ТС5,молодёжь,true,охотник,none,15,0.97,564.0,0.5,0.25,снеки;фрукты;напитки;молочка;выпечка
u_000576,family_000576,ТС5,старшие,true,хозяин,none,11,2.91,564.0,0.3,0.05,молочка;рыба;хлеб;творог;крупы
u_000577,family_000577,ТС5,зрелые,true,хозяин,none,12,1.6,564.0,0.3,0.05,хлеб;мясо;молочка;фрукты;овощи
u_000578,family_000578,ТСХ,вредные привычки,true,охотник,none,10,1.33,878.0,0.5,0.25,фрукты;мясо;гигиена;хлеб;овощи
u_000579,family_000579,ТС5,молодёжь,true,хозяин,none,3,0.84,564.0,0.3,0.05,фрукты;молочка;выпечка;снеки;напитки
u_000580,family_000580,ТС5,молодёжь,true,охотник,none,3,1.24,564.0,0.5,0.25,фрукты;молочка;выпечка;готовая еда;снеки
u_000581,family_000581,ТС5,молодёжь,true,хозяин,none,10,1.46,564.0,0.3,0.05,готовая еда;молочка;фрукты;напитки;снеки
u_000582,family_000582,ТС5,дети до 3,true,хозяин,6-9,5,2.83,676.8,0.3,0.05,хлеб;подгузники;детская гигиена;молочка;фрукты
u_000583,family_000583,ТС5,молодёжь,true,охотник,none,15,0.7,564.0,0.5,0.25,фрукты;напитки;молочка;выпечка;снеки
u_000584,family_000584,ТСЧ,старшие,true,охотник,none,12,3.98,711.0,0.5,0.25,творог;молочка;хлеб;рыба;крупы
u_000585,family_000585,ТС5,старшие,true,категорийный,none,1,3.41,564.0,0.3,0.05,овощи;молочка;рыба;творог;хлеб
u_000586,family_000586,ТС5,дети до 3,true,охотник,1-2,13,2.07,676.8,0.5,0.25,фрукты;детская гигиена;хлеб;детские каши;подгузники
u_000587,family_000587,ТС5,вредные привычки,true,категорийный,none,14,0.95,564.0,0.3,0.05,гигиена;крупы;хлеб;мясо;молочка
u_000588,family_000588,ТС5,молодёжь,true,охотник,none,16,1.16,564.0,0.5,0.25,снеки;готовая еда;фрукты;напитки;выпечка
u_000589,family_000589,ТСЧ,старшие,true,охотник,none,14,3.25,711.0,0.5,0.25,хлеб;творог;рыба;овощи;крупы
u_000590,family_000590,ТС5,молодёжь,true,хозяин,none,1,1.08,564.0,0.3,0.05,фрукты;снеки;напитки;молочка;выпечка
u_000591,family_000591,ТС5,молодёжь,true,хозяин,none,12,0.61,564.0,0.3,0.05,выпечка;готовая еда;снеки;напитки;фрукты
u_000592,family_000592,ТС5,молодёжь,true,охотник,none,3,0.75,564.0,0.5,0.25,фрукты;готовая еда;напитки;выпечка;молочка
u_000593,family_000593,ТСЧ,дети до 3,true,хозяин,1-2,17,2.86,853.2,0.3,0.05,фрукты;молочка;детские каши;детская гигиена;хлеб
u_000594,family_000594,ТС5,молодёжь,true,категорийный,none,10,1.23,564.0,0.3,0.05,молочка;напитки;готовая еда;фрукты;снеки
u_000595,family_000595,ТС5,дети до 3,true,охотник,9-12,20,1.54,676.8,0.5,0.25,детские каши;подгузники;детская гигиена;молочка;фрукты
u_000596,family_000596,ТСЧ,вредные привычки,true,хозяин,none,9,1.08,711.0,0.3,0.05,овощи;молочка;крупы;хлеб;гигиена
u_000597,family_000597,ТСХ,зрелые,true,хозяин,none,6,1.26,878.0,0.3,0.05,крупы;хлеб;фрукты;гигиена;овощи
u_000598,family_000598,ТСЧ,дети до 3,true,хозяин,6-9,20,2.9,853.2,0.3,0.05,детская гигиена;детские каши;фрукты;хлеб;подгузники
u_000599,family_000599,ТС5,зрелые,true,хозяин,none,19,1.73,564.0,0.3,0.05,овощи;молочка;гигиена;крупы;фрукты
u_000600,family_000600,ТС5,вредные привычки,true,хозяин,none,18,1.03,564.0,0.3,0.05,крупы;гигиена;фрукты;мясо;хлеб
u_000601,family_000601,ТС5,зрелые,true,хозяин,none,15,1.38,564.0,0.3,0.05,овощи;мясо;молочка;крупы;гигиена
u_000602,family_000602,ТС5,старшие,true,хозяин,none,9,2.67,564.0,0.3,0.05,овощи;молочка;рыба;хлеб;крупы
u_000603,family_000603,ТС5,дети до 3,true,хозяин,2-3,7,2.28,676.8,0.3,0.05,хлеб;детская гигиена;молочка;детские каши;подгузники
u_000604,family_000604,ТС5,зрелые,true,хозяин,none,4,1.53,564.0,0.3,0.05,крупы;фрукты;овощи;хлеб;мясо
u_000605,family_000605,ТС5,молодёжь,true,хозяин,none,3,0.56,564.0,0.3,0.05,молочка;снеки;готовая еда;напитки;выпечка
u_000606,family_000606,ТС5,дети до 3,true,хозяин,2-3,6,2.84,676.8,0.3,0.05,хлеб;детская гигиена;молочка;фрукты;детские каши
u_000607,family_000607,ТС5,молодёжь,true,хозяин,none,9,1.27,564.0,0.3,0.05,фрукты;напитки;молочка;готовая еда;выпечка
u_000608,family_000608,ТС5,молодёжь,true,хозяин,none,2,0.76,564.0,0.3,0.05,напитки;снеки;выпечка;готовая еда;молочка
u_000609,family_000609,ТСЧ,молодёжь,true,хозяин,none,16,0.61,711.0,0.3,0.05,молочка;выпечка;снеки;напитки;готовая еда
u_000610,family_000610,ТСЧ,зрелые,true,хозяин,none,3,1.07,711.0,0.3,0.05,крупы;овощи;фрукты;молочка;хлеб
u_000611,family_000611,ТС5,дети до 3,true,категорийный,1-2,9,1.73,676.8,0.3,0.05,молочка;детские каши;подгузники;хлеб;детская гигиена
u_000612,family_000612,ТС5,вредные привычки,true,охотник,none,3,1.34,564.0,0.5,0.25,молочка;фрукты;крупы;гигиена;овощи
u_000613,family_000613,ТС5,старшие,true,хозяин,none,10,2.8,564.0,0.3,0.05,рыба;молочка;овощи;хлеб;крупы
u_000614,family_000614,ТС5,дети до 3,true,охотник,6-9,6,2.33,676.8,0.5,0.25,детские каши;детская гигиена;молочка;хлеб;фрукты
u_000615,family_000615,ТСЧ,зрелые,true,хозяин,none,3,1.89,711.0,0.3,0.05,фрукты;крупы;хлеб;мясо;молочка
u_000616,family_000616,ТС5,зрелые,true,хозяин,none,16,1.39,564.0,0.3,0.05,гигиена;мясо;овощи;фрукты;крупы
u_000617,family_000617,ТСЧ,зрелые,true,категорийный,none,1,1.04,711.0,0.3,0.05,молочка;овощи;гигиена;фрукты;мясо
u_000618,family_000618,ТС5,дети до 3,true,охотник,2-3,5,2.61,676.8,0.5,0.25,детская гигиена;подгузники;фрукты;молочка;детские каши
u_000619,family_000619,ТС5,молодёжь,true,категорийный,none,20,0.55,564.0,0.3,0.05,фрукты;снеки;готовая еда;выпечка;напитки
u_000620,family_000620,ТСЧ,зрелые,true,хозяин,none,20,1.17,711.0,0.3,0.05,мясо;молочка;крупы;гигиена;хлеб
u_000621,family_000621,ТС5,дети до 3,true,хозяин,6-9,14,2.01,676.8,0.3,0.05,хлеб;детские каши;молочка;подгузники;фрукты
u_000622,family_000622,ТС5,старшие,true,хозяин,none,2,3.19,564.0,0.3,0.05,овощи;молочка;творог;крупы;хлеб
u_000623,family_000623,ТСХ,молодёжь,true,хозяин,none,6,0.94,878.0,0.3,0.05,молочка;готовая еда;снеки;фрукты;выпечка
u_000624,family_000624,ТСХ,молодёжь,true,хозяин,none,1,0.51,878.0,0.3,0.05,готовая еда;молочка;напитки;снеки;выпечка
u_000625,family_000625,ТС5,молодёжь,true,охотник,none,17,0.95,564.0,0.5,0.25,снеки;фрукты;готовая еда;напитки;выпечка
u_000626,family_000626,ТСХ,зрелые,true,хозяин,none,10,1.35,878.0,0.3,0.05,молочка;мясо;хлеб;крупы;гигиена
u_000627,family_000627,ТСЧ,старшие,true,охотник,none,18,3.02,711.0,0.5,0.25,хлеб;крупы;овощи;молочка;рыба
u_000628,family_000628,ТС5,молодёжь,true,охотник,none,16,1.0,564.0,0.5,0.25,снеки;готовая еда;молочка;напитки;фрукты
u_000629,family_000629,ТС5,дети до 3,true,хозяин,1-2,2,1.66,676.8,0.3,0.05,подгузники;фрукты;детская гигиена;хлеб;молочка
u_000630,family_000630,ТС5,молодёжь,true,охотник,none,15,1.09,564.0,0.5,0.25,напитки;выпечка;снеки;фрукты;молочка
u_000631,family_000631,ТС5,молодёжь,true,хозяин,none,8,1.24,564.0,0.3,0.05,снеки;выпечка;фрукты;готовая еда;молочка
u_000632,family_000632,ТС5,молодёжь,true,хозяин,none,7,1.43,564.0,0.3,0.05,выпечка;снеки;фрукты;молочка;готовая еда
u_000633,family_000633,ТС5,молодёжь,true,хозяин,none,9,0.7,564.0,0.3,0.05,снеки;готовая еда;молочка;фрукты;выпечка
u_000634,family_000634,ТС5,дети до 3,true,хозяин,9-12,8,2.83,676.8,0.3,0.05,фрукты;детская гигиена;хлеб;молочка;подгузники
u_000635,family_000635,ТС5,зрелые,true,хозяин,none,7,1.59,564.0,0.3,0.05,гигиена;фрукты;овощи;молочка;мясо
u_000636,family_000636,ТС5,зрелые,true,хозяин,none,14,1.58,564.0,0.3,0.05,мясо;хлеб;гигиена;молочка;крупы
u_000637,family_000637,ТСЧ,молодёжь,true,хозяин,none,17,0.53,711.0,0.3,0.05,молочка;выпечка;фрукты;напитки;готовая еда
u_000638,family_000638,ТС5,молодёжь,true,хозяин,none,1,1.19,564.0,0.3,0.05,выпечка;снеки;молочка;фрукты;напитки
u_000639,family_000639,ТС5,старшие,true,хозяин,none,10,2.32,564.0,0.3,0.05,хлеб;творог;молочка;крупы;овощи
u_000640,family_000640,ТСХ,зрелые,true,хозяин,none,12,1.63,878.0,0.3,0.05,крупы;гигиена;молочка;мясо;хлеб
u_000641,family_000641,ТСЧ,дети до 3,true,хозяин,1-2,9,2.55,853.2,0.3,0.05,фрукты;хлеб;детская гигиена;молочка;подгузники
u_000642,family_000642,ТС5,молодёжь,true,категорийный,none,17,1.45,564.0,0.3,0.05,фрукты;напитки;готовая еда;выпечка;снеки
u_000643,family_000643,ТС5,дети до 3,true,хозяин,6-9,18,2.56,676.8,0.3,0.05,фрукты;детская гигиена;хлеб;детские каши;подгузники
u_000644,family_000644,ТС5,дети до 3,true,охотник,2-3,7,2.63,676.8,0.5,0.25,детская гигиена;молочка;фрукты;хлеб;детские каши
u_000645,family_000645,ТС5,молодёжь,true,хозяин,none,16,1.0,564.0,0.3,0.05,готовая еда;выпечка;напитки;снеки;молочка
u_000646,family_000646,ТСХ,старшие,true,охотник,none,3,2.38,878.0,0.5,0.25,хлеб;молочка;творог;крупы;рыба
u_000647,family_000647,ТС5,старшие,true,хозяин,none,9,2.22,564.0,0.3,0.05,крупы;хлеб;рыба;молочка;овощи
u_000648,family_000648,ТС5,старшие,true,хозяин,none,5,2.95,564.0,0.3,0.05,хлеб;рыба;молочка;крупы;творог
u_000649,family_000649,ТС5,зрелые,true,хозяин,none,17,1.64,564.0,0.3,0.05,фрукты;мясо;овощи;крупы;хлеб
u_000650,family_000650,ТС5,зрелые,true,охотник,none,15,1.46,564.0,0.5,0.25,мясо;хлеб;овощи;крупы;фрукты
u_000651,family_000651,ТС5,вредные привычки,true,хозяин,none,2,0.95,564.0,0.3,0.05,овощи;фрукты;хлеб;мясо;гигиена
u_000652,family_000652,ТС5,молодёжь,true,хозяин,none,5,0.66,564.0,0.3,0.05,готовая еда;фрукты;напитки;выпечка;молочка
u_000653,family_000653,ТС5,молодёжь,true,хозяин,none,2,1.17,564.0,0.3,0.05,напитки;снеки;фрукты;молочка;готовая еда
u_000654,family_000654,ТС5,молодёжь,true,хозяин,none,16,1.27,564.0,0.3,0.05,выпечка;напитки;снеки;готовая еда;фрукты
u_000655,family_000655,ТС5,молодёжь,true,охотник,none,19,1.17,564.0,0.5,0.25,молочка;выпечка;напитки;фрукты;готовая еда
u_000656,family_000656,ТСХ,зрелые,true,хозяин,none,18,1.12,878.0,0.3,0.05,молочка;фрукты;мясо;хлеб;крупы
u_000657,family_000657,ТС5,молодёжь,true,охотник,none,7,1.08,564.0,0.5,0.25,снеки;напитки;фрукты;готовая еда;молочка
u_000658,family_000658,ТС5,дети до 3,true,охотник,0-6,17,2.09,676.8,0.5,0.25,детские каши;молочка;подгузники;фрукты;детская гигиена
u_000659,family_000659,ТС5,зрелые,true,хозяин,none,13,1.37,564.0,0.3,0.05,овощи;гигиена;крупы;мясо;хлеб
u_000660,family_000660,ТСЧ,молодёжь,true,охотник,none,15,1.24,711.0,0.5,0.25,выпечка;фрукты;напитки;готовая еда;снеки
u_000661,family_000661,ТСХ,дети до 3,true,категорийный,2-3,3,1.72,1053.6,0.3,0.05,молочка;детские каши;хлеб;подгузники;детская гигиена
u_000662,family_000662,ТС5,вредные привычки,true,категорийный,none,14,0.97,564.0,0.3,0.05,фрукты;крупы;мясо;хлеб;молочка
u_000663,family_000663,ТС5,вредные привычки,true,хозяин,none,2,1.62,564.0,0.3,0.05,овощи;мясо;гигиена;фрукты;крупы
u_000664,family_000664,ТСХ,молодёжь,true,охотник,none,5,0.76,878.0,0.5,0.25,фрукты;выпечка;готовая еда;напитки;снеки
u_000665,family_000665,ТС5,дети до 3,true,охотник,6-9,1,1.68,676.8,0.5,0.25,молочка;детские каши;подгузники;хлеб;детская гигиена
u_000666,family_000666,ТС5,дети до 3,true,категорийный,1-2,4,2.06,676.8,0.3,0.05,хлеб;фрукты;подгузники;детская гигиена;детские каши
u_000667,family_000667,ТС5,молодёжь,true,хозяин,none,5,0.86,564.0,0.3,0.05,готовая еда;напитки;молочка;снеки;выпечка
u_000668,family_000668,ТС5,молодёжь,true,охотник,none,3,1.01,564.0,0.5,0.25,фрукты;снеки;готовая еда;напитки;выпечка
u_000669,family_000669,ТС5,зрелые,true,охотник,none,10,1.27,564.0,0.5,0.25,крупы;гигиена;овощи;молочка;мясо
u_000670,family_000670,ТС5,зрелые,true,хозяин,none,17,1.28,564.0,0.3,0.05,гигиена;фрукты;крупы;овощи;молочка
u_000671,family_000671,ТС5,молодёжь,true,хозяин,none,7,1.3,564.0,0.3,0.05,молочка;фрукты;готовая еда;снеки;напитки
u_000672,family_000672,ТСЧ,молодёжь,true,хозяин,none,1,0.98,711.0,0.3,0.05,напитки;фрукты;снеки;выпечка;молочка
u_000673,family_000673,ТС5,молодёжь,true,охотник,none,4,0.72,564.0,0.5,0.25,фрукты;снеки;молочка;выпечка;готовая еда
u_000674,family_000674,ТС5,старшие,true,хозяин,none,4,2.16,564.0,0.3,0.05,хлеб;рыба;молочка;творог;овощи
u_000675,family_000675,ТС5,дети до 3,true,охотник,1-2,4,2.86,676.8,0.5,0.25,подгузники;хлеб;молочка;детские каши;фрукты
u_000676,family_000676,ТСХ,зрелые,true,категорийный,none,7,1.59,878.0,0.3,0.05,хлеб;гигиена;овощи;молочка;фрукты
u_000677,family_000677,ТС5,зрелые,true,хозяин,none,19,1.35,564.0,0.3,0.05,хлеб;мясо;крупы;гигиена;овощи
u_000678,family_000678,ТС5,молодёжь,true,хозяин,none,1,1.03,564.0,0.3,0.05,фрукты;снеки;напитки;готовая еда;выпечка
u_000679,family_000679,ТСЧ,молодёжь,true,хозяин,none,17,1.35,711.0,0.3,0.05,выпечка;напитки;снеки;фрукты;готовая еда
u_000680,family_000680,ТС5,молодёжь,true,хозяин,none,7,1.01,564.0,0.3,0.05,выпечка;готовая еда;напитки;молочка;снеки
u_000681,family_000681,ТС5,молодёжь,true,охотник,none,10,1.06,564.0,0.5,0.25,готовая еда;фрукты;напитки;снеки;молочка
u_000682,family_000682,ТС5,дети до 3,true,охотник,1-2,8,2.33,676.8,0.5,0.25,молочка;детские каши;детская гигиена;подгузники;фрукты
u_000683,family_000683,ТСЧ,дети до 3,true,хозяин,1-2,4,2.09,853.2,0.3,0.05,фрукты;подгузники;хлеб;детские каши;детская гигиена
u_000684,family_000684,ТС5,дети до 3,true,хозяин,6-9,3,2.05,676.8,0.3,0.05,детская гигиена;молочка;хлеб;фрукты;детские каши
u_000685,family_000685,ТС5,зрелые,true,охотник,none,9,1.76,564.0,0.5,0.25,гигиена;мясо;крупы;овощи;фрукты
u_000686,family_000686,ТСЧ,дети до 3,true,охотник,1-2,16,2.27,853.2,0.5,0.25,детская гигиена;детские каши;подгузники;фрукты;хлеб
u_000687,family_000687,ТС5,молодёжь,true,категорийный,none,1,0.6,564.0,0.3,0.05,готовая еда;фрукты;выпечка;напитки;молочка
u_000688,family_000688,ТСЧ,дети до 3,true,охотник,6-9,10,2.43,853.2,0.5,0.25,подгузники;хлеб;детские каши;детская гигиена;фрукты
u_000689,family_000689,ТС5,дети до 3,true,охотник,2-3,11,2.71,676.8,0.5,0.25,фрукты;хлеб;подгузники;детские каши;детская гигиена
u_000690,family_000690,ТСЧ,молодёжь,true,хозяин,none,13,0.94,711.0,0.3,0.05,готовая еда;фрукты;снеки;напитки;выпечка
u_000691,family_000691,ТСЧ,молодёжь,true,хозяин,none,10,1.22,711.0,0.3,0.05,выпечка;готовая еда;фрукты;напитки;снеки
u_000692,family_000692,ТС5,зрелые,true,хозяин,none,13,1.26,564.0,0.3,0.05,мясо;фрукты;гигиена;овощи;хлеб
u_000693,family_000693,ТС5,молодёжь,true,хозяин,none,12,0.85,564.0,0.3,0.05,фрукты;молочка;готовая еда;напитки;снеки
u_000694,family_000694,ТС5,дети до 3,true,категорийный,1-2,12,1.58,676.8,0.3,0.05,детская гигиена;хлеб;фрукты;молочка;детские каши
u_000695,family_000695,ТС5,старшие,true,хозяин,none,10,2.23,564.0,0.3,0.05,крупы;молочка;овощи;творог;рыба
u_000696,family_000696,ТС5,дети до 3,true,охотник,1-2,9,1.53,676.8,0.5,0.25,детские каши;фрукты;подгузники;детская гигиена;молочка
u_000697,family_000697,ТС5,молодёжь,true,хозяин,none,16,0.6,564.0,0.3,0.05,фрукты;снеки;напитки;молочка;выпечка
u_000698,family_000698,ТС5,молодёжь,true,категорийный,none,7,1.0,564.0,0.3,0.05,готовая еда;молочка;снеки;выпечка;напитки
u_000699,family_000699,ТС5,старшие,true,хозяин,none,8,3.25,564.0,0.3,0.05,молочка;творог;рыба;овощи;крупы
u_000700,family_000700,ТС5,дети до 3,true,охотник,1-2,7,2.02,676.8,0.5,0.25,подгузники;молочка;фрукты;детская гигиена;детские каши
u_000701,family_000701,ТС5,вредные привычки,true,охотник,none,15,1.47,564.0,0.5,0.25,мясо;хлеб;молочка;крупы;овощи
u_000702,family_000702,ТС5,дети до 3,true,категорийный,1-2,9,2.91,676.8,0.3,0.05,фрукты;хлеб;детские каши;молочка;подгузники
u_000703,family_000703,ТС5,молодёжь,true,хозяин,none,5,1.25,564.0,0.3,0.05,напитки;выпечка;молочка;снеки;готовая еда
u_000704,family_000704,ТС5,зрелые,true,хозяин,none,10,1.65,564.0,0.3,0.05,овощи;крупы;мясо;хлеб;фрукты
u_000705,family_000705,ТС5,молодёжь,true,хозяин,none,10,0.96,564.0,0.3,0.05,молочка;выпечка;фрукты;напитки;готовая еда
u_000706,family_000706,ТС5,молодёжь,true,хозяин,none,9,1.16,564.0,0.3,0.05,снеки;готовая еда;выпечка;молочка;напитки
u_000707,family_000707,ТСЧ,молодёжь,true,охотник,none,3,1.4,711.0,0.5,0.25,выпечка;напитки;готовая еда;снеки;фрукты
u_000708,family_000708,ТС5,дети до 3,true,охотник,0-6,17,2.5,676.8,0.5,0.25,фрукты;хлеб;молочка;детская гигиена;подгузники
u_000709,family_000709,ТС5,молодёжь,true,охотник,none,11,1.33,564.0,0.5,0.25,фрукты;выпечка;снеки;молочка;готовая еда
u_000710,family_000710,ТС5,молодёжь,true,категорийный,none,15,0.91,564.0,0.3,0.05,молочка;готовая еда;выпечка;напитки;снеки
u_000711,family_000711,ТС5,молодёжь,true,хозяин,none,16,1.18,564.0,0.3,0.05,напитки;снеки;фрукты;молочка;выпечка
u_000712,family_000712,ТСЧ,молодёжь,true,категорийный,none,20,0.53,711.0,0.3,0.05,фрукты;готовая еда;снеки;выпечка;напитки
u_000713,family_000713,ТС5,старшие,true,хозяин,none,4,3.07,564.0,0.3,0.05,крупы;хлеб;творог;молочка;рыба
u_000714,family_000714,ТСЧ,старшие,true,хозяин,none,8,2.59,711.0,0.3,0.05,крупы;хлеб;овощи;творог;рыба
u_000715,family_000715,ТСХ,молодёжь,true,хозяин,none,16,0.97,878.0,0.3,0.05,выпечка;напитки;фрукты;готовая еда;молочка
u_000716,family_000716,ТС5,дети до 3,true,хозяин,2-3,18,2.61,676.8,0.3,0.05,детские каши;подгузники;фрукты;молочка;хлеб
u_000717,family_000717,ТС5,зрелые,true,хозяин,none,13,1.2,564.0,0.3,0.05,овощи;гигиена;мясо;молочка;фрукты
u_000718,family_000718,ТС5,дети до 3,true,категорийный,6-9,20,2.53,676.8,0.3,0.05,молочка;детские каши;фрукты;хлеб;подгузники
u_000719,family_000719,ТС5,зрелые,true,охотник,none,10,1.2,564.0,0.5,0.25,фрукты;овощи;хлеб;гигиена;мясо
u_000720,family_000720,ТСЧ,старшие,true,хозяин,none,1,3.85,711.0,0.3,0.05,рыба;творог;крупы;молочка;хлеб
u_000721,family_000721,ТС5,зрелые,true,хозяин,none,13,1.62,564.0,0.3,0.05,мясо;овощи;хлеб;молочка;гигиена
u_000722,family_000722,ТС5,дети до 3,true,хозяин,2-3,14,2.66,676.8,0.3,0.05,детские каши;хлеб;подгузники;фрукты;молочка
u_000723,family_000723,ТС5,зрелые,true,охотник,none,10,1.75,564.0,0.5,0.25,фрукты;хлеб;гигиена;крупы;овощи
u_000724,family_000724,ТС5,зрелые,true,охотник,none,7,1.42,564.0,0.5,0.25,фрукты;хлеб;молочка;овощи;крупы
u_000725,family_000725,ТС5,дети до 3,true,хозяин,2-3,15,1.63,676.8,0.3,0.05,детские каши;детская гигиена;молочка;хлеб;фрукты
u_000726,family_000726,ТС5,зрелые,true,охотник,none,20,1.26,564.0,0.5,0.25,молочка;мясо;гигиена;крупы;хлеб
u_000727,family_000727,ТСЧ,дети до 3,true,хозяин,2-3,20,2.56,853.2,0.3,0.05,подгузники;хлеб;молочка;детские каши;детская гигиена
u_000728,family_000728,ТС5,вредные привычки,true,хозяин,none,18,0.84,564.0,0.3,0.05,хлеб;овощи;гигиена;фрукты;мясо
u_000729,family_000729,ТСЧ,молодёжь,true,хозяин,none,17,0.93,711.0,0.3,0.05,напитки;готовая еда;фрукты;молочка;выпечка
u_000730,family_000730,ТС5,старшие,true,хозяин,none,12,3.85,564.0,0.3,0.05,овощи;рыба;творог;хлеб;крупы
u_000731,family_000731,ТС5,молодёжь,true,охотник,none,16,1.26,564.0,0.5,0.25,снеки;молочка;выпечка;готовая еда;напитки
u_000732,family_000732,ТС5,молодёжь,true,хозяин,none,9,0.66,564.0,0.3,0.05,выпечка;фрукты;готовая еда;снеки;молочка
u_000733,family_000733,ТС5,старшие,true,хозяин,none,15,2.99,564.0,0.3,0.05,рыба;крупы;молочка;творог;хлеб
u_000734,family_000734,ТС5,молодёжь,true,охотник,none,17,1.32,564.0,0.5,0.25,молочка;фрукты;снеки;напитки;готовая еда
u_000735,family_000735,ТС5,дети до 3,true,хозяин,0-6,8,2.65,676.8,0.3,0.05,хлеб;подгузники;молочка;фрукты;детская гигиена
u_000736,family_000736,ТС5,зрелые,true,хозяин,none,19,1.93,564.0,0.3,0.05,молочка;овощи;хлеб;гигиена;фрукты
u_000737,family_000737,ТС5,зрелые,true,хозяин,none,9,1.59,564.0,0.3,0.05,молочка;овощи;гигиена;фрукты;хлеб
u_000738,family_000738,ТСЧ,старшие,true,категорийный,none,19,2.26,711.0,0.3,0.05,молочка;овощи;творог;рыба;хлеб
u_000739,family_000739,ТС5,дети до 3,true,хозяин,9-12,6,1.86,676.8,0.3,0.05,детские каши;подгузники;фрукты;хлеб;молочка
u_000740,family_000740,ТС5,вредные привычки,true,охотник,none,5,0.92,564.0,0.5,0.25,фрукты;гигиена;овощи;хлеб;крупы
u_000741,family_000741,ТС5,зрелые,true,хозяин,none,16,1.45,564.0,0.3,0.05,фрукты;гигиена;овощи;крупы;молочка
u_000742,family_000742,ТСХ,зрелые,true,охотник,none,14,1.63,878.0,0.5,0.25,молочка;гигиена;мясо;овощи;хлеб
u_000743,family_000743,ТС5,дети до 3,true,охотник,1-2,17,2.44,676.8,0.5,0.25,фрукты;подгузники;молочка;детская гигиена;детские каши
u_000744,family_000744,ТС5,зрелые,true,хозяин,none,5,1.68,564.0,0.3,0.05,овощи;хлеб;мясо;фрукты;крупы
u_000745,family_000745,ТС5,дети до 3,true,категорийный,2-3,4,2.27,676.8,0.3,0.05,детские каши;подгузники;хлеб;молочка;детская гигиена
u_000746,family_000746,ТС5,дети до 3,true,охотник,0-6,4,2.61,676.8,0.5,0.25,детские каши;детская гигиена;фрукты;хлеб;подгузники
u_000747,family_000747,ТС5,зрелые,true,хозяин,none,19,1.72,564.0,0.3,0.05,гигиена;крупы;фрукты;овощи;хлеб
u_000748,family_000748,ТСЧ,старшие,true,хозяин,none,6,2.16,711.0,0.3,0.05,творог;овощи;молочка;крупы;хлеб
u_000749,family_000749,ТС5,молодёжь,true,хозяин,none,16,0.96,564.0,0.3,0.05,выпечка;молочка;фрукты;снеки;напитки
u_000750,family_000750,ТС5,старшие,true,охотник,none,10,2.18,564.0,0.5,0.25,крупы;молочка;рыба;творог;овощи
u_000751,family_000751,ТС5,молодёжь,true,хозяин,none,16,1.15,564.0,0.3,0.05,фрукты;снеки;выпечка;напитки;готовая еда
u_000752,family_000752,ТС5,зрелые,true,хозяин,none,14,1.02,564.0,0.3,0.05,хлеб;гигиена;фрукты;мясо;крупы
u_000753,family_000753,ТС5,дети до 3,true,хозяин,9-12,19,2.74,676.8,0.3,0.05,детские каши;подгузники;молочка;фрукты;хлеб
u_000754,family_000754,ТС5,зрелые,true,категорийный,none,16,1.74,564.0,0.3,0.05,мясо;крупы;гигиена;овощи;молочка
u_000755,family_000755,ТС5,дети до 3,true,охотник,2-3,16,1.85,676.8,0.5,0.25,подгузники;фрукты;хлеб;детская гигиена;молочка
u_000756,family_000756,ТС5,молодёжь,true,охотник,none,16,0.62,564.0,0.5,0.25,молочка;напитки;выпечка;фрукты;снеки
u_000757,family_000757,ТС5,молодёжь,true,хозяин,none,12,0.94,564.0,0.3,0.05,молочка;снеки;напитки;выпечка;фрукты
u_000758,family_000758,ТС5,молодёжь,true,охотник,none,14,1.33,564.0,0.5,0.25,фрукты;напитки;выпечка;готовая еда;молочка
u_000759,family_000759,ТС5,зрелые,true,охотник,none,5,1.17,564.0,0.5,0.25,хлеб;мясо;фрукты;молочка;гигиена
u_000760,family_000760,ТСЧ,дети до 3,true,хозяин,2-3,2,3.0,853.2,0.3,0.05,молочка;хлеб;фрукты;детские каши;подгузники
u_000761,family_000761,ТС5,зрелые,true,хозяин,none,3,1.34,564.0,0.3,0.05,молочка;мясо;хлеб;гигиена;овощи
u_000762,family_000762,ТС5,молодёжь,true,хозяин,none,12,1.27,564.0,0.3,0.05,молочка;напитки;снеки;фрукты;готовая еда
u_000763,family_000763,ТСХ,старшие,true,хозяин,none,15,3.93,878.0,0.3,0.05,молочка;рыба;творог;овощи;хлеб
u_000764,family_000764,ТС5,молодёжь,true,хозяин,none,7,1.41,564.0,0.3,0.05,снеки;напитки;выпечка;молочка;фрукты
u_000765,family_000765,ТСХ,молодёжь,true,охотник,none,11,1.32,878.0,0.5,0.25,готовая еда;снеки;выпечка;молочка;фрукты
u_000766,family_000766,ТС5,зрелые,true,хозяин,none,17,1.17,564.0,0.3,0.05,овощи;гигиена;фрукты;крупы;мясо
u_000767,family_000767,ТС5,молодёжь,true,охотник,none,14,1.29,564.0,0.5,0.25,снеки;выпечка;молочка;фрукты;напитки
u_000768,family_000768,ТСЧ,дети до 3,true,охотник,0-6,15,1.72,853.2,0.5,0.25,подгузники;фрукты;хлеб;детские каши;детская гигиена
u_000769,family_000769,ТС5,старшие,true,хозяин,none,2,2.79,564.0,0.3,0.05,молочка;крупы;рыба;овощи;творог
u_000770,family_000770,ТС5,зрелые,true,охотник,none,10,1.72,564.0,0.5,0.25,овощи;гигиена;молочка;крупы;фрукты
u_000771,family_000771,ТС5,молодёжь,true,хозяин,none,7,1.39,564.0,0.3,0.05,молочка;фрукты;выпечка;напитки;снеки
u_000772,family_000772,ТСЧ,зрелые,true,хозяин,none,7,1.88,711.0,0.3,0.05,молочка;гигиена;мясо;овощи;хлеб
u_000773,family_000773,ТСХ,зрелые,true,хозяин,none,18,1.28,878.0,0.3,0.05,молочка;мясо;крупы;овощи;фрукты
u_000774,family_000774,ТС5,дети до 3,true,хозяин,2-3,19,1.89,676.8,0.3,0.05,молочка;детские каши;подгузники;хлеб;фрукты
u_000775,family_000775,ТСЧ,молодёжь,true,хозяин,none,4,0.55,711.0,0.3,0.05,фрукты;готовая еда;выпечка;снеки;молочка
u_000776,family_000776,ТС5,старшие,true,охотник,none,19,3.13,564.0,0.5,0.25,рыба;творог;крупы;хлеб;овощи
u_000777,family_000777,ТС5,зрелые,true,охотник,none,5,1.71,564.0,0.5,0.25,мясо;крупы;хлеб;молочка;гигиена
u_000778,family_000778,ТС5,молодёжь,true,охотник,none,15,0.6,564.0,0.5,0.25,фрукты;выпечка;молочка;готовая еда;напитки
u_000779,family_000779,ТС5,зрелые,true,хозяин,none,15,1.08,564.0,0.3,0.05,крупы;мясо;фрукты;гигиена;хлеб
u_000780,family_000780,ТС5,дети до 3,true,категорийный,1-2,14,2.74,676.8,0.3,0.05,детская гигиена;фрукты;хлеб;детские каши;молочка
u_000781,family_000781,ТС5,зрелые,true,охотник,none,4,1.69,564.0,0.5,0.25,фрукты;гигиена;молочка;хлеб;овощи
u_000782,family_000782,ТС5,старшие,true,охотник,none,14,2.22,564.0,0.5,0.25,овощи;творог;рыба;молочка;хлеб
u_000783,family_000783,ТС5,молодёжь,true,хозяин,none,10,0.99,564.0,0.3,0.05,снеки;фрукты;выпечка;готовая еда;молочка
u_000784,family_000784,ТСЧ,молодёжь,true,охотник,none,16,0.5,711.0,0.5,0.25,молочка;напитки;готовая еда;выпечка;снеки
u_000785,family_000785,ТС5,молодёжь,true,хозяин,none,11,1.28,564.0,0.3,0.05,выпечка;молочка;снеки;готовая еда;фрукты
u_000786,family_000786,ТСХ,зрелые,true,хозяин,none,11,1.09,878.0,0.3,0.05,мясо;крупы;гигиена;фрукты;хлеб
u_000787,family_000787,ТС5,вредные привычки,true,хозяин,none,15,1.54,564.0,0.3,0.05,крупы;молочка;хлеб;гигиена;овощи
u_000788,family_000788,ТС5,зрелые,true,хозяин,none,4,1.64,564.0,0.3,0.05,молочка;хлеб;мясо;гигиена;овощи
u_000789,family_000789,ТС5,зрелые,true,хозяин,none,1,1.12,564.0,0.3,0.05,мясо;хлеб;молочка;овощи;гигиена
u_000790,family_000790,ТС5,зрелые,true,охотник,none,15,1.08,564.0,0.5,0.25,мясо;гигиена;овощи;фрукты;крупы
u_000791,family_000791,ТС5,зрелые,true,хозяин,none,14,1.18,564.0,0.3,0.05,молочка;мясо;овощи;фрукты;хлеб
u_000792,family_000792,ТС5,старшие,true,хозяин,none,10,2.29,564.0,0.3,0.05,овощи;молочка;крупы;хлеб;рыба
u_000793,family_000793,ТС5,молодёжь,true,категорийный,none,6,0.53,564.0,0.3,0.05,готовая еда;напитки;выпечка;фрукты;снеки
u_000794,family_000794,ТС5,старшие,true,хозяин,none,4,2.1,564.0,0.3,0.05,крупы;творог;рыба;хлеб;овощи
u_000795,family_000795,ТСЧ,вредные привычки,true,хозяин,none,18,1.21,711.0,0.3,0.05,фрукты;молочка;гигиена;хлеб;крупы
u_000796,family_000796,ТС5,старшие,true,охотник,none,8,3.53,564.0,0.5,0.25,рыба;крупы;овощи;хлеб;творог
u_000797,family_000797,ТС5,зрелые,true,хозяин,none,5,1.37,564.0,0.3,0.05,хлеб;гигиена;мясо;фрукты;овощи
u_000798,family_000798,ТС5,молодёжь,true,хозяин,none,20,0.79,564.0,0.3,0.05,снеки;готовая еда;молочка;фрукты;напитки
u_000799,family_000799,ТС5,зрелые,true,хозяин,none,12,1.84,564.0,0.3,0.05,хлеб;мясо;крупы;овощи;молочка
u_000800,family_000800,ТС5,дети до 3,true,хозяин,0-6,13,2.55,676.8,0.3,0.05,детская гигиена;фрукты;молочка;хлеб;подгузники
u_000801,family_000801,ТС5,старшие,true,хозяин,none,11,3.27,564.0,0.3,0.05,рыба;хлеб;овощи;молочка;крупы
u_000802,family_000802,ТС5,дети до 3,true,охотник,0-6,5,2.47,676.8,0.5,0.25,подгузники;фрукты;детские каши;хлеб;молочка
u_000803,family_000803,ТС5,вредные привычки,true,охотник,none,16,1.56,564.0,0.5,0.25,мясо;молочка;крупы;гигиена;овощи
u_000804,family_000804,ТС5,молодёжь,true,категорийный,none,13,1.33,564.0,0.3,0.05,напитки;выпечка;снеки;фрукты;готовая еда
u_000805,family_000805,ТС5,вредные привычки,true,хозяин,none,1,1.02,564.0,0.3,0.05,молочка;овощи;крупы;хлеб;гигиена
u_000806,family_000806,ТСЧ,зрелые,true,охотник,none,8,1.23,711.0,0.5,0.25,фрукты;овощи;молочка;крупы;хлеб
u_000807,family_000807,ТСЧ,зрелые,true,хозяин,none,7,1.98,711.0,0.3,0.05,крупы;фрукты;молочка;овощи;гигиена
u_000808,family_000808,ТС5,молодёжь,true,хозяин,none,19,1.17,564.0,0.3,0.05,молочка;фрукты;снеки;готовая еда;напитки
u_000809,family_000809,ТСХ,молодёжь,true,категорийный,none,8,1.38,878.0,0.3,0.05,фрукты;напитки;снеки;молочка;готовая еда
u_000810,family_000810,ТСЧ,зрелые,true,хозяин,none,9,1.68,711.0,0.3,0.05,фрукты;молочка;гигиена;крупы;хлеб
u_000811,family_000811,ТС5,старшие,true,хозяин,none,17,2.93,564.0,0.3,0.05,овощи;творог;молочка;рыба;хлеб
u_000812,family_000812,ТС5,старшие,true,хозяин,none,11,2.01,564.0,0.3,0.05,крупы;овощи;молочка;творог;хлеб
u_000813,family_000813,ТСЧ,молодёжь,true,охотник,none,3,1.42,711.0,0.5,0.25,снеки;фрукты;напитки;молочка;готовая еда
u_000814,family_000814,ТС5,молодёжь,true,хозяин,none,1,1.09,564.0,0.3,0.05,фрукты;напитки;молочка;готовая еда;выпечка
u_000815,family_000815,ТС5,старшие,true,охотник,none,11,3.04,564.0,0.5,0.25,крупы;молочка;хлеб;творог;рыба
u_000816,family_000816,ТС5,молодёжь,true,хозяин,none,2,0.88,564.0,0.3,0.05,фрукты;готовая еда;снеки;молочка;выпечка
u_000817,family_000817,ТС5,дети до 3,true,хозяин,0-6,2,2.34,676.8,0.3,0.05,молочка;детские каши;фрукты;подгузники;детская гигиена
u_000818,family_000818,ТС5,дети до 3,true,охотник,0-6,15,2.08,676.8,0.5,0.25,детские каши;фрукты;подгузники;детская гигиена;хлеб
u_000819,family_000819,ТС5,молодёжь,true,хозяин,none,4,0.51,564.0,0.3,0.05,фрукты;готовая еда;снеки;напитки;молочка
u_000820,family_000820,ТС5,молодёжь,true,хозяин,none,20,0.94,564.0,0.3,0.05,снеки;фрукты;готовая еда;выпечка;напитки
u_000821,family_000821,ТС5,дети до 3,true,категорийный,9-12,10,2.38,676.8,0.3,0.05,фрукты;детская гигиена;хлеб;детские каши;молочка
u_000822,family_000822,ТС5,молодёжь,true,категорийный,none,17,1.09,564.0,0.3,0.05,фрукты;снеки;готовая еда;выпечка;напитки
u_000823,family_000823,ТС5,молодёжь,true,хозяин,none,7,1.29,564.0,0.3,0.05,напитки;снеки;выпечка;фрукты;молочка
u_000824,family_000824,ТС5,молодёжь,true,хозяин,none,11,1.12,564.0,0.3,0.05,выпечка;напитки;снеки;готовая еда;фрукты
u_000825,family_000825,ТСЧ,старшие,true,хозяин,none,1,3.28,711.0,0.3,0.05,рыба;крупы;хлеб;овощи;молочка
u_000826,family_000826,ТС5,зрелые,true,категорийный,none,11,1.81,564.0,0.3,0.05,фрукты;хлеб;гигиена;крупы;молочка
u_000827,family_000827,ТС5,молодёжь,true,хозяин,none,4,0.64,564.0,0.3,0.05,выпечка;снеки;напитки;готовая еда;фрукты
u_000828,family_000828,ТС5,молодёжь,true,хозяин,none,9,1.22,564.0,0.3,0.05,напитки;молочка;снеки;готовая еда;фрукты
u_000829,family_000829,ТС5,зрелые,true,категорийный,none,1,1.83,564.0,0.3,0.05,хлеб;фрукты;молочка;овощи;мясо
u_000830,family_000830,ТС5,молодёжь,true,охотник,none,6,1.44,564.0,0.5,0.25,молочка;выпечка;готовая еда;фрукты;напитки
u_000831,family_000831,ТСЧ,молодёжь,true,хозяин,none,18,0.88,711.0,0.3,0.05,напитки;фрукты;выпечка;молочка;готовая еда
u_000832,family_000832,ТСЧ,зрелые,true,хозяин,none,18,1.29,711.0,0.3,0.05,хлеб;овощи;гигиена;молочка;крупы
u_000833,family_000833,ТСХ,зрелые,true,охотник,none,19,1.89,878.0,0.5,0.25,хлеб;крупы;молочка;фрукты;овощи
u_000834,family_000834,ТС5,молодёжь,true,хозяин,none,17,0.87,564.0,0.3,0.05,молочка;выпечка;снеки;фрукты;напитки
u_000835,family_000835,ТС5,дети до 3,true,категорийный,1-2,9,2.37,676.8,0.3,0.05,хлеб;фрукты;подгузники;детские каши;молочка
u_000836,family_000836,ТСЧ,дети до 3,true,хозяин,6-9,10,2.14,853.2,0.3,0.05,детские каши;фрукты;детская гигиена;хлеб;молочка
u_000837,family_000837,ТС5,молодёжь,true,хозяин,none,15,1.02,564.0,0.3,0.05,снеки;молочка;готовая еда;фрукты;напитки
u_000838,family_000838,ТС5,дети до 3,true,хозяин,1-2,11,1.91,676.8,0.3,0.05,подгузники;детская гигиена;детские каши;хлеб;фрукты
u_000839,family_000839,ТС5,молодёжь,true,хозяин,none,17,1.01,564.0,0.3,0.05,фрукты;готовая еда;напитки;молочка;выпечка
u_000840,family_000840,ТС5,молодёжь,true,хозяин,none,11,0.7,564.0,0.3,0.05,напитки;фрукты;молочка;выпечка;снеки
u_000841,family_000841,ТС5,дети до 3,true,хозяин,2-3,9,1.51,676.8,0.3,0.05,молочка;хлеб;фрукты;детская гигиена;детские каши
u_000842,family_000842,ТСЧ,зрелые,true,хозяин,none,17,1.99,711.0,0.3,0.05,хлеб;фрукты;гигиена;мясо;овощи
u_000843,family_000843,ТСХ,дети до 3,true,охотник,2-3,15,2.58,1053.6,0.5,0.25,детские каши;молочка;подгузники;детская гигиена;хлеб
u_000844,family_000844,ТС5,старшие,true,хозяин,none,15,2.9,564.0,0.3,0.05,творог;молочка;овощи;рыба;хлеб
u_000845,family_000845,ТС5,зрелые,true,хозяин,none,12,1.34,564.0,0.3,0.05,фрукты;гигиена;крупы;овощи;хлеб
u_000846,family_000846,ТС5,дети до 3,true,хозяин,6-9,5,2.97,676.8,0.3,0.05,молочка;фрукты;детские каши;детская гигиена;подгузники
u_000847,family_000847,ТСЧ,молодёжь,true,хозяин,none,16,0.61,711.0,0.3,0.05,молочка;выпечка;напитки;готовая еда;фрукты
u_000848,family_000848,ТС5,дети до 3,true,хозяин,2-3,16,1.54,676.8,0.3,0.05,детская гигиена;подгузники;детские каши;хлеб;фрукты
u_000849,family_000849,ТС5,дети до 3,true,хозяин,0-6,12,2.28,676.8,0.3,0.05,детская гигиена;молочка;детские каши;хлеб;подгузники
u_000850,family_000850,ТСЧ,молодёжь,true,хозяин,none,3,0.89,711.0,0.3,0.05,снеки;фрукты;молочка;выпечка;напитки
u_000851,family_000851,ТСЧ,зрелые,true,хозяин,none,19,1.94,711.0,0.3,0.05,мясо;хлеб;гигиена;фрукты;крупы
u_000852,family_000852,ТС5,старшие,true,хозяин,none,13,3.21,564.0,0.3,0.05,крупы;творог;овощи;хлеб;рыба
u_000853,family_000853,ТС5,дети до 3,true,охотник,9-12,15,2.02,676.8,0.5,0.25,хлеб;молочка;детские каши;фрукты;подгузники
u_000854,family_000854,ТС5,молодёжь,true,охотник,none,14,0.96,564.0,0.5,0.25,фрукты;снеки;готовая еда;молочка;выпечка
u_000855,family_000855,ТС5,зрелые,true,хозяин,none,18,1.29,564.0,0.3,0.05,молочка;крупы;хлеб;фрукты;мясо
u_000856,family_000856,ТСЧ,дети до 3,true,категорийный,0-6,4,2.26,853.2,0.3,0.05,молочка;детские каши;фрукты;подгузники;детская гигиена
u_000857,family_000857,ТС5,молодёжь,true,хозяин,none,15,0.88,564.0,0.3,0.05,фрукты;выпечка;снеки;молочка;готовая еда
u_000858,family_000858,ТС5,молодёжь,true,категорийный,none,11,1.17,564.0,0.3,0.05,выпечка;фрукты;молочка;готовая еда;напитки
u_000859,family_000859,ТС5,молодёжь,true,категорийный,none,5,0.97,564.0,0.3,0.05,напитки;снеки;молочка;готовая еда;фрукты
u_000860,family_000860,ТС5,молодёжь,true,охотник,none,6,0.58,564.0,0.5,0.25,готовая еда;напитки;снеки;выпечка;молочка
u_000861,family_000861,ТС5,зрелые,true,охотник,none,18,1.22,564.0,0.5,0.25,крупы;молочка;мясо;гигиена;хлеб
u_000862,family_000862,ТС5,дети до 3,true,охотник,0-6,13,2.65,676.8,0.5,0.25,детская гигиена;молочка;хлеб;подгузники;фрукты
u_000863,family_000863,ТС5,молодёжь,true,хозяин,none,7,1.18,564.0,0.3,0.05,готовая еда;снеки;фрукты;напитки;выпечка
u_000864,family_000864,ТСХ,молодёжь,true,хозяин,none,11,0.82,878.0,0.3,0.05,фрукты;снеки;молочка;напитки;выпечка
u_000865,family_000865,ТСЧ,молодёжь,true,хозяин,none,12,0.82,711.0,0.3,0.05,готовая еда;выпечка;напитки;фрукты;снеки
u_000866,family_000866,ТС5,молодёжь,true,охотник,none,9,1.15,564.0,0.5,0.25,напитки;готовая еда;молочка;выпечка;снеки
u_000867,family_000867,ТС5,дети до 3,true,категорийный,0-6,18,2.69,676.8,0.3,0.05,фрукты;детская гигиена;молочка;подгузники;хлеб
u_000868,family_000868,ТСЧ,зрелые,true,охотник,none,5,1.33,711.0,0.5,0.25,крупы;гигиена;овощи;фрукты;молочка
u_000869,family_000869,ТС5,дети до 3,true,охотник,1-2,17,2.46,676.8,0.5,0.25,детская гигиена;фрукты;подгузники;детские каши;молочка
u_000870,family_000870,ТС5,старшие,true,хозяин,none,14,3.51,564.0,0.3,0.05,творог;молочка;рыба;хлеб;крупы
u_000871,family_000871,ТС5,молодёжь,true,хозяин,none,2,0.74,564.0,0.3,0.05,фрукты;молочка;выпечка;напитки;снеки
u_000872,family_000872,ТС5,молодёжь,true,охотник,none,2,1.02,564.0,0.5,0.25,выпечка;напитки;готовая еда;фрукты;снеки
u_000873,family_000873,ТС5,молодёжь,true,хозяин,none,8,1.3,564.0,0.3,0.05,фрукты;снеки;выпечка;напитки;молочка
u_000874,family_000874,ТС5,дети до 3,true,хозяин,1-2,3,2.93,676.8,0.3,0.05,подгузники;детская гигиена;фрукты;хлеб;молочка
u_000875,family_000875,ТС5,дети до 3,true,охотник,6-9,8,2.26,676.8,0.5,0.25,детские каши;хлеб;молочка;подгузники;фрукты
u_000876,family_000876,ТС5,молодёжь,true,хозяин,none,10,1.08,564.0,0.3,0.05,фрукты;снеки;напитки;молочка;готовая еда
u_000877,family_000877,ТСЧ,дети до 3,true,хозяин,1-2,15,2.13,853.2,0.3,0.05,фрукты;детские каши;детская гигиена;хлеб;подгузники
u_000878,family_000878,ТСХ,дети до 3,true,хозяин,9-12,20,2.31,1053.6,0.3,0.05,фрукты;детская гигиена;молочка;хлеб;детские каши
u_000879,family_000879,ТС5,молодёжь,true,хозяин,none,16,0.57,564.0,0.3,0.05,снеки;выпечка;фрукты;готовая еда;напитки
u_000880,family_000880,ТС5,зрелые,true,охотник,none,12,1.49,564.0,0.5,0.25,фрукты;гигиена;овощи;крупы;хлеб
u_000881,family_000881,ТС5,старшие,true,хозяин,none,2,3.98,564.0,0.3,0.05,молочка;хлеб;крупы;рыба;творог
u_000882,family_000882,ТСЧ,зрелые,true,охотник,none,12,1.51,711.0,0.5,0.25,фрукты;крупы;овощи;молочка;мясо
u_000883,family_000883,ТС5,дети до 3,true,хозяин,1-2,2,2.88,676.8,0.3,0.05,молочка;подгузники;детская гигиена;детские каши;хлеб
u_000884,family_000884,ТСЧ,молодёжь,true,хозяин,none,19,1.45,711.0,0.3,0.05,снеки;готовая еда;молочка;выпечка;фрукты
u_000885,family_000885,ТС5,дети до 3,true,категорийный,2-3,7,2.81,676.8,0.3,0.05,детская гигиена;детские каши;молочка;фрукты;хлеб
u_000886,family_000886,ТС5,дети до 3,true,категорийный,2-3,10,2.6,676.8,0.3,0.05,хлеб;подгузники;фрукты;молочка;детская гигиена
u_000887,family_000887,ТСЧ,вредные привычки,true,хозяин,none,13,1.5,711.0,0.3,0.05,молочка;хлеб;фрукты;гигиена;мясо
u_000888,family_000888,ТС5,зрелые,true,хозяин,none,10,1.73,564.0,0.3,0.05,хлеб;гигиена;овощи;крупы;мясо
u_000889,family_000889,ТС5,дети до 3,true,охотник,0-6,15,2.35,676.8,0.5,0.25,детская гигиена;хлеб;фрукты;подгузники;молочка
u_000890,family_000890,ТСЧ,молодёжь,true,категорийный,none,14,0.94,711.0,0.3,0.05,молочка;готовая еда;снеки;фрукты;выпечка
u_000891,family_000891,ТС5,молодёжь,true,хозяин,none,1,1.09,564.0,0.3,0.05,выпечка;фрукты;готовая еда;молочка;напитки
u_000892,family_000892,ТС5,старшие,true,охотник,none,2,2.19,564.0,0.5,0.25,творог;молочка;хлеб;овощи;крупы
u_000893,family_000893,ТСЧ,дети до 3,true,хозяин,1-2,11,2.06,853.2,0.3,0.05,молочка;хлеб;детская гигиена;детские каши;фрукты
u_000894,family_000894,ТС5,молодёжь,true,хозяин,none,11,1.31,564.0,0.3,0.05,готовая еда;выпечка;молочка;напитки;фрукты
u_000895,family_000895,ТС5,молодёжь,true,хозяин,none,8,0.87,564.0,0.3,0.05,молочка;выпечка;фрукты;напитки;готовая еда
u_000896,family_000896,ТС5,дети до 3,true,категорийный,9-12,1,2.45,676.8,0.3,0.05,подгузники;молочка;детские каши;хлеб;детская гигиена
u_000897,family_000897,ТС5,дети до 3,true,хозяин,1-2,16,2.98,676.8,0.3,0.05,хлеб;подгузники;детские каши;детская гигиена;фрукты
u_000898,family_000898,ТСХ,зрелые,true,охотник,none,17,1.03,878.0,0.5,0.25,фрукты;молочка;овощи;гигиена;крупы
u_000899,family_000899,ТСЧ,старшие,true,хозяин,none,18,2.48,711.0,0.3,0.05,крупы;рыба;молочка;хлеб;творог
u_000900,family_000900,ТСЧ,молодёжь,true,категорийный,none,11,1.4,711.0,0.3,0.05,напитки;снеки;фрукты;выпечка;молочка
u_000901,family_000901,ТСЧ,зрелые,true,охотник,none,18,1.63,711.0,0.5,0.25,фрукты;молочка;овощи;хлеб;мясо
u_000902,family_000902,ТСХ,зрелые,true,охотник,none,13,1.91,878.0,0.5,0.25,крупы;гигиена;фрукты;мясо;молочка
u_000903,family_000903,ТС5,молодёжь,true,хозяин,none,3,0.84,564.0,0.3,0.05,молочка;снеки;готовая еда;напитки;фрукты
u_000904,family_000904,ТС5,молодёжь,true,хозяин,none,1,0.81,564.0,0.3,0.05,молочка;фрукты;снеки;выпечка;напитки
u_000905,family_000905,ТС5,молодёжь,true,охотник,none,5,1.02,564.0,0.5,0.25,молочка;фрукты;снеки;готовая еда;выпечка
u_000906,family_000906,ТС5,зрелые,true,хозяин,none,10,1.84,564.0,0.3,0.05,фрукты;крупы;гигиена;хлеб;овощи
u_000907,family_000907,ТС5,зрелые,true,охотник,none,2,1.6,564.0,0.5,0.25,овощи;мясо;молочка;гигиена;фрукты
u_000908,family_000908,ТС5,дети до 3,true,хозяин,9-12,13,1.59,676.8,0.3,0.05,молочка;детская гигиена;фрукты;хлеб;подгузники
u_000909,family_000909,ТСХ,молодёжь,true,охотник,none,6,1.36,878.0,0.5,0.25,фрукты;выпечка;напитки;молочка;готовая еда
u_000910,family_000910,ТСЧ,дети до 3,true,хозяин,1-2,12,2.64,853.2,0.3,0.05,детские каши;подгузники;молочка;детская гигиена;фрукты
u_000911,family_000911,ТСХ,дети до 3,true,хозяин,9-12,19,2.8,1053.6,0.3,0.05,подгузники;молочка;детские каши;фрукты;хлеб
u_000912,family_000912,ТС5,дети до 3,true,хозяин,6-9,7,1.83,676.8,0.3,0.05,хлеб;детская гигиена;подгузники;фрукты;детские каши
u_000913,family_000913,ТС5,старшие,true,хозяин,none,14,3.36,564.0,0.3,0.05,крупы;молочка;творог;рыба;овощи
u_000914,family_000914,ТС5,молодёжь,true,категорийный,none,11,1.09,564.0,0.3,0.05,снеки;выпечка;фрукты;готовая еда;напитки
u_000915,family_000915,ТС5,дети до 3,true,охотник,6-9,13,2.66,676.8,0.5,0.25,хлеб;подгузники;детские каши;молочка;детская гигиена
u_000916,family_000916,ТС5,дети до 3,true,хозяин,0-6,4,1.62,676.8,0.3,0.05,детские каши;фрукты;детская гигиена;подгузники;хлеб
u_000917,family_000917,ТС5,зрелые,true,охотник,none,6,1.38,564.0,0.5,0.25,крупы;гигиена;фрукты;овощи;мясо
u_000918,family_000918,ТС5,молодёжь,true,охотник,none,18,0.68,564.0,0.5,0.25,фрукты;готовая еда;выпечка;напитки;снеки
u_000919,family_000919,ТС5,зрелые,true,хозяин,none,4,1.75,564.0,0.3,0.05,хлеб;крупы;молочка;гигиена;овощи
u_000920,family_000920,ТС5,молодёжь,true,хозяин,none,11,0.62,564.0,0.3,0.05,снеки;молочка;фрукты;напитки;готовая еда
u_000921,family_000921,ТС5,молодёжь,true,охотник,none,3,1.48,564.0,0.5,0.25,молочка;напитки;фрукты;выпечка;готовая еда
u_000922,family_000922,ТС5,старшие,true,хозяин,none,10,2.09,564.0,0.3,0.05,творог;овощи;хлеб;молочка;крупы
u_000923,family_000923,ТС5,дети до 3,true,категорийный,9-12,20,2.31,676.8,0.3,0.05,детская гигиена;подгузники;фрукты;детские каши;молочка
u_000924,family_000924,ТС5,молодёжь,true,охотник,none,5,1.1,564.0,0.5,0.25,снеки;молочка;напитки;фрукты;готовая еда
u_000925,family_000925,ТСХ,дети до 3,true,охотник,9-12,13,2.47,1053.6,0.5,0.25,детская гигиена;детские каши;фрукты;подгузники;хлеб
u_000926,family_000926,ТС5,старшие,true,хозяин,none,7,2.14,564.0,0.3,0.05,рыба;овощи;крупы;творог;хлеб
u_000927,family_000927,ТС5,дети до 3,true,охотник,6-9,14,2.73,676.8,0.5,0.25,молочка;детские каши;фрукты;подгузники;хлеб
u_000928,family_000928,ТС5,молодёжь,true,хозяин,none,18,0.91,564.0,0.3,0.05,напитки;готовая еда;фрукты;снеки;выпечка
u_000929,family_000929,ТС5,зрелые,true,хозяин,none,4,1.38,564.0,0.3,0.05,хлеб;фрукты;молочка;мясо;крупы
u_000930,family_000930,ТС5,зрелые,true,хозяин,none,16,1.1,564.0,0.3,0.05,овощи;крупы;мясо;гигиена;фрукты
u_000931,family_000931,ТС5,молодёжь,true,хозяин,none,11,1.45,564.0,0.3,0.05,выпечка;снеки;напитки;фрукты;молочка
u_000932,family_000932,ТС5,молодёжь,true,хозяин,none,17,1.21,564.0,0.3,0.05,фрукты;снеки;молочка;выпечка;напитки
u_000933,family_000933,ТС5,зрелые,true,категорийный,none,8,1.68,564.0,0.3,0.05,фрукты;крупы;гигиена;хлеб;мясо
u_000934,family_000934,ТСЧ,зрелые,true,хозяин,none,9,1.95,711.0,0.3,0.05,мясо;крупы;хлеб;овощи;фрукты
u_000935,family_000935,ТСЧ,старшие,true,хозяин,none,11,3.69,711.0,0.3,0.05,рыба;молочка;творог;овощи;хлеб
u_000936,family_000936,ТСЧ,молодёжь,true,хозяин,none,10,1.05,711.0,0.3,0.05,выпечка;готовая еда;фрукты;напитки;молочка
u_000937,family_000937,ТС5,дети до 3,true,категорийный,2-3,4,2.11,676.8,0.3,0.05,фрукты;детская гигиена;подгузники;молочка;хлеб
u_000938,family_000938,ТСХ,зрелые,true,хозяин,none,17,1.68,878.0,0.3,0.05,молочка;мясо;фрукты;хлеб;овощи
u_000939,family_000939,ТСЧ,зрелые,true,категорийный,none,6,1.08,711.0,0.3,0.05,гигиена;хлеб;мясо;овощи;молочка
u_000940,family_000940,ТС5,вредные привычки,true,хозяин,none,4,1.14,564.0,0.3,0.05,крупы;хлеб;мясо;молочка;гигиена
u_000941,family_000941,ТС5,молодёжь,true,хозяин,none,19,0.89,564.0,0.3,0.05,напитки;молочка;готовая еда;снеки;фрукты
u_000942,family_000942,ТС5,молодёжь,true,хозяин,none,10,0.85,564.0,0.3,0.05,готовая еда;напитки;снеки;выпечка;молочка
u_000943,family_000943,ТС5,дети до 3,true,хозяин,2-3,17,2.85,676.8,0.3,0.05,детские каши;подгузники;хлеб;фрукты;молочка
u_000944,family_000944,ТСХ,молодёжь,true,хозяин,none,12,0.8,878.0,0.3,0.05,выпечка;снеки;напитки;готовая еда;молочка
u_000945,family_000945,ТС5,дети до 3,true,хозяин,1-2,1,2.04,676.8,0.3,0.05,хлеб;детская гигиена;подгузники;детские каши;фрукты
u_000946,family_000946,ТС5,вредные привычки,true,охотник,none,2,0.96,564.0,0.5,0.25,хлеб;фрукты;овощи;молочка;гигиена
u_000947,family_000947,ТС5,дети до 3,true,охотник,6-9,11,2.63,676.8,0.5,0.25,детские каши;фрукты;хлеб;подгузники;молочка
u_000948,family_000948,ТСЧ,зрелые,true,хозяин,none,12,1.5,711.0,0.3,0.05,гигиена;крупы;хлеб;молочка;овощи
u_000949,family_000949,ТСЧ,дети до 3,true,охотник,0-6,14,2.22,853.2,0.5,0.25,молочка;детские каши;подгузники;детская гигиена;фрукты
u_000950,family_000950,ТС5,зрелые,true,хозяин,none,9,1.77,564.0,0.3,0.05,гигиена;овощи;хлеб;фрукты;молочка
u_000951,family_000951,ТС5,зрелые,true,хозяин,none,17,1.61,564.0,0.3,0.05,хлеб;мясо;гигиена;крупы;молочка
u_000952,family_000952,ТС5,молодёжь,true,категорийный,none,5,0.93,564.0,0.3,0.05,молочка;снеки;готовая еда;выпечка;фрукты
u_000953,family_000953,ТС5,молодёжь,true,охотник,none,8,0.72,564.0,0.5,0.25,выпечка;фрукты;готовая еда;напитки;снеки
u_000954,family_000954,ТС5,молодёжь,true,хозяин,none,9,1.44,564.0,0.3,0.05,фрукты;выпечка;снеки;молочка;готовая еда
u_000955,family_000955,ТС5,молодёжь,true,охотник,none,11,0.71,564.0,0.5,0.25,выпечка;напитки;готовая еда;снеки;фрукты
u_000956,family_000956,ТС5,дети до 3,true,хозяин,0-6,4,2.5,676.8,0.3,0.05,хлеб;фрукты;детская гигиена;детские каши;молочка
u_000957,family_000957,ТСХ,дети до 3,true,охотник,2-3,20,2.06,1053.6,0.5,0.25,хлеб;молочка;детская гигиена;фрукты;детские каши
u_000958,family_000958,ТС5,молодёжь,true,охотник,none,20,0.62,564.0,0.5,0.25,молочка;снеки;фрукты;напитки;выпечка
u_000959,family_000959,ТСЧ,молодёжь,true,хозяин,none,11,0.8,711.0,0.3,0.05,выпечка;снеки;молочка;готовая еда;напитки
u_000960,family_000960,ТС5,дети до 3,true,хозяин,2-3,12,2.84,676.8,0.3,0.05,детские каши;подгузники;хлеб;фрукты;детская гигиена
u_000961,family_000961,ТС5,старшие,true,хозяин,none,1,2.33,564.0,0.3,0.05,овощи;крупы;рыба;молочка;хлеб
u_000962,family_000962,ТСХ,зрелые,true,охотник,none,13,1.5,878.0,0.5,0.25,мясо;гигиена;молочка;хлеб;фрукты
u_000963,family_000963,ТСХ,дети до 3,true,охотник,1-2,20,1.91,1053.6,0.5,0.25,детская гигиена;подгузники;хлеб;молочка;фрукты
u_000964,family_000964,ТС5,молодёжь,true,категорийный,none,17,0.96,564.0,0.3,0.05,фрукты;молочка;напитки;снеки;готовая еда
u_000965,family_000965,ТС5,молодёжь,true,хозяин,none,8,0.55,564.0,0.3,0.05,снеки;напитки;готовая еда;молочка;выпечка
u_000966,family_000966,ТСЧ,вредные привычки,true,хозяин,none,2,1.44,711.0,0.3,0.05,хлеб;гигиена;мясо;молочка;фрукты
u_000967,family_000967,ТС5,дети до 3,true,категорийный,9-12,3,2.92,676.8,0.3,0.05,фрукты;молочка;детская гигиена;детские каши;хлеб
u_000968,family_000968,ТС5,молодёжь,true,охотник,none,12,0.72,564.0,0.5,0.25,напитки;снеки;фрукты;готовая еда;выпечка
u_000969,family_000969,ТСХ,зрелые,true,категорийный,none,9,1.87,878.0,0.3,0.05,крупы;мясо;гигиена;хлеб;фрукты
u_000970,family_000970,ТС5,молодёжь,true,хозяин,none,13,0.66,564.0,0.3,0.05,снеки;выпечка;напитки;готовая еда;фрукты
u_000971,family_000971,ТС5,молодёжь,true,хозяин,none,6,0.69,564.0,0.3,0.05,выпечка;снеки;напитки;готовая еда;молочка
u_000972,family_000972,ТС5,молодёжь,true,хозяин,none,20,0.69,564.0,0.3,0.05,снеки;готовая еда;выпечка;молочка;фрукты
u_000973,family_000973,ТСЧ,старшие,true,хозяин,none,17,2.27,711.0,0.3,0.05,молочка;творог;рыба;крупы;овощи
u_000974,family_000974,ТС5,зрелые,true,охотник,none,2,1.13,564.0,0.5,0.25,гигиена;молочка;овощи;хлеб;мясо
u_000975,family_000975,ТС5,зрелые,true,хозяин,none,4,1.54,564.0,0.3,0.05,гигиена;овощи;молочка;хлеб;мясо
u_000976,family_000976,ТС5,дети до 3,true,хозяин,6-9,10,2.0,676.8,0.3,0.05,детская гигиена;хлеб;подгузники;молочка;фрукты
u_000977,family_000977,ТС5,молодёжь,true,охотник,none,4,1.04,564.0,0.5,0.25,готовая еда;молочка;выпечка;фрукты;напитки
u_000978,family_000978,ТСЧ,молодёжь,true,хозяин,none,5,0.85,711.0,0.3,0.05,напитки;снеки;выпечка;фрукты;готовая еда
u_000979,family_000979,ТС5,старшие,true,хозяин,none,10,2.71,564.0,0.3,0.05,творог;овощи;молочка;крупы;хлеб
u_000980,family_000980,ТСЧ,зрелые,true,хозяин,none,17,1.33,711.0,0.3,0.05,хлеб;крупы;фрукты;гигиена;овощи
u_000981,family_000981,ТС5,дети до 3,true,хозяин,0-6,9,2.87,676.8,0.3,0.05,хлеб;молочка;фрукты;детские каши;подгузники
u_000982,family_000982,ТСХ,зрелые,true,категорийный,none,5,1.32,878.0,0.3,0.05,фрукты;гигиена;крупы;молочка;мясо
u_000983,family_000983,ТС5,старшие,true,хозяин,none,3,2.65,564.0,0.3,0.05,крупы;рыба;хлеб;творог;овощи
u_000984,family_000984,ТС5,дети до 3,true,категорийный,2-3,11,1.71,676.8,0.3,0.05,хлеб;детская гигиена;детские каши;фрукты;молочка
u_000985,family_000985,ТС5,дети до 3,true,охотник,6-9,13,1.63,676.8,0.5,0.25,хлеб;детские каши;детская гигиена;молочка;подгузники
u_000986,family_000986,ТС5,молодёжь,true,категорийный,none,1,0.86,564.0,0.3,0.05,выпечка;снеки;готовая еда;фрукты;молочка
u_000987,family_000987,ТС5,зрелые,true,охотник,none,5,1.29,564.0,0.5,0.25,хлеб;мясо;фрукты;гигиена;молочка
u_000988,family_000988,ТСЧ,молодёжь,true,хозяин,none,5,0.88,711.0,0.3,0.05,готовая еда;выпечка;напитки;фрукты;молочка
u_000989,family_000989,ТС5,молодёжь,true,охотник,none,6,0.53,564.0,0.5,0.25,напитки;снеки;готовая еда;выпечка;фрукты
u_000990,family_000990,ТС5,зрелые,true,хозяин,none,6,1.47,564.0,0.3,0.05,хлеб;крупы;мясо;овощи;гигиена
u_000991,family_000991,ТС5,молодёжь,true,охотник,none,1,0.79,564.0,0.5,0.25,снеки;готовая еда;молочка;напитки;выпечка
u_000992,family_000992,ТС5,молодёжь,true,охотник,none,15,1.05,564.0,0.5,0.25,напитки;молочка;фрукты;выпечка;готовая еда
u_000993,family_000993,ТС5,молодёжь,true,категорийный,none,17,0.88,564.0,0.3,0.05,снеки;фрукты;выпечка;напитки;готовая еда
u_000994,family_000994,ТС5,молодёжь,true,охотник,none,18,1.11,564.0,0.5,0.25,готовая еда;выпечка;молочка;снеки;напитки
u_000995,family_000995,ТСЧ,молодёжь,true,охотник,none,14,0.69,711.0,0.5,0.25,готовая еда;фрукты;молочка;снеки;напитки
u_000996,family_000996,ТС5,молодёжь,true,хозяин,none,3,0.71,564.0,0.3,0.05,готовая еда;напитки;снеки;молочка;фрукты
u_000997,family_000997,ТС5,молодёжь,true,хозяин,none,19,1.06,564.0,0.3,0.05,молочка;выпечка;готовая еда;фрукты;снеки
u_000998,family_000998,ТС5,молодёжь,true,категорийный,none,10,1.46,564.0,0.3,0.05,молочка;снеки;напитки;фрукты;выпечка
u_000999,family_000999,ТСЧ,зрелые,true,хозяин,none,14,1.9,711.0,0.3,0.05,мясо;молочка;гигиена;хлеб;крупы
u_001000,family_001000,ТС5,вредные привычки,true,хозяин,none,2,1.09,564.0,0.3,0.05,хлеб;крупы;фрукты;молочка;овощи
u_001001,family_001001,ТС5,зрелые,true,охотник,none,5,1.77,564.0,0.5,0.25,хлеб;мясо;крупы;овощи;гигиена
u_001002,family_001002,ТСХ,дети до 3,true,хозяин,1-2,2,2.84,1053.6,0.3,0.05,хлеб;детские каши;детская гигиена;подгузники;молочка
u_001003,family_001003,ТСЧ,дети до 3,true,категорийный,0-6,1,1.71,853.2,0.3,0.05,молочка;фрукты;подгузники;детская гигиена;детские каши
u_001004,family_001004,ТС5,молодёжь,true,хозяин,none,3,0.78,564.0,0.3,0.05,напитки;фрукты;готовая еда;выпечка;молочка
u_001005,family_001005,ТСХ,дети до 3,true,категорийный,9-12,15,2.48,1053.6,0.3,0.05,детская гигиена;подгузники;детские каши;фрукты;хлеб
u_001006,family_001006,ТСЧ,дети до 3,true,категорийный,6-9,15,2.05,853.2,0.3,0.05,фрукты;молочка;хлеб;подгузники;детская гигиена
u_001007,family_001007,ТС5,молодёжь,true,охотник,none,2,1.12,564.0,0.5,0.25,фрукты;готовая еда;снеки;напитки;молочка
u_001008,family_001008,ТС5,молодёжь,true,хозяин,none,19,0.9,564.0,0.3,0.05,готовая еда;снеки;выпечка;молочка;фрукты
u_001009,family_001009,ТС5,дети до 3,true,охотник,1-2,4,1.63,676.8,0.5,0.25,хлеб;подгузники;детские каши;детская гигиена;фрукты
u_001010,family_001010,ТС5,молодёжь,true,хозяин,none,20,0.99,564.0,0.3,0.05,фрукты;выпечка;готовая еда;снеки;напитки
u_001011,family_001011,ТС5,молодёжь,true,хозяин,none,7,0.82,564.0,0.3,0.05,готовая еда;молочка;выпечка;фрукты;снеки
u_001012,family_001012,ТСХ,старшие,true,хозяин,none,7,3.74,878.0,0.3,0.05,рыба;хлеб;овощи;крупы;молочка
u_001013,family_001013,ТС5,молодёжь,true,хозяин,none,10,1.37,564.0,0.3,0.05,выпечка;фрукты;снеки;напитки;молочка
u_001014,family_001014,ТС5,молодёжь,true,охотник,none,14,0.84,564.0,0.5,0.25,напитки;снеки;молочка;выпечка;фрукты
u_001015,family_001015,ТС5,дети до 3,true,охотник,1-2,12,2.87,676.8,0.5,0.25,фрукты;детские каши;подгузники;молочка;хлеб
u_001016,family_001016,ТС5,дети до 3,true,охотник,9-12,11,1.52,676.8,0.5,0.25,детские каши;детская гигиена;хлеб;фрукты;подгузники
u_001017,family_001017,ТСХ,зрелые,true,хозяин,none,1,1.99,878.0,0.3,0.05,гигиена;хлеб;фрукты;молочка;мясо
u_001018,family_001018,ТС5,старшие,true,хозяин,none,18,3.55,564.0,0.3,0.05,творог;хлеб;крупы;рыба;молочка
u_001019,family_001019,ТСЧ,старшие,true,хозяин,none,1,2.74,711.0,0.3,0.05,овощи;молочка;рыба;крупы;творог
u_001020,family_001020,ТС5,дети до 3,true,хозяин,1-2,12,2.03,676.8,0.3,0.05,фрукты;детские каши;молочка;подгузники;хлеб
u_001021,family_001021,ТС5,вредные привычки,true,хозяин,none,6,1.34,564.0,0.3,0.05,фрукты;овощи;гигиена;крупы;мясо
u_001022,family_001022,ТС5,старшие,true,охотник,none,3,3.61,564.0,0.5,0.25,молочка;рыба;творог;овощи;крупы
u_001023,family_001023,ТС5,зрелые,true,охотник,none,18,1.1,564.0,0.5,0.25,фрукты;мясо;крупы;молочка;овощи
u_001024,family_001024,ТС5,дети до 3,true,хозяин,1-2,18,2.07,676.8,0.3,0.05,детская гигиена;детские каши;подгузники;хлеб;молочка
u_001025,family_001025,ТС5,зрелые,true,охотник,none,13,1.01,564.0,0.5,0.25,овощи;хлеб;мясо;гигиена;крупы
u_001026,family_001026,ТСЧ,молодёжь,true,охотник,none,14,1.17,711.0,0.5,0.25,готовая еда;выпечка;фрукты;молочка;напитки
u_001027,family_001027,ТС5,вредные привычки,true,охотник,none,20,1.12,564.0,0.5,0.25,хлеб;мясо;фрукты;гигиена;овощи
u_001028,family_001028,ТСЧ,молодёжь,true,охотник,none,2,1.3,711.0,0.5,0.25,молочка;выпечка;снеки;напитки;фрукты
u_001029,family_001029,ТСЧ,молодёжь,true,категорийный,none,17,0.66,711.0,0.3,0.05,снеки;готовая еда;фрукты;напитки;молочка
u_001030,family_001030,ТС5,зрелые,true,охотник,none,9,1.84,564.0,0.5,0.25,хлеб;овощи;гигиена;молочка;фрукты
u_001031,family_001031,ТС5,молодёжь,true,охотник,none,5,0.53,564.0,0.5,0.25,фрукты;молочка;готовая еда;напитки;снеки
u_001032,family_001032,ТС5,зрелые,true,категорийный,none,12,1.19,564.0,0.3,0.05,крупы;хлеб;овощи;гигиена;мясо
u_001033,family_001033,ТСЧ,зрелые,true,охотник,none,13,1.77,711.0,0.5,0.25,крупы;молочка;овощи;гигиена;фрукты
u_001034,family_001034,ТС5,дети до 3,true,охотник,0-6,4,2.19,676.8,0.5,0.25,фрукты;подгузники;хлеб;детские каши;детская гигиена
u_001035,family_001035,ТС5,молодёжь,true,хозяин,none,12,1.41,564.0,0.3,0.05,снеки;выпечка;готовая еда;фрукты;молочка
u_001036,family_001036,ТС5,дети до 3,true,охотник,6-9,14,2.06,676.8,0.5,0.25,молочка;детские каши;детская гигиена;подгузники;фрукты
u_001037,family_001037,ТС5,молодёжь,true,хозяин,none,20,1.35,564.0,0.3,0.05,готовая еда;напитки;молочка;снеки;фрукты
u_001038,family_001038,ТС5,зрелые,true,категорийный,none,7,1.61,564.0,0.3,0.05,мясо;молочка;гигиена;хлеб;крупы
u_001039,family_001039,ТСЧ,молодёжь,true,хозяин,none,11,0.64,711.0,0.3,0.05,готовая еда;снеки;напитки;молочка;выпечка
u_001040,family_001040,ТС5,молодёжь,true,охотник,none,10,0.97,564.0,0.5,0.25,выпечка;фрукты;молочка;готовая еда;снеки
u_001041,family_001041,ТС5,зрелые,true,охотник,none,9,1.96,564.0,0.5,0.25,молочка;мясо;крупы;овощи;гигиена
u_001042,family_001042,ТСХ,старшие,true,хозяин,none,15,2.85,878.0,0.3,0.05,рыба;овощи;творог;хлеб;молочка
u_001043,family_001043,ТС5,дети до 3,true,охотник,9-12,3,2.17,676.8,0.5,0.25,подгузники;фрукты;молочка;детские каши;детская гигиена
u_001044,family_001044,ТС5,зрелые,true,охотник,none,17,1.35,564.0,0.5,0.25,молочка;гигиена;хлеб;овощи;мясо
u_001045,family_001045,ТСХ,дети до 3,true,хозяин,9-12,12,1.72,1053.6,0.3,0.05,молочка;подгузники;фрукты;детская гигиена;детские каши
u_001046,family_001046,ТСХ,молодёжь,true,хозяин,none,11,1.4,878.0,0.3,0.05,молочка;готовая еда;выпечка;снеки;фрукты
u_001047,family_001047,ТС5,молодёжь,true,хозяин,none,20,1.45,564.0,0.3,0.05,фрукты;готовая еда;выпечка;напитки;снеки
u_001048,family_001048,ТС5,молодёжь,true,хозяин,none,16,1.0,564.0,0.3,0.05,напитки;выпечка;готовая еда;молочка;снеки
u_001049,family_001049,ТС5,молодёжь,true,хозяин,none,19,0.52,564.0,0.3,0.05,готовая еда;молочка;фрукты;снеки;напитки
u_001050,family_001050,ТС5,старшие,true,хозяин,none,18,3.84,564.0,0.3,0.05,молочка;овощи;рыба;хлеб;крупы
u_001051,family_001051,ТС5,зрелые,true,охотник,none,9,1.32,564.0,0.5,0.25,овощи;фрукты;молочка;гигиена;хлеб
u_001052,family_001052,ТС5,вредные привычки,true,охотник,none,15,1.29,564.0,0.5,0.25,крупы;молочка;овощи;гигиена;фрукты
u_001053,family_001053,ТС5,зрелые,true,хозяин,none,11,1.86,564.0,0.3,0.05,крупы;фрукты;хлеб;мясо;молочка
u_001054,family_001054,ТС5,старшие,true,хозяин,none,18,3.98,564.0,0.3,0.05,рыба;молочка;овощи;творог;хлеб
u_001055,family_001055,ТС5,молодёжь,true,хозяин,none,20,1.29,564.0,0.3,0.05,выпечка;напитки;снеки;готовая еда;фрукты
u_001056,family_001056,ТС5,молодёжь,true,хозяин,none,19,1.39,564.0,0.3,0.05,выпечка;фрукты;готовая еда;напитки;молочка
u_001057,family_001057,ТС5,дети до 3,true,категорийный,9-12,16,1.84,676.8,0.3,0.05,молочка;хлеб;подгузники;детская гигиена;детские каши
u_001058,family_001058,ТС5,зрелые,true,хозяин,none,3,1.08,564.0,0.3,0.05,фрукты;молочка;хлеб;крупы;овощи
u_001059,family_001059,ТС5,зрелые,true,хозяин,none,4,1.34,564.0,0.3,0.05,гигиена;мясо;крупы;овощи;хлеб
u_001060,family_001060,ТСХ,зрелые,true,охотник,none,4,1.91,878.0,0.5,0.25,хлеб;овощи;фрукты;мясо;крупы
u_001061,family_001061,ТС5,зрелые,true,хозяин,none,9,1.42,564.0,0.3,0.05,крупы;овощи;мясо;молочка;фрукты
u_001062,family_001062,ТС5,молодёжь,true,хозяин,none,1,1.39,564.0,0.3,0.05,снеки;напитки;готовая еда;фрукты;молочка
u_001063,family_001063,ТС5,молодёжь,true,хозяин,none,12,0.93,564.0,0.3,0.05,снеки;выпечка;молочка;напитки;фрукты
u_001064,family_001064,ТС5,молодёжь,true,хозяин,none,13,1.23,564.0,0.3,0.05,выпечка;снеки;напитки;готовая еда;молочка
u_001065,family_001065,ТС5,молодёжь,true,охотник,none,17,0.93,564.0,0.5,0.25,фрукты;готовая еда;снеки;молочка;напитки
u_001066,family_001066,ТС5,старшие,true,хозяин,none,8,2.13,564.0,0.3,0.05,молочка;овощи;крупы;творог;хлеб
u_001067,family_001067,ТС5,молодёжь,true,охотник,none,9,1.0,564.0,0.5,0.25,снеки;фрукты;напитки;выпечка;молочка
u_001068,family_001068,ТСХ,молодёжь,true,хозяин,none,6,1.0,878.0,0.3,0.05,фрукты;молочка;выпечка;напитки;снеки
u_001069,family_001069,ТСЧ,зрелые,true,хозяин,none,3,1.17,711.0,0.3,0.05,овощи;фрукты;хлеб;молочка;гигиена
u_001070,family_001070,ТС5,молодёжь,true,хозяин,none,9,1.38,564.0,0.3,0.05,снеки;готовая еда;напитки;фрукты;молочка
u_001071,family_001071,ТС5,молодёжь,true,хозяин,none,1,1.07,564.0,0.3,0.05,напитки;снеки;молочка;готовая еда;фрукты
u_001072,family_001072,ТС5,зрелые,true,хозяин,none,16,1.73,564.0,0.3,0.05,мясо;овощи;фрукты;крупы;хлеб
u_001073,family_001073,ТС5,зрелые,true,хозяин,none,11,1.89,564.0,0.3,0.05,гигиена;крупы;мясо;фрукты;молочка
u_001074,family_001074,ТС5,дети до 3,true,охотник,6-9,14,2.78,676.8,0.5,0.25,хлеб;детская гигиена;молочка;фрукты;подгузники
u_001075,family_001075,ТС5,зрелые,true,категорийный,none,12,1.21,564.0,0.3,0.05,молочка;хлеб;фрукты;гигиена;крупы
u_001076,family_001076,ТСЧ,зрелые,true,охотник,none,15,1.99,711.0,0.5,0.25,мясо;хлеб;овощи;гигиена;крупы
u_001077,family_001077,ТС5,вредные привычки,true,категорийный,none,10,0.99,564.0,0.3,0.05,мясо;гигиена;овощи;молочка;хлеб
u_001078,family_001078,ТСХ,дети до 3,true,охотник,9-12,10,1.67,1053.6,0.5,0.25,подгузники;детские каши;детская гигиена;фрукты;хлеб
u_001079,family_001079,ТС5,молодёжь,true,хозяин,none,6,0.8,564.0,0.3,0.05,напитки;готовая еда;фрукты;молочка;снеки
u_001080,family_001080,ТС5,молодёжь,true,хозяин,none,2,0.99,564.0,0.3,0.05,готовая еда;выпечка;напитки;молочка;фрукты
u_001081,family_001081,ТС5,молодёжь,true,охотник,none,17,1.17,564.0,0.5,0.25,молочка;снеки;готовая еда;напитки;фрукты
u_001082,family_001082,ТС5,зрелые,true,хозяин,none,3,1.29,564.0,0.3,0.05,молочка;фрукты;овощи;хлеб;мясо
u_001083,family_001083,ТС5,дети до 3,true,категорийный,0-6,9,2.88,676.8,0.3,0.05,фрукты;молочка;детская гигиена;хлеб;детские каши
u_001084,family_001084,ТС5,молодёжь,true,хозяин,none,7,0.75,564.0,0.3,0.05,выпечка;молочка;снеки;фрукты;напитки
u_001085,family_001085,ТС5,дети до 3,true,охотник,2-3,6,2.06,676.8,0.5,0.25,детские каши;подгузники;детская гигиена;молочка;хлеб
u_001086,family_001086,ТС5,дети до 3,true,охотник,9-12,15,2.03,676.8,0.5,0.25,детские каши;хлеб;фрукты;детская гигиена;подгузники
u_001087,family_001087,ТСЧ,молодёжь,true,охотник,none,3,1.26,711.0,0.5,0.25,молочка;напитки;снеки;фрукты;выпечка
u_001088,family_001088,ТС5,дети до 3,true,охотник,9-12,2,2.63,676.8,0.5,0.25,детские каши;детская гигиена;хлеб;молочка;подгузники
u_001089,family_001089,ТС5,зрелые,true,хозяин,none,2,1.08,564.0,0.3,0.05,овощи;крупы;молочка;гигиена;фрукты
u_001090,family_001090,ТС5,молодёжь,true,хозяин,none,11,1.36,564.0,0.3,0.05,готовая еда;молочка;фрукты;напитки;выпечка
u_001091,family_001091,ТС5,дети до 3,true,категорийный,6-9,8,2.84,676.8,0.3,0.05,хлеб;детская гигиена;молочка;детские каши;фрукты
u_001092,family_001092,ТСХ,старшие,true,охотник,none,20,3.38,878.0,0.5,0.25,молочка;рыба;творог;хлеб;овощи
u_001093,family_001093,ТС5,молодёжь,true,хозяин,none,1,1.33,564.0,0.3,0.05,выпечка;фрукты;готовая еда;молочка;снеки
u_001094,family_001094,ТС5,старшие,true,охотник,none,18,2.52,564.0,0.5,0.25,творог;хлеб;молочка;крупы;рыба
u_001095,family_001095,ТС5,молодёжь,true,охотник,none,8,0.67,564.0,0.5,0.25,фрукты;молочка;снеки;выпечка;напитки
u_001096,family_001096,ТС5,дети до 3,true,категорийный,1-2,12,2.5,676.8,0.3,0.05,детские каши;хлеб;подгузники;детская гигиена;молочка
u_001097,family_001097,ТСЧ,молодёжь,true,хозяин,none,4,1.06,711.0,0.3,0.05,готовая еда;молочка;напитки;фрукты;снеки
u_001098,family_001098,ТС5,старшие,true,категорийный,none,15,3.76,564.0,0.3,0.05,хлеб;овощи;молочка;рыба;крупы
u_001099,family_001099,ТС5,зрелые,true,хозяин,none,17,1.39,564.0,0.3,0.05,молочка;хлеб;крупы;овощи;фрукты
u_001100,family_001100,ТСХ,дети до 3,true,охотник,6-9,9,2.68,1053.6,0.5,0.25,хлеб;молочка;детские каши;подгузники;детская гигиена
u_001101,family_001101,ТС5,дети до 3,true,охотник,2-3,17,2.66,676.8,0.5,0.25,фрукты;молочка;детская гигиена;хлеб;детские каши
u_001102,family_001102,ТС5,дети до 3,true,охотник,1-2,3,1.57,676.8,0.5,0.25,хлеб;детская гигиена;фрукты;подгузники;молочка
u_001103,family_001103,ТС5,дети до 3,true,хозяин,6-9,8,1.66,676.8,0.3,0.05,детская гигиена;детские каши;фрукты;подгузники;молочка
u_001104,family_001104,ТС5,молодёжь,true,охотник,none,3,0.94,564.0,0.5,0.25,напитки;молочка;готовая еда;выпечка;снеки
u_001105,family_001105,ТС5,дети до 3,true,хозяин,2-3,18,1.8,676.8,0.3,0.05,молочка;детские каши;фрукты;хлеб;детская гигиена
u_001106,family_001106,ТС5,зрелые,true,хозяин,none,17,1.81,564.0,0.3,0.05,хлеб;молочка;мясо;крупы;овощи
u_001107,family_001107,ТСЧ,молодёжь,true,хозяин,none,5,1.39,711.0,0.3,0.05,напитки;выпечка;готовая еда;снеки;молочка
u_001108,family_001108,ТС5,старшие,true,охотник,none,17,2.99,564.0,0.5,0.25,крупы;творог;хлеб;овощи;рыба
u_001109,family_001109,ТС5,старшие,true,охотник,none,3,2.88,564.0,0.5,0.25,рыба;хлеб;молочка;овощи;творог
u_001110,family_001110,ТС5,дети до 3,true,хозяин,1-2,8,1.58,676.8,0.3,0.05,фрукты;молочка;подгузники;детские каши;детская гигиена
u_001111,family_001111,ТСЧ,молодёжь,true,охотник,none,3,1.37,711.0,0.5,0.25,снеки;напитки;готовая еда;молочка;выпечка
u_001112,family_001112,ТСЧ,старшие,true,хозяин,none,13,3.24,711.0,0.3,0.05,творог;молочка;хлеб;крупы;рыба
u_001113,family_001113,ТС5,дети до 3,true,хозяин,0-6,5,1.81,676.8,0.3,0.05,хлеб;молочка;подгузники;детские каши;детская гигиена
u_001114,family_001114,ТС5,старшие,true,категорийный,none,2,2.69,564.0,0.3,0.05,молочка;хлеб;рыба;овощи;крупы
u_001115,family_001115,ТСЧ,вредные привычки,true,хозяин,none,2,1.3,711.0,0.3,0.05,хлеб;крупы;овощи;фрукты;гигиена
u_001116,family_001116,ТС5,зрелые,true,категорийный,none,1,1.93,564.0,0.3,0.05,молочка;хлеб;мясо;фрукты;овощи
u_001117,family_001117,ТС5,молодёжь,true,хозяин,none,13,1.27,564.0,0.3,0.05,фрукты;снеки;выпечка;напитки;молочка
u_001118,family_001118,ТС5,молодёжь,true,хозяин,none,20,1.48,564.0,0.3,0.05,напитки;фрукты;снеки;выпечка;молочка
u_001119,family_001119,ТСЧ,молодёжь,true,хозяин,none,1,0.73,711.0,0.3,0.05,фрукты;молочка;готовая еда;выпечка;напитки
u_001120,family_001120,ТСЧ,молодёжь,true,хозяин,none,6,0.78,711.0,0.3,0.05,напитки;фрукты;снеки;выпечка;готовая еда
u_001121,family_001121,ТС5,дети до 3,true,хозяин,0-6,3,1.88,676.8,0.3,0.05,фрукты;детская гигиена;детские каши;молочка;хлеб
u_001122,family_001122,ТСЧ,старшие,true,хозяин,none,10,3.88,711.0,0.3,0.05,творог;овощи;крупы;рыба;хлеб
u_001123,family_001123,ТС5,дети до 3,true,хозяин,9-12,14,2.56,676.8,0.3,0.05,фрукты;детские каши;молочка;подгузники;хлеб
u_001124,family_001124,ТСЧ,старшие,true,хозяин,none,10,3.48,711.0,0.3,0.05,крупы;молочка;овощи;хлеб;творог
u_001125,family_001125,ТС5,молодёжь,true,хозяин,none,15,1.45,564.0,0.3,0.05,готовая еда;выпечка;фрукты;снеки;напитки
u_001126,family_001126,ТС5,молодёжь,true,категорийный,none,2,0.78,564.0,0.3,0.05,молочка;выпечка;фрукты;готовая еда;снеки
u_001127,family_001127,ТС5,молодёжь,true,хозяин,none,6,1.16,564.0,0.3,0.05,молочка;готовая еда;напитки;фрукты;снеки
u_001128,family_001128,ТСЧ,старшие,true,охотник,none,11,3.85,711.0,0.5,0.25,овощи;творог;крупы;молочка;хлеб
u_001129,family_001129,ТСХ,зрелые,true,охотник,none,2,1.81,878.0,0.5,0.25,мясо;фрукты;овощи;крупы;хлеб
u_001130,family_001130,ТС5,дети до 3,true,охотник,6-9,13,2.2,676.8,0.5,0.25,детская гигиена;хлеб;подгузники;фрукты;молочка
u_001131,family_001131,ТС5,молодёжь,true,хозяин,none,11,1.07,564.0,0.3,0.05,готовая еда;молочка;напитки;снеки;выпечка
u_001132,family_001132,ТС5,зрелые,true,охотник,none,20,1.01,564.0,0.5,0.25,овощи;мясо;гигиена;крупы;молочка
u_001133,family_001133,ТС5,молодёжь,true,хозяин,none,2,1.47,564.0,0.3,0.05,выпечка;молочка;снеки;фрукты;готовая еда
u_001134,family_001134,ТС5,молодёжь,true,охотник,none,18,0.81,564.0,0.5,0.25,готовая еда;выпечка;снеки;молочка;напитки
u_001135,family_001135,ТС5,дети до 3,true,хозяин,6-9,5,2.81,676.8,0.3,0.05,хлеб;подгузники;детская гигиена;фрукты;молочка
u_001136,family_001136,ТС5,дети до 3,true,хозяин,9-12,2,2.33,676.8,0.3,0.05,детская гигиена;подгузники;молочка;хлеб;фрукты
u_001137,family_001137,ТС5,зрелые,true,хозяин,none,2,1.6,564.0,0.3,0.05,овощи;молочка;крупы;фрукты;мясо
u_001138,family_001138,ТС5,молодёжь,true,хозяин,none,12,1.33,564.0,0.3,0.05,фрукты;выпечка;готовая еда;напитки;снеки
u_001139,family_001139,ТСЧ,молодёжь,true,хозяин,none,12,0.83,711.0,0.3,0.05,выпечка;напитки;фрукты;снеки;готовая еда
u_001140,family_001140,ТС5,молодёжь,true,категорийный,none,19,0.53,564.0,0.3,0.05,молочка;снеки;напитки;выпечка;фрукты
u_001141,family_001141,ТСЧ,дети до 3,true,охотник,6-9,13,2.64,853.2,0.5,0.25,хлеб;подгузники;фрукты;детские каши;детская гигиена
u_001142,family_001142,ТС5,молодёжь,true,охотник,none,2,1.11,564.0,0.5,0.25,фрукты;молочка;выпечка;снеки;напитки
u_001143,family_001143,ТС5,дети до 3,true,категорийный,9-12,8,2.7,676.8,0.3,0.05,молочка;детская гигиена;детские каши;фрукты;подгузники
u_001144,family_001144,ТС5,дети до 3,true,категорийный,1-2,12,1.62,676.8,0.3,0.05,фрукты;хлеб;подгузники;детская гигиена;молочка
u_001145,family_001145,ТС5,дети до 3,true,хозяин,2-3,5,2.89,676.8,0.3,0.05,детская гигиена;детские каши;хлеб;молочка;фрукты
u_001146,family_001146,ТСХ,дети до 3,true,хозяин,1-2,14,2.26,1053.6,0.3,0.05,детская гигиена;фрукты;детские каши;молочка;подгузники
u_001147,family_001147,ТСЧ,старшие,true,хозяин,none,4,2.84,711.0,0.3,0.05,творог;хлеб;молочка;рыба;овощи
u_001148,family_001148,ТСЧ,молодёжь,true,хозяин,none,3,0.63,711.0,0.3,0.05,молочка;выпечка;фрукты;снеки;готовая еда
u_001149,family_001149,ТС5,дети до 3,true,охотник,0-6,11,2.85,676.8,0.5,0.25,молочка;фрукты;подгузники;хлеб;детские каши
u_001150,family_001150,ТС5,старшие,true,категорийный,none,14,3.26,564.0,0.3,0.05,рыба;хлеб;овощи;крупы;молочка
u_001151,family_001151,ТСХ,зрелые,true,хозяин,none,17,1.08,878.0,0.3,0.05,молочка;мясо;крупы;овощи;фрукты
u_001152,family_001152,ТС5,вредные привычки,true,хозяин,none,17,1.52,564.0,0.3,0.05,овощи;молочка;хлеб;гигиена;мясо
u_001153,family_001153,ТС5,дети до 3,true,категорийный,2-3,17,2.77,676.8,0.3,0.05,детские каши;молочка;фрукты;детская гигиена;хлеб
u_001154,family_001154,ТСХ,старшие,true,хозяин,none,7,2.86,878.0,0.3,0.05,овощи;творог;рыба;молочка;крупы
u_001155,family_001155,ТС5,молодёжь,true,хозяин,none,15,0.72,564.0,0.3,0.05,снеки;напитки;молочка;выпечка;готовая еда
u_001156,family_001156,ТСЧ,зрелые,true,хозяин,none,7,1.55,711.0,0.3,0.05,мясо;хлеб;молочка;гигиена;овощи
u_001157,family_001157,ТС5,молодёжь,true,хозяин,none,1,0.87,564.0,0.3,0.05,напитки;молочка;выпечка;фрукты;снеки
u_001158,family_001158,ТС5,зрелые,true,хозяин,none,4,1.72,564.0,0.3,0.05,гигиена;молочка;фрукты;мясо;хлеб
u_001159,family_001159,ТС5,зрелые,true,категорийный,none,4,1.97,564.0,0.3,0.05,гигиена;молочка;хлеб;крупы;мясо
u_001160,family_001160,ТС5,молодёжь,true,хозяин,none,17,1.17,564.0,0.3,0.05,готовая еда;напитки;фрукты;снеки;выпечка
u_001161,family_001161,ТСЧ,зрелые,true,хозяин,none,18,1.66,711.0,0.3,0.05,крупы;молочка;гигиена;хлеб;мясо
u_001162,family_001162,ТС5,зрелые,true,хозяин,none,7,1.27,564.0,0.3,0.05,хлеб;фрукты;гигиена;крупы;мясо
u_001163,family_001163,ТС5,дети до 3,true,хозяин,2-3,7,1.5,676.8,0.3,0.05,подгузники;детские каши;детская гигиена;молочка;хлеб
u_001164,family_001164,ТС5,зрелые,true,охотник,none,19,1.23,564.0,0.5,0.25,овощи;фрукты;мясо;хлеб;крупы
u_001165,family_001165,ТСЧ,старшие,true,охотник,none,16,3.59,711.0,0.5,0.25,хлеб;творог;овощи;рыба;крупы
u_001166,family_001166,ТС5,молодёжь,true,категорийный,none,10,0.92,564.0,0.3,0.05,выпечка;напитки;снеки;молочка;фрукты
u_001167,family_001167,ТС5,дети до 3,true,хозяин,0-6,12,2.55,676.8,0.3,0.05,хлеб;детская гигиена;детские каши;фрукты;молочка
u_001168,family_001168,ТС5,молодёжь,true,хозяин,none,7,1.39,564.0,0.3,0.05,выпечка;готовая еда;напитки;снеки;фрукты
u_001169,family_001169,ТС5,зрелые,true,хозяин,none,9,1.91,564.0,0.3,0.05,овощи;фрукты;хлеб;гигиена;крупы
u_001170,family_001170,ТСЧ,дети до 3,true,хозяин,2-3,6,2.3,853.2,0.3,0.05,хлеб;подгузники;молочка;фрукты;детские каши
u_001171,family_001171,ТСЧ,молодёжь,true,хозяин,none,11,1.41,711.0,0.3,0.05,молочка;готовая еда;фрукты;напитки;выпечка
u_001172,family_001172,ТС5,молодёжь,true,хозяин,none,18,0.9,564.0,0.3,0.05,фрукты;снеки;напитки;готовая еда;молочка
u_001173,family_001173,ТС5,молодёжь,true,охотник,none,1,0.54,564.0,0.5,0.25,готовая еда;молочка;фрукты;напитки;снеки
u_001174,family_001174,ТСХ,молодёжь,true,хозяин,none,1,0.73,878.0,0.3,0.05,фрукты;снеки;готовая еда;молочка;выпечка
u_001175,family_001175,ТСЧ,дети до 3,true,хозяин,9-12,3,1.61,853.2,0.3,0.05,фрукты;детские каши;подгузники;хлеб;молочка
u_001176,family_001176,ТС5,дети до 3,true,хозяин,2-3,10,2.68,676.8,0.3,0.05,детские каши;фрукты;подгузники;детская гигиена;молочка
u_001177,family_001177,ТС5,молодёжь,true,категорийный,none,19,0.97,564.0,0.3,0.05,напитки;выпечка;готовая еда;молочка;снеки
u_001178,family_001178,ТС5,дети до 3,true,категорийный,2-3,17,1.87,676.8,0.3,0.05,подгузники;детские каши;фрукты;детская гигиена;хлеб
u_001179,family_001179,ТС5,дети до 3,true,хозяин,6-9,15,2.05,676.8,0.3,0.05,фрукты;подгузники;молочка;детская гигиена;хлеб
u_001180,family_001180,ТСЧ,старшие,true,хозяин,none,6,2.42,711.0,0.3,0.05,хлеб;творог;крупы;молочка;овощи
u_001181,family_001181,ТС5,зрелые,true,хозяин,none,19,1.76,564.0,0.3,0.05,молочка;фрукты;овощи;крупы;хлеб
u_001182,family_001182,ТСХ,зрелые,true,хозяин,none,19,1.6,878.0,0.3,0.05,гигиена;молочка;овощи;хлеб;мясо
u_001183,family_001183,ТСХ,дети до 3,true,хозяин,6-9,11,2.19,1053.6,0.3,0.05,детские каши;фрукты;подгузники;хлеб;детская гигиена
u_001184,family_001184,ТС5,вредные привычки,true,охотник,none,6,1.32,564.0,0.5,0.25,молочка;хлеб;крупы;фрукты;гигиена
u_001185,family_001185,ТС5,дети до 3,true,хозяин,2-3,16,1.71,676.8,0.3,0.05,фрукты;детские каши;хлеб;подгузники;детская гигиена
u_001186,family_001186,ТС5,старшие,true,охотник,none,9,3.04,564.0,0.5,0.25,творог;овощи;крупы;молочка;хлеб
u_001187,family_001187,ТС5,молодёжь,true,охотник,none,12,1.02,564.0,0.5,0.25,напитки;выпечка;молочка;готовая еда;снеки
u_001188,family_001188,ТСЧ,зрелые,true,охотник,none,5,1.16,711.0,0.5,0.25,крупы;фрукты;молочка;овощи;хлеб
u_001189,family_001189,ТС5,дети до 3,true,категорийный,0-6,10,2.55,676.8,0.3,0.05,детская гигиена;подгузники;детские каши;хлеб;фрукты
u_001190,family_001190,ТС5,дети до 3,true,хозяин,9-12,18,2.83,676.8,0.3,0.05,молочка;подгузники;детская гигиена;детские каши;хлеб
u_001191,family_001191,ТСЧ,старшие,true,хозяин,none,10,2.73,711.0,0.3,0.05,хлеб;овощи;крупы;молочка;творог
u_001192,family_001192,ТС5,молодёжь,true,хозяин,none,19,0.6,564.0,0.3,0.05,молочка;фрукты;выпечка;снеки;напитки
u_001193,family_001193,ТСЧ,зрелые,true,охотник,none,16,1.21,711.0,0.5,0.25,молочка;хлеб;крупы;гигиена;овощи
u_001194,family_001194,ТС5,молодёжь,true,охотник,none,11,0.58,564.0,0.5,0.25,готовая еда;снеки;выпечка;молочка;напитки
u_001195,family_001195,ТС5,дети до 3,true,хозяин,2-3,13,2.07,676.8,0.3,0.05,детские каши;хлеб;молочка;детская гигиена;фрукты
u_001196,family_001196,ТС5,зрелые,true,охотник,none,6,1.95,564.0,0.5,0.25,гигиена;овощи;хлеб;фрукты;крупы
u_001197,family_001197,ТС5,зрелые,true,хозяин,none,4,1.56,564.0,0.3,0.05,фрукты;крупы;овощи;хлеб;молочка
u_001198,family_001198,ТСЧ,старшие,true,охотник,none,12,3.46,711.0,0.5,0.25,крупы;творог;рыба;хлеб;овощи
u_001199,family_001199,ТС5,зрелые,true,хозяин,none,15,1.36,564.0,0.3,0.05,хлеб;молочка;мясо;овощи;гигиена
u_001200,family_001200,ТС5,молодёжь,true,хозяин,none,1,1.11,564.0,0.3,0.05,готовая еда;напитки;выпечка;снеки;фрукты
u_001201,family_001201,ТСЧ,зрелые,true,хозяин,none,2,1.97,711.0,0.3,0.05,гигиена;молочка;фрукты;мясо;хлеб
u_001202,family_001202,ТС5,зрелые,true,охотник,none,18,1.81,564.0,0.5,0.25,молочка;овощи;гигиена;хлеб;крупы
u_001203,family_001203,ТСХ,зрелые,true,хозяин,none,14,1.83,878.0,0.3,0.05,молочка;гигиена;фрукты;крупы;хлеб
u_001204,family_001204,ТС5,дети до 3,true,категорийный,6-9,20,2.61,676.8,0.3,0.05,молочка;хлеб;детская гигиена;фрукты;детские каши
u_001205,family_001205,ТС5,старшие,true,хозяин,none,2,2.13,564.0,0.3,0.05,творог;крупы;овощи;молочка;хлеб
u_001206,family_001206,ТС5,молодёжь,true,хозяин,none,17,0.91,564.0,0.3,0.05,фрукты;готовая еда;напитки;снеки;выпечка
u_001207,family_001207,ТС5,дети до 3,true,категорийный,0-6,19,2.9,676.8,0.3,0.05,подгузники;хлеб;фрукты;детские каши;молочка
u_001208,family_001208,ТС5,дети до 3,true,категорийный,6-9,1,1.83,676.8,0.3,0.05,молочка;детские каши;подгузники;хлеб;фрукты
u_001209,family_001209,ТС5,зрелые,true,категорийный,none,7,1.75,564.0,0.3,0.05,крупы;хлеб;овощи;молочка;гигиена
u_001210,family_001210,ТСХ,молодёжь,true,хозяин,none,11,0.91,878.0,0.3,0.05,снеки;напитки;фрукты;готовая еда;выпечка
u_001211,family_001211,ТС5,дети до 3,true,хозяин,9-12,19,2.05,676.8,0.3,0.05,хлеб;фрукты;детские каши;молочка;подгузники
u_001212,family_001212,ТС5,зрелые,true,хозяин,none,18,1.57,564.0,0.3,0.05,крупы;фрукты;овощи;мясо;молочка
u_001213,family_001213,ТС5,старшие,true,хозяин,none,9,2.18,564.0,0.3,0.05,крупы;овощи;рыба;хлеб;творог
u_001214,family_001214,ТС5,молодёжь,true,охотник,none,6,0.98,564.0,0.5,0.25,выпечка;молочка;напитки;снеки;фрукты
u_001215,family_001215,ТС5,старшие,true,хозяин,none,4,3.26,564.0,0.3,0.05,молочка;крупы;хлеб;творог;овощи
u_001216,family_001216,ТС5,старшие,true,хозяин,none,12,2.61,564.0,0.3,0.05,хлеб;творог;крупы;молочка;рыба
u_001217,family_001217,ТСЧ,дети до 3,true,охотник,1-2,13,2.21,853.2,0.5,0.25,детская гигиена;молочка;фрукты;детские каши;хлеб
u_001218,family_001218,ТС5,вредные привычки,true,хозяин,none,8,1.56,564.0,0.3,0.05,мясо;молочка;фрукты;гигиена;хлеб
u_001219,family_001219,ТСЧ,дети до 3,true,хозяин,2-3,6,2.88,853.2,0.3,0.05,фрукты;хлеб;детская гигиена;молочка;подгузники
u_001220,family_001220,ТС5,молодёжь,true,категорийный,none,3,0.81,564.0,0.3,0.05,снеки;напитки;выпечка;фрукты;готовая еда
u_001221,family_001221,ТС5,дети до 3,true,хозяин,6-9,10,1.96,676.8,0.3,0.05,детская гигиена;хлеб;фрукты;детские каши;подгузники
u_001222,family_001222,ТСХ,молодёжь,true,хозяин,none,12,0.5,878.0,0.3,0.05,снеки;напитки;готовая еда;фрукты;молочка
u_001223,family_001223,ТС5,старшие,true,охотник,none,15,3.41,564.0,0.5,0.25,молочка;хлеб;крупы;творог;рыба
u_001224,family_001224,ТС5,молодёжь,true,хозяин,none,14,1.1,564.0,0.3,0.05,молочка;готовая еда;напитки;снеки;фрукты
u_001225,family_001225,ТС5,дети до 3,true,охотник,9-12,12,2.01,676.8,0.5,0.25,подгузники;фрукты;детские каши;хлеб;молочка
u_001226,family_001226,ТС5,молодёжь,true,хозяин,none,14,0.59,564.0,0.3,0.05,выпечка;снеки;фрукты;готовая еда;молочка
u_001227,family_001227,ТС5,дети до 3,true,хозяин,9-12,14,1.77,676.8,0.3,0.05,детские каши;фрукты;подгузники;детская гигиена;хлеб
u_001228,family_001228,ТС5,зрелые,true,охотник,none,13,1.8,564.0,0.5,0.25,молочка;хлеб;овощи;крупы;мясо
u_001229,family_001229,ТС5,зрелые,true,хозяин,none,13,1.42,564.0,0.3,0.05,молочка;овощи;фрукты;крупы;мясо
u_001230,family_001230,ТС5,дети до 3,true,категорийный,1-2,17,2.06,676.8,0.3,0.05,детские каши;молочка;фрукты;подгузники;хлеб
u_001231,family_001231,ТСЧ,дети до 3,true,хозяин,0-6,5,1.51,853.2,0.3,0.05,хлеб;фрукты;молочка;подгузники;детская гигиена
u_001232,family_001232,ТС5,дети до 3,true,хозяин,1-2,15,2.05,676.8,0.3,0.05,фрукты;молочка;хлеб;детская гигиена;детские каши
u_001233,family_001233,ТС5,зрелые,true,хозяин,none,9,1.18,564.0,0.3,0.05,овощи;фрукты;молочка;крупы;хлеб
u_001234,family_001234,ТС5,молодёжь,true,хозяин,none,2,1.03,564.0,0.3,0.05,выпечка;снеки;молочка;готовая еда;напитки
u_001235,family_001235,ТС5,молодёжь,true,хозяин,none,9,0.85,564.0,0.3,0.05,выпечка;молочка;снеки;напитки;фрукты
u_001236,family_001236,ТС5,молодёжь,true,хозяин,none,20,1.48,564.0,0.3,0.05,фрукты;готовая еда;выпечка;напитки;молочка
u_001237,family_001237,ТС5,дети до 3,true,хозяин,1-2,1,1.78,676.8,0.3,0.05,хлеб;молочка;подгузники;детская гигиена;детские каши
u_001238,family_001238,ТСХ,дети до 3,true,категорийный,2-3,17,2.31,1053.6,0.3,0.05,детская гигиена;подгузники;молочка;детские каши;хлеб
u_001239,family_001239,ТС5,старшие,true,хозяин,none,6,2.55,564.0,0.3,0.05,рыба;молочка;хлеб;творог;крупы
u_001240,family_001240,ТС5,вредные привычки,true,хозяин,none,14,1.46,564.0,0.3,0.05,овощи;гигиена;фрукты;крупы;молочка
u_001241,family_001241,ТС5,молодёжь,true,хозяин,none,3,1.11,564.0,0.3,0.05,фрукты;молочка;выпечка;напитки;снеки
u_001242,family_001242,ТС5,молодёжь,true,хозяин,none,18,0.51,564.0,0.3,0.05,напитки;фрукты;молочка;снеки;готовая еда
u_001243,family_001243,ТС5,зрелые,true,хозяин,none,6,1.67,564.0,0.3,0.05,овощи;фрукты;молочка;мясо;гигиена
u_001244,family_001244,ТС5,старшие,true,хозяин,none,17,2.74,564.0,0.3,0.05,овощи;рыба;хлеб;творог;крупы
u_001245,family_001245,ТС5,дети до 3,true,хозяин,9-12,19,2.15,676.8,0.3,0.05,подгузники;молочка;детские каши;хлеб;детская гигиена
u_001246,family_001246,ТСЧ,молодёжь,true,охотник,none,4,0.6,711.0,0.5,0.25,снеки;фрукты;готовая еда;напитки;молочка
u_001247,family_001247,ТС5,молодёжь,true,охотник,none,13,1.05,564.0,0.5,0.25,напитки;снеки;выпечка;фрукты;молочка
u_001248,family_001248,ТС5,молодёжь,true,хозяин,none,11,1.0,564.0,0.3,0.05,молочка;выпечка;снеки;фрукты;напитки
u_001249,family_001249,ТСХ,молодёжь,true,категорийный,none,6,1.42,878.0,0.3,0.05,снеки;выпечка;напитки;готовая еда;фрукты
u_001250,family_001250,ТСХ,зрелые,true,охотник,none,4,1.38,878.0,0.5,0.25,крупы;фрукты;гигиена;мясо;молочка
u_001251,family_001251,ТС5,дети до 3,true,хозяин,2-3,17,3.0,676.8,0.3,0.05,фрукты;хлеб;детские каши;подгузники;детская гигиена
u_001252,family_001252,ТС5,молодёжь,true,охотник,none,3,1.45,564.0,0.5,0.25,готовая еда;молочка;выпечка;напитки;фрукты
u_001253,family_001253,ТСЧ,молодёжь,true,хозяин,none,8,0.68,711.0,0.3,0.05,фрукты;снеки;напитки;готовая еда;молочка
u_001254,family_001254,ТС5,молодёжь,true,хозяин,none,15,0.75,564.0,0.3,0.05,молочка;выпечка;снеки;готовая еда;фрукты
u_001255,family_001255,ТС5,молодёжь,true,охотник,none,11,1.37,564.0,0.5,0.25,снеки;фрукты;выпечка;напитки;готовая еда
u_001256,family_001256,ТС5,молодёжь,true,охотник,none,17,1.5,564.0,0.5,0.25,выпечка;готовая еда;фрукты;снеки;молочка
u_001257,family_001257,ТСХ,зрелые,true,категорийный,none,1,1.44,878.0,0.3,0.05,гигиена;крупы;молочка;овощи;хлеб
u_001258,family_001258,ТСЧ,зрелые,true,хозяин,none,13,1.72,711.0,0.3,0.05,мясо;крупы;фрукты;гигиена;молочка
u_001259,family_001259,ТС5,зрелые,true,охотник,none,19,1.75,564.0,0.5,0.25,молочка;крупы;хлеб;овощи;мясо
u_001260,family_001260,ТС5,молодёжь,true,хозяин,none,16,0.71,564.0,0.3,0.05,готовая еда;напитки;фрукты;снеки;молочка
u_001261,family_001261,ТСХ,зрелые,true,хозяин,none,15,1.33,878.0,0.3,0.05,фрукты;крупы;овощи;мясо;гигиена
u_001262,family_001262,ТС5,молодёжь,true,хозяин,none,1,0.72,564.0,0.3,0.05,напитки;молочка;фрукты;выпечка;снеки
u_001263,family_001263,ТС5,зрелые,true,хозяин,none,10,1.48,564.0,0.3,0.05,фрукты;крупы;овощи;хлеб;мясо
u_001264,family_001264,ТСЧ,молодёжь,true,охотник,none,13,0.76,711.0,0.5,0.25,снеки;готовая еда;фрукты;напитки;выпечка
u_001265,family_001265,ТС5,молодёжь,true,хозяин,none,17,1.25,564.0,0.3,0.05,молочка;выпечка;фрукты;напитки;готовая еда
u_001266,family_001266,ТСЧ,зрелые,true,хозяин,none,17,1.31,711.0,0.3,0.05,овощи;фрукты;крупы;хлеб;гигиена
u_001267,family_001267,ТС5,дети до 3,true,хозяин,0-6,11,1.84,676.8,0.3,0.05,детская гигиена;хлеб;фрукты;детские каши;подгузники
u_001268,family_001268,ТС5,молодёжь,true,хозяин,none,1,1.34,564.0,0.3,0.05,молочка;снеки;фрукты;выпечка;готовая еда
u_001269,family_001269,ТС5,молодёжь,true,хозяин,none,3,0.77,564.0,0.3,0.05,молочка;фрукты;готовая еда;выпечка;снеки
u_001270,family_001270,ТС5,молодёжь,true,хозяин,none,6,1.19,564.0,0.3,0.05,фрукты;снеки;молочка;напитки;выпечка
u_001271,family_001271,ТС5,старшие,true,хозяин,none,9,2.18,564.0,0.3,0.05,крупы;молочка;рыба;овощи;хлеб
u_001272,family_001272,ТС5,молодёжь,true,хозяин,none,19,0.98,564.0,0.3,0.05,готовая еда;молочка;фрукты;снеки;выпечка
u_001273,family_001273,ТС5,молодёжь,true,хозяин,none,7,0.6,564.0,0.3,0.05,молочка;снеки;выпечка;фрукты;готовая еда
u_001274,family_001274,ТС5,зрелые,true,хозяин,none,15,1.78,564.0,0.3,0.05,хлеб;мясо;крупы;фрукты;молочка
u_001275,family_001275,ТС5,вредные привычки,true,хозяин,none,6,1.13,564.0,0.3,0.05,фрукты;мясо;овощи;крупы;хлеб
u_001276,family_001276,ТСЧ,молодёжь,true,хозяин,none,18,1.0,711.0,0.3,0.05,фрукты;выпечка;готовая еда;молочка;снеки
u_001277,family_001277,ТС5,старшие,true,хозяин,none,16,2.33,564.0,0.3,0.05,молочка;хлеб;овощи;рыба;крупы
u_001278,family_001278,ТС5,зрелые,true,охотник,none,7,1.78,564.0,0.5,0.25,гигиена;хлеб;крупы;овощи;фрукты
u_001279,family_001279,ТС5,зрелые,true,хозяин,none,10,1.93,564.0,0.3,0.05,хлеб;мясо;гигиена;овощи;молочка
u_001280,family_001280,ТС5,вредные привычки,true,хозяин,none,6,1.41,564.0,0.3,0.05,хлеб;овощи;мясо;фрукты;крупы
u_001281,family_001281,ТС5,вредные привычки,true,охотник,none,8,1.73,564.0,0.5,0.25,фрукты;овощи;крупы;хлеб;гигиена
u_001282,family_001282,ТС5,молодёжь,true,охотник,none,15,0.81,564.0,0.5,0.25,молочка;выпечка;фрукты;готовая еда;снеки
u_001283,family_001283,ТС5,вредные привычки,true,охотник,none,5,1.77,564.0,0.5,0.25,гигиена;овощи;молочка;хлеб;мясо
u_001284,family_001284,ТС5,молодёжь,true,охотник,none,1,0.82,564.0,0.5,0.25,выпечка;напитки;снеки;готовая еда;фрукты
u_001285,family_001285,ТСЧ,молодёжь,true,хозяин,none,11,1.22,711.0,0.3,0.05,фрукты;молочка;выпечка;готовая еда;снеки
u_001286,family_001286,ТС5,старшие,true,хозяин,none,9,3.97,564.0,0.3,0.05,творог;хлеб;молочка;рыба;овощи
u_001287,family_001287,ТС5,молодёжь,true,хозяин,none,10,0.61,564.0,0.3,0.05,снеки;готовая еда;напитки;выпечка;фрукты
u_001288,family_001288,ТСЧ,старшие,true,хозяин,none,19,2.4,711.0,0.3,0.05,молочка;хлеб;крупы;творог;овощи
u_001289,family_001289,ТС5,зрелые,true,охотник,none,5,1.77,564.0,0.5,0.25,молочка;крупы;овощи;мясо;хлеб
u_001290,family_001290,ТСХ,молодёжь,true,хозяин,none,8,0.96,878.0,0.3,0.05,напитки;снеки;фрукты;молочка;готовая еда
u_001291,family_001291,ТС5,дети до 3,true,хозяин,1-2,2,2.75,676.8,0.3,0.05,подгузники;фрукты;молочка;хлеб;детская гигиена
u_001292,family_001292,ТСЧ,старшие,true,охотник,none,11,3.58,711.0,0.5,0.25,хлеб;овощи;творог;рыба;молочка
u_001293,family_001293,ТСХ,дети до 3,true,категорийный,0-6,18,1.74,1053.6,0.3,0.05,фрукты;подгузники;детские каши;молочка;хлеб
u_001294,family_001294,ТСХ,зрелые,true,хозяин,none,9,1.47,878.0,0.3,0.05,крупы;хлеб;овощи;молочка;фрукты
u_001295,family_001295,ТС5,молодёжь,true,хозяин,none,14,1.39,564.0,0.3,0.05,выпечка;молочка;напитки;готовая еда;снеки
u_001296,family_001296,ТС5,молодёжь,true,хозяин,none,9,1.36,564.0,0.3,0.05,молочка;напитки;выпечка;фрукты;готовая еда
u_001297,family_001297,ТСХ,дети до 3,true,хозяин,2-3,5,1.78,1053.6,0.3,0.05,детская гигиена;хлеб;молочка;подгузники;детские каши
u_001298,family_001298,ТС5,дети до 3,true,категорийный,6-9,18,2.02,676.8,0.3,0.05,подгузники;молочка;фрукты;хлеб;детские каши
u_001299,family_001299,ТС5,молодёжь,true,категорийный,none,8,1.44,564.0,0.3,0.05,снеки;напитки;готовая еда;выпечка;фрукты
u_001300,family_001300,ТС5,старшие,true,хозяин,none,7,2.76,564.0,0.3,0.05,хлеб;рыба;творог;молочка;овощи
u_001301,family_001301,ТСХ,дети до 3,true,хозяин,6-9,17,2.87,1053.6,0.3,0.05,хлеб;фрукты;подгузники;детские каши;молочка
u_001302,family_001302,ТС5,дети до 3,true,охотник,9-12,14,1.79,676.8,0.5,0.25,подгузники;фрукты;молочка;детская гигиена;детские каши
u_001303,family_001303,ТС5,старшие,true,хозяин,none,13,3.61,564.0,0.3,0.05,хлеб;молочка;овощи;крупы;рыба
u_001304,family_001304,ТСЧ,дети до 3,true,категорийный,9-12,8,3.0,853.2,0.3,0.05,подгузники;детские каши;фрукты;хлеб;детская гигиена
u_001305,family_001305,ТСХ,зрелые,true,хозяин,none,8,1.18,878.0,0.3,0.05,молочка;хлеб;мясо;крупы;гигиена
u_001306,family_001306,ТС5,зрелые,true,хозяин,none,7,1.87,564.0,0.3,0.05,крупы;овощи;гигиена;фрукты;молочка
u_001307,family_001307,ТС5,молодёжь,true,хозяин,none,5,1.24,564.0,0.3,0.05,фрукты;снеки;напитки;готовая еда;выпечка
u_001308,family_001308,ТС5,молодёжь,true,хозяин,none,12,1.41,564.0,0.3,0.05,напитки;молочка;фрукты;готовая еда;выпечка
u_001309,family_001309,ТС5,зрелые,true,хозяин,none,5,1.91,564.0,0.3,0.05,молочка;мясо;фрукты;хлеб;гигиена
u_001310,family_001310,ТС5,молодёжь,true,хозяин,none,14,1.49,564.0,0.3,0.05,готовая еда;выпечка;молочка;снеки;напитки
u_001311,family_001311,ТС5,дети до 3,true,охотник,9-12,16,2.2,676.8,0.5,0.25,молочка;детская гигиена;хлеб;детские каши;фрукты
u_001312,family_001312,ТСЧ,зрелые,true,хозяин,none,16,1.75,711.0,0.3,0.05,гигиена;мясо;хлеб;крупы;молочка
u_001313,family_001313,ТС5,зрелые,true,хозяин,none,3,1.74,564.0,0.3,0.05,крупы;фрукты;овощи;молочка;гигиена
u_001314,family_001314,ТС5,молодёжь,true,охотник,none,11,1.21,564.0,0.5,0.25,выпечка;молочка;напитки;готовая еда;снеки
u_001315,family_001315,ТС5,дети до 3,true,охотник,0-6,13,2.45,676.8,0.5,0.25,детская гигиена;хлеб;подгузники;детские каши;молочка
u_001316,family_001316,ТСЧ,молодёжь,true,хозяин,none,1,1.07,711.0,0.3,0.05,выпечка;напитки;снеки;молочка;фрукты
u_001317,family_001317,ТС5,молодёжь,true,охотник,none,18,0.94,564.0,0.5,0.25,фрукты;напитки;молочка;снеки;готовая еда
u_001318,family_001318,ТС5,зрелые,true,хозяин,none,18,1.46,564.0,0.3,0.05,молочка;крупы;овощи;мясо;гигиена
u_001319,family_001319,ТСХ,дети до 3,true,хозяин,2-3,5,1.64,1053.6,0.3,0.05,детские каши;подгузники;фрукты;молочка;детская гигиена
u_001320,family_001320,ТС5,молодёжь,true,хозяин,none,18,1.48,564.0,0.3,0.05,готовая еда;молочка;снеки;выпечка;фрукты
u_001321,family_001321,ТС5,зрелые,true,охотник,none,7,1.73,564.0,0.5,0.25,овощи;мясо;крупы;хлеб;гигиена
u_001322,family_001322,ТСЧ,дети до 3,true,категорийный,9-12,18,1.85,853.2,0.3,0.05,фрукты;детская гигиена;молочка;подгузники;детские каши
u_001323,family_001323,ТС5,дети до 3,true,категорийный,6-9,5,2.31,676.8,0.3,0.05,фрукты;детские каши;детская гигиена;хлеб;подгузники
u_001324,family_001324,ТСЧ,старшие,true,хозяин,none,17,3.94,711.0,0.3,0.05,хлеб;рыба;овощи;молочка;крупы
u_001325,family_001325,ТС5,молодёжь,true,хозяин,none,10,0.71,564.0,0.3,0.05,фрукты;молочка;готовая еда;выпечка;снеки
u_001326,family_001326,ТС5,дети до 3,true,хозяин,6-9,13,2.68,676.8,0.3,0.05,хлеб;детские каши;фрукты;молочка;подгузники
u_001327,family_001327,ТС5,молодёжь,true,хозяин,none,9,0.64,564.0,0.3,0.05,выпечка;готовая еда;снеки;молочка;фрукты
u_001328,family_001328,ТС5,молодёжь,true,хозяин,none,4,1.02,564.0,0.3,0.05,молочка;готовая еда;выпечка;фрукты;снеки
u_001329,family_001329,ТС5,молодёжь,true,охотник,none,15,0.65,564.0,0.5,0.25,фрукты;напитки;молочка;готовая еда;снеки
u_001330,family_001330,ТСЧ,молодёжь,true,охотник,none,14,1.08,711.0,0.5,0.25,фрукты;выпечка;напитки;готовая еда;молочка
u_001331,family_001331,ТС5,зрелые,true,категорийный,none,12,1.24,564.0,0.3,0.05,гигиена;крупы;фрукты;мясо;хлеб
u_001332,family_001332,ТС5,молодёжь,true,охотник,none,9,1.4,564.0,0.5,0.25,фрукты;молочка;напитки;снеки;выпечка
u_001333,family_001333,ТСЧ,молодёжь,true,хозяин,none,16,0.74,711.0,0.3,0.05,выпечка;снеки;фрукты;напитки;молочка
u_001334,family_001334,ТС5,зрелые,true,охотник,none,18,1.61,564.0,0.5,0.25,мясо;фрукты;гигиена;крупы;молочка
u_001335,family_001335,ТС5,дети до 3,true,охотник,0-6,19,1.64,676.8,0.5,0.25,детская гигиена;молочка;детские каши;хлеб;подгузники
u_001336,family_001336,ТС5,зрелые,true,охотник,none,19,1.86,564.0,0.5,0.25,молочка;фрукты;крупы;гигиена;мясо
u_001337,family_001337,ТС5,молодёжь,true,категорийный,none,4,0.79,564.0,0.3,0.05,выпечка;готовая еда;фрукты;снеки;напитки
u_001338,family_001338,ТСЧ,дети до 3,true,категорийный,6-9,9,2.17,853.2,0.3,0.05,подгузники;молочка;детские каши;фрукты;детская гигиена
u_001339,family_001339,ТСХ,молодёжь,true,хозяин,none,18,1.15,878.0,0.3,0.05,фрукты;выпечка;напитки;готовая еда;снеки
u_001340,family_001340,ТСЧ,дети до 3,true,охотник,6-9,11,2.74,853.2,0.5,0.25,подгузники;хлеб;детские каши;детская гигиена;молочка
u_001341,family_001341,ТС5,зрелые,true,хозяин,none,16,1.35,564.0,0.3,0.05,гигиена;фрукты;овощи;хлеб;молочка
u_001342,family_001342,ТС5,молодёжь,true,хозяин,none,17,1.2,564.0,0.3,0.05,молочка;напитки;снеки;выпечка;готовая еда
u_001343,family_001343,ТС5,молодёжь,true,хозяин,none,13,1.35,564.0,0.3,0.05,снеки;напитки;молочка;фрукты;готовая еда
u_001344,family_001344,ТСЧ,молодёжь,true,категорийный,none,10,1.11,711.0,0.3,0.05,готовая еда;напитки;снеки;выпечка;фрукты
u_001345,family_001345,ТС5,молодёжь,true,категорийный,none,1,0.99,564.0,0.3,0.05,фрукты;снеки;молочка;готовая еда;выпечка
u_001346,family_001346,ТС5,молодёжь,true,хозяин,none,8,1.46,564.0,0.3,0.05,молочка;выпечка;фрукты;снеки;готовая еда
u_001347,family_001347,ТС5,зрелые,true,хозяин,none,19,1.89,564.0,0.3,0.05,фрукты;крупы;овощи;мясо;хлеб
u_001348,family_001348,ТС5,молодёжь,true,категорийный,none,8,0.82,564.0,0.3,0.05,напитки;готовая еда;снеки;выпечка;молочка
u_001349,family_001349,ТСХ,дети до 3,true,хозяин,2-3,16,2.3,1053.6,0.3,0.05,подгузники;фрукты;детская гигиена;молочка;детские каши
u_001350,family_001350,ТСХ,зрелые,true,хозяин,none,8,1.47,878.0,0.3,0.05,мясо;молочка;фрукты;гигиена;хлеб
u_001351,family_001351,ТС5,молодёжь,true,категорийный,none,1,1.06,564.0,0.3,0.05,молочка;готовая еда;напитки;снеки;фрукты
u_001352,family_001352,ТС5,молодёжь,true,категорийный,none,9,1.07,564.0,0.3,0.05,фрукты;готовая еда;выпечка;снеки;молочка
u_001353,family_001353,ТСЧ,молодёжь,true,хозяин,none,18,1.2,711.0,0.3,0.05,напитки;фрукты;снеки;молочка;выпечка
u_001354,family_001354,ТС5,дети до 3,true,охотник,9-12,1,2.96,676.8,0.5,0.25,подгузники;молочка;хлеб;детские каши;фрукты
u_001355,family_001355,ТС5,зрелые,true,охотник,none,8,1.98,564.0,0.5,0.25,гигиена;хлеб;крупы;молочка;овощи
u_001356,family_001356,ТСЧ,зрелые,true,хозяин,none,4,1.95,711.0,0.3,0.05,мясо;крупы;фрукты;гигиена;хлеб
u_001357,family_001357,ТС5,молодёжь,true,хозяин,none,4,0.81,564.0,0.3,0.05,снеки;выпечка;напитки;фрукты;готовая еда
u_001358,family_001358,ТС5,вредные привычки,true,хозяин,none,3,1.14,564.0,0.3,0.05,гигиена;молочка;мясо;овощи;крупы
u_001359,family_001359,ТСЧ,молодёжь,true,хозяин,none,12,0.6,711.0,0.3,0.05,готовая еда;молочка;фрукты;выпечка;снеки
u_001360,family_001360,ТС5,молодёжь,true,категорийный,none,19,0.87,564.0,0.3,0.05,готовая еда;снеки;молочка;напитки;выпечка
u_001361,family_001361,ТС5,молодёжь,true,хозяин,none,5,1.1,564.0,0.3,0.05,молочка;снеки;выпечка;напитки;готовая еда
u_001362,family_001362,ТС5,зрелые,true,хозяин,none,20,1.04,564.0,0.3,0.05,мясо;молочка;овощи;гигиена;крупы
u_001363,family_001363,ТС5,молодёжь,true,хозяин,none,4,1.0,564.0,0.3,0.05,молочка;снеки;напитки;фрукты;выпечка
u_001364,family_001364,ТСХ,старшие,true,охотник,none,3,2.68,878.0,0.5,0.25,овощи;крупы;творог;хлеб;молочка
u_001365,family_001365,ТСХ,молодёжь,true,хозяин,none,16,1.31,878.0,0.3,0.05,фрукты;молочка;готовая еда;напитки;выпечка
u_001366,family_001366,ТС5,молодёжь,true,хозяин,none,19,1.2,564.0,0.3,0.05,молочка;выпечка;снеки;фрукты;напитки
u_001367,family_001367,ТС5,зрелые,true,хозяин,none,14,1.4,564.0,0.3,0.05,фрукты;молочка;гигиена;крупы;хлеб
u_001368,family_001368,ТС5,дети до 3,true,охотник,9-12,16,2.99,676.8,0.5,0.25,молочка;подгузники;фрукты;детские каши;хлеб
u_001369,family_001369,ТС5,дети до 3,true,категорийный,2-3,6,2.46,676.8,0.3,0.05,хлеб;подгузники;фрукты;детские каши;детская гигиена
u_001370,family_001370,ТС5,молодёжь,true,хозяин,none,14,1.24,564.0,0.3,0.05,молочка;снеки;напитки;выпечка;готовая еда
u_001371,family_001371,ТСЧ,молодёжь,true,категорийный,none,8,1.21,711.0,0.3,0.05,готовая еда;снеки;выпечка;фрукты;напитки
u_001372,family_001372,ТС5,вредные привычки,true,категорийный,none,4,1.72,564.0,0.3,0.05,молочка;хлеб;овощи;крупы;фрукты
u_001373,family_001373,ТСЧ,дети до 3,true,категорийный,0-6,5,1.71,853.2,0.3,0.05,детская гигиена;фрукты;молочка;хлеб;детские каши
u_001374,family_001374,ТС5,зрелые,true,охотник,none,9,1.41,564.0,0.5,0.25,молочка;фрукты;крупы;мясо;хлеб
u_001375,family_001375,ТСЧ,молодёжь,true,охотник,none,9,1.1,711.0,0.5,0.25,фрукты;выпечка;готовая еда;напитки;снеки
u_001376,family_001376,ТС5,зрелые,true,хозяин,none,4,1.12,564.0,0.3,0.05,гигиена;фрукты;молочка;хлеб;овощи
u_001377,family_001377,ТС5,старшие,true,хозяин,none,13,2.57,564.0,0.3,0.05,овощи;рыба;творог;молочка;хлеб
u_001378,family_001378,ТС5,зрелые,true,хозяин,none,3,1.55,564.0,0.3,0.05,фрукты;хлеб;крупы;молочка;мясо
u_001379,family_001379,ТС5,молодёжь,true,хозяин,none,13,0.68,564.0,0.3,0.05,фрукты;готовая еда;снеки;выпечка;напитки
u_001380,family_001380,ТС5,молодёжь,true,хозяин,none,2,1.16,564.0,0.3,0.05,молочка;снеки;фрукты;напитки;выпечка
u_001381,family_001381,ТС5,молодёжь,true,хозяин,none,9,1.42,564.0,0.3,0.05,напитки;выпечка;снеки;фрукты;готовая еда
u_001382,family_001382,ТС5,молодёжь,true,хозяин,none,3,0.73,564.0,0.3,0.05,фрукты;снеки;напитки;выпечка;молочка
u_001383,family_001383,ТС5,дети до 3,true,категорийный,2-3,17,1.93,676.8,0.3,0.05,детская гигиена;хлеб;молочка;подгузники;детские каши
u_001384,family_001384,ТС5,вредные привычки,true,хозяин,none,20,1.52,564.0,0.3,0.05,крупы;овощи;гигиена;молочка;фрукты
u_001385,family_001385,ТСЧ,зрелые,true,хозяин,none,1,1.56,711.0,0.3,0.05,гигиена;фрукты;мясо;молочка;крупы
u_001386,family_001386,ТСХ,молодёжь,true,хозяин,none,1,1.15,878.0,0.3,0.05,выпечка;молочка;фрукты;снеки;напитки
u_001387,family_001387,ТС5,зрелые,true,охотник,none,20,1.25,564.0,0.5,0.25,крупы;фрукты;гигиена;хлеб;мясо
u_001388,family_001388,ТС5,молодёжь,true,хозяин,none,6,1.46,564.0,0.3,0.05,выпечка;напитки;снеки;фрукты;готовая еда
u_001389,family_001389,ТС5,молодёжь,true,хозяин,none,14,1.21,564.0,0.3,0.05,молочка;снеки;выпечка;готовая еда;фрукты
u_001390,family_001390,ТС5,вредные привычки,true,охотник,none,15,1.53,564.0,0.5,0.25,фрукты;гигиена;крупы;овощи;хлеб
u_001391,family_001391,ТС5,вредные привычки,true,охотник,none,7,1.05,564.0,0.5,0.25,крупы;хлеб;мясо;гигиена;овощи
u_001392,family_001392,ТС5,дети до 3,true,категорийный,2-3,14,2.06,676.8,0.3,0.05,молочка;детская гигиена;детские каши;подгузники;фрукты
u_001393,family_001393,ТС5,дети до 3,true,хозяин,2-3,14,1.58,676.8,0.3,0.05,детская гигиена;молочка;хлеб;фрукты;детские каши
u_001394,family_001394,ТСЧ,дети до 3,true,категорийный,0-6,7,2.08,853.2,0.3,0.05,хлеб;детская гигиена;молочка;детские каши;подгузники
u_001395,family_001395,ТС5,дети до 3,true,категорийный,6-9,14,1.97,676.8,0.3,0.05,детская гигиена;хлеб;детские каши;фрукты;подгузники
u_001396,family_001396,ТС5,зрелые,true,хозяин,none,1,1.92,564.0,0.3,0.05,гигиена;молочка;овощи;крупы;хлеб
u_001397,family_001397,ТСЧ,дети до 3,true,охотник,6-9,10,2.76,853.2,0.5,0.25,молочка;фрукты;хлеб;детские каши;детская гигиена
u_001398,family_001398,ТС5,зрелые,true,хозяин,none,4,1.8,564.0,0.3,0.05,хлеб;гигиена;крупы;фрукты;молочка
u_001399,family_001399,ТС5,дети до 3,true,хозяин,2-3,16,2.55,676.8,0.3,0.05,молочка;детская гигиена;подгузники;хлеб;детские каши
u_001400,family_001400,ТСЧ,молодёжь,true,хозяин,none,13,0.97,711.0,0.3,0.05,выпечка;снеки;готовая еда;напитки;молочка
u_001401,family_001401,ТСЧ,зрелые,true,хозяин,none,1,1.97,711.0,0.3,0.05,крупы;мясо;овощи;гигиена;молочка
u_001402,family_001402,ТСЧ,молодёжь,true,хозяин,none,10,1.18,711.0,0.3,0.05,снеки;готовая еда;фрукты;напитки;выпечка
u_001403,family_001403,ТС5,зрелые,true,охотник,none,12,1.6,564.0,0.5,0.25,гигиена;фрукты;молочка;крупы;мясо
u_001404,family_001404,ТС5,молодёжь,true,хозяин,none,17,1.4,564.0,0.3,0.05,готовая еда;выпечка;напитки;фрукты;молочка
u_001405,family_001405,ТС5,зрелые,true,хозяин,none,14,1.34,564.0,0.3,0.05,овощи;крупы;фрукты;молочка;хлеб
u_001406,family_001406,ТС5,молодёжь,true,категорийный,none,20,0.51,564.0,0.3,0.05,молочка;готовая еда;напитки;снеки;фрукты
u_001407,family_001407,ТСЧ,дети до 3,true,хозяин,9-12,13,2.0,853.2,0.3,0.05,фрукты;детские каши;хлеб;молочка;детская гигиена
u_001408,family_001408,ТС5,молодёжь,true,хозяин,none,7,0.99,564.0,0.3,0.05,напитки;готовая еда;выпечка;фрукты;молочка
u_001409,family_001409,ТСЧ,старшие,true,охотник,none,4,2.05,711.0,0.5,0.25,крупы;молочка;рыба;творог;овощи
u_001410,family_001410,ТС5,молодёжь,true,охотник,none,3,1.36,564.0,0.5,0.25,готовая еда;фрукты;напитки;выпечка;молочка
u_001411,family_001411,ТС5,дети до 3,true,категорийный,1-2,11,2.68,676.8,0.3,0.05,подгузники;фрукты;хлеб;детские каши;молочка
u_001412,family_001412,ТС5,зрелые,true,хозяин,none,3,1.72,564.0,0.3,0.05,молочка;гигиена;фрукты;хлеб;крупы
u_001413,family_001413,ТС5,молодёжь,true,хозяин,none,17,0.69,564.0,0.3,0.05,снеки;выпечка;фрукты;молочка;напитки
u_001414,family_001414,ТСХ,дети до 3,true,категорийный,1-2,6,2.26,1053.6,0.3,0.05,подгузники;детская гигиена;фрукты;детские каши;хлеб
u_001415,family_001415,ТСЧ,дети до 3,true,хозяин,0-6,3,1.78,853.2,0.3,0.05,молочка;детская гигиена;фрукты;детские каши;хлеб
u_001416,family_001416,ТС5,дети до 3,true,хозяин,1-2,9,2.74,676.8,0.3,0.05,хлеб;детская гигиена;подгузники;молочка;фрукты
u_001417,family_001417,ТС5,молодёжь,true,хозяин,none,16,0.84,564.0,0.3,0.05,фрукты;готовая еда;выпечка;молочка;снеки
u_001418,family_001418,ТС5,зрелые,true,хозяин,none,19,1.77,564.0,0.3,0.05,овощи;крупы;мясо;молочка;гигиена
u_001419,family_001419,ТС5,зрелые,true,хозяин,none,16,1.37,564.0,0.3,0.05,овощи;фрукты;гигиена;хлеб;молочка
u_001420,family_001420,ТС5,молодёжь,true,хозяин,none,15,1.38,564.0,0.3,0.05,напитки;выпечка;молочка;снеки;фрукты
u_001421,family_001421,ТС5,зрелые,true,хозяин,none,1,1.87,564.0,0.3,0.05,гигиена;овощи;фрукты;хлеб;мясо
u_001422,family_001422,ТС5,дети до 3,true,категорийный,6-9,5,2.39,676.8,0.3,0.05,детская гигиена;хлеб;подгузники;детские каши;фрукты
u_001423,family_001423,ТС5,молодёжь,true,хозяин,none,16,0.89,564.0,0.3,0.05,напитки;молочка;фрукты;готовая еда;выпечка
u_001424,family_001424,ТС5,зрелые,true,хозяин,none,6,1.49,564.0,0.3,0.05,крупы;молочка;овощи;гигиена;фрукты
u_001425,family_001425,ТСЧ,зрелые,true,охотник,none,5,1.24,711.0,0.5,0.25,фрукты;хлеб;гигиена;мясо;молочка
u_001426,family_001426,ТСЧ,зрелые,true,хозяин,none,10,1.68,711.0,0.3,0.05,фрукты;мясо;молочка;хлеб;овощи
u_001427,family_001427,ТС5,зрелые,true,охотник,none,5,1.37,564.0,0.5,0.25,фрукты;молочка;крупы;гигиена;хлеб
u_001428,family_001428,ТС5,молодёжь,true,хозяин,none,8,1.41,564.0,0.3,0.05,напитки;выпечка;фрукты;молочка;снеки
u_001429,family_001429,ТС5,молодёжь,true,хозяин,none,5,1.47,564.0,0.3,0.05,фрукты;молочка;снеки;напитки;готовая еда
u_001430,family_001430,ТСЧ,молодёжь,true,хозяин,none,1,0.81,711.0,0.3,0.05,готовая еда;выпечка;снеки;напитки;молочка
u_001431,family_001431,ТС5,дети до 3,true,охотник,9-12,3,2.17,676.8,0.5,0.25,детская гигиена;молочка;хлеб;детские каши;подгузники
u_001432,family_001432,ТС5,молодёжь,true,хозяин,none,12,1.32,564.0,0.3,0.05,выпечка;молочка;снеки;фрукты;напитки
u_001433,family_001433,ТС5,молодёжь,true,охотник,none,7,1.32,564.0,0.5,0.25,фрукты;снеки;готовая еда;молочка;выпечка
u_001434,family_001434,ТСХ,молодёжь,true,охотник,none,10,0.75,878.0,0.5,0.25,выпечка;фрукты;готовая еда;снеки;напитки
u_001435,family_001435,ТС5,молодёжь,true,хозяин,none,14,0.58,564.0,0.3,0.05,выпечка;снеки;фрукты;напитки;молочка
u_001436,family_001436,ТС5,дети до 3,true,охотник,0-6,9,2.18,676.8,0.5,0.25,детская гигиена;фрукты;детские каши;хлеб;подгузники
u_001437,family_001437,ТС5,молодёжь,true,хозяин,none,2,1.37,564.0,0.3,0.05,молочка;выпечка;напитки;готовая еда;снеки
u_001438,family_001438,ТСЧ,дети до 3,true,хозяин,1-2,11,2.09,853.2,0.3,0.05,молочка;фрукты;подгузники;хлеб;детская гигиена
u_001439,family_001439,ТС5,зрелые,true,хозяин,none,17,1.06,564.0,0.3,0.05,крупы;гигиена;хлеб;фрукты;молочка
u_001440,family_001440,ТСЧ,молодёжь,true,хозяин,none,6,1.44,711.0,0.3,0.05,снеки;готовая еда;напитки;фрукты;выпечка
u_001441,family_001441,ТС5,молодёжь,true,хозяин,none,13,1.05,564.0,0.3,0.05,молочка;выпечка;фрукты;напитки;готовая еда
u_001442,family_001442,ТС5,молодёжь,true,хозяин,none,6,0.62,564.0,0.3,0.05,напитки;снеки;молочка;готовая еда;фрукты
u_001443,family_001443,ТС5,зрелые,true,хозяин,none,2,1.04,564.0,0.3,0.05,гигиена;хлеб;крупы;мясо;овощи
u_001444,family_001444,ТС5,вредные привычки,true,охотник,none,13,0.82,564.0,0.5,0.25,гигиена;овощи;фрукты;молочка;крупы
u_001445,family_001445,ТСХ,дети до 3,true,хозяин,6-9,19,1.55,1053.6,0.3,0.05,детская гигиена;фрукты;детские каши;подгузники;хлеб
u_001446,family_001446,ТСХ,дети до 3,true,хозяин,6-9,13,1.82,1053.6,0.3,0.05,фрукты;подгузники;молочка;детская гигиена;детские каши
u_001447,family_001447,ТС5,молодёжь,true,хозяин,none,20,0.76,564.0,0.3,0.05,снеки;напитки;молочка;фрукты;готовая еда
u_001448,family_001448,ТС5,дети до 3,true,хозяин,2-3,13,1.81,676.8,0.3,0.05,подгузники;хлеб;детские каши;фрукты;молочка
u_001449,family_001449,ТС5,дети до 3,true,охотник,6-9,19,2.73,676.8,0.5,0.25,молочка;детские каши;подгузники;хлеб;фрукты
u_001450,family_001450,ТС5,зрелые,true,хозяин,none,17,1.02,564.0,0.3,0.05,молочка;хлеб;крупы;овощи;гигиена
u_001451,family_001451,ТС5,зрелые,true,охотник,none,15,1.98,564.0,0.5,0.25,мясо;хлеб;фрукты;гигиена;овощи
u_001452,family_001452,ТС5,зрелые,true,охотник,none,8,1.08,564.0,0.5,0.25,молочка;гигиена;крупы;мясо;фрукты
u_001453,family_001453,ТСЧ,старшие,true,хозяин,none,13,3.46,711.0,0.3,0.05,крупы;молочка;творог;рыба;хлеб
u_001454,family_001454,ТС5,старшие,true,охотник,none,12,2.15,564.0,0.5,0.25,хлеб;молочка;овощи;творог;рыба
u_001455,family_001455,ТС5,молодёжь,true,категорийный,none,7,0.62,564.0,0.3,0.05,фрукты;готовая еда;выпечка;молочка;напитки
u_001456,family_001456,ТС5,зрелые,true,хозяин,none,19,1.69,564.0,0.3,0.05,овощи;гигиена;молочка;фрукты;мясо
u_001457,family_001457,ТСХ,молодёжь,true,хозяин,none,13,0.53,878.0,0.3,0.05,выпечка;фрукты;молочка;снеки;готовая еда
u_001458,family_001458,ТСЧ,дети до 3,true,хозяин,0-6,9,2.56,853.2,0.3,0.05,хлеб;детские каши;детская гигиена;фрукты;подгузники
u_001459,family_001459,ТС5,старшие,true,хозяин,none,15,3.62,564.0,0.3,0.05,рыба;молочка;хлеб;овощи;крупы
u_001460,family_001460,ТСХ,зрелые,true,охотник,none,10,1.36,878.0,0.5,0.25,мясо;овощи;фрукты;гигиена;крупы
u_001461,family_001461,ТС5,дети до 3,true,хозяин,2-3,18,1.72,676.8,0.3,0.05,хлеб;молочка;детские каши;подгузники;детская гигиена
u_001462,family_001462,ТС5,старшие,true,охотник,none,5,3.63,564.0,0.5,0.25,хлеб;творог;рыба;крупы;овощи
u_001463,family_001463,ТС5,молодёжь,true,хозяин,none,12,1.15,564.0,0.3,0.05,выпечка;молочка;снеки;готовая еда;фрукты
u_001464,family_001464,ТС5,зрелые,true,охотник,none,20,1.34,564.0,0.5,0.25,крупы;гигиена;хлеб;мясо;молочка
u_001465,family_001465,ТСЧ,дети до 3,true,категорийный,0-6,17,2.32,853.2,0.3,0.05,фрукты;подгузники;хлеб;детская гигиена;детские каши
u_001466,family_001466,ТСХ,зрелые,true,охотник,none,16,1.12,878.0,0.5,0.25,крупы;овощи;мясо;фрукты;гигиена
u_001467,family_001467,ТС5,вредные привычки,true,хозяин,none,14,1.49,564.0,0.3,0.05,молочка;хлеб;фрукты;крупы;овощи
u_001468,family_001468,ТСЧ,молодёжь,true,хозяин,none,17,1.3,711.0,0.3,0.05,выпечка;снеки;готовая еда;напитки;молочка
u_001469,family_001469,ТС5,вредные привычки,true,охотник,none,18,1.44,564.0,0.5,0.25,гигиена;хлеб;молочка;мясо;фрукты
u_001470,family_001470,ТС5,молодёжь,true,охотник,none,3,0.57,564.0,0.5,0.25,выпечка;готовая еда;фрукты;снеки;напитки
u_001471,family_001471,ТС5,дети до 3,true,хозяин,9-12,7,1.96,676.8,0.3,0.05,фрукты;хлеб;детские каши;молочка;подгузники
u_001472,family_001472,ТС5,старшие,true,хозяин,none,12,2.06,564.0,0.3,0.05,рыба;хлеб;творог;овощи;молочка
u_001473,family_001473,ТС5,дети до 3,true,категорийный,1-2,1,2.07,676.8,0.3,0.05,детские каши;подгузники;хлеб;детская гигиена;фрукты
u_001474,family_001474,ТС5,зрелые,true,охотник,none,4,1.45,564.0,0.5,0.25,крупы;овощи;хлеб;фрукты;молочка
u_001475,family_001475,ТС5,дети до 3,true,охотник,1-2,7,2.42,676.8,0.5,0.25,подгузники;хлеб;детская гигиена;молочка;фрукты
u_001476,family_001476,ТСЧ,дети до 3,true,охотник,1-2,9,2.55,853.2,0.5,0.25,детские каши;фрукты;подгузники;детская гигиена;хлеб
u_001477,family_001477,ТС5,дети до 3,true,категорийный,9-12,6,1.56,676.8,0.3,0.05,фрукты;молочка;детские каши;подгузники;хлеб
u_001478,family_001478,ТСЧ,молодёжь,true,хозяин,none,8,0.51,711.0,0.3,0.05,фрукты;снеки;выпечка;готовая еда;молочка
u_001479,family_001479,ТС5,молодёжь,true,охотник,none,16,0.73,564.0,0.5,0.25,выпечка;готовая еда;молочка;фрукты;напитки
u_001480,family_001480,ТС5,старшие,true,охотник,none,1,2.88,564.0,0.5,0.25,овощи;хлеб;молочка;рыба;крупы
u_001481,family_001481,ТС5,молодёжь,true,хозяин,none,9,0.94,564.0,0.3,0.05,фрукты;выпечка;готовая еда;молочка;напитки
u_001482,family_001482,ТС5,старшие,true,хозяин,none,13,3.01,564.0,0.3,0.05,крупы;рыба;молочка;хлеб;овощи
u_001483,family_001483,ТС5,молодёжь,true,хозяин,none,18,0.87,564.0,0.3,0.05,напитки;выпечка;готовая еда;фрукты;молочка
u_001484,family_001484,ТС5,молодёжь,true,хозяин,none,7,0.65,564.0,0.3,0.05,снеки;выпечка;готовая еда;фрукты;молочка
u_001485,family_001485,ТС5,молодёжь,true,хозяин,none,9,1.09,564.0,0.3,0.05,готовая еда;напитки;снеки;выпечка;фрукты
u_001486,family_001486,ТСЧ,зрелые,true,хозяин,none,16,1.48,711.0,0.3,0.05,хлеб;молочка;гигиена;фрукты;овощи
u_001487,family_001487,ТС5,дети до 3,true,категорийный,6-9,5,2.79,676.8,0.3,0.05,детская гигиена;подгузники;детские каши;молочка;фрукты
u_001488,family_001488,ТС5,молодёжь,true,охотник,none,12,1.44,564.0,0.5,0.25,напитки;выпечка;готовая еда;снеки;молочка
u_001489,family_001489,ТСЧ,зрелые,true,хозяин,none,12,1.39,711.0,0.3,0.05,мясо;хлеб;крупы;фрукты;овощи
u_001490,family_001490,ТСЧ,дети до 3,true,хозяин,6-9,8,2.4,853.2,0.3,0.05,молочка;детские каши;подгузники;детская гигиена;фрукты
u_001491,family_001491,ТС5,дети до 3,true,охотник,6-9,2,2.05,676.8,0.5,0.25,детские каши;молочка;хлеб;фрукты;детская гигиена
u_001492,family_001492,ТС5,дети до 3,true,хозяин,9-12,16,2.27,676.8,0.3,0.05,детские каши;фрукты;детская гигиена;хлеб;молочка
u_001493,family_001493,ТС5,дети до 3,true,хозяин,2-3,20,2.45,676.8,0.3,0.05,молочка;хлеб;фрукты;детская гигиена;подгузники
u_001494,family_001494,ТС5,старшие,true,категорийный,none,19,2.38,564.0,0.3,0.05,овощи;крупы;рыба;хлеб;творог
u_001495,family_001495,ТС5,дети до 3,true,охотник,6-9,20,2.84,676.8,0.5,0.25,детская гигиена;молочка;хлеб;фрукты;детские каши
u_001496,family_001496,ТСХ,дети до 3,true,хозяин,1-2,19,2.28,1053.6,0.3,0.05,подгузники;молочка;детская гигиена;хлеб;детские каши
u_001497,family_001497,ТС5,дети до 3,true,хозяин,6-9,13,2.23,676.8,0.3,0.05,молочка;фрукты;детские каши;хлеб;детская гигиена
u_001498,family_001498,ТС5,дети до 3,true,хозяин,1-2,18,2.98,676.8,0.3,0.05,подгузники;хлеб;детская гигиена;детские каши;молочка
u_001499,family_001499,ТС5,старшие,true,хозяин,none,9,3.02,564.0,0.3,0.05,хлеб;крупы;овощи;молочка;творог
u_001500,family_001500,ТС5,дети до 3,true,хозяин,1-2,13,1.97,676.8,0.3,0.05,детская гигиена;хлеб;подгузники;фрукты;детские каши
u_001501,family_001501,ТС5,молодёжь,true,хозяин,none,18,0.77,564.0,0.3,0.05,готовая еда;выпечка;снеки;фрукты;напитки
u_001502,family_001502,ТС5,молодёжь,true,охотник,none,9,0.78,564.0,0.5,0.25,снеки;фрукты;молочка;напитки;выпечка
u_001503,family_001503,ТСЧ,дети до 3,true,хозяин,0-6,18,2.38,853.2,0.3,0.05,детская гигиена;хлеб;детские каши;подгузники;молочка
u_001504,family_001504,ТСЧ,молодёжь,true,охотник,none,9,1.31,711.0,0.5,0.25,готовая еда;фрукты;снеки;выпечка;молочка
u_001505,family_001505,ТС5,дети до 3,true,категорийный,6-9,9,1.66,676.8,0.3,0.05,детская гигиена;молочка;детские каши;фрукты;хлеб
u_001506,family_001506,ТС5,молодёжь,true,охотник,none,14,1.21,564.0,0.5,0.25,выпечка;снеки;фрукты;напитки;молочка
u_001507,family_001507,ТС5,зрелые,true,хозяин,none,16,1.44,564.0,0.3,0.05,мясо;овощи;крупы;молочка;хлеб
u_001508,family_001508,ТС5,вредные привычки,true,хозяин,none,7,1.17,564.0,0.3,0.05,крупы;молочка;мясо;фрукты;гигиена
u_001509,family_001509,ТСХ,молодёжь,true,хозяин,none,13,0.77,878.0,0.3,0.05,фрукты;напитки;снеки;выпечка;молочка
u_001510,family_001510,ТСЧ,зрелые,true,хозяин,none,3,1.45,711.0,0.3,0.05,гигиена;молочка;фрукты;овощи;хлеб
u_001511,family_001511,ТС5,дети до 3,true,охотник,1-2,3,2.16,676.8,0.5,0.25,молочка;детская гигиена;хлеб;фрукты;детские каши
u_001512,family_001512,ТС5,молодёжь,true,охотник,none,17,1.1,564.0,0.5,0.25,снеки;готовая еда;выпечка;фрукты;молочка
u_001513,family_001513,ТСХ,молодёжь,true,категорийный,none,3,1.12,878.0,0.3,0.05,молочка;готовая еда;напитки;фрукты;снеки
u_001514,family_001514,ТС5,молодёжь,true,охотник,none,9,1.37,564.0,0.5,0.25,снеки;фрукты;выпечка;молочка;готовая еда
u_001515,family_001515,ТС5,молодёжь,true,хозяин,none,2,1.07,564.0,0.3,0.05,фрукты;снеки;напитки;выпечка;молочка
u_001516,family_001516,ТСЧ,старшие,true,хозяин,none,7,3.21,711.0,0.3,0.05,молочка;рыба;творог;крупы;хлеб
u_001517,family_001517,ТС5,зрелые,true,хозяин,none,12,1.72,564.0,0.3,0.05,хлеб;мясо;гигиена;крупы;молочка
u_001518,family_001518,ТС5,молодёжь,true,хозяин,none,1,1.0,564.0,0.3,0.05,готовая еда;выпечка;снеки;фрукты;напитки
u_001519,family_001519,ТС5,зрелые,true,хозяин,none,20,1.83,564.0,0.3,0.05,мясо;овощи;фрукты;хлеб;гигиена
u_001520,family_001520,ТС5,молодёжь,true,хозяин,none,20,1.25,564.0,0.3,0.05,готовая еда;выпечка;снеки;фрукты;молочка
u_001521,family_001521,ТС5,зрелые,true,охотник,none,13,1.55,564.0,0.5,0.25,крупы;фрукты;мясо;гигиена;овощи
u_001522,family_001522,ТСЧ,дети до 3,true,охотник,1-2,9,2.29,853.2,0.5,0.25,детские каши;детская гигиена;хлеб;подгузники;молочка
u_001523,family_001523,ТС5,дети до 3,true,хозяин,9-12,4,2.41,676.8,0.3,0.05,детские каши;хлеб;фрукты;детская гигиена;молочка
u_001524,family_001524,ТС5,дети до 3,true,охотник,6-9,14,2.66,676.8,0.5,0.25,детская гигиена;детские каши;хлеб;молочка;фрукты
u_001525,family_001525,ТС5,молодёжь,true,категорийный,none,15,0.75,564.0,0.3,0.05,выпечка;фрукты;молочка;снеки;готовая еда
u_001526,family_001526,ТС5,вредные привычки,true,хозяин,none,5,1.7,564.0,0.3,0.05,молочка;овощи;крупы;гигиена;хлеб
u_001527,family_001527,ТС5,вредные привычки,true,охотник,none,14,0.88,564.0,0.5,0.25,овощи;гигиена;мясо;фрукты;молочка
u_001528,family_001528,ТСЧ,старшие,true,хозяин,none,12,2.66,711.0,0.3,0.05,овощи;творог;крупы;молочка;рыба
u_001529,family_001529,ТС5,зрелые,true,хозяин,none,1,1.51,564.0,0.3,0.05,крупы;мясо;овощи;молочка;хлеб
u_001530,family_001530,ТС5,зрелые,true,хозяин,none,20,1.33,564.0,0.3,0.05,овощи;молочка;мясо;крупы;хлеб
u_001531,family_001531,ТСХ,дети до 3,true,охотник,2-3,19,2.26,1053.6,0.5,0.25,детская гигиена;детские каши;молочка;фрукты;хлеб
u_001532,family_001532,ТСХ,зрелые,true,хозяин,none,7,1.09,878.0,0.3,0.05,фрукты;овощи;гигиена;хлеб;молочка
u_001533,family_001533,ТС5,молодёжь,true,хозяин,none,14,1.07,564.0,0.3,0.05,выпечка;снеки;фрукты;напитки;молочка
u_001534,family_001534,ТСЧ,молодёжь,true,категорийный,none,6,1.36,711.0,0.3,0.05,напитки;выпечка;готовая еда;молочка;снеки
u_001535,family_001535,ТСЧ,молодёжь,true,охотник,none,4,0.58,711.0,0.5,0.25,выпечка;напитки;молочка;снеки;фрукты
u_001536,family_001536,ТС5,дети до 3,true,категорийный,9-12,11,2.29,676.8,0.3,0.05,хлеб;фрукты;молочка;детские каши;подгузники
u_001537,family_001537,ТС5,молодёжь,true,хозяин,none,11,1.44,564.0,0.3,0.05,напитки;выпечка;молочка;готовая еда;снеки
u_001538,family_001538,ТСЧ,молодёжь,true,охотник,none,18,0.72,711.0,0.5,0.25,снеки;фрукты;выпечка;готовая еда;напитки
u_001539,family_001539,ТС5,дети до 3,true,хозяин,1-2,14,2.35,676.8,0.3,0.05,молочка;подгузники;детская гигиена;фрукты;детские каши
u_001540,family_001540,ТСЧ,зрелые,true,охотник,none,2,1.44,711.0,0.5,0.25,гигиена;фрукты;хлеб;крупы;мясо
u_001541,family_001541,ТСЧ,дети до 3,true,хозяин,9-12,8,2.23,853.2,0.3,0.05,детские каши;хлеб;детская гигиена;фрукты;молочка
u_001542,family_001542,ТСЧ,вредные привычки,true,охотник,none,6,1.14,711.0,0.5,0.25,мясо;овощи;гигиена;фрукты;молочка
u_001543,family_001543,ТС5,молодёжь,true,охотник,none,5,1.04,564.0,0.5,0.25,выпечка;готовая еда;снеки;молочка;напитки
u_001544,family_001544,ТС5,молодёжь,true,хозяин,none,12,1.18,564.0,0.3,0.05,фрукты;напитки;готовая еда;выпечка;молочка
u_001545,family_001545,ТСЧ,дети до 3,true,хозяин,2-3,3,2.98,853.2,0.3,0.05,фрукты;подгузники;детская гигиена;хлеб;детские каши
u_001546,family_001546,ТСЧ,дети до 3,true,хозяин,9-12,20,2.76,853.2,0.3,0.05,подгузники;фрукты;молочка;хлеб;детские каши
u_001547,family_001547,ТС5,зрелые,true,хозяин,none,17,1.1,564.0,0.3,0.05,мясо;хлеб;овощи;молочка;крупы
u_001548,family_001548,ТСЧ,зрелые,true,охотник,none,15,1.36,711.0,0.5,0.25,мясо;овощи;крупы;фрукты;хлеб
u_001549,family_001549,ТСЧ,молодёжь,true,категорийный,none,10,1.17,711.0,0.3,0.05,снеки;фрукты;выпечка;готовая еда;напитки
u_001550,family_001550,ТС5,молодёжь,true,охотник,none,5,0.61,564.0,0.5,0.25,выпечка;снеки;молочка;напитки;готовая еда
u_001551,family_001551,ТС5,молодёжь,true,хозяин,none,8,1.22,564.0,0.3,0.05,выпечка;фрукты;готовая еда;напитки;снеки
u_001552,family_001552,ТСЧ,молодёжь,true,хозяин,none,2,0.86,711.0,0.3,0.05,выпечка;снеки;напитки;готовая еда;фрукты
u_001553,family_001553,ТС5,зрелые,true,хозяин,none,6,1.81,564.0,0.3,0.05,фрукты;крупы;гигиена;овощи;хлеб
u_001554,family_001554,ТС5,молодёжь,true,категорийный,none,14,1.16,564.0,0.3,0.05,молочка;снеки;готовая еда;выпечка;фрукты
u_001555,family_001555,ТС5,дети до 3,true,категорийный,6-9,2,2.83,676.8,0.3,0.05,детская гигиена;фрукты;детские каши;хлеб;подгузники
u_001556,family_001556,ТСХ,дети до 3,true,охотник,9-12,11,2.7,1053.6,0.5,0.25,молочка;хлеб;подгузники;детские каши;детская гигиена
u_001557,family_001557,ТСХ,старшие,true,хозяин,none,5,2.67,878.0,0.3,0.05,рыба;творог;овощи;хлеб;крупы
u_001558,family_001558,ТСЧ,старшие,true,охотник,none,20,2.39,711.0,0.5,0.25,рыба;молочка;хлеб;овощи;крупы
u_001559,family_001559,ТС5,зрелые,true,хозяин,none,11,1.02,564.0,0.3,0.05,мясо;крупы;молочка;фрукты;хлеб
u_001560,family_001560,ТСЧ,старшие,true,охотник,none,8,3.85,711.0,0.5,0.25,творог;крупы;хлеб;рыба;овощи
u_001561,family_001561,ТСЧ,старшие,true,охотник,none,19,2.51,711.0,0.5,0.25,овощи;молочка;крупы;творог;рыба
u_001562,family_001562,ТСЧ,дети до 3,true,хозяин,1-2,2,2.94,853.2,0.3,0.05,молочка;фрукты;детские каши;подгузники;детская гигиена
u_001563,family_001563,ТСХ,зрелые,true,хозяин,none,19,1.21,878.0,0.3,0.05,крупы;мясо;овощи;молочка;фрукты
u_001564,family_001564,ТСЧ,дети до 3,true,охотник,6-9,18,2.48,853.2,0.5,0.25,подгузники;детские каши;хлеб;детская гигиена;фрукты
u_001565,family_001565,ТСЧ,молодёжь,true,хозяин,none,9,0.67,711.0,0.3,0.05,напитки;фрукты;выпечка;готовая еда;снеки
u_001566,family_001566,ТС5,молодёжь,true,хозяин,none,10,0.81,564.0,0.3,0.05,молочка;фрукты;готовая еда;выпечка;напитки
u_001567,family_001567,ТСЧ,старшие,true,хозяин,none,8,2.13,711.0,0.3,0.05,овощи;крупы;молочка;творог;рыба
u_001568,family_001568,ТС5,зрелые,true,охотник,none,15,1.51,564.0,0.5,0.25,фрукты;крупы;мясо;овощи;молочка
u_001569,family_001569,ТС5,молодёжь,true,хозяин,none,7,1.05,564.0,0.3,0.05,напитки;готовая еда;молочка;выпечка;фрукты
u_001570,family_001570,ТС5,молодёжь,true,охотник,none,18,0.69,564.0,0.5,0.25,фрукты;напитки;готовая еда;снеки;молочка
u_001571,family_001571,ТСХ,дети до 3,true,категорийный,1-2,7,1.75,1053.6,0.3,0.05,фрукты;детские каши;подгузники;молочка;хлеб
u_001572,family_001572,ТСЧ,старшие,true,охотник,none,18,3.54,711.0,0.5,0.25,хлеб;овощи;творог;молочка;рыба
u_001573,family_001573,ТС5,молодёжь,true,хозяин,none,1,1.49,564.0,0.3,0.05,напитки;фрукты;выпечка;молочка;готовая еда
u_001574,family_001574,ТСЧ,старшие,true,хозяин,none,4,3.19,711.0,0.3,0.05,творог;молочка;крупы;хлеб;овощи
u_001575,family_001575,ТС5,дети до 3,true,охотник,0-6,20,2.72,676.8,0.5,0.25,хлеб;молочка;детская гигиена;детские каши;фрукты
u_001576,family_001576,ТС5,зрелые,true,хозяин,none,10,1.66,564.0,0.3,0.05,хлеб;крупы;овощи;фрукты;молочка
u_001577,family_001577,ТС5,зрелые,true,категорийный,none,17,1.36,564.0,0.3,0.05,фрукты;овощи;крупы;гигиена;молочка
u_001578,family_001578,ТС5,молодёжь,true,хозяин,none,3,1.37,564.0,0.3,0.05,молочка;фрукты;готовая еда;снеки;выпечка
u_001579,family_001579,ТС5,молодёжь,true,хозяин,none,4,0.68,564.0,0.3,0.05,снеки;молочка;готовая еда;выпечка;напитки
u_001580,family_001580,ТС5,зрелые,true,хозяин,none,18,1.91,564.0,0.3,0.05,молочка;крупы;мясо;овощи;фрукты
u_001581,family_001581,ТС5,молодёжь,true,хозяин,none,2,0.81,564.0,0.3,0.05,выпечка;готовая еда;напитки;снеки;молочка
u_001582,family_001582,ТС5,молодёжь,true,категорийный,none,1,0.61,564.0,0.3,0.05,выпечка;готовая еда;фрукты;снеки;напитки
u_001583,family_001583,ТС5,молодёжь,true,хозяин,none,18,1.4,564.0,0.3,0.05,снеки;готовая еда;напитки;молочка;выпечка
u_001584,family_001584,ТС5,дети до 3,true,категорийный,0-6,16,1.83,676.8,0.3,0.05,хлеб;детская гигиена;фрукты;молочка;подгузники
u_001585,family_001585,ТСЧ,молодёжь,true,хозяин,none,9,1.08,711.0,0.3,0.05,фрукты;снеки;выпечка;напитки;готовая еда
u_001586,family_001586,ТС5,молодёжь,true,охотник,none,7,1.33,564.0,0.5,0.25,напитки;фрукты;снеки;выпечка;молочка
u_001587,family_001587,ТСЧ,вредные привычки,true,хозяин,none,4,1.51,711.0,0.3,0.05,овощи;крупы;мясо;фрукты;молочка
u_001588,family_001588,ТСЧ,дети до 3,true,хозяин,9-12,5,2.36,853.2,0.3,0.05,хлеб;фрукты;подгузники;молочка;детские каши
u_001589,family_001589,ТС5,молодёжь,true,категорийный,none,2,1.23,564.0,0.3,0.05,фрукты;выпечка;снеки;готовая еда;молочка
u_001590,family_001590,ТСЧ,дети до 3,true,охотник,0-6,1,2.12,853.2,0.5,0.25,молочка;детская гигиена;детские каши;подгузники;хлеб
u_001591,family_001591,ТСХ,зрелые,true,охотник,none,11,1.98,878.0,0.5,0.25,фрукты;крупы;мясо;овощи;хлеб
u_001592,family_001592,ТС5,зрелые,true,хозяин,none,13,1.35,564.0,0.3,0.05,гигиена;крупы;хлеб;фрукты;мясо
u_001593,family_001593,ТСЧ,дети до 3,true,хозяин,1-2,15,1.74,853.2,0.3,0.05,подгузники;детские каши;молочка;хлеб;детская гигиена
u_001594,family_001594,ТС5,молодёжь,true,хозяин,none,6,0.93,564.0,0.3,0.05,готовая еда;выпечка;фрукты;напитки;снеки
u_001595,family_001595,ТС5,дети до 3,true,хозяин,9-12,16,2.95,676.8,0.3,0.05,молочка;детская гигиена;детские каши;подгузники;фрукты
u_001596,family_001596,ТСЧ,молодёжь,true,хозяин,none,16,0.88,711.0,0.3,0.05,молочка;фрукты;снеки;готовая еда;выпечка
u_001597,family_001597,ТСХ,дети до 3,true,охотник,9-12,17,2.7,1053.6,0.5,0.25,хлеб;детские каши;подгузники;фрукты;молочка
u_001598,family_001598,ТС5,молодёжь,true,охотник,none,18,1.36,564.0,0.5,0.25,молочка;фрукты;снеки;напитки;выпечка
u_001599,family_001599,ТСЧ,молодёжь,true,категорийный,none,11,1.27,711.0,0.3,0.05,молочка;выпечка;напитки;готовая еда;снеки
u_001600,family_001600,ТС5,молодёжь,true,хозяин,none,14,0.75,564.0,0.3,0.05,напитки;молочка;снеки;фрукты;выпечка
u_001601,family_001601,ТС5,старшие,true,хозяин,none,12,2.19,564.0,0.3,0.05,хлеб;творог;крупы;молочка;рыба
u_001602,family_001602,ТС5,молодёжь,true,хозяин,none,8,1.03,564.0,0.3,0.05,выпечка;снеки;фрукты;напитки;готовая еда
u_001603,family_001603,ТС5,молодёжь,true,охотник,none,8,0.91,564.0,0.5,0.25,готовая еда;снеки;выпечка;молочка;фрукты
u_001604,family_001604,ТС5,старшие,true,хозяин,none,5,2.44,564.0,0.3,0.05,крупы;рыба;овощи;молочка;хлеб
u_001605,family_001605,ТС5,старшие,true,хозяин,none,9,3.29,564.0,0.3,0.05,хлеб;крупы;молочка;творог;рыба
u_001606,family_001606,ТС5,молодёжь,true,хозяин,none,20,1.04,564.0,0.3,0.05,фрукты;снеки;готовая еда;молочка;напитки
u_001607,family_001607,ТС5,дети до 3,true,охотник,0-6,16,2.73,676.8,0.5,0.25,детская гигиена;детские каши;молочка;подгузники;фрукты
u_001608,family_001608,ТС5,молодёжь,true,хозяин,none,1,0.93,564.0,0.3,0.05,напитки;фрукты;выпечка;молочка;готовая еда
u_001609,family_001609,ТС5,молодёжь,true,охотник,none,1,1.17,564.0,0.5,0.25,снеки;фрукты;молочка;готовая еда;напитки
u_001610,family_001610,ТСХ,молодёжь,true,хозяин,none,5,0.79,878.0,0.3,0.05,готовая еда;выпечка;снеки;напитки;фрукты
u_001611,family_001611,ТС5,зрелые,true,охотник,none,12,1.63,564.0,0.5,0.25,гигиена;овощи;фрукты;хлеб;крупы
u_001612,family_001612,ТС5,старшие,true,хозяин,none,1,2.34,564.0,0.3,0.05,молочка;творог;крупы;овощи;хлеб
u_001613,family_001613,ТС5,зрелые,true,хозяин,none,5,1.42,564.0,0.3,0.05,фрукты;хлеб;крупы;овощи;гигиена
u_001614,family_001614,ТС5,дети до 3,true,охотник,2-3,19,2.98,676.8,0.5,0.25,детские каши;детская гигиена;фрукты;хлеб;молочка
u_001615,family_001615,ТС5,зрелые,true,хозяин,none,11,1.26,564.0,0.3,0.05,хлеб;крупы;молочка;гигиена;фрукты
u_001616,family_001616,ТС5,зрелые,true,хозяин,none,3,1.87,564.0,0.3,0.05,молочка;крупы;хлеб;гигиена;фрукты
u_001617,family_001617,ТСХ,дети до 3,true,категорийный,2-3,16,2.09,1053.6,0.3,0.05,хлеб;фрукты;детская гигиена;подгузники;молочка
u_001618,family_001618,ТС5,молодёжь,true,хозяин,none,2,1.01,564.0,0.3,0.05,молочка;фрукты;готовая еда;выпечка;напитки
u_001619,family_001619,ТС5,дети до 3,true,хозяин,9-12,18,1.7,676.8,0.3,0.05,детская гигиена;подгузники;детские каши;хлеб;фрукты
u_001620,family_001620,ТС5,зрелые,true,охотник,none,3,1.52,564.0,0.5,0.25,мясо;фрукты;молочка;крупы;овощи
u_001621,family_001621,ТС5,молодёжь,true,охотник,none,15,0.66,564.0,0.5,0.25,напитки;фрукты;готовая еда;выпечка;молочка
u_001622,family_001622,ТСХ,зрелые,true,охотник,none,1,1.08,878.0,0.5,0.25,хлеб;крупы;мясо;молочка;фрукты
u_001623,family_001623,ТС5,дети до 3,true,категорийный,1-2,18,2.47,676.8,0.3,0.05,подгузники;фрукты;хлеб;молочка;детские каши
u_001624,family_001624,ТСЧ,дети до 3,true,охотник,2-3,10,2.63,853.2,0.5,0.25,молочка;детская гигиена;подгузники;хлеб;детские каши
u_001625,family_001625,ТС5,дети до 3,true,хозяин,1-2,17,2.87,676.8,0.3,0.05,подгузники;детская гигиена;фрукты;детские каши;хлеб
u_001626,family_001626,ТС5,дети до 3,true,охотник,1-2,1,1.57,676.8,0.5,0.25,подгузники;хлеб;молочка;фрукты;детская гигиена
u_001627,family_001627,ТС5,молодёжь,true,хозяин,none,17,0.78,564.0,0.3,0.05,снеки;выпечка;молочка;напитки;готовая еда
u_001628,family_001628,ТС5,молодёжь,true,хозяин,none,8,1.49,564.0,0.3,0.05,напитки;готовая еда;фрукты;снеки;молочка
u_001629,family_001629,ТСХ,дети до 3,true,хозяин,0-6,16,1.58,1053.6,0.3,0.05,детская гигиена;хлеб;детские каши;молочка;фрукты
u_001630,family_001630,ТС5,зрелые,true,хозяин,none,20,1.78,564.0,0.3,0.05,гигиена;мясо;хлеб;крупы;молочка
u_001631,family_001631,ТС5,зрелые,true,категорийный,none,13,1.25,564.0,0.3,0.05,мясо;молочка;гигиена;крупы;хлеб
u_001632,family_001632,ТС5,молодёжь,true,охотник,none,6,1.05,564.0,0.5,0.25,выпечка;фрукты;снеки;напитки;готовая еда
u_001633,family_001633,ТС5,зрелые,true,хозяин,none,3,1.4,564.0,0.3,0.05,хлеб;гигиена;молочка;крупы;овощи
u_001634,family_001634,ТС5,дети до 3,true,охотник,2-3,19,2.47,676.8,0.5,0.25,хлеб;молочка;детские каши;детская гигиена;подгузники
u_001635,family_001635,ТС5,зрелые,true,охотник,none,5,1.37,564.0,0.5,0.25,крупы;мясо;фрукты;хлеб;молочка
u_001636,family_001636,ТС5,зрелые,true,хозяин,none,2,1.82,564.0,0.3,0.05,овощи;крупы;фрукты;хлеб;мясо
u_001637,family_001637,ТСЧ,дети до 3,true,хозяин,0-6,6,2.1,853.2,0.3,0.05,детская гигиена;молочка;фрукты;детские каши;подгузники
u_001638,family_001638,ТС5,старшие,true,категорийный,none,1,3.34,564.0,0.3,0.05,хлеб;рыба;овощи;крупы;творог
u_001639,family_001639,ТСЧ,дети до 3,true,категорийный,2-3,17,2.87,853.2,0.3,0.05,подгузники;детская гигиена;хлеб;фрукты;детские каши
u_001640,family_001640,ТС5,дети до 3,true,хозяин,9-12,11,2.59,676.8,0.3,0.05,детская гигиена;детские каши;подгузники;молочка;хлеб
u_001641,family_001641,ТС5,зрелые,true,хозяин,none,10,1.24,564.0,0.3,0.05,хлеб;гигиена;овощи;крупы;мясо
u_001642,family_001642,ТС5,молодёжь,true,охотник,none,13,1.23,564.0,0.5,0.25,снеки;готовая еда;молочка;выпечка;фрукты
u_001643,family_001643,ТС5,зрелые,true,охотник,none,18,1.05,564.0,0.5,0.25,хлеб;гигиена;мясо;молочка;овощи
u_001644,family_001644,ТС5,дети до 3,true,хозяин,9-12,8,1.56,676.8,0.3,0.05,детские каши;подгузники;фрукты;хлеб;детская гигиена
u_001645,family_001645,ТСХ,вредные привычки,true,хозяин,none,15,1.76,878.0,0.3,0.05,гигиена;фрукты;мясо;молочка;крупы
u_001646,family_001646,ТСЧ,молодёжь,true,хозяин,none,1,1.09,711.0,0.3,0.05,напитки;выпечка;готовая еда;фрукты;молочка
u_001647,family_001647,ТСЧ,дети до 3,true,хозяин,1-2,11,2.21,853.2,0.3,0.05,хлеб;детские каши;молочка;фрукты;детская гигиена
u_001648,family_001648,ТСЧ,зрелые,true,категорийный,none,14,1.92,711.0,0.3,0.05,мясо;крупы;хлеб;фрукты;гигиена
u_001649,family_001649,ТС5,молодёжь,true,охотник,none,3,0.81,564.0,0.5,0.25,готовая еда;фрукты;напитки;молочка;снеки
u_001650,family_001650,ТС5,вредные привычки,true,хозяин,none,1,1.39,564.0,0.3,0.05,гигиена;фрукты;хлеб;мясо;овощи
u_001651,family_001651,ТС5,молодёжь,true,охотник,none,5,0.57,564.0,0.5,0.25,выпечка;напитки;молочка;снеки;фрукты
u_001652,family_001652,ТС5,молодёжь,true,хозяин,none,10,0.63,564.0,0.3,0.05,молочка;выпечка;готовая еда;снеки;фрукты
u_001653,family_001653,ТСХ,дети до 3,true,хозяин,1-2,14,2.15,1053.6,0.3,0.05,хлеб;подгузники;фрукты;детские каши;молочка
u_001654,family_001654,ТС5,зрелые,true,категорийный,none,7,1.87,564.0,0.3,0.05,молочка;мясо;хлеб;овощи;крупы
u_001655,family_001655,ТС5,дети до 3,true,категорийный,0-6,13,1.73,676.8,0.3,0.05,детские каши;подгузники;молочка;хлеб;фрукты
u_001656,family_001656,ТС5,молодёжь,true,хозяин,none,11,0.86,564.0,0.3,0.05,выпечка;молочка;снеки;фрукты;готовая еда
u_001657,family_001657,ТС5,зрелые,true,хозяин,none,18,1.64,564.0,0.3,0.05,хлеб;мясо;гигиена;овощи;крупы
u_001658,family_001658,ТСХ,молодёжь,true,хозяин,none,18,0.5,878.0,0.3,0.05,молочка;выпечка;снеки;фрукты;напитки
u_001659,family_001659,ТС5,зрелые,true,категорийный,none,17,1.14,564.0,0.3,0.05,молочка;хлеб;крупы;овощи;фрукты
u_001660,family_001660,ТСХ,молодёжь,true,охотник,none,15,1.19,878.0,0.5,0.25,готовая еда;молочка;фрукты;напитки;снеки
u_001661,family_001661,ТСЧ,дети до 3,true,хозяин,9-12,10,2.36,853.2,0.3,0.05,подгузники;детские каши;молочка;фрукты;хлеб
u_001662,family_001662,ТС5,дети до 3,true,охотник,1-2,20,2.36,676.8,0.5,0.25,детские каши;молочка;хлеб;подгузники;детская гигиена
u_001663,family_001663,ТС5,зрелые,true,хозяин,none,19,1.25,564.0,0.3,0.05,овощи;мясо;молочка;гигиена;крупы
u_001664,family_001664,ТСХ,зрелые,true,хозяин,none,7,1.95,878.0,0.3,0.05,хлеб;молочка;гигиена;мясо;фрукты
u_001665,family_001665,ТСХ,зрелые,true,хозяин,none,19,1.56,878.0,0.3,0.05,молочка;фрукты;мясо;гигиена;овощи
u_001666,family_001666,ТС5,вредные привычки,true,хозяин,none,14,1.77,564.0,0.3,0.05,молочка;крупы;фрукты;хлеб;овощи
u_001667,family_001667,ТС5,дети до 3,true,категорийный,6-9,17,2.41,676.8,0.3,0.05,молочка;фрукты;хлеб;детские каши;подгузники
u_001668,family_001668,ТСЧ,дети до 3,true,охотник,2-3,1,2.75,853.2,0.5,0.25,молочка;подгузники;хлеб;детская гигиена;фрукты
u_001669,family_001669,ТСЧ,старшие,true,хозяин,none,14,2.68,711.0,0.3,0.05,творог;крупы;хлеб;овощи;рыба
u_001670,family_001670,ТС5,молодёжь,true,охотник,none,3,1.28,564.0,0.5,0.25,выпечка;молочка;фрукты;снеки;напитки
u_001671,family_001671,ТС5,старшие,true,хозяин,none,18,2.96,564.0,0.3,0.05,хлеб;молочка;крупы;творог;рыба
u_001672,family_001672,ТС5,старшие,true,охотник,none,9,3.69,564.0,0.5,0.25,овощи;хлеб;крупы;молочка;творог
u_001673,family_001673,ТСЧ,вредные привычки,true,охотник,none,1,1.63,711.0,0.5,0.25,хлеб;фрукты;гигиена;молочка;крупы
u_001674,family_001674,ТС5,дети до 3,true,охотник,1-2,3,3.0,676.8,0.5,0.25,подгузники;детские каши;детская гигиена;хлеб;молочка
u_001675,family_001675,ТС5,зрелые,true,хозяин,none,1,1.05,564.0,0.3,0.05,молочка;фрукты;мясо;гигиена;овощи
u_001676,family_001676,ТС5,молодёжь,true,охотник,none,3,1.36,564.0,0.5,0.25,напитки;готовая еда;выпечка;снеки;молочка
u_001677,family_001677,ТСЧ,дети до 3,true,категорийный,1-2,14,2.44,853.2,0.3,0.05,подгузники;молочка;детская гигиена;фрукты;детские каши
u_001678,family_001678,ТС5,старшие,true,хозяин,none,20,2.56,564.0,0.3,0.05,крупы;молочка;хлеб;творог;рыба
u_001679,family_001679,ТСХ,дети до 3,true,хозяин,6-9,12,1.53,1053.6,0.3,0.05,подгузники;детские каши;фрукты;детская гигиена;хлеб
u_001680,family_001680,ТСЧ,дети до 3,true,категорийный,0-6,9,1.53,853.2,0.3,0.05,фрукты;хлеб;молочка;подгузники;детские каши
u_001681,family_001681,ТС5,дети до 3,true,хозяин,6-9,11,2.04,676.8,0.3,0.05,детская гигиена;хлеб;молочка;фрукты;подгузники
u_001682,family_001682,ТС5,старшие,true,хозяин,none,7,3.7,564.0,0.3,0.05,крупы;молочка;творог;овощи;хлеб
u_001683,family_001683,ТС5,молодёжь,true,охотник,none,8,1.33,564.0,0.5,0.25,фрукты;напитки;снеки;выпечка;молочка
u_001684,family_001684,ТС5,старшие,true,хозяин,none,7,2.44,564.0,0.3,0.05,молочка;творог;овощи;крупы;хлеб
u_001685,family_001685,ТС5,зрелые,true,хозяин,none,19,1.32,564.0,0.3,0.05,хлеб;фрукты;овощи;молочка;крупы
u_001686,family_001686,ТС5,молодёжь,true,хозяин,none,15,0.7,564.0,0.3,0.05,напитки;готовая еда;выпечка;снеки;молочка
u_001687,family_001687,ТСЧ,старшие,true,охотник,none,16,3.33,711.0,0.5,0.25,крупы;рыба;молочка;хлеб;овощи
u_001688,family_001688,ТС5,зрелые,true,охотник,none,19,1.54,564.0,0.5,0.25,хлеб;молочка;гигиена;овощи;фрукты
u_001689,family_001689,ТСЧ,дети до 3,true,охотник,9-12,16,2.68,853.2,0.5,0.25,хлеб;фрукты;детские каши;подгузники;детская гигиена
u_001690,family_001690,ТСЧ,молодёжь,true,охотник,none,8,1.38,711.0,0.5,0.25,молочка;снеки;напитки;фрукты;готовая еда
u_001691,family_001691,ТС5,дети до 3,true,хозяин,0-6,16,2.68,676.8,0.3,0.05,фрукты;хлеб;детские каши;детская гигиена;подгузники
u_001692,family_001692,ТС5,зрелые,true,хозяин,none,16,1.24,564.0,0.3,0.05,фрукты;мясо;хлеб;молочка;крупы
u_001693,family_001693,ТСХ,дети до 3,true,хозяин,6-9,6,1.84,1053.6,0.3,0.05,молочка;хлеб;детская гигиена;подгузники;детские каши
u_001694,family_001694,ТС5,дети до 3,true,хозяин,9-12,18,2.98,676.8,0.3,0.05,подгузники;молочка;детские каши;фрукты;хлеб
u_001695,family_001695,ТСХ,дети до 3,true,охотник,6-9,3,2.97,1053.6,0.5,0.25,детская гигиена;молочка;детские каши;хлеб;подгузники
u_001696,family_001696,ТС5,дети до 3,true,охотник,6-9,14,2.44,676.8,0.5,0.25,фрукты;молочка;подгузники;детские каши;хлеб
u_001697,family_001697,ТСЧ,молодёжь,true,хозяин,none,2,1.45,711.0,0.3,0.05,фрукты;снеки;выпечка;напитки;молочка
u_001698,family_001698,ТС5,молодёжь,true,хозяин,none,20,0.84,564.0,0.3,0.05,фрукты;молочка;готовая еда;напитки;выпечка
u_001699,family_001699,ТС5,дети до 3,true,охотник,1-2,2,2.54,676.8,0.5,0.25,детские каши;подгузники;молочка;фрукты;хлеб
u_001700,family_001700,ТСЧ,дети до 3,true,хозяин,6-9,18,2.65,853.2,0.3,0.05,хлеб;детская гигиена;подгузники;молочка;фрукты
u_001701,family_001701,ТС5,зрелые,true,категорийный,none,3,1.72,564.0,0.3,0.05,крупы;фрукты;гигиена;мясо;хлеб
u_001702,family_001702,ТС5,зрелые,true,хозяин,none,14,1.51,564.0,0.3,0.05,крупы;хлеб;гигиена;овощи;фрукты
u_001703,family_001703,ТС5,дети до 3,true,охотник,2-3,11,2.52,676.8,0.5,0.25,подгузники;детские каши;детская гигиена;молочка;хлеб
u_001704,family_001704,ТС5,зрелые,true,охотник,none,12,1.76,564.0,0.5,0.25,фрукты;гигиена;мясо;овощи;крупы
u_001705,family_001705,ТС5,молодёжь,true,охотник,none,6,0.78,564.0,0.5,0.25,молочка;снеки;напитки;фрукты;выпечка
u_001706,family_001706,ТС5,старшие,true,хозяин,none,19,2.79,564.0,0.3,0.05,крупы;овощи;творог;молочка;хлеб
u_001707,family_001707,ТС5,молодёжь,true,хозяин,none,19,1.35,564.0,0.3,0.05,выпечка;снеки;молочка;напитки;готовая еда
u_001708,family_001708,ТС5,молодёжь,true,хозяин,none,11,0.69,564.0,0.3,0.05,напитки;выпечка;снеки;молочка;фрукты
u_001709,family_001709,ТС5,дети до 3,true,хозяин,2-3,8,2.8,676.8,0.3,0.05,детская гигиена;молочка;фрукты;подгузники;детские каши
u_001710,family_001710,ТСЧ,старшие,true,хозяин,none,13,2.74,711.0,0.3,0.05,молочка;хлеб;овощи;крупы;творог
u_001711,family_001711,ТС5,молодёжь,true,хозяин,none,10,1.32,564.0,0.3,0.05,снеки;готовая еда;фрукты;выпечка;молочка
u_001712,family_001712,ТСЧ,старшие,true,охотник,none,3,3.85,711.0,0.5,0.25,молочка;хлеб;творог;рыба;овощи
u_001713,family_001713,ТС5,зрелые,true,хозяин,none,8,1.27,564.0,0.3,0.05,молочка;гигиена;овощи;хлеб;фрукты
u_001714,family_001714,ТС5,молодёжь,true,хозяин,none,11,1.33,564.0,0.3,0.05,снеки;готовая еда;фрукты;напитки;молочка
u_001715,family_001715,ТС5,зрелые,true,охотник,none,16,1.73,564.0,0.5,0.25,мясо;молочка;хлеб;фрукты;гигиена
u_001716,family_001716,ТСЧ,молодёжь,true,категорийный,none,9,1.45,711.0,0.3,0.05,снеки;готовая еда;напитки;молочка;выпечка
u_001717,family_001717,ТСХ,молодёжь,true,хозяин,none,17,1.45,878.0,0.3,0.05,готовая еда;молочка;выпечка;напитки;фрукты
u_001718,family_001718,ТС5,зрелые,true,охотник,none,1,1.27,564.0,0.5,0.25,хлеб;гигиена;мясо;овощи;крупы
u_001719,family_001719,ТС5,молодёжь,true,хозяин,none,14,0.92,564.0,0.3,0.05,напитки;молочка;выпечка;снеки;фрукты
u_001720,family_001720,ТС5,зрелые,true,хозяин,none,11,1.51,564.0,0.3,0.05,крупы;гигиена;овощи;мясо;фрукты
u_001721,family_001721,ТС5,старшие,true,охотник,none,11,3.58,564.0,0.5,0.25,творог;овощи;крупы;рыба;молочка
u_001722,family_001722,ТС5,дети до 3,true,хозяин,0-6,14,2.98,676.8,0.3,0.05,подгузники;детская гигиена;хлеб;детские каши;молочка
u_001723,family_001723,ТС5,молодёжь,true,охотник,none,19,1.15,564.0,0.5,0.25,снеки;готовая еда;фрукты;молочка;напитки
u_001724,family_001724,ТСХ,зрелые,true,хозяин,none,1,1.32,878.0,0.3,0.05,фрукты;молочка;мясо;хлеб;овощи
u_001725,family_001725,ТС5,дети до 3,true,хозяин,0-6,10,1.95,676.8,0.3,0.05,фрукты;хлеб;детские каши;детская гигиена;молочка
u_001726,family_001726,ТС5,старшие,true,охотник,none,8,2.85,564.0,0.5,0.25,рыба;хлеб;овощи;творог;крупы
u_001727,family_001727,ТС5,молодёжь,true,хозяин,none,17,1.48,564.0,0.3,0.05,фрукты;снеки;напитки;молочка;готовая еда
u_001728,family_001728,ТСЧ,молодёжь,true,хозяин,none,6,1.21,711.0,0.3,0.05,готовая еда;снеки;молочка;фрукты;напитки
u_001729,family_001729,ТС5,молодёжь,true,охотник,none,1,1.13,564.0,0.5,0.25,молочка;готовая еда;фрукты;снеки;выпечка
u_001730,family_001730,ТСЧ,дети до 3,true,хозяин,1-2,6,1.81,853.2,0.3,0.05,фрукты;детские каши;молочка;подгузники;хлеб
u_001731,family_001731,ТСХ,дети до 3,true,охотник,1-2,6,2.68,1053.6,0.5,0.25,молочка;детские каши;фрукты;детская гигиена;хлеб
u_001732,family_001732,ТСХ,дети до 3,true,охотник,1-2,5,2.07,1053.6,0.5,0.25,фрукты;подгузники;молочка;хлеб;детские каши
u_001733,family_001733,ТС5,зрелые,true,охотник,none,15,1.38,564.0,0.5,0.25,крупы;мясо;хлеб;молочка;гигиена
u_001734,family_001734,ТС5,зрелые,true,охотник,none,4,1.65,564.0,0.5,0.25,хлеб;молочка;фрукты;гигиена;крупы
u_001735,family_001735,ТС5,зрелые,true,хозяин,none,19,1.66,564.0,0.3,0.05,хлеб;молочка;овощи;гигиена;крупы
u_001736,family_001736,ТС5,старшие,true,категорийный,none,7,3.48,564.0,0.3,0.05,крупы;молочка;хлеб;рыба;творог
u_001737,family_001737,ТС5,молодёжь,true,хозяин,none,8,1.4,564.0,0.3,0.05,напитки;фрукты;снеки;молочка;готовая еда
u_001738,family_001738,ТС5,старшие,true,хозяин,none,4,2.98,564.0,0.3,0.05,рыба;хлеб;творог;молочка;овощи
u_001739,family_001739,ТСЧ,вредные привычки,true,категорийный,none,19,1.13,711.0,0.3,0.05,гигиена;овощи;мясо;фрукты;крупы
u_001740,family_001740,ТСХ,молодёжь,true,охотник,none,20,1.32,878.0,0.5,0.25,молочка;выпечка;готовая еда;фрукты;напитки
u_001741,family_001741,ТС5,молодёжь,true,хозяин,none,20,0.97,564.0,0.3,0.05,молочка;выпечка;готовая еда;фрукты;снеки
u_001742,family_001742,ТСХ,зрелые,true,хозяин,none,18,1.95,878.0,0.3,0.05,мясо;хлеб;крупы;гигиена;молочка
u_001743,family_001743,ТСЧ,зрелые,true,хозяин,none,12,1.4,711.0,0.3,0.05,гигиена;крупы;молочка;хлеб;мясо
u_001744,family_001744,ТС5,молодёжь,true,охотник,none,16,1.11,564.0,0.5,0.25,фрукты;выпечка;молочка;снеки;готовая еда
u_001745,family_001745,ТС5,зрелые,true,охотник,none,17,1.36,564.0,0.5,0.25,хлеб;крупы;мясо;фрукты;молочка
u_001746,family_001746,ТСХ,старшие,true,охотник,none,2,2.4,878.0,0.5,0.25,овощи;рыба;крупы;хлеб;молочка
u_001747,family_001747,ТСЧ,старшие,true,хозяин,none,4,2.92,711.0,0.3,0.05,овощи;крупы;творог;рыба;молочка
u_001748,family_001748,ТС5,молодёжь,true,хозяин,none,19,1.25,564.0,0.3,0.05,фрукты;готовая еда;молочка;снеки;выпечка
u_001749,family_001749,ТС5,дети до 3,true,охотник,6-9,2,2.42,676.8,0.5,0.25,детская гигиена;подгузники;детские каши;хлеб;фрукты
u_001750,family_001750,ТС5,дети до 3,true,хозяин,0-6,5,2.1,676.8,0.3,0.05,хлеб;детская гигиена;фрукты;подгузники;молочка
u_001751,family_001751,ТС5,зрелые,true,категорийный,none,15,1.41,564.0,0.3,0.05,гигиена;крупы;хлеб;молочка;фрукты
u_001752,family_001752,ТС5,зрелые,true,хозяин,none,4,1.38,564.0,0.3,0.05,молочка;хлеб;крупы;гигиена;фрукты
u_001753,family_001753,ТС5,молодёжь,true,хозяин,none,11,1.16,564.0,0.3,0.05,молочка;выпечка;снеки;готовая еда;напитки
u_001754,family_001754,ТС5,дети до 3,true,хозяин,9-12,7,2.3,676.8,0.3,0.05,хлеб;детская гигиена;детские каши;молочка;фрукты
u_001755,family_001755,ТСХ,молодёжь,true,охотник,none,10,0.68,878.0,0.5,0.25,готовая еда;напитки;фрукты;молочка;снеки
u_001756,family_001756,ТС5,молодёжь,true,хозяин,none,1,1.08,564.0,0.3,0.05,напитки;снеки;молочка;фрукты;выпечка
u_001757,family_001757,ТС5,молодёжь,true,охотник,none,7,1.2,564.0,0.5,0.25,напитки;фрукты;выпечка;готовая еда;молочка
u_001758,family_001758,ТСЧ,молодёжь,true,охотник,none,20,0.85,711.0,0.5,0.25,фрукты;молочка;выпечка;готовая еда;напитки
u_001759,family_001759,ТС5,дети до 3,true,хозяин,6-9,14,2.9,676.8,0.3,0.05,фрукты;молочка;хлеб;детская гигиена;детские каши
u_001760,family_001760,ТСХ,молодёжь,true,охотник,none,9,1.44,878.0,0.5,0.25,фрукты;снеки;готовая еда;выпечка;молочка
u_001761,family_001761,ТСЧ,дети до 3,true,хозяин,6-9,16,1.85,853.2,0.3,0.05,детские каши;молочка;подгузники;хлеб;фрукты
u_001762,family_001762,ТС5,зрелые,true,хозяин,none,14,1.86,564.0,0.3,0.05,молочка;фрукты;хлеб;мясо;гигиена
u_001763,family_001763,ТСЧ,дети до 3,true,категорийный,0-6,11,1.98,853.2,0.3,0.05,детская гигиена;подгузники;хлеб;молочка;детские каши
u_001764,family_001764,ТС5,молодёжь,true,хозяин,none,12,1.41,564.0,0.3,0.05,выпечка;фрукты;молочка;снеки;напитки
u_001765,family_001765,ТСЧ,дети до 3,true,хозяин,1-2,19,2.52,853.2,0.3,0.05,молочка;хлеб;фрукты;детская гигиена;подгузники
u_001766,family_001766,ТСЧ,молодёжь,true,охотник,none,5,1.34,711.0,0.5,0.25,напитки;выпечка;молочка;готовая еда;фрукты
u_001767,family_001767,ТС5,молодёжь,true,хозяин,none,17,0.62,564.0,0.3,0.05,снеки;готовая еда;выпечка;напитки;молочка
u_001768,family_001768,ТС5,вредные привычки,true,охотник,none,3,1.29,564.0,0.5,0.25,фрукты;мясо;молочка;крупы;овощи
u_001769,family_001769,ТС5,зрелые,true,хозяин,none,4,1.15,564.0,0.3,0.05,молочка;крупы;гигиена;овощи;фрукты
u_001770,family_001770,ТС5,молодёжь,true,хозяин,none,14,0.95,564.0,0.3,0.05,снеки;готовая еда;выпечка;напитки;молочка
u_001771,family_001771,ТС5,старшие,true,охотник,none,10,2.72,564.0,0.5,0.25,творог;овощи;хлеб;крупы;молочка
u_001772,family_001772,ТСЧ,молодёжь,true,охотник,none,1,0.52,711.0,0.5,0.25,выпечка;снеки;напитки;фрукты;молочка
u_001773,family_001773,ТС5,зрелые,true,хозяин,none,16,1.03,564.0,0.3,0.05,молочка;мясо;гигиена;овощи;крупы
u_001774,family_001774,ТСЧ,зрелые,true,охотник,none,20,1.4,711.0,0.5,0.25,гигиена;фрукты;овощи;крупы;хлеб
u_001775,family_001775,ТС5,молодёжь,true,хозяин,none,3,1.02,564.0,0.3,0.05,снеки;выпечка;готовая еда;молочка;напитки
u_001776,family_001776,ТСЧ,дети до 3,true,хозяин,9-12,11,2.44,853.2,0.3,0.05,подгузники;хлеб;фрукты;детские каши;детская гигиена
u_001777,family_001777,ТС5,дети до 3,true,хозяин,9-12,2,1.53,676.8,0.3,0.05,хлеб;молочка;детская гигиена;фрукты;подгузники
u_001778,family_001778,ТСЧ,дети до 3,true,охотник,9-12,19,1.5,853.2,0.5,0.25,детская гигиена;подгузники;молочка;фрукты;детские каши
u_001779,family_001779,ТС5,дети до 3,true,хозяин,2-3,10,2.47,676.8,0.3,0.05,фрукты;детские каши;хлеб;молочка;детская гигиена
u_001780,family_001780,ТС5,дети до 3,true,хозяин,2-3,15,2.53,676.8,0.3,0.05,детские каши;хлеб;молочка;подгузники;детская гигиена
u_001781,family_001781,ТСЧ,старшие,true,хозяин,none,16,2.57,711.0,0.3,0.05,молочка;хлеб;творог;овощи;крупы
u_001782,family_001782,ТС5,зрелые,true,охотник,none,14,1.18,564.0,0.5,0.25,крупы;гигиена;мясо;овощи;фрукты
u_001783,family_001783,ТС5,молодёжь,true,охотник,none,1,0.57,564.0,0.5,0.25,напитки;снеки;выпечка;фрукты;готовая еда
u_001784,family_001784,ТС5,дети до 3,true,охотник,2-3,6,1.66,676.8,0.5,0.25,детские каши;подгузники;детская гигиена;молочка;фрукты
u_001785,family_001785,ТС5,дети до 3,true,хозяин,2-3,3,1.85,676.8,0.3,0.05,хлеб;фрукты;детские каши;подгузники;молочка
u_001786,family_001786,ТС5,дети до 3,true,хозяин,2-3,17,2.44,676.8,0.3,0.05,молочка;фрукты;подгузники;детские каши;детская гигиена
u_001787,family_001787,ТСЧ,вредные привычки,true,хозяин,none,4,1.25,711.0,0.3,0.05,овощи;мясо;крупы;хлеб;гигиена
u_001788,family_001788,ТСЧ,старшие,true,хозяин,none,1,3.08,711.0,0.3,0.05,молочка;рыба;овощи;хлеб;творог
u_001789,family_001789,ТС5,молодёжь,true,охотник,none,6,1.34,564.0,0.5,0.25,выпечка;молочка;готовая еда;снеки;напитки
u_001790,family_001790,ТС5,дети до 3,true,хозяин,6-9,17,2.84,676.8,0.3,0.05,хлеб;фрукты;молочка;подгузники;детская гигиена
u_001791,family_001791,ТС5,дети до 3,true,хозяин,1-2,19,2.91,676.8,0.3,0.05,хлеб;детские каши;подгузники;детская гигиена;фрукты
u_001792,family_001792,ТС5,молодёжь,true,хозяин,none,3,1.29,564.0,0.3,0.05,выпечка;готовая еда;напитки;снеки;молочка
u_001793,family_001793,ТС5,дети до 3,true,хозяин,1-2,10,2.51,676.8,0.3,0.05,хлеб;фрукты;детская гигиена;детские каши;молочка
u_001794,family_001794,ТС5,зрелые,true,хозяин,none,13,1.18,564.0,0.3,0.05,крупы;молочка;мясо;фрукты;овощи
u_001795,family_001795,ТС5,зрелые,true,хозяин,none,18,1.25,564.0,0.3,0.05,овощи;мясо;фрукты;молочка;хлеб
u_001796,family_001796,ТС5,молодёжь,true,хозяин,none,1,0.65,564.0,0.3,0.05,напитки;готовая еда;выпечка;молочка;фрукты
u_001797,family_001797,ТСЧ,дети до 3,true,охотник,1-2,9,2.31,853.2,0.5,0.25,детская гигиена;подгузники;хлеб;детские каши;молочка
u_001798,family_001798,ТС5,дети до 3,true,охотник,1-2,5,2.98,676.8,0.5,0.25,детские каши;хлеб;детская гигиена;молочка;фрукты
u_001799,family_001799,ТС5,молодёжь,true,хозяин,none,3,0.59,564.0,0.3,0.05,готовая еда;снеки;фрукты;напитки;выпечка
u_001800,family_001800,ТС5,зрелые,true,хозяин,none,6,2.0,564.0,0.3,0.05,гигиена;хлеб;фрукты;молочка;мясо
u_001801,family_001801,ТС5,зрелые,true,охотник,none,11,1.19,564.0,0.5,0.25,хлеб;молочка;овощи;мясо;фрукты
u_001802,family_001802,ТС5,вредные привычки,true,охотник,none,1,1.71,564.0,0.5,0.25,овощи;гигиена;крупы;фрукты;молочка
u_001803,family_001803,ТС5,дети до 3,true,хозяин,0-6,7,2.55,676.8,0.3,0.05,молочка;подгузники;детские каши;детская гигиена;фрукты
u_001804,family_001804,ТС5,зрелые,true,охотник,none,3,1.77,564.0,0.5,0.25,хлеб;крупы;овощи;молочка;мясо
u_001805,family_001805,ТС5,старшие,true,хозяин,none,13,2.92,564.0,0.3,0.05,творог;крупы;молочка;рыба;хлеб
u_001806,family_001806,ТС5,вредные привычки,true,охотник,none,4,1.59,564.0,0.5,0.25,гигиена;овощи;мясо;хлеб;фрукты
u_001807,family_001807,ТС5,старшие,true,хозяин,none,20,3.33,564.0,0.3,0.05,творог;крупы;хлеб;овощи;рыба
u_001808,family_001808,ТС5,дети до 3,true,охотник,0-6,11,2.01,676.8,0.5,0.25,молочка;хлеб;подгузники;детские каши;фрукты
u_001809,family_001809,ТС5,зрелые,true,охотник,none,2,1.84,564.0,0.5,0.25,гигиена;фрукты;овощи;хлеб;мясо
u_001810,family_001810,ТСЧ,старшие,true,хозяин,none,4,2.14,711.0,0.3,0.05,молочка;хлеб;рыба;творог;крупы
u_001811,family_001811,ТС5,молодёжь,true,хозяин,none,5,0.6,564.0,0.3,0.05,молочка;напитки;фрукты;снеки;готовая еда
u_001812,family_001812,ТС5,молодёжь,true,хозяин,none,19,0.8,564.0,0.3,0.05,снеки;напитки;молочка;готовая еда;выпечка
u_001813,family_001813,ТС5,вредные привычки,true,хозяин,none,9,1.59,564.0,0.3,0.05,крупы;мясо;гигиена;фрукты;хлеб
u_001814,family_001814,ТС5,молодёжь,true,охотник,none,9,0.66,564.0,0.5,0.25,напитки;фрукты;выпечка;снеки;молочка
u_001815,family_001815,ТСХ,дети до 3,true,категорийный,2-3,15,2.67,1053.6,0.3,0.05,молочка;хлеб;детская гигиена;подгузники;фрукты
u_001816,family_001816,ТС5,молодёжь,true,охотник,none,9,1.3,564.0,0.5,0.25,выпечка;снеки;молочка;фрукты;напитки
u_001817,family_001817,ТСХ,молодёжь,true,хозяин,none,11,1.1,878.0,0.3,0.05,напитки;снеки;готовая еда;выпечка;молочка
u_001818,family_001818,ТС5,молодёжь,true,хозяин,none,10,0.68,564.0,0.3,0.05,выпечка;фрукты;молочка;напитки;снеки
u_001819,family_001819,ТС5,молодёжь,true,хозяин,none,3,0.89,564.0,0.3,0.05,готовая еда;фрукты;снеки;выпечка;молочка
u_001820,family_001820,ТС5,старшие,true,охотник,none,9,3.07,564.0,0.5,0.25,творог;хлеб;молочка;рыба;овощи
u_001821,family_001821,ТС5,дети до 3,true,категорийный,1-2,16,2.99,676.8,0.3,0.05,детская гигиена;хлеб;подгузники;детские каши;фрукты
u_001822,family_001822,ТС5,зрелые,true,хозяин,none,9,1.45,564.0,0.3,0.05,крупы;фрукты;овощи;хлеб;мясо
u_001823,family_001823,ТСЧ,молодёжь,true,охотник,none,6,0.55,711.0,0.5,0.25,молочка;напитки;снеки;фрукты;выпечка
u_001824,family_001824,ТС5,дети до 3,true,охотник,1-2,18,1.57,676.8,0.5,0.25,фрукты;молочка;детская гигиена;детские каши;хлеб
u_001825,family_001825,ТСЧ,молодёжь,true,хозяин,none,18,1.19,711.0,0.3,0.05,снеки;молочка;напитки;фрукты;выпечка
u_001826,family_001826,ТСХ,старшие,true,хозяин,none,2,3.35,878.0,0.3,0.05,хлеб;овощи;творог;рыба;крупы
u_001827,family_001827,ТС5,дети до 3,true,охотник,6-9,3,1.67,676.8,0.5,0.25,детская гигиена;хлеб;детские каши;фрукты;молочка
u_001828,family_001828,ТС5,дети до 3,true,категорийный,0-6,15,2.16,676.8,0.3,0.05,детские каши;детская гигиена;фрукты;молочка;хлеб
u_001829,family_001829,ТС5,дети до 3,true,хозяин,6-9,1,1.79,676.8,0.3,0.05,фрукты;хлеб;детские каши;молочка;подгузники
u_001830,family_001830,ТСЧ,старшие,true,хозяин,none,1,3.31,711.0,0.3,0.05,молочка;рыба;хлеб;творог;овощи
u_001831,family_001831,ТС5,зрелые,true,хозяин,none,13,1.61,564.0,0.3,0.05,гигиена;хлеб;овощи;крупы;фрукты
u_001832,family_001832,ТС5,молодёжь,true,охотник,none,10,0.51,564.0,0.5,0.25,фрукты;готовая еда;молочка;напитки;снеки
u_001833,family_001833,ТС5,дети до 3,true,охотник,0-6,14,2.02,676.8,0.5,0.25,детская гигиена;молочка;фрукты;хлеб;детские каши
u_001834,family_001834,ТС5,дети до 3,true,категорийный,6-9,18,2.82,676.8,0.3,0.05,хлеб;подгузники;детские каши;молочка;фрукты
u_001835,family_001835,ТС5,зрелые,true,хозяин,none,11,1.24,564.0,0.3,0.05,мясо;молочка;хлеб;фрукты;овощи
u_001836,family_001836,ТС5,молодёжь,true,хозяин,none,13,1.3,564.0,0.3,0.05,молочка;фрукты;выпечка;напитки;готовая еда
u_001837,family_001837,ТСЧ,зрелые,true,хозяин,none,10,1.99,711.0,0.3,0.05,овощи;фрукты;мясо;хлеб;крупы
u_001838,family_001838,ТС5,зрелые,true,охотник,none,9,1.38,564.0,0.5,0.25,молочка;гигиена;мясо;фрукты;овощи
u_001839,family_001839,ТС5,молодёжь,true,категорийный,none,18,1.15,564.0,0.3,0.05,молочка;выпечка;снеки;напитки;готовая еда
u_001840,family_001840,ТС5,зрелые,true,хозяин,none,4,1.99,564.0,0.3,0.05,крупы;мясо;фрукты;молочка;хлеб
u_001841,family_001841,ТСЧ,молодёжь,true,охотник,none,7,1.48,711.0,0.5,0.25,молочка;фрукты;готовая еда;напитки;выпечка
u_001842,family_001842,ТС5,молодёжь,true,охотник,none,1,0.69,564.0,0.5,0.25,снеки;готовая еда;молочка;выпечка;фрукты
u_001843,family_001843,ТС5,вредные привычки,true,хозяин,none,1,1.31,564.0,0.3,0.05,крупы;мясо;гигиена;фрукты;овощи
u_001844,family_001844,ТС5,молодёжь,true,хозяин,none,10,0.69,564.0,0.3,0.05,выпечка;готовая еда;напитки;молочка;фрукты
u_001845,family_001845,ТСЧ,вредные привычки,true,хозяин,none,8,1.44,711.0,0.3,0.05,молочка;мясо;крупы;гигиена;хлеб
u_001846,family_001846,ТС5,зрелые,true,охотник,none,18,1.64,564.0,0.5,0.25,хлеб;овощи;крупы;фрукты;мясо
u_001847,family_001847,ТС5,дети до 3,true,хозяин,0-6,7,2.6,676.8,0.3,0.05,подгузники;детские каши;фрукты;хлеб;молочка
u_001848,family_001848,ТС5,зрелые,true,категорийный,none,19,1.38,564.0,0.3,0.05,гигиена;молочка;овощи;крупы;мясо
u_001849,family_001849,ТС5,дети до 3,true,категорийный,1-2,14,1.9,676.8,0.3,0.05,подгузники;хлеб;детские каши;детская гигиена;молочка
u_001850,family_001850,ТСЧ,зрелые,true,охотник,none,8,1.99,711.0,0.5,0.25,молочка;фрукты;мясо;овощи;гигиена
u_001851,family_001851,ТС5,зрелые,true,категорийный,none,9,1.77,564.0,0.3,0.05,фрукты;молочка;мясо;крупы;хлеб
u_001852,family_001852,ТСХ,зрелые,true,хозяин,none,18,1.2,878.0,0.3,0.05,мясо;хлеб;фрукты;гигиена;молочка
u_001853,family_001853,ТС5,дети до 3,true,хозяин,6-9,18,2.15,676.8,0.3,0.05,фрукты;хлеб;подгузники;детская гигиена;молочка
u_001854,family_001854,ТСХ,молодёжь,true,хозяин,none,19,0.93,878.0,0.3,0.05,напитки;выпечка;готовая еда;фрукты;снеки
u_001855,family_001855,ТСЧ,молодёжь,true,хозяин,none,5,0.52,711.0,0.3,0.05,готовая еда;снеки;выпечка;напитки;молочка
u_001856,family_001856,ТС5,старшие,true,хозяин,none,18,3.66,564.0,0.3,0.05,крупы;хлеб;молочка;рыба;творог
u_001857,family_001857,ТС5,молодёжь,true,категорийный,none,19,0.87,564.0,0.3,0.05,снеки;готовая еда;выпечка;фрукты;напитки
u_001858,family_001858,ТС5,старшие,true,хозяин,none,16,2.91,564.0,0.3,0.05,рыба;молочка;крупы;хлеб;овощи
u_001859,family_001859,ТС5,молодёжь,true,хозяин,none,18,1.17,564.0,0.3,0.05,фрукты;молочка;снеки;выпечка;готовая еда
u_001860,family_001860,ТС5,дети до 3,true,категорийный,1-2,9,1.77,676.8,0.3,0.05,детская гигиена;фрукты;детские каши;хлеб;подгузники
u_001861,family_001861,ТС5,зрелые,true,охотник,none,9,1.72,564.0,0.5,0.25,овощи;гигиена;хлеб;молочка;крупы
u_001862,family_001862,ТС5,молодёжь,true,хозяин,none,2,0.82,564.0,0.3,0.05,молочка;снеки;готовая еда;напитки;выпечка
u_001863,family_001863,ТС5,зрелые,true,хозяин,none,1,1.71,564.0,0.3,0.05,молочка;крупы;гигиена;мясо;овощи
u_001864,family_001864,ТС5,старшие,true,охотник,none,14,2.55,564.0,0.5,0.25,молочка;хлеб;крупы;рыба;овощи
u_001865,family_001865,ТС5,зрелые,true,категорийный,none,17,1.16,564.0,0.3,0.05,мясо;гигиена;овощи;крупы;молочка
u_001866,family_001866,ТС5,дети до 3,true,охотник,2-3,6,1.74,676.8,0.5,0.25,молочка;детские каши;детская гигиена;подгузники;хлеб
u_001867,family_001867,ТСЧ,молодёжь,true,категорийный,none,18,1.42,711.0,0.3,0.05,напитки;готовая еда;выпечка;молочка;фрукты
u_001868,family_001868,ТСХ,старшие,true,охотник,none,2,2.18,878.0,0.5,0.25,творог;овощи;молочка;рыба;хлеб
u_001869,family_001869,ТСЧ,старшие,true,хозяин,none,3,2.63,711.0,0.3,0.05,хлеб;молочка;творог;овощи;крупы
u_001870,family_001870,ТС5,зрелые,true,охотник,none,2,1.82,564.0,0.5,0.25,хлеб;гигиена;молочка;мясо;крупы
u_001871,family_001871,ТС5,дети до 3,true,хозяин,0-6,1,2.94,676.8,0.3,0.05,молочка;подгузники;хлеб;детские каши;детская гигиена
u_001872,family_001872,ТС5,молодёжь,true,охотник,none,19,1.02,564.0,0.5,0.25,выпечка;молочка;снеки;фрукты;напитки
u_001873,family_001873,ТС5,молодёжь,true,категорийный,none,4,0.91,564.0,0.3,0.05,фрукты;готовая еда;снеки;выпечка;молочка
u_001874,family_001874,ТСЧ,зрелые,true,хозяин,none,3,1.04,711.0,0.3,0.05,овощи;молочка;хлеб;гигиена;фрукты
u_001875,family_001875,ТС5,вредные привычки,true,охотник,none,3,1.27,564.0,0.5,0.25,овощи;хлеб;гигиена;фрукты;крупы
u_001876,family_001876,ТС5,зрелые,true,хозяин,none,5,1.42,564.0,0.3,0.05,молочка;фрукты;овощи;крупы;гигиена
u_001877,family_001877,ТСХ,дети до 3,true,охотник,6-9,9,2.84,1053.6,0.5,0.25,фрукты;хлеб;детская гигиена;молочка;детские каши
u_001878,family_001878,ТСЧ,дети до 3,true,хозяин,9-12,13,2.87,853.2,0.3,0.05,фрукты;подгузники;молочка;детская гигиена;хлеб
u_001879,family_001879,ТС5,дети до 3,true,хозяин,0-6,13,2.04,676.8,0.3,0.05,фрукты;молочка;хлеб;подгузники;детская гигиена
u_001880,family_001880,ТСЧ,молодёжь,true,хозяин,none,1,1.09,711.0,0.3,0.05,молочка;напитки;фрукты;готовая еда;выпечка
u_001881,family_001881,ТС5,зрелые,true,охотник,none,20,1.1,564.0,0.5,0.25,хлеб;молочка;крупы;мясо;гигиена
u_001882,family_001882,ТСХ,старшие,true,хозяин,none,1,2.28,878.0,0.3,0.05,овощи;хлеб;творог;молочка;рыба
u_001883,family_001883,ТС5,молодёжь,true,охотник,none,12,1.42,564.0,0.5,0.25,напитки;фрукты;готовая еда;молочка;выпечка
u_001884,family_001884,ТСЧ,старшие,true,охотник,none,6,2.88,711.0,0.5,0.25,овощи;творог;рыба;молочка;хлеб
u_001885,family_001885,ТС5,вредные привычки,true,охотник,none,2,0.88,564.0,0.5,0.25,молочка;овощи;хлеб;мясо;фрукты
u_001886,family_001886,ТСЧ,зрелые,true,охотник,none,9,1.44,711.0,0.5,0.25,мясо;овощи;молочка;фрукты;хлеб
u_001887,family_001887,ТС5,зрелые,true,хозяин,none,15,1.7,564.0,0.3,0.05,гигиена;хлеб;фрукты;молочка;крупы
u_001888,family_001888,ТСХ,дети до 3,true,хозяин,0-6,8,2.5,1053.6,0.3,0.05,подгузники;хлеб;фрукты;детская гигиена;молочка
u_001889,family_001889,ТСЧ,зрелые,true,категорийный,none,1,1.2,711.0,0.3,0.05,мясо;молочка;крупы;овощи;хлеб
u_001890,family_001890,ТС5,молодёжь,true,хозяин,none,2,1.01,564.0,0.3,0.05,фрукты;напитки;готовая еда;выпечка;снеки
u_001891,family_001891,ТС5,старшие,true,категорийный,none,11,3.76,564.0,0.3,0.05,творог;крупы;овощи;рыба;молочка
u_001892,family_001892,ТСЧ,зрелые,true,хозяин,none,2,1.36,711.0,0.3,0.05,молочка;гигиена;крупы;фрукты;хлеб
u_001893,family_001893,ТС5,дети до 3,true,охотник,1-2,19,2.14,676.8,0.5,0.25,фрукты;подгузники;хлеб;молочка;детская гигиена
u_001894,family_001894,ТСХ,дети до 3,true,хозяин,6-9,16,2.25,1053.6,0.3,0.05,хлеб;детская гигиена;фрукты;молочка;подгузники
u_001895,family_001895,ТС5,молодёжь,true,хозяин,none,12,1.36,564.0,0.3,0.05,готовая еда;фрукты;выпечка;снеки;напитки
u_001896,family_001896,ТС5,зрелые,true,хозяин,none,11,1.01,564.0,0.3,0.05,хлеб;крупы;овощи;молочка;фрукты
u_001897,family_001897,ТС5,старшие,true,хозяин,none,5,3.8,564.0,0.3,0.05,крупы;овощи;молочка;рыба;творог
u_001898,family_001898,ТС5,молодёжь,true,хозяин,none,19,1.2,564.0,0.3,0.05,снеки;фрукты;молочка;выпечка;напитки
u_001899,family_001899,ТСЧ,молодёжь,true,охотник,none,2,1.07,711.0,0.5,0.25,фрукты;выпечка;готовая еда;снеки;молочка
u_001900,family_001900,ТС5,зрелые,true,хозяин,none,14,1.51,564.0,0.3,0.05,хлеб;молочка;гигиена;крупы;фрукты
u_001901,family_001901,ТС5,дети до 3,true,охотник,2-3,1,1.92,676.8,0.5,0.25,хлеб;молочка;детские каши;детская гигиена;фрукты
u_001902,family_001902,ТС5,дети до 3,true,хозяин,6-9,19,2.61,676.8,0.3,0.05,детские каши;молочка;детская гигиена;хлеб;подгузники
u_001903,family_001903,ТС5,зрелые,true,хозяин,none,6,1.8,564.0,0.3,0.05,крупы;хлеб;фрукты;овощи;гигиена
u_001904,family_001904,ТС5,молодёжь,true,хозяин,none,15,1.39,564.0,0.3,0.05,фрукты;молочка;снеки;готовая еда;выпечка
u_001905,family_001905,ТС5,зрелые,true,охотник,none,8,1.71,564.0,0.5,0.25,мясо;молочка;хлеб;гигиена;фрукты
u_001906,family_001906,ТСХ,молодёжь,true,охотник,none,20,1.23,878.0,0.5,0.25,снеки;готовая еда;напитки;выпечка;молочка
u_001907,family_001907,ТС5,старшие,true,охотник,none,12,3.13,564.0,0.5,0.25,хлеб;молочка;творог;овощи;крупы
u_001908,family_001908,ТС5,вредные привычки,true,хозяин,none,3,1.53,564.0,0.3,0.05,овощи;мясо;фрукты;крупы;молочка
u_001909,family_001909,ТСХ,молодёжь,true,хозяин,none,2,1.21,878.0,0.3,0.05,напитки;снеки;выпечка;фрукты;готовая еда
u_001910,family_001910,ТС5,старшие,true,охотник,none,5,3.02,564.0,0.5,0.25,творог;хлеб;крупы;овощи;рыба
u_001911,family_001911,ТС5,зрелые,true,охотник,none,4,2.0,564.0,0.5,0.25,хлеб;гигиена;фрукты;крупы;молочка
u_001912,family_001912,ТС5,дети до 3,true,охотник,2-3,5,2.44,676.8,0.5,0.25,детская гигиена;хлеб;фрукты;подгузники;детские каши
u_001913,family_001913,ТС5,молодёжь,true,категорийный,none,7,1.23,564.0,0.3,0.05,фрукты;молочка;готовая еда;выпечка;снеки
u_001914,family_001914,ТСЧ,старшие,true,хозяин,none,7,3.4,711.0,0.3,0.05,рыба;крупы;молочка;хлеб;овощи
u_001915,family_001915,ТС5,старшие,true,хозяин,none,5,2.44,564.0,0.3,0.05,крупы;рыба;хлеб;творог;овощи
u_001916,family_001916,ТСЧ,молодёжь,true,охотник,none,8,0.87,711.0,0.5,0.25,снеки;готовая еда;фрукты;напитки;молочка
u_001917,family_001917,ТС5,зрелые,true,хозяин,none,13,1.2,564.0,0.3,0.05,крупы;молочка;овощи;хлеб;фрукты
u_001918,family_001918,ТС5,молодёжь,true,категорийный,none,4,1.11,564.0,0.3,0.05,снеки;фрукты;готовая еда;напитки;выпечка
u_001919,family_001919,ТС5,старшие,true,хозяин,none,3,2.94,564.0,0.3,0.05,хлеб;творог;молочка;рыба;овощи
u_001920,family_001920,ТС5,зрелые,true,хозяин,none,18,1.82,564.0,0.3,0.05,молочка;мясо;фрукты;крупы;гигиена
u_001921,family_001921,ТС5,молодёжь,true,охотник,none,4,0.92,564.0,0.5,0.25,готовая еда;молочка;фрукты;снеки;напитки
u_001922,family_001922,ТС5,молодёжь,true,охотник,none,13,0.96,564.0,0.5,0.25,готовая еда;выпечка;снеки;напитки;молочка
u_001923,family_001923,ТСЧ,молодёжь,true,хозяин,none,13,0.86,711.0,0.3,0.05,готовая еда;напитки;молочка;снеки;выпечка
u_001924,family_001924,ТС5,дети до 3,true,хозяин,6-9,10,2.41,676.8,0.3,0.05,детская гигиена;хлеб;детские каши;фрукты;подгузники
u_001925,family_001925,ТС5,дети до 3,true,хозяин,6-9,5,2.77,676.8,0.3,0.05,детские каши;детская гигиена;хлеб;подгузники;молочка
u_001926,family_001926,ТС5,молодёжь,true,хозяин,none,14,1.17,564.0,0.3,0.05,фрукты;напитки;молочка;снеки;готовая еда
u_001927,family_001927,ТС5,дети до 3,true,охотник,0-6,18,2.6,676.8,0.5,0.25,фрукты;хлеб;подгузники;молочка;детская гигиена
u_001928,family_001928,ТС5,молодёжь,true,хозяин,none,3,1.16,564.0,0.3,0.05,молочка;выпечка;напитки;готовая еда;фрукты
u_001929,family_001929,ТС5,зрелые,true,охотник,none,10,1.95,564.0,0.5,0.25,хлеб;овощи;молочка;крупы;фрукты
u_001930,family_001930,ТС5,молодёжь,true,категорийный,none,2,1.31,564.0,0.3,0.05,снеки;готовая еда;молочка;напитки;фрукты
u_001931,family_001931,ТСЧ,дети до 3,true,хозяин,9-12,9,2.05,853.2,0.3,0.05,детские каши;хлеб;молочка;детская гигиена;фрукты
u_001932,family_001932,ТСХ,дети до 3,true,охотник,9-12,11,2.92,1053.6,0.5,0.25,молочка;детская гигиена;детские каши;фрукты;хлеб
u_001933,family_001933,ТСЧ,вредные привычки,true,хозяин,none,20,1.58,711.0,0.3,0.05,фрукты;молочка;гигиена;хлеб;мясо
u_001934,family_001934,ТС5,молодёжь,true,хозяин,none,1,1.04,564.0,0.3,0.05,готовая еда;молочка;напитки;выпечка;снеки
u_001935,family_001935,ТС5,зрелые,true,хозяин,none,13,1.6,564.0,0.3,0.05,овощи;гигиена;мясо;фрукты;хлеб
u_001936,family_001936,ТС5,дети до 3,true,хозяин,6-9,1,2.18,676.8,0.3,0.05,молочка;детская гигиена;фрукты;детские каши;подгузники
u_001937,family_001937,ТС5,вредные привычки,true,категорийный,none,10,0.85,564.0,0.3,0.05,крупы;овощи;мясо;хлеб;молочка
u_001938,family_001938,ТСХ,молодёжь,true,хозяин,none,4,0.8,878.0,0.3,0.05,напитки;фрукты;снеки;молочка;готовая еда
u_001939,family_001939,ТС5,вредные привычки,true,охотник,none,15,1.03,564.0,0.5,0.25,крупы;молочка;гигиена;мясо;хлеб
u_001940,family_001940,ТСЧ,старшие,true,категорийный,none,5,3.86,711.0,0.3,0.05,молочка;овощи;хлеб;рыба;крупы
u_001941,family_001941,ТС5,молодёжь,true,охотник,none,9,1.24,564.0,0.5,0.25,снеки;выпечка;молочка;фрукты;напитки
u_001942,family_001942,ТСЧ,зрелые,true,охотник,none,2,1.11,711.0,0.5,0.25,хлеб;крупы;гигиена;молочка;овощи
u_001943,family_001943,ТС5,зрелые,true,охотник,none,5,1.22,564.0,0.5,0.25,фрукты;гигиена;крупы;хлеб;овощи
u_001944,family_001944,ТС5,зрелые,true,хозяин,none,7,1.47,564.0,0.3,0.05,молочка;овощи;гигиена;мясо;крупы
u_001945,family_001945,ТСХ,зрелые,true,охотник,none,18,1.06,878.0,0.5,0.25,овощи;гигиена;мясо;молочка;фрукты
u_001946,family_001946,ТС5,молодёжь,true,охотник,none,6,1.23,564.0,0.5,0.25,готовая еда;напитки;снеки;выпечка;молочка
u_001947,family_001947,ТС5,старшие,true,хозяин,none,1,3.21,564.0,0.3,0.05,крупы;творог;молочка;хлеб;рыба
u_001948,family_001948,ТС5,дети до 3,true,хозяин,6-9,2,1.8,676.8,0.3,0.05,детская гигиена;детские каши;молочка;хлеб;подгузники
u_001949,family_001949,ТС5,вредные привычки,true,категорийный,none,1,1.4,564.0,0.3,0.05,хлеб;мясо;фрукты;гигиена;крупы
u_001950,family_001950,ТС5,вредные привычки,true,охотник,none,7,1.71,564.0,0.5,0.25,хлеб;гигиена;крупы;фрукты;молочка
u_001951,family_001951,ТС5,молодёжь,true,хозяин,none,20,0.67,564.0,0.3,0.05,напитки;фрукты;выпечка;молочка;готовая еда
u_001952,family_001952,ТСХ,молодёжь,true,хозяин,none,14,0.59,878.0,0.3,0.05,напитки;готовая еда;выпечка;снеки;молочка
u_001953,family_001953,ТСЧ,дети до 3,true,хозяин,2-3,6,2.08,853.2,0.3,0.05,детские каши;подгузники;детская гигиена;фрукты;хлеб
u_001954,family_001954,ТС5,молодёжь,true,хозяин,none,13,0.6,564.0,0.3,0.05,фрукты;молочка;снеки;напитки;готовая еда
u_001955,family_001955,ТСХ,старшие,true,хозяин,none,14,3.85,878.0,0.3,0.05,овощи;творог;рыба;крупы;хлеб
u_001956,family_001956,ТС5,дети до 3,true,хозяин,6-9,7,2.97,676.8,0.3,0.05,детская гигиена;хлеб;фрукты;подгузники;молочка
u_001957,family_001957,ТС5,зрелые,true,хозяин,none,5,1.35,564.0,0.3,0.05,крупы;гигиена;мясо;хлеб;овощи
u_001958,family_001958,ТСЧ,старшие,true,охотник,none,6,2.36,711.0,0.5,0.25,овощи;хлеб;молочка;крупы;творог
u_001959,family_001959,ТСЧ,зрелые,true,категорийный,none,7,1.37,711.0,0.3,0.05,молочка;фрукты;хлеб;крупы;гигиена
u_001960,family_001960,ТС5,дети до 3,true,охотник,9-12,13,2.53,676.8,0.5,0.25,детские каши;молочка;подгузники;хлеб;фрукты
u_001961,family_001961,ТС5,молодёжь,true,охотник,none,10,1.27,564.0,0.5,0.25,фрукты;молочка;напитки;готовая еда;выпечка
u_001962,family_001962,ТСЧ,молодёжь,true,охотник,none,6,0.9,711.0,0.5,0.25,готовая еда;молочка;напитки;выпечка;снеки
u_001963,family_001963,ТС5,зрелые,true,хозяин,none,12,1.39,564.0,0.3,0.05,овощи;крупы;гигиена;фрукты;молочка
u_001964,family_001964,ТС5,молодёжь,true,хозяин,none,6,1.44,564.0,0.3,0.05,фрукты;готовая еда;напитки;молочка;снеки
u_001965,family_001965,ТСЧ,вредные привычки,true,хозяин,none,11,1.13,711.0,0.3,0.05,овощи;молочка;мясо;крупы;гигиена
u_001966,family_001966,ТСХ,дети до 3,true,хозяин,9-12,15,2.32,1053.6,0.3,0.05,молочка;детская гигиена;подгузники;фрукты;детские каши
u_001967,family_001967,ТСЧ,молодёжь,true,хозяин,none,6,1.17,711.0,0.3,0.05,готовая еда;молочка;выпечка;фрукты;напитки
u_001968,family_001968,ТСХ,молодёжь,true,хозяин,none,7,1.07,878.0,0.3,0.05,фрукты;выпечка;молочка;снеки;напитки
u_001969,family_001969,ТС5,дети до 3,true,охотник,6-9,3,1.75,676.8,0.5,0.25,детские каши;хлеб;детская гигиена;подгузники;молочка
u_001970,family_001970,ТС5,дети до 3,true,охотник,0-6,15,2.94,676.8,0.5,0.25,хлеб;фрукты;детские каши;молочка;детская гигиена
u_001971,family_001971,ТС5,зрелые,true,категорийный,none,19,1.9,564.0,0.3,0.05,крупы;гигиена;овощи;хлеб;молочка
u_001972,family_001972,ТС5,дети до 3,true,хозяин,9-12,7,1.55,676.8,0.3,0.05,фрукты;хлеб;молочка;подгузники;детские каши
u_001973,family_001973,ТС5,молодёжь,true,хозяин,none,3,0.85,564.0,0.3,0.05,готовая еда;напитки;выпечка;снеки;молочка
u_001974,family_001974,ТСЧ,дети до 3,true,хозяин,9-12,16,1.51,853.2,0.3,0.05,подгузники;хлеб;детская гигиена;детские каши;молочка
u_001975,family_001975,ТС5,молодёжь,true,охотник,none,14,1.0,564.0,0.5,0.25,напитки;молочка;выпечка;фрукты;снеки
u_001976,family_001976,ТСЧ,старшие,true,хозяин,none,7,2.77,711.0,0.3,0.05,овощи;хлеб;молочка;крупы;рыба
u_001977,family_001977,ТС5,вредные привычки,true,хозяин,none,8,1.27,564.0,0.3,0.05,молочка;мясо;фрукты;овощи;крупы
u_001978,family_001978,ТС5,молодёжь,true,хозяин,none,3,0.61,564.0,0.3,0.05,фрукты;молочка;напитки;готовая еда;снеки
u_001979,family_001979,ТС5,молодёжь,true,охотник,none,19,0.97,564.0,0.5,0.25,готовая еда;снеки;напитки;молочка;фрукты
u_001980,family_001980,ТС5,молодёжь,true,хозяин,none,7,0.93,564.0,0.3,0.05,снеки;готовая еда;напитки;выпечка;фрукты
u_001981,family_001981,ТСЧ,зрелые,true,хозяин,none,19,1.76,711.0,0.3,0.05,мясо;фрукты;овощи;гигиена;хлеб
u_001982,family_001982,ТС5,молодёжь,true,категорийный,none,9,1.37,564.0,0.3,0.05,напитки;снеки;фрукты;выпечка;молочка
u_001983,family_001983,ТСХ,зрелые,true,хозяин,none,4,1.4,878.0,0.3,0.05,мясо;гигиена;хлеб;крупы;овощи
u_001984,family_001984,ТСЧ,молодёжь,true,хозяин,none,10,0.73,711.0,0.3,0.05,напитки;выпечка;фрукты;готовая еда;молочка
u_001985,family_001985,ТС5,молодёжь,true,хозяин,none,14,0.63,564.0,0.3,0.05,фрукты;выпечка;снеки;напитки;молочка
u_001986,family_001986,ТС5,молодёжь,true,категорийный,none,19,0.95,564.0,0.3,0.05,готовая еда;снеки;фрукты;молочка;выпечка
u_001987,family_001987,ТС5,молодёжь,true,охотник,none,12,0.69,564.0,0.5,0.25,фрукты;выпечка;напитки;снеки;молочка
u_001988,family_001988,ТСЧ,молодёжь,true,охотник,none,2,0.74,711.0,0.5,0.25,готовая еда;напитки;молочка;выпечка;снеки
u_001989,family_001989,ТСЧ,дети до 3,true,хозяин,2-3,8,2.35,853.2,0.3,0.05,подгузники;детская гигиена;молочка;хлеб;детские каши
u_001990,family_001990,ТСХ,молодёжь,true,охотник,none,11,1.36,878.0,0.5,0.25,напитки;молочка;выпечка;готовая еда;снеки
u_001991,family_001991,ТС5,дети до 3,true,категорийный,0-6,18,2.91,676.8,0.3,0.05,подгузники;фрукты;детская гигиена;хлеб;детские каши
u_001992,family_001992,ТСХ,дети до 3,true,хозяин,9-12,13,2.08,1053.6,0.3,0.05,подгузники;хлеб;детская гигиена;молочка;детские каши
u_001993,family_001993,ТС5,молодёжь,true,охотник,none,7,1.33,564.0,0.5,0.25,снеки;фрукты;готовая еда;выпечка;напитки
u_001994,family_001994,ТС5,молодёжь,true,хозяин,none,7,1.16,564.0,0.3,0.05,готовая еда;напитки;снеки;молочка;выпечка
u_001995,family_001995,ТСХ,дети до 3,true,охотник,1-2,18,2.75,1053.6,0.5,0.25,подгузники;фрукты;молочка;детские каши;хлеб
u_001996,family_001996,ТС5,молодёжь,true,охотник,none,2,0.65,564.0,0.5,0.25,фрукты;готовая еда;выпечка;снеки;напитки
u_001997,family_001997,ТС5,молодёжь,true,категорийный,none,10,0.71,564.0,0.3,0.05,напитки;готовая еда;снеки;молочка;выпечка
u_001998,family_001998,ТСЧ,молодёжь,true,охотник,none,20,1.44,711.0,0.5,0.25,выпечка;фрукты;напитки;готовая еда;снеки
u_001999,family_001999,ТСХ,зрелые,true,охотник,none,6,1.2,878.0,0.5,0.25,хлеб;мясо;гигиена;крупы;молочка
