receipt_id,family_id,user_id,week,network_home,check_total_rub,savings_rub,items_count
r_00000001,family_ivanovy,u_ivanovy,2026-W25,ТС5,730.49,0.00,5
r_00000002,family_ivanovy,u_ivanovy,2026-W25,ТС5,830.42,90.34,5
r_00000003,family_ivanovy,u_ivanovy,2026-W25,ТС5,582.52,27.67,6
r_00000004,family_ivanovy,u_ivanovy,2026-W26,ТС5,861.94,57.28,7
r_00000005,family_ivanovy,u_ivanovy,2026-W26,ТС5,575.52,8.67,6
r_00000006,family_ivanovy,u_ivanovy,2026-W26,ТС5,557.59,53.45,10
r_00000007,family_ivanovy,u_ivanovy,2026-W27,ТС5,388.63,37.74,7
r_00000008,family_ivanovy,u_ivanovy,2026-W27,ТС5,531.95,21.76,10
r_00000009,family_ivanovy,u_ivanovy,2026-W28,ТС5,468.56,47.06,5
r_00000010,family_ivanovy,u_ivanovy,2026-W28,ТС5,549.06,17.02,9
r_00000011,family_ivanovy,u_ivanovy,2026-W29,ТС5,760.32,8.97,8
r_00000012,family_ivanovy,u_ivanovy,2026-W29,ТС5,535.91,0.00,5
r_00000013,family_ivanovy,u_ivanovy,2026-W30,ТС5,495.53,29.63,5
r_00000014,family_ivanovy,u_ivanovy,2026-W30,ТС5,691.92,65.18,11
r_00000015,family_ivanovy,u_ivanovy,2026-W31,ТС5,600.85,7.94,10
r_00000016,family_ivanovy,u_ivanovy,2026-W31,ТС5,765.69,13.44,11
r_00000017,family_ivanovy,u_ivanovy,2026-W32,ТС5,627.25,98.76,8
r_00000018,family_ivanovy,u_ivanovy,2026-W32,ТС5,553.35,16.25,9
r_00000019,family_ivanovy,u_ivanovy,2026-W32,ТС5,503.35,80.95,8
r_00000020,family_ivanovy,u_ivanovy,2026-W33,ТС5,668.74,35.50,9
r_00000021,family_ivanovy,u_ivanovy,2026-W33,ТС5,466.80,18.22,9
r_00000022,family_ivanovy,u_ivanovy,2026-W34,ТС5,572.53,6.38,10
r_00000023,family_ivanovy,u_ivanovy,2026-W34,ТС5,786.90,79.91,11
r_00000024,family_ivanovy,u_ivanovy,2026-W35,ТС5,557.11,78.56,8
r_00000025,family_ivanovy,u_ivanovy,2026-W35,ТС5,322.19,12.65,9
r_00000026,family_ivanovy,u_ivanovy,2026-W36,ТС5,432.08,13.89,5
r_00000027,family_ivanovy,u_ivanovy,2026-W36,ТС5,717.13,12.92,11
r_00000028,family_dima,u_dima,2026-W25,ТСЧ,667.61,66.05,7
r_00000029,family_dima,u_dima,2026-W25,ТСЧ,819.11,177.47,11
r_00000030,family_dima,u_dima,2026-W26,ТСЧ,670.23,119.09,8
r_00000031,family_dima,u_dima,2026-W26,ТСЧ,718.06,39.55,11
r_00000032,family_dima,u_dima,2026-W27,ТСЧ,823.48,45.20,5
r_00000033,family_dima,u_dima,2026-W27,ТСЧ,613.04,163.48,5
r_00000034,family_dima,u_dima,2026-W28,ТСЧ,752.08,99.11,11
r_00000035,family_dima,u_dima,2026-W28,ТСЧ,687.20,125.25,7
r_00000036,family_dima,u_dima,2026-W28,ТСЧ,716.82,210.80,11
r_00000037,family_dima,u_dima,2026-W29,ТСЧ,806.46,41.68,9
r_00000038,family_dima,u_dima,2026-W29,ТСЧ,762.18,68.18,9
r_00000039,family_dima,u_dima,2026-W30,ТСЧ,740.29,101.43,7
r_00000040,family_dima,u_dima,2026-W30,ТСЧ,972.93,149.57,6
r_00000041,family_dima,u_dima,2026-W31,ТСЧ,845.32,62.12,11
r_00000042,family_dima,u_dima,2026-W31,ТСЧ,862.00,40.11,6
r_00000043,family_dima,u_dima,2026-W31,ТСЧ,770.28,151.12,10
r_00000044,family_dima,u_dima,2026-W32,ТСЧ,547.77,231.06,6
r_00000045,family_dima,u_dima,2026-W32,ТСЧ,846.41,103.70,11
r_00000046,family_dima,u_dima,2026-W33,ТСЧ,557.06,43.93,5
r_00000047,family_dima,u_dima,2026-W33,ТСЧ,672.63,123.64,6
r_00000048,family_dima,u_dima,2026-W34,ТСЧ,747.86,113.17,8
r_00000049,family_dima,u_dima,2026-W34,ТСЧ,856.89,119.02,10
r_00000050,family_dima,u_dima,2026-W35,ТСЧ,593.73,154.01,7
r_00000051,family_dima,u_dima,2026-W35,ТСЧ,1001.86,46.56,7
r_00000052,family_dima,u_dima,2026-W36,ТСЧ,688.76,133.45,11
r_00000053,family_dima,u_dima,2026-W36,ТСЧ,994.55,108.66,9
r_00000235,family_000013,u_000013,2026-W25,ТС5,511.07,22.12,8
r_00000236,family_000013,u_000013,2026-W25,ТС5,680.71,47.46,8
r_00000237,family_000013,u_000013,2026-W25,ТС5,915.63,12.42,8
r_00000238,family_000013,u_000013,2026-W26,ТС5,722.78,54.95,11
r_00000239,family_000013,u_000013,2026-W26,ТС5,806.05,37.20,7
r_00000240,family_000013,u_000013,2026-W26,ТС5,588.47,39.75,11
r_00000241,family_000013,u_000013,2026-W27,ТС5,728.92,17.99,8
r_00000242,family_000013,u_000013,2026-W27,ТС5,713.14,24.34,7
r_00000243,family_000013,u_000013,2026-W28,ТС5,718.60,50.76,6
r_00000244,family_000013,u_000013,2026-W28,ТС5,762.00,41.64,11
r_00000245,family_000013,u_000013,2026-W28,ТС5,717.48,36.05,10
r_00000246,family_000013,u_000013,2026-W29,ТС5,485.17,33.52,10
r_00000247,family_000013,u_000013,2026-W29,ТС5,840.04,73.39,10
r_00000248,family_000013,u_000013,2026-W29,ТС5,762.16,94.55,8
r_00000249,family_000013,u_000013,2026-W30,ТС5,821.89,56.44,11
r_00000250,family_000013,u_000013,2026-W30,ТС5,546.13,15.27,5
r_00000251,family_000013,u_000013,2026-W30,ТС5,881.73,32.67,6
r_00000252,family_000013,u_000013,2026-W31,ТС5,666.38,23.35,5
r_00000253,family_000013,u_000013,2026-W31,ТС5,592.42,71.53,11
r_00000254,family_000013,u_000013,2026-W31,ТС5,686.65,34.49,8
r_00000255,family_000013,u_000013,2026-W32,ТС5,682.13,19.54,10
r_00000256,family_000013,u_000013,2026-W32,ТС5,614.80,18.95,5
r_00000257,family_000013,u_000013,2026-W32,ТС5,568.69,25.27,8
r_00000258,family_000013,u_000013,2026-W33,ТС5,704.39,0.00,6
r_00000259,family_000013,u_000013,2026-W33,ТС5,435.15,97.07,10
r_00000260,family_000013,u_000013,2026-W33,ТС5,691.37,22.32,11
r_00000261,family_000013,u_000013,2026-W34,ТС5,614.88,51.12,11
r_00000262,family_000013,u_000013,2026-W34,ТС5,659.12,64.32,8
r_00000263,family_000013,u_000013,2026-W34,ТС5,596.11,0.00,7
r_00000264,family_000013,u_000013,2026-W35,ТС5,633.74,56.89,6
r_00000265,family_000013,u_000013,2026-W35,ТС5,543.19,38.16,6
r_00000266,family_000013,u_000013,2026-W35,ТС5,421.07,11.17,10
r_00000267,family_000013,u_000013,2026-W36,ТС5,571.25,43.45,10
r_00000268,family_000013,u_000013,2026-W36,ТС5,513.86,28.37,7
r_00000269,family_000013,u_000013,2026-W36,ТС5,768.49,31.28,7
r_00000270,family_000013,u_000013,2026-W36,ТС5,557.49,17.91,5
r_00000271,family_000014,u_000014,2026-W25,ТС5,912.80,0.00,7
r_00000272,family_000014,u_000014,2026-W25,ТС5,626.90,37.85,10
r_00000273,family_000014,u_000014,2026-W26,ТС5,677.52,35.39,7
r_00000274,family_000014,u_000014,2026-W26,ТС5,598.16,25.31,5
r_00000275,family_000014,u_000014,2026-W27,ТС5,723.44,17.05,11
r_00000276,family_000014,u_000014,2026-W27,ТС5,587.10,38.30,6
r_00000277,family_000014,u_000014,2026-W27,ТС5,827.82,0.00,6
r_00000278,family_000014,u_000014,2026-W28,ТС5,688.05,80.05,5
r_00000279,family_000014,u_000014,2026-W28,ТС5,643.29,34.02,11
r_00000280,family_000014,u_000014,2026-W28,ТС5,605.98,38.25,10
r_00000281,family_000014,u_000014,2026-W29,ТС5,681.63,15.08,11
r_00000282,family_000014,u_000014,2026-W29,ТС5,449.17,39.92,10
r_00000283,family_000014,u_000014,2026-W29,ТС5,658.72,31.60,10
r_00000284,family_000014,u_000014,2026-W30,ТС5,490.18,63.56,6
r_00000285,family_000014,u_000014,2026-W30,ТС5,617.42,56.13,11
r_00000286,family_000014,u_000014,2026-W30,ТС5,519.64,31.38,5
r_00000287,family_000014,u_000014,2026-W31,ТС5,526.14,15.32,11
r_00000288,family_000014,u_000014,2026-W31,ТС5,514.13,53.17,5
r_00000289,family_000014,u_000014,2026-W31,ТС5,676.83,40.75,5
r_00000290,family_000014,u_000014,2026-W32,ТС5,702.90,67.09,7
r_00000291,family_000014,u_000014,2026-W32,ТС5,541.91,23.15,7
r_00000292,family_000014,u_000014,2026-W32,ТС5,653.16,7.99,9
r_00000293,family_000014,u_000014,2026-W33,ТС5,708.54,61.43,11
r_00000294,family_000014,u_000014,2026-W33,ТС5,684.62,0.00,10
r_00000295,family_000014,u_000014,2026-W34,ТС5,497.79,37.44,11
r_00000296,family_000014,u_000014,2026-W34,ТС5,633.95,44.95,9
r_00000297,family_000014,u_000014,2026-W34,ТС5,658.52,46.88,9
r_00000298,family_000014,u_000014,2026-W35,ТС5,443.60,30.94,7
r_00000299,family_000014,u_000014,2026-W35,ТС5,418.18,27.91,11
r_00000300,family_000014,u_000014,2026-W35,ТС5,455.86,58.79,7
r_00000301,family_000014,u_000014,2026-W36,ТС5,664.07,49.74,9
r_00000302,family_000014,u_000014,2026-W36,ТС5,612.03,15.47,7
r_00000303,family_000014,u_000014,2026-W36,ТС5,716.01,45.59,7
r_00000535,family_000025,u_000025,2026-W25,ТС5,750.22,71.11,8
r_00000536,family_000025,u_000025,2026-W25,ТС5,633.58,56.77,11
r_00000537,family_000025,u_000025,2026-W26,ТС5,795.45,56.25,5
r_00000538,family_000025,u_000025,2026-W27,ТС5,638.70,40.04,9
r_00000539,family_000025,u_000025,2026-W27,ТС5,560.33,52.56,6
r_00000540,family_000025,u_000025,2026-W27,ТС5,711.90,21.36,9
r_00000541,family_000025,u_000025,2026-W28,ТС5,604.63,29.21,10
r_00000542,family_000025,u_000025,2026-W28,ТС5,798.18,14.41,11
r_00000543,family_000025,u_000025,2026-W29,ТС5,590.67,22.53,6
r_00000544,family_000025,u_000025,2026-W29,ТС5,558.82,9.26,8
r_00000545,family_000025,u_000025,2026-W30,ТС5,557.77,66.85,5
r_00000546,family_000025,u_000025,2026-W31,ТС5,781.50,25.63,11
r_00000547,family_000025,u_000025,2026-W31,ТС5,779.11,30.25,8
r_00000548,family_000025,u_000025,2026-W32,ТС5,643.53,30.13,5
r_00000549,family_000025,u_000025,2026-W33,ТС5,749.77,50.76,9
r_00000550,family_000025,u_000025,2026-W33,ТС5,643.76,71.66,8
r_00000551,family_000025,u_000025,2026-W34,ТС5,778.66,7.79,9
r_00000552,family_000025,u_000025,2026-W34,ТС5,640.57,11.91,7
r_00000553,family_000025,u_000025,2026-W35,ТС5,623.96,39.38,6
r_00000554,family_000025,u_000025,2026-W35,ТС5,657.08,33.39,8
r_00000555,family_000025,u_000025,2026-W36,ТС5,757.91,39.34,5
r_00000599,family_000027,u_000027,2026-W25,ТСЧ,674.40,55.57,5
r_00000600,family_000027,u_000027,2026-W26,ТСЧ,823.16,0.00,6
r_00000601,family_000027,u_000027,2026-W26,ТСЧ,1000.36,59.06,5
r_00000602,family_000027,u_000027,2026-W27,ТСЧ,931.37,86.65,8
r_00000603,family_000027,u_000027,2026-W27,ТСЧ,661.01,61.14,10
r_00000604,family_000027,u_000027,2026-W28,ТСЧ,559.32,111.56,8
r_00000605,family_000027,u_000027,2026-W28,ТСЧ,642.05,123.89,6
r_00000606,family_000027,u_000027,2026-W29,ТСЧ,772.62,151.99,10
r_00000607,family_000027,u_000027,2026-W30,ТСЧ,981.98,100.24,9
r_00000608,family_000027,u_000027,2026-W30,ТСЧ,923.13,141.64,5
r_00000609,family_000027,u_000027,2026-W31,ТСЧ,665.84,68.41,8
r_00000610,family_000027,u_000027,2026-W31,ТСЧ,801.69,116.15,9
r_00000611,family_000027,u_000027,2026-W32,ТСЧ,743.93,125.84,11
r_00000612,family_000027,u_000027,2026-W32,ТСЧ,690.53,52.96,7
r_00000613,family_000027,u_000027,2026-W33,ТСЧ,634.41,65.69,11
r_00000614,family_000027,u_000027,2026-W33,ТСЧ,914.92,94.08,10
r_00000615,family_000027,u_000027,2026-W34,ТСЧ,682.12,142.96,10
r_00000616,family_000027,u_000027,2026-W34,ТСЧ,1055.45,94.79,8
r_00000617,family_000027,u_000027,2026-W35,ТСЧ,658.57,79.28,9
r_00000618,family_000027,u_000027,2026-W35,ТСЧ,719.59,202.56,6
r_00000619,family_000027,u_000027,2026-W36,ТСЧ,745.14,77.71,11
r_00000629,family_000029,u_000029,2026-W25,ТС5,561.31,94.31,8
r_00000630,family_000029,u_000029,2026-W25,ТС5,677.53,129.60,10
r_00000631,family_000029,u_000029,2026-W26,ТС5,560.54,61.76,11
r_00000632,family_000029,u_000029,2026-W26,ТС5,641.18,93.82,11
r_00000633,family_000029,u_000029,2026-W27,ТС5,506.15,97.38,7
r_00000634,family_000029,u_000029,2026-W27,ТС5,653.56,44.82,11
r_00000635,family_000029,u_000029,2026-W27,ТС5,581.02,45.93,5
r_00000636,family_000029,u_000029,2026-W28,ТС5,653.09,43.37,7
r_00000637,family_000029,u_000029,2026-W28,ТС5,539.03,63.70,5
r_00000638,family_000029,u_000029,2026-W29,ТС5,635.01,33.32,5
r_00000639,family_000029,u_000029,2026-W29,ТС5,599.06,98.78,11
r_00000640,family_000029,u_000029,2026-W30,ТС5,592.81,57.63,6
r_00000641,family_000029,u_000029,2026-W30,ТС5,566.06,88.58,6
r_00000642,family_000029,u_000029,2026-W30,ТС5,430.20,11.37,6
r_00000643,family_000029,u_000029,2026-W31,ТС5,538.44,202.46,5
r_00000644,family_000029,u_000029,2026-W31,ТС5,718.11,93.46,7
r_00000645,family_000029,u_000029,2026-W31,ТС5,535.04,69.67,9
r_00000646,family_000029,u_000029,2026-W32,ТС5,755.72,31.55,11
r_00000647,family_000029,u_000029,2026-W32,ТС5,746.60,21.46,7
r_00000648,family_000029,u_000029,2026-W33,ТС5,483.55,79.53,10
r_00000649,family_000029,u_000029,2026-W33,ТС5,655.89,80.02,10
r_00000650,family_000029,u_000029,2026-W34,ТС5,576.71,130.67,5
r_00000651,family_000029,u_000029,2026-W34,ТС5,777.60,77.75,7
r_00000652,family_000029,u_000029,2026-W34,ТС5,527.25,88.97,8
r_00000653,family_000029,u_000029,2026-W35,ТС5,678.63,13.37,5
r_00000654,family_000029,u_000029,2026-W35,ТС5,542.01,152.79,8
r_00000655,family_000029,u_000029,2026-W35,ТС5,507.58,43.05,5
r_00000656,family_000029,u_000029,2026-W36,ТС5,635.85,48.81,10
r_00000657,family_000029,u_000029,2026-W36,ТС5,573.73,90.90,11
r_00000658,family_000029,u_000029,2026-W36,ТС5,647.90,77.32,7
r_00000947,family_000049,u_000049,2026-W25,ТСЧ,706.81,62.84,11
r_00000948,family_000049,u_000049,2026-W25,ТСЧ,890.51,92.23,10
r_00000949,family_000049,u_000049,2026-W26,ТСЧ,915.80,117.30,7
r_00000950,family_000049,u_000049,2026-W26,ТСЧ,703.05,133.25,11
r_00000951,family_000049,u_000049,2026-W27,ТСЧ,834.55,108.94,9
r_00000952,family_000049,u_000049,2026-W27,ТСЧ,668.84,78.84,7
r_00000953,family_000049,u_000049,2026-W28,ТСЧ,936.98,63.76,6
r_00000954,family_000049,u_000049,2026-W28,ТСЧ,706.20,29.48,9
r_00000955,family_000049,u_000049,2026-W29,ТСЧ,793.19,68.83,8
r_00000956,family_000049,u_000049,2026-W29,ТСЧ,756.19,158.36,11
r_00000957,family_000049,u_000049,2026-W29,ТСЧ,728.00,59.51,7
r_00000958,family_000049,u_000049,2026-W30,ТСЧ,544.84,62.78,5
r_00000959,family_000049,u_000049,2026-W30,ТСЧ,1082.25,76.49,8
r_00000960,family_000049,u_000049,2026-W31,ТСЧ,926.62,77.09,5
r_00000961,family_000049,u_000049,2026-W31,ТСЧ,750.54,31.87,7
r_00000962,family_000049,u_000049,2026-W32,ТСЧ,656.43,59.51,7
r_00000963,family_000049,u_000049,2026-W32,ТСЧ,845.92,83.99,7
r_00000964,family_000049,u_000049,2026-W33,ТСЧ,434.05,39.93,6
r_00000965,family_000049,u_000049,2026-W33,ТСЧ,729.54,98.92,10
r_00000966,family_000049,u_000049,2026-W34,ТСЧ,833.99,189.29,8
r_00000967,family_000049,u_000049,2026-W34,ТСЧ,807.26,94.19,6
r_00000968,family_000049,u_000049,2026-W35,ТСЧ,608.95,144.20,6
r_00000969,family_000049,u_000049,2026-W35,ТСЧ,653.77,30.40,6
r_00000970,family_000049,u_000049,2026-W36,ТСЧ,939.18,103.40,7
r_00000971,family_000049,u_000049,2026-W36,ТСЧ,995.66,134.29,9
r_00001136,family_000057,u_000057,2026-W25,ТС5,591.86,32.89,11
r_00001137,family_000057,u_000057,2026-W25,ТС5,753.60,43.00,10
r_00001138,family_000057,u_000057,2026-W26,ТС5,600.21,30.34,7
r_00001139,family_000057,u_000057,2026-W26,ТС5,875.56,29.91,10
r_00001140,family_000057,u_000057,2026-W26,ТС5,889.96,45.33,5
r_00001141,family_000057,u_000057,2026-W26,ТС5,643.24,22.11,7
r_00001142,family_000057,u_000057,2026-W27,ТС5,745.44,81.31,5
r_00001143,family_000057,u_000057,2026-W27,ТС5,807.54,57.92,9
r_00001144,family_000057,u_000057,2026-W28,ТС5,565.07,16.02,5
r_00001145,family_000057,u_000057,2026-W28,ТС5,818.85,35.66,5
r_00001146,family_000057,u_000057,2026-W29,ТС5,626.78,58.60,10
r_00001147,family_000057,u_000057,2026-W29,ТС5,614.97,65.61,11
r_00001148,family_000057,u_000057,2026-W30,ТС5,788.25,59.04,6
r_00001149,family_000057,u_000057,2026-W30,ТС5,676.34,31.72,11
r_00001150,family_000057,u_000057,2026-W30,ТС5,706.62,6.30,10
r_00001151,family_000057,u_000057,2026-W31,ТС5,538.17,22.90,6
r_00001152,family_000057,u_000057,2026-W31,ТС5,662.28,12.16,9
r_00001153,family_000057,u_000057,2026-W31,ТС5,406.21,11.56,9
r_00001154,family_000057,u_000057,2026-W32,ТС5,662.45,48.44,10
r_00001155,family_000057,u_000057,2026-W32,ТС5,468.11,38.26,11
r_00001156,family_000057,u_000057,2026-W32,ТС5,697.48,0.00,9
r_00001157,family_000057,u_000057,2026-W33,ТС5,611.57,65.38,11
r_00001158,family_000057,u_000057,2026-W33,ТС5,861.32,68.02,11
r_00001159,family_000057,u_000057,2026-W33,ТС5,644.25,27.44,10
r_00001160,family_000057,u_000057,2026-W33,ТС5,809.10,63.51,6
r_00001161,family_000057,u_000057,2026-W34,ТС5,596.51,27.29,11
r_00001162,family_000057,u_000057,2026-W34,ТС5,540.66,0.00,7
r_00001163,family_000057,u_000057,2026-W35,ТС5,574.99,64.30,11
r_00001164,family_000057,u_000057,2026-W35,ТС5,538.23,0.00,6
r_00001165,family_000057,u_000057,2026-W36,ТС5,509.28,26.28,9
r_00001166,family_000057,u_000057,2026-W36,ТС5,529.31,20.52,9
r_00001167,family_000058,u_000058,2026-W25,ТС5,621.79,20.18,5
r_00001168,family_000058,u_000058,2026-W25,ТС5,454.89,37.47,10
r_00001169,family_000058,u_000058,2026-W25,ТС5,738.71,17.73,7
r_00001170,family_000058,u_000058,2026-W26,ТС5,882.46,35.37,6
r_00001171,family_000058,u_000058,2026-W26,ТС5,644.71,22.69,6
r_00001172,family_000058,u_000058,2026-W27,ТС5,654.69,48.37,8
r_00001173,family_000058,u_000058,2026-W27,ТС5,795.99,21.96,5
r_00001174,family_000058,u_000058,2026-W27,ТС5,545.90,49.08,9
r_00001175,family_000058,u_000058,2026-W28,ТС5,795.86,67.08,11
r_00001176,family_000058,u_000058,2026-W28,ТС5,684.82,52.71,6
r_00001177,family_000058,u_000058,2026-W29,ТС5,752.70,51.85,11
r_00001178,family_000058,u_000058,2026-W29,ТС5,627.72,54.52,11
r_00001179,family_000058,u_000058,2026-W30,ТС5,776.48,38.07,5
r_00001180,family_000058,u_000058,2026-W30,ТС5,550.11,47.27,8
r_00001181,family_000058,u_000058,2026-W31,ТС5,698.76,0.00,10
r_00001182,family_000058,u_000058,2026-W31,ТС5,816.73,31.55,10
r_00001183,family_000058,u_000058,2026-W32,ТС5,661.10,65.00,5
r_00001184,family_000058,u_000058,2026-W32,ТС5,649.51,39.62,6
r_00001185,family_000058,u_000058,2026-W33,ТС5,664.93,40.18,11
r_00001186,family_000058,u_000058,2026-W33,ТС5,747.18,18.48,11
r_00001187,family_000058,u_000058,2026-W34,ТС5,634.12,52.17,7
r_00001188,family_000058,u_000058,2026-W34,ТС5,587.97,49.45,5
r_00001189,family_000058,u_000058,2026-W35,ТС5,734.62,42.89,8
r_00001190,family_000058,u_000058,2026-W36,ТС5,458.10,13.85,6
r_00001191,family_000058,u_000058,2026-W36,ТС5,453.98,9.04,11
r_00001192,family_000059,u_000059,2026-W25,ТСХ,815.98,142.14,11
r_00001193,family_000059,u_000059,2026-W25,ТСХ,916.16,40.38,8
r_00001194,family_000059,u_000059,2026-W25,ТСХ,627.48,106.96,11
r_00001195,family_000059,u_000059,2026-W26,ТСХ,940.39,66.83,8
r_00001196,family_000059,u_000059,2026-W26,ТСХ,1007.20,109.18,11
r_00001197,family_000059,u_000059,2026-W26,ТСХ,1005.74,127.48,8
r_00001198,family_000059,u_000059,2026-W27,ТСХ,1313.13,36.25,7
r_00001199,family_000059,u_000059,2026-W27,ТСХ,934.52,104.45,11
r_00001200,family_000059,u_000059,2026-W27,ТСХ,1120.56,114.52,10
r_00001201,family_000059,u_000059,2026-W28,ТСХ,985.80,227.16,11
r_00001202,family_000059,u_000059,2026-W28,ТСХ,962.34,64.27,8
r_00001203,family_000059,u_000059,2026-W29,ТСХ,963.42,242.19,6
r_00001204,family_000059,u_000059,2026-W29,ТСХ,888.25,75.55,10
r_00001205,family_000059,u_000059,2026-W29,ТСХ,866.52,172.73,9
r_00001206,family_000059,u_000059,2026-W30,ТСХ,1239.53,80.87,9
r_00001207,family_000059,u_000059,2026-W30,ТСХ,1163.30,110.99,6
r_00001208,family_000059,u_000059,2026-W30,ТСХ,1172.71,95.42,9
r_00001209,family_000059,u_000059,2026-W31,ТСХ,1025.35,79.09,11
r_00001210,family_000059,u_000059,2026-W31,ТСХ,917.78,133.12,10
r_00001211,family_000059,u_000059,2026-W31,ТСХ,736.93,51.85,10
r_00001212,family_000059,u_000059,2026-W32,ТСХ,1015.37,194.15,9
r_00001213,family_000059,u_000059,2026-W32,ТСХ,929.15,48.32,5
r_00001214,family_000059,u_000059,2026-W32,ТСХ,903.86,177.82,7
r_00001215,family_000059,u_000059,2026-W32,ТСХ,1145.87,250.12,10
r_00001216,family_000059,u_000059,2026-W33,ТСХ,937.21,94.15,6
r_00001217,family_000059,u_000059,2026-W33,ТСХ,963.61,69.10,11
r_00001218,family_000059,u_000059,2026-W33,ТСХ,821.52,117.03,6
r_00001219,family_000059,u_000059,2026-W34,ТСХ,1202.91,16.50,8
r_00001220,family_000059,u_000059,2026-W34,ТСХ,894.24,53.36,5
r_00001221,family_000059,u_000059,2026-W34,ТСХ,1128.52,69.92,7
r_00001222,family_000059,u_000059,2026-W35,ТСХ,1062.06,89.50,11
r_00001223,family_000059,u_000059,2026-W35,ТСХ,964.26,126.65,11
r_00001224,family_000059,u_000059,2026-W35,ТСХ,1047.44,126.06,5
r_00001225,family_000059,u_000059,2026-W36,ТСХ,1029.57,144.75,11
r_00001226,family_000059,u_000059,2026-W36,ТСХ,855.48,69.49,6
r_00001250,family_000061,u_000061,2026-W25,ТС5,500.88,91.96,9
r_00001251,family_000061,u_000061,2026-W25,ТС5,648.89,126.13,11
r_00001252,family_000061,u_000061,2026-W25,ТС5,632.90,29.43,7
r_00001253,family_000061,u_000061,2026-W26,ТС5,766.47,98.80,6
r_00001254,family_000061,u_000061,2026-W26,ТС5,421.20,62.93,10
r_00001255,family_000061,u_000061,2026-W26,ТС5,544.94,46.82,11
r_00001256,family_000061,u_000061,2026-W27,ТС5,741.97,43.44,5
r_00001257,family_000061,u_000061,2026-W27,ТС5,564.00,71.11,7
r_00001258,family_000061,u_000061,2026-W27,ТС5,673.53,107.41,9
r_00001259,family_000061,u_000061,2026-W28,ТС5,456.72,121.65,8
r_00001260,family_000061,u_000061,2026-W28,ТС5,374.52,39.34,10
r_00001261,family_000061,u_000061,2026-W28,ТС5,419.58,32.37,8
r_00001262,family_000061,u_000061,2026-W29,ТС5,733.87,41.46,7
r_00001263,family_000061,u_000061,2026-W29,ТС5,442.17,89.75,6
r_00001264,family_000061,u_000061,2026-W29,ТС5,571.05,77.63,8
r_00001265,family_000061,u_000061,2026-W30,ТС5,660.36,78.88,9
r_00001266,family_000061,u_000061,2026-W30,ТС5,543.96,46.77,10
r_00001267,family_000061,u_000061,2026-W31,ТС5,533.65,76.00,10
r_00001268,family_000061,u_000061,2026-W31,ТС5,563.93,97.79,5
r_00001269,family_000061,u_000061,2026-W32,ТС5,521.47,63.88,9
r_00001270,family_000061,u_000061,2026-W32,ТС5,670.84,40.01,9
r_00001271,family_000061,u_000061,2026-W33,ТС5,606.09,35.19,8
r_00001272,family_000061,u_000061,2026-W33,ТС5,616.97,107.81,8
r_00001273,family_000061,u_000061,2026-W34,ТС5,836.74,46.54,7
r_00001274,family_000061,u_000061,2026-W34,ТС5,425.41,63.86,6
r_00001275,family_000061,u_000061,2026-W34,ТС5,498.89,107.30,6
r_00001276,family_000061,u_000061,2026-W35,ТС5,455.53,56.85,10
r_00001277,family_000061,u_000061,2026-W35,ТС5,698.33,112.76,11
r_00001278,family_000061,u_000061,2026-W35,ТС5,651.42,115.16,10
r_00001279,family_000061,u_000061,2026-W36,ТС5,518.19,77.69,6
r_00001280,family_000061,u_000061,2026-W36,ТС5,626.93,36.67,6
r_00001281,family_000061,u_000061,2026-W36,ТС5,706.34,53.84,6
r_00001362,family_000067,u_000067,2026-W25,ТС5,763.09,0.00,5
r_00001363,family_000067,u_000067,2026-W25,ТС5,656.03,62.85,7
r_00001364,family_000067,u_000067,2026-W26,ТС5,570.90,13.21,6
r_00001365,family_000067,u_000067,2026-W26,ТС5,712.87,0.00,5
r_00001366,family_000067,u_000067,2026-W27,ТС5,421.76,46.28,10
r_00001367,family_000067,u_000067,2026-W27,ТС5,557.41,33.00,8
r_00001368,family_000067,u_000067,2026-W27,ТС5,712.87,48.82,11
r_00001369,family_000067,u_000067,2026-W28,ТС5,724.29,60.80,7
r_00001370,family_000067,u_000067,2026-W28,ТС5,530.53,13.07,8
r_00001371,family_000067,u_000067,2026-W29,ТС5,583.43,53.21,9
r_00001372,family_000067,u_000067,2026-W29,ТС5,658.18,29.47,9
r_00001373,family_000067,u_000067,2026-W29,ТС5,352.70,26.24,9
r_00001374,family_000067,u_000067,2026-W30,ТС5,514.43,23.02,10
r_00001375,family_000067,u_000067,2026-W30,ТС5,444.91,22.23,6
r_00001376,family_000067,u_000067,2026-W31,ТС5,773.47,0.00,6
r_00001377,family_000067,u_000067,2026-W31,ТС5,613.04,15.21,5
r_00001378,family_000067,u_000067,2026-W32,ТС5,692.30,15.34,5
r_00001379,family_000067,u_000067,2026-W32,ТС5,887.99,6.06,10
r_00001380,family_000067,u_000067,2026-W33,ТС5,738.48,51.18,7
r_00001381,family_000067,u_000067,2026-W33,ТС5,535.44,39.76,7
r_00001382,family_000067,u_000067,2026-W34,ТС5,668.12,38.57,9
r_00001383,family_000067,u_000067,2026-W34,ТС5,616.64,62.95,6
r_00001384,family_000067,u_000067,2026-W35,ТС5,765.25,63.01,10
r_00001385,family_000067,u_000067,2026-W35,ТС5,554.83,46.84,10
r_00001386,family_000067,u_000067,2026-W36,ТС5,761.91,35.55,5
r_00001652,family_000084,u_000084,2026-W25,ТСЧ,1005.45,99.23,9
r_00001653,family_000084,u_000084,2026-W25,ТСЧ,1024.85,65.48,6
r_00001654,family_000084,u_000084,2026-W25,ТСЧ,923.01,159.54,9
r_00001655,family_000084,u_000084,2026-W26,ТСЧ,772.59,61.85,5
r_00001656,family_000084,u_000084,2026-W26,ТСЧ,471.85,53.24,8
r_00001657,family_000084,u_000084,2026-W26,ТСЧ,663.56,150.63,7
r_00001658,family_000084,u_000084,2026-W27,ТСЧ,569.97,58.95,5
r_00001659,family_000084,u_000084,2026-W27,ТСЧ,967.74,89.36,11
r_00001660,family_000084,u_000084,2026-W27,ТСЧ,787.39,199.19,5
r_00001661,family_000084,u_000084,2026-W28,ТСЧ,852.82,99.15,10
r_00001662,family_000084,u_000084,2026-W28,ТСЧ,691.05,32.72,5
r_00001663,family_000084,u_000084,2026-W29,ТСЧ,649.18,78.13,11
r_00001664,family_000084,u_000084,2026-W29,ТСЧ,678.16,117.58,8
r_00001665,family_000084,u_000084,2026-W30,ТСЧ,694.77,70.08,11
r_00001666,family_000084,u_000084,2026-W30,ТСЧ,646.34,51.36,7
r_00001667,family_000084,u_000084,2026-W30,ТСЧ,811.05,63.16,11
r_00001668,family_000084,u_000084,2026-W31,ТСЧ,661.36,110.77,11
r_00001669,family_000084,u_000084,2026-W31,ТСЧ,984.26,28.50,6
r_00001670,family_000084,u_000084,2026-W31,ТСЧ,871.64,95.80,6
r_00001671,family_000084,u_000084,2026-W32,ТСЧ,730.03,231.56,5
r_00001672,family_000084,u_000084,2026-W32,ТСЧ,755.80,94.36,6
r_00001673,family_000084,u_000084,2026-W32,ТСЧ,989.99,20.99,6
r_00001674,family_000084,u_000084,2026-W33,ТСЧ,866.81,103.03,7
r_00001675,family_000084,u_000084,2026-W33,ТСЧ,632.62,111.09,11
r_00001676,family_000084,u_000084,2026-W34,ТСЧ,931.99,113.50,8
r_00001677,family_000084,u_000084,2026-W34,ТСЧ,615.71,94.64,11
r_00001678,family_000084,u_000084,2026-W34,ТСЧ,671.90,73.01,6
r_00001679,family_000084,u_000084,2026-W35,ТСЧ,594.16,123.98,11
r_00001680,family_000084,u_000084,2026-W35,ТСЧ,704.85,84.36,11
r_00001681,family_000084,u_000084,2026-W36,ТСЧ,670.85,91.67,6
r_00001682,family_000084,u_000084,2026-W36,ТСЧ,953.80,60.98,7
r_00001683,family_000085,u_000085,2026-W25,ТС5,651.04,23.32,10
r_00001684,family_000085,u_000085,2026-W25,ТС5,699.65,37.15,6
r_00001685,family_000085,u_000085,2026-W26,ТС5,593.35,17.19,11
r_00001686,family_000085,u_000085,2026-W26,ТС5,721.15,49.11,9
r_00001687,family_000085,u_000085,2026-W27,ТС5,776.06,12.40,9
r_00001688,family_000085,u_000085,2026-W27,ТС5,750.17,27.82,9
r_00001689,family_000085,u_000085,2026-W28,ТС5,570.59,19.42,8
r_00001690,family_000085,u_000085,2026-W28,ТС5,658.30,8.21,6
r_00001691,family_000085,u_000085,2026-W29,ТС5,483.97,43.53,10
r_00001692,family_000085,u_000085,2026-W29,ТС5,703.72,37.83,6
r_00001693,family_000085,u_000085,2026-W30,ТС5,605.72,25.03,6
r_00001694,family_000085,u_000085,2026-W30,ТС5,616.90,0.00,7
r_00001695,family_000085,u_000085,2026-W31,ТС5,652.87,38.44,8
r_00001696,family_000085,u_000085,2026-W31,ТС5,437.61,24.27,11
r_00001697,family_000085,u_000085,2026-W32,ТС5,681.78,48.02,8
r_00001698,family_000085,u_000085,2026-W32,ТС5,556.85,13.22,11
r_00001699,family_000085,u_000085,2026-W33,ТС5,489.94,5.43,6
r_00001700,family_000085,u_000085,2026-W33,ТС5,615.02,47.29,11
r_00001701,family_000085,u_000085,2026-W34,ТС5,813.99,15.79,6
r_00001702,family_000085,u_000085,2026-W34,ТС5,707.97,42.77,6
r_00001703,family_000085,u_000085,2026-W35,ТС5,566.45,14.79,11
r_00001704,family_000085,u_000085,2026-W35,ТС5,777.21,44.41,8
r_00001705,family_000085,u_000085,2026-W36,ТС5,558.35,0.00,10
r_00001706,family_000085,u_000085,2026-W36,ТС5,620.38,19.48,11
r_00001715,family_000087,u_000087,2026-W25,ТСЧ,872.08,32.73,10
r_00001716,family_000087,u_000087,2026-W25,ТСЧ,750.22,55.79,7
r_00001717,family_000087,u_000087,2026-W26,ТСЧ,920.99,58.69,7
r_00001718,family_000087,u_000087,2026-W26,ТСЧ,936.42,130.66,8
r_00001719,family_000087,u_000087,2026-W27,ТСЧ,748.36,53.11,9
r_00001720,family_000087,u_000087,2026-W27,ТСЧ,942.25,82.33,7
r_00001721,family_000087,u_000087,2026-W28,ТСЧ,547.01,28.21,9
r_00001722,family_000087,u_000087,2026-W28,ТСЧ,916.26,109.14,11
r_00001723,family_000087,u_000087,2026-W29,ТСЧ,530.05,129.34,5
r_00001724,family_000087,u_000087,2026-W29,ТСЧ,752.36,88.81,5
r_00001725,family_000087,u_000087,2026-W29,ТСЧ,684.36,79.66,8
r_00001726,family_000087,u_000087,2026-W30,ТСЧ,822.01,23.13,8
r_00001727,family_000087,u_000087,2026-W30,ТСЧ,600.95,85.85,5
r_00001728,family_000087,u_000087,2026-W30,ТСЧ,839.15,81.17,9
r_00001729,family_000087,u_000087,2026-W31,ТСЧ,561.60,227.20,6
r_00001730,family_000087,u_000087,2026-W31,ТСЧ,752.21,113.50,10
r_00001731,family_000087,u_000087,2026-W32,ТСЧ,913.60,173.40,7
r_00001732,family_000087,u_000087,2026-W32,ТСЧ,945.66,97.35,8
r_00001733,family_000087,u_000087,2026-W33,ТСЧ,494.89,87.58,11
r_00001734,family_000087,u_000087,2026-W34,ТСЧ,449.44,32.19,5
r_00001735,family_000087,u_000087,2026-W34,ТСЧ,692.82,75.10,8
r_00001736,family_000087,u_000087,2026-W35,ТСЧ,884.67,80.86,9
r_00001737,family_000087,u_000087,2026-W35,ТСЧ,864.60,122.46,5
r_00001738,family_000087,u_000087,2026-W36,ТСЧ,657.01,78.96,7
r_00001739,family_000087,u_000087,2026-W36,ТСЧ,713.95,54.92,6
r_00001813,family_000091,u_000091,2026-W25,ТС5,849.34,18.09,11
r_00001814,family_000091,u_000091,2026-W25,ТС5,473.40,0.00,6
r_00001815,family_000091,u_000091,2026-W26,ТС5,624.80,77.62,7
r_00001816,family_000091,u_000091,2026-W26,ТС5,644.29,26.74,11
r_00001817,family_000091,u_000091,2026-W27,ТС5,768.13,6.68,7
r_00001818,family_000091,u_000091,2026-W27,ТС5,760.30,0.00,5
r_00001819,family_000091,u_000091,2026-W28,ТС5,546.98,3.79,11
r_00001820,family_000091,u_000091,2026-W29,ТС5,500.56,39.19,6
r_00001821,family_000091,u_000091,2026-W29,ТС5,772.38,20.87,6
r_00001822,family_000091,u_000091,2026-W29,ТС5,682.43,15.27,6
r_00001823,family_000091,u_000091,2026-W30,ТС5,682.56,6.57,10
r_00001824,family_000091,u_000091,2026-W31,ТС5,613.78,91.87,10
r_00001825,family_000091,u_000091,2026-W32,ТС5,825.29,0.00,6
r_00001826,family_000091,u_000091,2026-W32,ТС5,728.74,47.18,9
r_00001827,family_000091,u_000091,2026-W33,ТС5,474.24,28.35,8
r_00001828,family_000091,u_000091,2026-W33,ТС5,663.38,10.92,8
r_00001829,family_000091,u_000091,2026-W34,ТС5,541.82,48.05,7
r_00001830,family_000091,u_000091,2026-W34,ТС5,401.14,72.03,5
r_00001831,family_000091,u_000091,2026-W35,ТС5,680.82,56.72,8
r_00001832,family_000091,u_000091,2026-W35,ТС5,551.19,0.00,6
r_00001833,family_000091,u_000091,2026-W36,ТС5,583.64,25.19,9
r_00001851,family_000093,u_000093,2026-W25,ТС5,676.81,61.01,6
r_00001852,family_000093,u_000093,2026-W25,ТС5,653.65,30.59,5
r_00001853,family_000093,u_000093,2026-W25,ТС5,576.05,0.00,8
r_00001854,family_000093,u_000093,2026-W26,ТС5,706.37,46.28,10
r_00001855,family_000093,u_000093,2026-W26,ТС5,669.19,32.06,9
r_00001856,family_000093,u_000093,2026-W27,ТС5,598.58,97.44,7
r_00001857,family_000093,u_000093,2026-W27,ТС5,523.19,30.42,11
r_00001858,family_000093,u_000093,2026-W28,ТС5,701.79,36.51,6
r_00001859,family_000093,u_000093,2026-W28,ТС5,567.93,25.39,7
r_00001860,family_000093,u_000093,2026-W29,ТС5,546.58,31.33,10
r_00001861,family_000093,u_000093,2026-W29,ТС5,499.42,50.65,8
r_00001862,family_000093,u_000093,2026-W29,ТС5,662.84,94.86,11
r_00001863,family_000093,u_000093,2026-W30,ТС5,527.26,0.00,5
r_00001864,family_000093,u_000093,2026-W30,ТС5,627.61,73.64,11
r_00001865,family_000093,u_000093,2026-W31,ТС5,691.23,26.37,9
r_00001866,family_000093,u_000093,2026-W31,ТС5,662.41,22.59,7
r_00001867,family_000093,u_000093,2026-W32,ТС5,599.54,22.46,11
r_00001868,family_000093,u_000093,2026-W32,ТС5,671.10,17.83,11
r_00001869,family_000093,u_000093,2026-W32,ТС5,660.14,0.00,8
r_00001870,family_000093,u_000093,2026-W33,ТС5,612.43,32.77,7
r_00001871,family_000093,u_000093,2026-W33,ТС5,838.85,0.00,5
r_00001872,family_000093,u_000093,2026-W34,ТС5,703.98,26.43,11
r_00001873,family_000093,u_000093,2026-W34,ТС5,771.48,10.62,10
r_00001874,family_000093,u_000093,2026-W35,ТС5,541.63,10.20,5
r_00001875,family_000093,u_000093,2026-W35,ТС5,584.23,13.57,11
r_00001876,family_000093,u_000093,2026-W36,ТС5,859.60,75.34,6
r_00001877,family_000093,u_000093,2026-W36,ТС5,761.25,19.55,11
r_00001914,family_000096,u_000096,2026-W25,ТС5,581.66,64.25,11
r_00001915,family_000096,u_000096,2026-W25,ТС5,638.43,74.36,7
r_00001916,family_000096,u_000096,2026-W26,ТС5,577.06,24.23,6
r_00001917,family_000096,u_000096,2026-W26,ТС5,394.23,40.99,9
r_00001918,family_000096,u_000096,2026-W27,ТС5,675.80,46.19,11
r_00001919,family_000096,u_000096,2026-W27,ТС5,435.78,22.11,9
r_00001920,family_000096,u_000096,2026-W28,ТС5,879.16,14.82,10
r_00001921,family_000096,u_000096,2026-W28,ТС5,488.37,25.68,10
r_00001922,family_000096,u_000096,2026-W29,ТС5,758.45,14.08,6
r_00001923,family_000096,u_000096,2026-W29,ТС5,754.08,52.13,6
r_00001924,family_000096,u_000096,2026-W30,ТС5,639.94,57.22,11
r_00001925,family_000096,u_000096,2026-W30,ТС5,595.13,90.20,9
r_00001926,family_000096,u_000096,2026-W31,ТС5,654.00,41.38,10
r_00001927,family_000096,u_000096,2026-W31,ТС5,803.24,5.15,9
r_00001928,family_000096,u_000096,2026-W31,ТС5,431.96,11.85,11
r_00001929,family_000096,u_000096,2026-W32,ТС5,666.34,11.37,6
r_00001930,family_000096,u_000096,2026-W32,ТС5,684.72,34.96,11
r_00001931,family_000096,u_000096,2026-W32,ТС5,743.28,17.73,11
r_00001932,family_000096,u_000096,2026-W33,ТС5,498.61,81.34,9
r_00001933,family_000096,u_000096,2026-W33,ТС5,523.93,44.74,8
r_00001934,family_000096,u_000096,2026-W34,ТС5,580.24,48.81,11
r_00001935,family_000096,u_000096,2026-W34,ТС5,841.13,7.23,9
r_00001936,family_000096,u_000096,2026-W35,ТС5,652.21,0.00,5
r_00001937,family_000096,u_000096,2026-W35,ТС5,695.33,31.25,10
r_00001938,family_000096,u_000096,2026-W36,ТС5,858.76,24.15,5
r_00001939,family_000096,u_000096,2026-W36,ТС5,613.10,39.58,9
r_00002005,family_000101,u_000101,2026-W25,ТС5,510.94,21.71,11
r_00002006,family_000101,u_000101,2026-W25,ТС5,847.24,33.02,5
r_00002007,family_000101,u_000101,2026-W26,ТС5,593.26,7.92,7
r_00002008,family_000101,u_000101,2026-W26,ТС5,616.15,21.03,11
r_00002009,family_000101,u_000101,2026-W26,ТС5,717.85,40.80,9
r_00002010,family_000101,u_000101,2026-W27,ТС5,776.28,28.62,5
r_00002011,family_000101,u_000101,2026-W27,ТС5,624.10,46.59,11
r_00002012,family_000101,u_000101,2026-W28,ТС5,785.09,82.22,8
r_00002013,family_000101,u_000101,2026-W28,ТС5,823.87,25.53,11
r_00002014,family_000101,u_000101,2026-W28,ТС5,595.05,36.85,10
r_00002015,family_000101,u_000101,2026-W28,ТС5,607.89,7.77,6
r_00002016,family_000101,u_000101,2026-W29,ТС5,709.24,17.63,5
r_00002017,family_000101,u_000101,2026-W29,ТС5,573.87,44.43,5
r_00002018,family_000101,u_000101,2026-W30,ТС5,627.23,47.16,8
r_00002019,family_000101,u_000101,2026-W30,ТС5,615.70,25.75,7
r_00002020,family_000101,u_000101,2026-W30,ТС5,806.49,69.44,10
r_00002021,family_000101,u_000101,2026-W31,ТС5,667.21,84.50,9
r_00002022,family_000101,u_000101,2026-W31,ТС5,571.58,18.52,6
r_00002023,family_000101,u_000101,2026-W32,ТС5,705.72,39.15,8
r_00002024,family_000101,u_000101,2026-W32,ТС5,511.83,34.10,10
r_00002025,family_000101,u_000101,2026-W32,ТС5,667.51,44.91,6
r_00002026,family_000101,u_000101,2026-W33,ТС5,720.06,53.57,10
r_00002027,family_000101,u_000101,2026-W33,ТС5,805.98,0.00,10
r_00002028,family_000101,u_000101,2026-W33,ТС5,544.31,53.77,8
r_00002029,family_000101,u_000101,2026-W34,ТС5,358.03,31.50,7
r_00002030,family_000101,u_000101,2026-W34,ТС5,428.11,30.26,7
r_00002031,family_000101,u_000101,2026-W34,ТС5,661.70,0.00,6
r_00002032,family_000101,u_000101,2026-W34,ТС5,683.88,66.02,8
r_00002033,family_000101,u_000101,2026-W35,ТС5,524.40,19.46,5
r_00002034,family_000101,u_000101,2026-W35,ТС5,539.84,21.96,9
r_00002035,family_000101,u_000101,2026-W35,ТС5,420.60,0.00,7
r_00002036,family_000101,u_000101,2026-W36,ТС5,677.61,24.38,5
r_00002037,family_000101,u_000101,2026-W36,ТС5,650.99,62.29,6
r_00002038,family_000101,u_000101,2026-W36,ТС5,435.44,14.00,7
r_00002143,family_000106,u_000106,2026-W25,ТС5,601.66,68.78,5
r_00002144,family_000106,u_000106,2026-W25,ТС5,699.31,22.47,9
r_00002145,family_000106,u_000106,2026-W25,ТС5,708.84,54.19,8
r_00002146,family_000106,u_000106,2026-W25,ТС5,484.70,35.36,7
r_00002147,family_000106,u_000106,2026-W26,ТС5,811.83,43.57,7
r_00002148,family_000106,u_000106,2026-W26,ТС5,665.85,97.95,11
r_00002149,family_000106,u_000106,2026-W26,ТС5,695.14,91.04,7
r_00002150,family_000106,u_000106,2026-W27,ТС5,672.62,48.46,8
r_00002151,family_000106,u_000106,2026-W27,ТС5,514.40,90.77,5
r_00002152,family_000106,u_000106,2026-W28,ТС5,515.23,6.59,8
r_00002153,family_000106,u_000106,2026-W28,ТС5,610.68,99.79,9
r_00002154,family_000106,u_000106,2026-W28,ТС5,684.55,63.40,11
r_00002155,family_000106,u_000106,2026-W29,ТС5,531.37,50.40,10
r_00002156,family_000106,u_000106,2026-W29,ТС5,674.03,57.61,10
r_00002157,family_000106,u_000106,2026-W29,ТС5,594.38,11.04,6
r_00002158,family_000106,u_000106,2026-W30,ТС5,715.74,55.63,10
r_00002159,family_000106,u_000106,2026-W30,ТС5,626.67,97.17,6
r_00002160,family_000106,u_000106,2026-W30,ТС5,600.17,113.97,10
r_00002161,family_000106,u_000106,2026-W31,ТС5,618.67,65.78,11
r_00002162,family_000106,u_000106,2026-W31,ТС5,524.67,101.71,7
r_00002163,family_000106,u_000106,2026-W31,ТС5,643.00,72.86,6
r_00002164,family_000106,u_000106,2026-W32,ТС5,672.13,59.29,9
r_00002165,family_000106,u_000106,2026-W32,ТС5,572.38,18.55,5
r_00002166,family_000106,u_000106,2026-W32,ТС5,465.34,76.30,10
r_00002167,family_000106,u_000106,2026-W33,ТС5,352.79,36.85,10
r_00002168,family_000106,u_000106,2026-W33,ТС5,407.58,30.73,7
r_00002169,family_000106,u_000106,2026-W33,ТС5,599.97,119.84,7
r_00002170,family_000106,u_000106,2026-W34,ТС5,449.87,58.82,10
r_00002171,family_000106,u_000106,2026-W34,ТС5,585.90,96.51,5
r_00002172,family_000106,u_000106,2026-W34,ТС5,719.06,43.62,8
r_00002173,family_000106,u_000106,2026-W35,ТС5,613.24,120.04,5
r_00002174,family_000106,u_000106,2026-W35,ТС5,546.17,79.31,9
r_00002175,family_000106,u_000106,2026-W36,ТС5,736.92,43.75,7
r_00002176,family_000106,u_000106,2026-W36,ТС5,436.82,33.14,10
r_00002200,family_000108,u_000108,2026-W25,ТСХ,1400.40,44.16,6
r_00002201,family_000108,u_000108,2026-W25,ТСХ,997.05,107.45,10
r_00002202,family_000108,u_000108,2026-W25,ТСХ,1054.82,49.52,10
r_00002203,family_000108,u_000108,2026-W26,ТСХ,1170.72,157.02,7
r_00002204,family_000108,u_000108,2026-W26,ТСХ,1194.70,66.36,9
r_00002205,family_000108,u_000108,2026-W26,ТСХ,827.87,77.12,9
r_00002206,family_000108,u_000108,2026-W27,ТСХ,948.56,91.73,9
r_00002207,family_000108,u_000108,2026-W27,ТСХ,1168.65,32.18,7
r_00002208,family_000108,u_000108,2026-W27,ТСХ,1380.08,9.38,11
r_00002209,family_000108,u_000108,2026-W28,ТСХ,828.87,40.15,9
r_00002210,family_000108,u_000108,2026-W28,ТСХ,1097.97,17.47,11
r_00002211,family_000108,u_000108,2026-W28,ТСХ,1268.98,64.14,11
r_00002212,family_000108,u_000108,2026-W29,ТСХ,764.09,20.51,6
r_00002213,family_000108,u_000108,2026-W29,ТСХ,819.40,40.91,7
r_00002214,family_000108,u_000108,2026-W30,ТСХ,1232.52,87.71,9
r_00002215,family_000108,u_000108,2026-W30,ТСХ,1024.63,53.26,8
r_00002216,family_000108,u_000108,2026-W30,ТСХ,1108.96,111.23,9
r_00002217,family_000108,u_000108,2026-W30,ТСХ,1310.86,111.95,5
r_00002218,family_000108,u_000108,2026-W31,ТСХ,1377.00,30.41,6
r_00002219,family_000108,u_000108,2026-W31,ТСХ,924.92,47.17,6
r_00002220,family_000108,u_000108,2026-W31,ТСХ,1268.22,134.82,6
r_00002221,family_000108,u_000108,2026-W32,ТСХ,720.32,6.76,9
r_00002222,family_000108,u_000108,2026-W32,ТСХ,656.17,41.85,5
r_00002223,family_000108,u_000108,2026-W32,ТСХ,768.57,50.06,5
r_00002224,family_000108,u_000108,2026-W33,ТСХ,1221.46,36.85,9
r_00002225,family_000108,u_000108,2026-W33,ТСХ,647.81,57.85,7
r_00002226,family_000108,u_000108,2026-W33,ТСХ,763.99,66.42,11
r_00002227,family_000108,u_000108,2026-W34,ТСХ,1461.54,66.13,10
r_00002228,family_000108,u_000108,2026-W34,ТСХ,1154.29,48.11,8
r_00002229,family_000108,u_000108,2026-W34,ТСХ,1204.70,12.79,10
r_00002230,family_000108,u_000108,2026-W35,ТСХ,764.29,31.27,7
r_00002231,family_000108,u_000108,2026-W35,ТСХ,813.24,78.23,9
r_00002232,family_000108,u_000108,2026-W35,ТСХ,1137.28,68.26,11
r_00002233,family_000108,u_000108,2026-W36,ТСХ,751.28,0.00,6
r_00002234,family_000108,u_000108,2026-W36,ТСХ,1016.14,64.65,11
r_00002235,family_000108,u_000108,2026-W36,ТСХ,899.37,15.32,11
r_00002236,family_000109,u_000109,2026-W25,ТС5,611.67,81.55,6
r_00002237,family_000109,u_000109,2026-W25,ТС5,642.44,9.66,5
r_00002238,family_000109,u_000109,2026-W26,ТС5,597.50,39.33,10
r_00002239,family_000109,u_000109,2026-W26,ТС5,695.10,38.29,11
r_00002240,family_000109,u_000109,2026-W26,ТС5,574.99,40.78,8
r_00002241,family_000109,u_000109,2026-W27,ТС5,597.69,49.78,9
r_00002242,family_000109,u_000109,2026-W27,ТС5,653.41,75.80,9
r_00002243,family_000109,u_000109,2026-W28,ТС5,684.80,33.89,10
r_00002244,family_000109,u_000109,2026-W28,ТС5,793.93,18.26,11
r_00002245,family_000109,u_000109,2026-W29,ТС5,483.28,37.21,8
r_00002246,family_000109,u_000109,2026-W29,ТС5,554.25,39.35,8
r_00002247,family_000109,u_000109,2026-W30,ТС5,481.83,7.66,7
r_00002248,family_000109,u_000109,2026-W30,ТС5,920.14,0.00,5
r_00002249,family_000109,u_000109,2026-W31,ТС5,534.65,35.03,10
r_00002250,family_000109,u_000109,2026-W31,ТС5,592.64,99.65,5
r_00002251,family_000109,u_000109,2026-W32,ТС5,565.28,28.66,9
r_00002252,family_000109,u_000109,2026-W32,ТС5,575.05,33.69,5
r_00002253,family_000109,u_000109,2026-W33,ТС5,703.76,54.74,5
r_00002254,family_000109,u_000109,2026-W33,ТС5,837.43,26.90,5
r_00002255,family_000109,u_000109,2026-W33,ТС5,884.60,21.02,10
r_00002256,family_000109,u_000109,2026-W34,ТС5,573.72,65.73,6
r_00002257,family_000109,u_000109,2026-W34,ТС5,858.69,23.96,5
r_00002258,family_000109,u_000109,2026-W35,ТС5,708.73,29.92,7
r_00002259,family_000109,u_000109,2026-W35,ТС5,641.04,107.27,6
r_00002260,family_000109,u_000109,2026-W36,ТС5,431.23,40.76,11
r_00002261,family_000109,u_000109,2026-W36,ТС5,568.99,21.46,6
r_00002262,family_000110,u_000110,2026-W25,ТС5,798.16,59.68,9
r_00002263,family_000110,u_000110,2026-W25,ТС5,618.20,30.03,6
r_00002264,family_000110,u_000110,2026-W26,ТС5,565.67,13.68,11
r_00002265,family_000110,u_000110,2026-W26,ТС5,711.74,44.15,6
r_00002266,family_000110,u_000110,2026-W27,ТС5,727.79,38.07,9
r_00002267,family_000110,u_000110,2026-W27,ТС5,732.74,0.00,9
r_00002268,family_000110,u_000110,2026-W28,ТС5,680.29,5.94,11
r_00002269,family_000110,u_000110,2026-W28,ТС5,666.70,74.55,7
r_00002270,family_000110,u_000110,2026-W29,ТС5,881.58,57.64,8
r_00002271,family_000110,u_000110,2026-W29,ТС5,693.76,28.45,11
r_00002272,family_000110,u_000110,2026-W30,ТС5,704.28,66.94,9
r_00002273,family_000110,u_000110,2026-W30,ТС5,674.39,41.97,5
r_00002274,family_000110,u_000110,2026-W31,ТС5,675.99,28.49,11
r_00002275,family_000110,u_000110,2026-W31,ТС5,684.61,16.64,5
r_00002276,family_000110,u_000110,2026-W32,ТС5,549.59,45.93,8
r_00002277,family_000110,u_000110,2026-W32,ТС5,819.43,186.44,6
r_00002278,family_000110,u_000110,2026-W33,ТС5,627.87,34.86,11
r_00002279,family_000110,u_000110,2026-W33,ТС5,637.74,50.44,10
r_00002280,family_000110,u_000110,2026-W34,ТС5,661.29,71.48,5
r_00002281,family_000110,u_000110,2026-W34,ТС5,441.30,18.51,5
r_00002282,family_000110,u_000110,2026-W35,ТС5,630.78,10.98,11
r_00002283,family_000110,u_000110,2026-W35,ТС5,597.33,17.83,7
r_00002284,family_000110,u_000110,2026-W36,ТС5,822.15,70.22,9
r_00002285,family_000110,u_000110,2026-W36,ТС5,631.34,20.86,6
r_00002461,family_000122,u_000122,2026-W25,ТС5,590.66,44.56,7
r_00002462,family_000122,u_000122,2026-W25,ТС5,385.60,40.17,9
r_00002463,family_000122,u_000122,2026-W25,ТС5,605.14,125.86,6
r_00002464,family_000122,u_000122,2026-W25,ТС5,589.26,52.42,8
r_00002465,family_000122,u_000122,2026-W26,ТС5,743.71,74.42,5
r_00002466,family_000122,u_000122,2026-W26,ТС5,680.26,60.39,6
r_00002467,family_000122,u_000122,2026-W27,ТС5,527.58,7.66,8
r_00002468,family_000122,u_000122,2026-W27,ТС5,423.22,75.82,8
r_00002469,family_000122,u_000122,2026-W27,ТС5,700.53,59.57,10
r_00002470,family_000122,u_000122,2026-W28,ТС5,587.58,69.85,8
r_00002471,family_000122,u_000122,2026-W28,ТС5,579.57,103.04,6
r_00002472,family_000122,u_000122,2026-W28,ТС5,824.14,52.00,7
r_00002473,family_000122,u_000122,2026-W28,ТС5,698.56,55.73,10
r_00002474,family_000122,u_000122,2026-W29,ТС5,446.83,50.93,8
r_00002475,family_000122,u_000122,2026-W29,ТС5,674.11,121.05,8
r_00002476,family_000122,u_000122,2026-W29,ТС5,526.88,79.91,10
r_00002477,family_000122,u_000122,2026-W29,ТС5,620.62,26.05,6
r_00002478,family_000122,u_000122,2026-W30,ТС5,725.57,47.74,9
r_00002479,family_000122,u_000122,2026-W30,ТС5,366.07,71.97,11
r_00002480,family_000122,u_000122,2026-W30,ТС5,586.01,94.30,7
r_00002481,family_000122,u_000122,2026-W31,ТС5,409.87,70.18,11
r_00002482,family_000122,u_000122,2026-W31,ТС5,680.34,139.17,7
r_00002483,family_000122,u_000122,2026-W31,ТС5,759.17,55.50,11
r_00002484,family_000122,u_000122,2026-W32,ТС5,677.78,73.33,11
r_00002485,family_000122,u_000122,2026-W32,ТС5,588.06,157.58,5
r_00002486,family_000122,u_000122,2026-W32,ТС5,543.88,97.92,5
r_00002487,family_000122,u_000122,2026-W33,ТС5,513.72,66.08,7
r_00002488,family_000122,u_000122,2026-W33,ТС5,398.89,58.15,9
r_00002489,family_000122,u_000122,2026-W33,ТС5,508.33,57.97,10
r_00002490,family_000122,u_000122,2026-W34,ТС5,644.09,73.21,11
r_00002491,family_000122,u_000122,2026-W34,ТС5,714.76,87.99,10
r_00002492,family_000122,u_000122,2026-W34,ТС5,592.67,60.33,6
r_00002493,family_000122,u_000122,2026-W35,ТС5,521.13,121.80,5
r_00002494,family_000122,u_000122,2026-W35,ТС5,765.54,50.66,7
r_00002495,family_000122,u_000122,2026-W35,ТС5,559.05,183.20,9
r_00002496,family_000122,u_000122,2026-W36,ТС5,473.96,86.93,7
r_00002497,family_000122,u_000122,2026-W36,ТС5,520.05,114.20,9
r_00002498,family_000122,u_000122,2026-W36,ТС5,592.78,47.62,9
r_00002520,family_000124,u_000124,2026-W25,ТС5,354.85,20.22,7
r_00002521,family_000124,u_000124,2026-W25,ТС5,857.46,8.59,9
r_00002522,family_000124,u_000124,2026-W26,ТС5,691.93,20.54,7
r_00002523,family_000124,u_000124,2026-W26,ТС5,470.43,91.39,6
r_00002524,family_000124,u_000124,2026-W27,ТС5,647.37,27.04,11
r_00002525,family_000124,u_000124,2026-W27,ТС5,732.05,110.09,10
r_00002526,family_000124,u_000124,2026-W28,ТС5,806.02,0.00,5
r_00002527,family_000124,u_000124,2026-W28,ТС5,585.88,32.95,9
r_00002528,family_000124,u_000124,2026-W28,ТС5,685.22,29.09,8
r_00002529,family_000124,u_000124,2026-W29,ТС5,899.97,39.52,6
r_00002530,family_000124,u_000124,2026-W29,ТС5,536.60,29.38,9
r_00002531,family_000124,u_000124,2026-W30,ТС5,554.61,7.31,8
r_00002532,family_000124,u_000124,2026-W30,ТС5,536.47,25.93,9
r_00002533,family_000124,u_000124,2026-W30,ТС5,506.66,53.99,8
r_00002534,family_000124,u_000124,2026-W31,ТС5,807.53,61.27,8
r_00002535,family_000124,u_000124,2026-W31,ТС5,672.69,59.67,5
r_00002536,family_000124,u_000124,2026-W32,ТС5,502.45,49.98,9
r_00002537,family_000124,u_000124,2026-W32,ТС5,678.10,65.91,11
r_00002538,family_000124,u_000124,2026-W33,ТС5,492.36,38.63,5
r_00002539,family_000124,u_000124,2026-W33,ТС5,504.81,57.92,10
r_00002540,family_000124,u_000124,2026-W34,ТС5,554.71,30.08,10
r_00002541,family_000124,u_000124,2026-W34,ТС5,834.41,12.24,8
r_00002542,family_000124,u_000124,2026-W34,ТС5,606.75,31.82,10
r_00002543,family_000124,u_000124,2026-W35,ТС5,678.22,28.12,10
r_00002544,family_000124,u_000124,2026-W35,ТС5,765.98,121.59,6
r_00002545,family_000124,u_000124,2026-W36,ТС5,503.78,32.47,7
r_00002546,family_000124,u_000124,2026-W36,ТС5,622.13,29.48,11
r_00002569,family_000126,u_000126,2026-W25,ТСЧ,790.97,86.01,11
r_00002570,family_000126,u_000126,2026-W25,ТСЧ,869.41,75.00,10
r_00002571,family_000126,u_000126,2026-W26,ТСЧ,816.75,101.58,7
r_00002572,family_000126,u_000126,2026-W26,ТСЧ,921.21,180.99,9
r_00002573,family_000126,u_000126,2026-W26,ТСЧ,694.05,8.77,6
r_00002574,family_000126,u_000126,2026-W27,ТСЧ,551.91,80.51,5
r_00002575,family_000126,u_000126,2026-W27,ТСЧ,723.76,99.74,6
r_00002576,family_000126,u_000126,2026-W28,ТСЧ,759.92,91.18,6
r_00002577,family_000126,u_000126,2026-W28,ТСЧ,644.45,107.46,7
r_00002578,family_000126,u_000126,2026-W28,ТСЧ,798.72,64.69,11
r_00002579,family_000126,u_000126,2026-W29,ТСЧ,752.00,72.53,8
r_00002580,family_000126,u_000126,2026-W29,ТСЧ,775.62,62.34,6
r_00002581,family_000126,u_000126,2026-W29,ТСЧ,997.25,98.12,11
r_00002582,family_000126,u_000126,2026-W30,ТСЧ,700.39,92.22,9
r_00002583,family_000126,u_000126,2026-W30,ТСЧ,1118.70,81.43,9
r_00002584,family_000126,u_000126,2026-W30,ТСЧ,850.08,68.68,9
r_00002585,family_000126,u_000126,2026-W31,ТСЧ,593.90,40.50,11
r_00002586,family_000126,u_000126,2026-W31,ТСЧ,1045.63,41.14,7
r_00002587,family_000126,u_000126,2026-W31,ТСЧ,529.09,39.67,7
r_00002588,family_000126,u_000126,2026-W32,ТСЧ,717.16,133.02,6
r_00002589,family_000126,u_000126,2026-W32,ТСЧ,1004.71,76.89,5
r_00002590,family_000126,u_000126,2026-W32,ТСЧ,630.55,103.68,7
r_00002591,family_000126,u_000126,2026-W33,ТСЧ,904.87,68.68,10
r_00002592,family_000126,u_000126,2026-W33,ТСЧ,826.16,85.57,11
r_00002593,family_000126,u_000126,2026-W33,ТСЧ,837.60,74.66,7
r_00002594,family_000126,u_000126,2026-W34,ТСЧ,918.17,76.42,9
r_00002595,family_000126,u_000126,2026-W34,ТСЧ,676.13,74.34,5
r_00002596,family_000126,u_000126,2026-W34,ТСЧ,767.98,37.51,11
r_00002597,family_000126,u_000126,2026-W35,ТСЧ,655.27,106.79,7
r_00002598,family_000126,u_000126,2026-W35,ТСЧ,767.52,86.03,8
r_00002599,family_000126,u_000126,2026-W36,ТСЧ,768.12,60.42,8
r_00002600,family_000126,u_000126,2026-W36,ТСЧ,805.04,80.96,10
r_00002601,family_000127,u_000127,2026-W25,ТС5,448.37,45.49,8
r_00002602,family_000127,u_000127,2026-W25,ТС5,681.82,8.16,11
r_00002603,family_000127,u_000127,2026-W25,ТС5,701.28,35.33,5
r_00002604,family_000127,u_000127,2026-W26,ТС5,687.57,17.75,8
r_00002605,family_000127,u_000127,2026-W26,ТС5,627.05,48.01,11
r_00002606,family_000127,u_000127,2026-W26,ТС5,628.74,48.41,11
r_00002607,family_000127,u_000127,2026-W27,ТС5,807.84,68.25,11
r_00002608,family_000127,u_000127,2026-W27,ТС5,746.79,9.34,8
r_00002609,family_000127,u_000127,2026-W28,ТС5,698.98,44.21,10
r_00002610,family_000127,u_000127,2026-W29,ТС5,670.10,49.23,9
r_00002611,family_000127,u_000127,2026-W29,ТС5,710.33,25.92,9
r_00002612,family_000127,u_000127,2026-W30,ТС5,542.95,13.90,8
r_00002613,family_000127,u_000127,2026-W30,ТС5,665.61,41.61,10
r_00002614,family_000127,u_000127,2026-W30,ТС5,587.80,23.38,7
r_00002615,family_000127,u_000127,2026-W31,ТС5,850.28,0.00,8
r_00002616,family_000127,u_000127,2026-W31,ТС5,450.25,18.46,9
r_00002617,family_000127,u_000127,2026-W31,ТС5,698.55,15.55,7
r_00002618,family_000127,u_000127,2026-W32,ТС5,495.74,19.78,10
r_00002619,family_000127,u_000127,2026-W32,ТС5,610.88,0.00,5
r_00002620,family_000127,u_000127,2026-W33,ТС5,897.74,26.46,10
r_00002621,family_000127,u_000127,2026-W33,ТС5,726.11,31.81,11
r_00002622,family_000127,u_000127,2026-W33,ТС5,602.28,46.52,5
r_00002623,family_000127,u_000127,2026-W34,ТС5,575.15,0.00,5
r_00002624,family_000127,u_000127,2026-W34,ТС5,784.60,46.97,8
r_00002625,family_000127,u_000127,2026-W34,ТС5,620.87,30.99,9
r_00002626,family_000127,u_000127,2026-W35,ТС5,359.90,14.57,7
r_00002627,family_000127,u_000127,2026-W35,ТС5,546.52,53.22,7
r_00002628,family_000127,u_000127,2026-W35,ТС5,515.65,19.53,6
r_00002629,family_000127,u_000127,2026-W36,ТС5,598.87,39.39,8
r_00002630,family_000127,u_000127,2026-W36,ТС5,749.90,0.00,5
r_00002631,family_000127,u_000127,2026-W36,ТС5,751.51,32.20,6
r_00002669,family_000130,u_000130,2026-W25,ТС5,690.54,0.00,11
r_00002670,family_000130,u_000130,2026-W25,ТС5,705.13,0.00,6
r_00002671,family_000130,u_000130,2026-W26,ТС5,713.54,51.38,6
r_00002672,family_000130,u_000130,2026-W26,ТС5,582.31,10.76,11
r_00002673,family_000130,u_000130,2026-W27,ТС5,781.02,0.00,5
r_00002674,family_000130,u_000130,2026-W27,ТС5,607.78,35.53,9
r_00002675,family_000130,u_000130,2026-W28,ТС5,655.46,34.71,10
r_00002676,family_000130,u_000130,2026-W28,ТС5,803.82,55.18,11
r_00002677,family_000130,u_000130,2026-W28,ТС5,936.56,98.89,8
r_00002678,family_000130,u_000130,2026-W29,ТС5,788.93,67.36,5
r_00002679,family_000130,u_000130,2026-W29,ТС5,685.49,6.88,8
r_00002680,family_000130,u_000130,2026-W30,ТС5,333.83,35.91,9
r_00002681,family_000130,u_000130,2026-W30,ТС5,476.07,34.60,10
r_00002682,family_000130,u_000130,2026-W31,ТС5,562.19,10.14,11
r_00002683,family_000130,u_000130,2026-W31,ТС5,573.61,41.57,9
r_00002684,family_000130,u_000130,2026-W32,ТС5,615.69,23.51,7
r_00002685,family_000130,u_000130,2026-W32,ТС5,674.50,59.18,10
r_00002686,family_000130,u_000130,2026-W33,ТС5,554.84,30.88,10
r_00002687,family_000130,u_000130,2026-W33,ТС5,608.07,46.04,9
r_00002688,family_000130,u_000130,2026-W33,ТС5,565.63,20.19,8
r_00002689,family_000130,u_000130,2026-W34,ТС5,720.50,0.00,7
r_00002690,family_000130,u_000130,2026-W34,ТС5,479.83,28.61,7
r_00002691,family_000130,u_000130,2026-W35,ТС5,621.24,33.06,8
r_00002692,family_000130,u_000130,2026-W35,ТС5,516.70,21.70,9
r_00002693,family_000130,u_000130,2026-W35,ТС5,609.16,71.06,6
r_00002694,family_000130,u_000130,2026-W36,ТС5,407.36,34.58,5
r_00002695,family_000130,u_000130,2026-W36,ТС5,476.55,6.58,10
r_00002717,family_000132,u_000132,2026-W25,ТС5,828.87,0.00,6
r_00002718,family_000132,u_000132,2026-W25,ТС5,703.90,52.94,6
r_00002719,family_000132,u_000132,2026-W26,ТС5,577.39,10.81,10
r_00002720,family_000132,u_000132,2026-W26,ТС5,614.51,0.00,6
r_00002721,family_000132,u_000132,2026-W26,ТС5,590.84,16.52,8
r_00002722,family_000132,u_000132,2026-W27,ТС5,577.41,67.41,10
r_00002723,family_000132,u_000132,2026-W27,ТС5,698.47,27.84,6
r_00002724,family_000132,u_000132,2026-W28,ТС5,740.06,82.51,11
r_00002725,family_000132,u_000132,2026-W28,ТС5,624.10,49.58,10
r_00002726,family_000132,u_000132,2026-W29,ТС5,382.80,13.63,9
r_00002727,family_000132,u_000132,2026-W29,ТС5,616.66,60.35,6
r_00002728,family_000132,u_000132,2026-W29,ТС5,697.59,13.85,6
r_00002729,family_000132,u_000132,2026-W30,ТС5,662.09,59.73,5
r_00002730,family_000132,u_000132,2026-W30,ТС5,472.35,31.50,10
r_00002731,family_000132,u_000132,2026-W31,ТС5,630.76,18.37,10
r_00002732,family_000132,u_000132,2026-W31,ТС5,558.39,77.79,7
r_00002733,family_000132,u_000132,2026-W31,ТС5,704.48,12.06,11
r_00002734,family_000132,u_000132,2026-W32,ТС5,649.82,73.84,7
r_00002735,family_000132,u_000132,2026-W32,ТС5,664.43,21.12,10
r_00002736,family_000132,u_000132,2026-W33,ТС5,565.46,0.00,5
r_00002737,family_000132,u_000132,2026-W33,ТС5,648.53,34.30,11
r_00002738,family_000132,u_000132,2026-W34,ТС5,798.73,12.15,6
r_00002739,family_000132,u_000132,2026-W34,ТС5,511.85,20.36,6
r_00002740,family_000132,u_000132,2026-W35,ТС5,658.80,12.30,8
r_00002741,family_000132,u_000132,2026-W35,ТС5,709.73,45.03,10
r_00002742,family_000132,u_000132,2026-W36,ТС5,755.37,68.01,7
r_00002743,family_000132,u_000132,2026-W36,ТС5,526.95,17.46,10
r_00002744,family_000133,u_000133,2026-W25,ТС5,607.37,58.75,11
r_00002745,family_000133,u_000133,2026-W26,ТС5,532.83,119.95,10
r_00002746,family_000133,u_000133,2026-W26,ТС5,680.71,118.69,11
r_00002747,family_000133,u_000133,2026-W27,ТС5,715.19,37.90,7
r_00002748,family_000133,u_000133,2026-W27,ТС5,422.75,61.74,10
r_00002749,family_000133,u_000133,2026-W28,ТС5,686.18,186.80,6
r_00002750,family_000133,u_000133,2026-W28,ТС5,653.93,63.41,6
r_00002751,family_000133,u_000133,2026-W29,ТС5,411.00,52.76,11
r_00002752,family_000133,u_000133,2026-W30,ТС5,615.92,100.97,5
r_00002753,family_000133,u_000133,2026-W30,ТС5,409.78,66.57,11
r_00002754,family_000133,u_000133,2026-W31,ТС5,456.78,213.90,7
r_00002755,family_000133,u_000133,2026-W31,ТС5,541.46,86.32,11
r_00002756,family_000133,u_000133,2026-W32,ТС5,582.49,101.42,9
r_00002757,family_000133,u_000133,2026-W32,ТС5,675.53,84.17,7
r_00002758,family_000133,u_000133,2026-W33,ТС5,498.80,101.99,6
r_00002759,family_000133,u_000133,2026-W34,ТС5,480.06,51.74,10
r_00002760,family_000133,u_000133,2026-W34,ТС5,593.86,136.49,9
r_00002761,family_000133,u_000133,2026-W35,ТС5,686.00,102.95,10
r_00002762,family_000133,u_000133,2026-W36,ТС5,693.58,71.91,5
r_00002763,family_000133,u_000133,2026-W36,ТС5,469.96,92.04,8
r_00002836,family_000138,u_000138,2026-W25,ТС5,544.97,99.30,9
r_00002837,family_000138,u_000138,2026-W25,ТС5,509.67,72.08,7
r_00002838,family_000138,u_000138,2026-W26,ТС5,544.42,109.49,10
r_00002839,family_000138,u_000138,2026-W26,ТС5,712.31,186.95,7
r_00002840,family_000138,u_000138,2026-W26,ТС5,616.69,64.59,6
r_00002841,family_000138,u_000138,2026-W27,ТС5,653.31,105.64,11
r_00002842,family_000138,u_000138,2026-W27,ТС5,569.50,87.05,11
r_00002843,family_000138,u_000138,2026-W27,ТС5,543.25,75.64,11
r_00002844,family_000138,u_000138,2026-W27,ТС5,558.47,70.16,7
r_00002845,family_000138,u_000138,2026-W28,ТС5,586.12,123.17,7
r_00002846,family_000138,u_000138,2026-W28,ТС5,591.46,93.67,9
r_00002847,family_000138,u_000138,2026-W28,ТС5,506.37,51.59,5
r_00002848,family_000138,u_000138,2026-W29,ТС5,586.25,61.36,11
r_00002849,family_000138,u_000138,2026-W29,ТС5,616.53,78.43,11
r_00002850,family_000138,u_000138,2026-W29,ТС5,548.80,99.92,6
r_00002851,family_000138,u_000138,2026-W30,ТС5,501.58,127.44,9
r_00002852,family_000138,u_000138,2026-W30,ТС5,528.86,95.97,10
r_00002853,family_000138,u_000138,2026-W30,ТС5,398.37,17.69,8
r_00002854,family_000138,u_000138,2026-W31,ТС5,397.98,16.96,7
r_00002855,family_000138,u_000138,2026-W31,ТС5,487.02,117.84,9
r_00002856,family_000138,u_000138,2026-W32,ТС5,370.25,58.47,7
r_00002857,family_000138,u_000138,2026-W32,ТС5,488.92,55.21,7
r_00002858,family_000138,u_000138,2026-W33,ТС5,573.95,104.34,8
r_00002859,family_000138,u_000138,2026-W33,ТС5,667.85,107.72,5
r_00002860,family_000138,u_000138,2026-W33,ТС5,540.60,31.70,5
r_00002861,family_000138,u_000138,2026-W33,ТС5,609.28,82.85,9
r_00002862,family_000138,u_000138,2026-W34,ТС5,741.12,34.85,11
r_00002863,family_000138,u_000138,2026-W34,ТС5,622.74,116.55,7
r_00002864,family_000138,u_000138,2026-W35,ТС5,692.65,8.48,11
r_00002865,family_000138,u_000138,2026-W35,ТС5,482.88,126.37,5
r_00002866,family_000138,u_000138,2026-W35,ТС5,441.78,17.56,9
r_00002867,family_000138,u_000138,2026-W36,ТС5,687.23,39.93,9
r_00002868,family_000138,u_000138,2026-W36,ТС5,518.99,69.06,6
r_00002869,family_000138,u_000138,2026-W36,ТС5,553.87,133.29,11
r_00002906,family_000142,u_000142,2026-W25,ТС5,790.31,79.65,7
r_00002907,family_000142,u_000142,2026-W25,ТС5,655.83,56.25,10
r_00002908,family_000142,u_000142,2026-W26,ТС5,437.04,40.22,8
r_00002909,family_000142,u_000142,2026-W26,ТС5,612.64,74.76,8
r_00002910,family_000142,u_000142,2026-W26,ТС5,780.76,35.31,6
r_00002911,family_000142,u_000142,2026-W27,ТС5,699.12,88.46,9
r_00002912,family_000142,u_000142,2026-W27,ТС5,707.13,47.33,11
r_00002913,family_000142,u_000142,2026-W28,ТС5,658.50,86.27,11
r_00002914,family_000142,u_000142,2026-W28,ТС5,594.11,32.43,6
r_00002915,family_000142,u_000142,2026-W29,ТС5,577.26,92.01,10
r_00002916,family_000142,u_000142,2026-W29,ТС5,773.99,79.74,11
r_00002917,family_000142,u_000142,2026-W30,ТС5,793.46,138.55,7
r_00002918,family_000142,u_000142,2026-W30,ТС5,552.11,99.16,11
r_00002919,family_000142,u_000142,2026-W31,ТС5,591.68,133.56,5
r_00002920,family_000142,u_000142,2026-W31,ТС5,752.43,47.82,10
r_00002921,family_000142,u_000142,2026-W32,ТС5,612.98,49.33,9
r_00002922,family_000142,u_000142,2026-W32,ТС5,797.67,49.63,9
r_00002923,family_000142,u_000142,2026-W33,ТС5,466.87,116.45,6
r_00002924,family_000142,u_000142,2026-W33,ТС5,630.19,46.61,11
r_00002925,family_000142,u_000142,2026-W33,ТС5,707.38,69.99,8
r_00002926,family_000142,u_000142,2026-W34,ТС5,526.29,106.96,10
r_00002927,family_000142,u_000142,2026-W34,ТС5,642.88,8.37,7
r_00002928,family_000142,u_000142,2026-W35,ТС5,654.62,63.68,10
r_00002929,family_000142,u_000142,2026-W35,ТС5,676.30,104.80,7
r_00002930,family_000142,u_000142,2026-W36,ТС5,820.01,25.26,9
r_00002931,family_000142,u_000142,2026-W36,ТС5,681.98,94.10,6
r_00002952,family_000144,u_000144,2026-W25,ТСЧ,959.73,29.75,9
r_00002953,family_000144,u_000144,2026-W25,ТСЧ,588.97,35.60,9
r_00002954,family_000144,u_000144,2026-W25,ТСЧ,876.36,58.64,11
r_00002955,family_000144,u_000144,2026-W26,ТСЧ,999.61,55.91,10
r_00002956,family_000144,u_000144,2026-W27,ТСЧ,781.00,46.05,9
r_00002957,family_000144,u_000144,2026-W27,ТСЧ,639.97,48.80,11
r_00002958,family_000144,u_000144,2026-W28,ТСЧ,881.58,26.37,8
r_00002959,family_000144,u_000144,2026-W28,ТСЧ,818.88,82.30,8
r_00002960,family_000144,u_000144,2026-W28,ТСЧ,866.13,113.09,5
r_00002961,family_000144,u_000144,2026-W29,ТСЧ,891.20,43.80,11
r_00002962,family_000144,u_000144,2026-W29,ТСЧ,721.20,9.37,9
r_00002963,family_000144,u_000144,2026-W30,ТСЧ,1155.90,31.14,8
r_00002964,family_000144,u_000144,2026-W30,ТСЧ,667.50,86.94,6
r_00002965,family_000144,u_000144,2026-W31,ТСЧ,784.67,79.35,7
r_00002966,family_000144,u_000144,2026-W32,ТСЧ,815.55,45.18,6
r_00002967,family_000144,u_000144,2026-W33,ТСЧ,714.79,68.16,5
r_00002968,family_000144,u_000144,2026-W33,ТСЧ,743.75,73.29,7
r_00002969,family_000144,u_000144,2026-W34,ТСЧ,975.86,0.00,5
r_00002970,family_000144,u_000144,2026-W34,ТСЧ,644.07,46.36,7
r_00002971,family_000144,u_000144,2026-W35,ТСЧ,441.18,9.04,5
r_00002972,family_000144,u_000144,2026-W35,ТСЧ,711.45,52.32,8
r_00002973,family_000144,u_000144,2026-W36,ТСЧ,963.16,30.04,5
r_00002974,family_000144,u_000144,2026-W36,ТСЧ,674.68,20.61,9
r_00002992,family_000146,u_000146,2026-W25,ТСЧ,594.88,62.04,5
r_00002993,family_000146,u_000146,2026-W25,ТСЧ,841.67,95.52,7
r_00002994,family_000146,u_000146,2026-W25,ТСЧ,465.34,47.56,11
r_00002995,family_000146,u_000146,2026-W26,ТСЧ,700.79,92.29,6
r_00002996,family_000146,u_000146,2026-W26,ТСЧ,901.48,137.40,6
r_00002997,family_000146,u_000146,2026-W26,ТСЧ,785.32,100.03,5
r_00002998,family_000146,u_000146,2026-W27,ТСЧ,666.06,72.07,10
r_00002999,family_000146,u_000146,2026-W27,ТСЧ,839.93,113.01,10
r_00003000,family_000146,u_000146,2026-W27,ТСЧ,821.18,74.88,11
r_00003001,family_000146,u_000146,2026-W28,ТСЧ,713.98,83.92,5
r_00003002,family_000146,u_000146,2026-W28,ТСЧ,689.88,77.21,11
r_00003003,family_000146,u_000146,2026-W28,ТСЧ,648.54,121.18,6
r_00003004,family_000146,u_000146,2026-W28,ТСЧ,987.80,83.61,6
r_00003005,family_000146,u_000146,2026-W29,ТСЧ,799.97,95.86,5
r_00003006,family_000146,u_000146,2026-W29,ТСЧ,458.11,16.65,6
r_00003007,family_000146,u_000146,2026-W29,ТСЧ,867.01,21.11,6
r_00003008,family_000146,u_000146,2026-W30,ТСЧ,798.50,102.68,7
r_00003009,family_000146,u_000146,2026-W30,ТСЧ,731.63,112.15,11
r_00003010,family_000146,u_000146,2026-W31,ТСЧ,429.61,94.00,5
r_00003011,family_000146,u_000146,2026-W31,ТСЧ,673.27,90.92,6
r_00003012,family_000146,u_000146,2026-W31,ТСЧ,612.57,87.13,7
r_00003013,family_000146,u_000146,2026-W32,ТСЧ,613.54,21.55,7
r_00003014,family_000146,u_000146,2026-W32,ТСЧ,417.75,51.00,11
r_00003015,family_000146,u_000146,2026-W32,ТСЧ,862.82,69.79,10
r_00003016,family_000146,u_000146,2026-W33,ТСЧ,776.03,73.89,6
r_00003017,family_000146,u_000146,2026-W33,ТСЧ,778.51,93.91,8
r_00003018,family_000146,u_000146,2026-W33,ТСЧ,816.88,155.03,8
r_00003019,family_000146,u_000146,2026-W34,ТСЧ,783.67,39.23,8
r_00003020,family_000146,u_000146,2026-W34,ТСЧ,1021.49,57.03,9
r_00003021,family_000146,u_000146,2026-W34,ТСЧ,715.71,117.55,7
r_00003022,family_000146,u_000146,2026-W35,ТСЧ,664.71,32.89,10
r_00003023,family_000146,u_000146,2026-W35,ТСЧ,1034.19,177.99,5
r_00003024,family_000146,u_000146,2026-W36,ТСЧ,666.05,123.04,7
r_00003025,family_000146,u_000146,2026-W36,ТСЧ,909.96,17.92,5
r_00003046,family_000148,u_000148,2026-W25,ТС5,586.53,29.56,7
r_00003047,family_000148,u_000148,2026-W25,ТС5,586.39,73.64,9
r_00003048,family_000148,u_000148,2026-W26,ТС5,742.44,47.52,5
r_00003049,family_000148,u_000148,2026-W26,ТС5,682.56,141.33,6
r_00003050,family_000148,u_000148,2026-W27,ТС5,259.88,22.69,5
r_00003051,family_000148,u_000148,2026-W27,ТС5,301.06,50.20,6
r_00003052,family_000148,u_000148,2026-W27,ТС5,571.49,79.04,7
r_00003053,family_000148,u_000148,2026-W27,ТС5,469.53,70.73,5
r_00003054,family_000148,u_000148,2026-W28,ТС5,519.87,98.13,5
r_00003055,family_000148,u_000148,2026-W28,ТС5,563.04,34.19,9
r_00003056,family_000148,u_000148,2026-W28,ТС5,660.19,39.17,5
r_00003057,family_000148,u_000148,2026-W29,ТС5,432.86,20.84,10
r_00003058,family_000148,u_000148,2026-W29,ТС5,671.31,62.73,5
r_00003059,family_000148,u_000148,2026-W29,ТС5,399.89,47.52,9
r_00003060,family_000148,u_000148,2026-W30,ТС5,596.77,75.22,11
r_00003061,family_000148,u_000148,2026-W30,ТС5,472.15,71.78,7
r_00003062,family_000148,u_000148,2026-W31,ТС5,565.18,71.82,11
r_00003063,family_000148,u_000148,2026-W31,ТС5,761.91,81.31,10
r_00003064,family_000148,u_000148,2026-W31,ТС5,754.29,105.43,9
r_00003065,family_000148,u_000148,2026-W32,ТС5,851.26,116.91,9
r_00003066,family_000148,u_000148,2026-W32,ТС5,764.44,84.70,11
r_00003067,family_000148,u_000148,2026-W33,ТС5,594.52,56.42,11
r_00003068,family_000148,u_000148,2026-W33,ТС5,669.69,115.15,10
r_00003069,family_000148,u_000148,2026-W34,ТС5,768.51,110.27,11
r_00003070,family_000148,u_000148,2026-W34,ТС5,682.57,42.73,5
r_00003071,family_000148,u_000148,2026-W35,ТС5,552.30,31.06,7
r_00003072,family_000148,u_000148,2026-W35,ТС5,491.02,42.77,10
r_00003073,family_000148,u_000148,2026-W35,ТС5,542.96,44.80,5
r_00003074,family_000148,u_000148,2026-W36,ТС5,575.61,44.19,5
r_00003075,family_000148,u_000148,2026-W36,ТС5,737.73,59.51,7
r_00003099,family_000151,u_000151,2026-W25,ТС5,712.93,19.18,10
r_00003100,family_000151,u_000151,2026-W25,ТС5,612.89,90.14,7
r_00003101,family_000151,u_000151,2026-W26,ТС5,591.37,105.93,10
r_00003102,family_000151,u_000151,2026-W26,ТС5,962.76,39.24,6
r_00003103,family_000151,u_000151,2026-W27,ТС5,533.97,90.79,7
r_00003104,family_000151,u_000151,2026-W27,ТС5,652.07,83.43,8
r_00003105,family_000151,u_000151,2026-W28,ТС5,593.72,62.42,5
r_00003106,family_000151,u_000151,2026-W28,ТС5,428.65,65.52,11
r_00003107,family_000151,u_000151,2026-W28,ТС5,718.73,76.60,9
r_00003108,family_000151,u_000151,2026-W29,ТС5,542.40,77.89,10
r_00003109,family_000151,u_000151,2026-W29,ТС5,663.19,66.79,8
r_00003110,family_000151,u_000151,2026-W30,ТС5,707.60,39.74,5
r_00003111,family_000151,u_000151,2026-W30,ТС5,598.14,24.19,11
r_00003112,family_000151,u_000151,2026-W30,ТС5,448.94,23.15,8
r_00003113,family_000151,u_000151,2026-W31,ТС5,637.17,142.26,8
r_00003114,family_000151,u_000151,2026-W31,ТС5,682.01,84.19,8
r_00003115,family_000151,u_000151,2026-W31,ТС5,667.66,143.87,11
r_00003116,family_000151,u_000151,2026-W32,ТС5,682.36,20.21,9
r_00003117,family_000151,u_000151,2026-W33,ТС5,597.88,123.05,9
r_00003118,family_000151,u_000151,2026-W33,ТС5,532.24,81.58,6
r_00003119,family_000151,u_000151,2026-W33,ТС5,686.68,40.13,8
r_00003120,family_000151,u_000151,2026-W34,ТС5,713.45,37.31,10
r_00003121,family_000151,u_000151,2026-W34,ТС5,835.12,90.59,6
r_00003122,family_000151,u_000151,2026-W35,ТС5,715.06,90.85,8
r_00003123,family_000151,u_000151,2026-W35,ТС5,697.58,66.02,11
r_00003124,family_000151,u_000151,2026-W35,ТС5,512.50,130.92,7
r_00003125,family_000151,u_000151,2026-W36,ТС5,413.65,107.24,5
r_00003126,family_000151,u_000151,2026-W36,ТС5,629.98,151.00,6
r_00003127,family_000151,u_000151,2026-W36,ТС5,692.49,55.89,10
r_00003342,family_000162,u_000162,2026-W25,ТС5,410.71,63.44,7
r_00003343,family_000162,u_000162,2026-W26,ТС5,473.36,27.12,9
r_00003344,family_000162,u_000162,2026-W26,ТС5,458.45,44.11,11
r_00003345,family_000162,u_000162,2026-W27,ТС5,544.62,77.32,9
r_00003346,family_000162,u_000162,2026-W27,ТС5,719.79,17.22,7
r_00003347,family_000162,u_000162,2026-W28,ТС5,698.48,66.03,9
r_00003348,family_000162,u_000162,2026-W28,ТС5,763.38,54.92,11
r_00003349,family_000162,u_000162,2026-W29,ТС5,626.20,109.94,10
r_00003350,family_000162,u_000162,2026-W29,ТС5,415.24,44.04,9
r_00003351,family_000162,u_000162,2026-W30,ТС5,577.00,29.29,7
r_00003352,family_000162,u_000162,2026-W31,ТС5,757.51,118.94,9
r_00003353,family_000162,u_000162,2026-W31,ТС5,585.50,141.78,9
r_00003354,family_000162,u_000162,2026-W32,ТС5,755.66,69.34,10
r_00003355,family_000162,u_000162,2026-W32,ТС5,723.28,193.59,7
r_00003356,family_000162,u_000162,2026-W33,ТС5,636.66,47.71,11
r_00003357,family_000162,u_000162,2026-W33,ТС5,511.57,52.91,11
r_00003358,family_000162,u_000162,2026-W34,ТС5,627.41,30.63,7
r_00003359,family_000162,u_000162,2026-W34,ТС5,484.07,53.79,9
r_00003360,family_000162,u_000162,2026-W35,ТС5,640.02,108.65,5
r_00003361,family_000162,u_000162,2026-W36,ТС5,684.92,45.88,10
r_00003362,family_000163,u_000163,2026-W25,ТСХ,879.04,0.00,7
r_00003363,family_000163,u_000163,2026-W25,ТСХ,1380.11,121.83,11
r_00003364,family_000163,u_000163,2026-W25,ТСХ,911.03,72.29,10
r_00003365,family_000163,u_000163,2026-W26,ТСХ,1091.47,37.56,10
r_00003366,family_000163,u_000163,2026-W26,ТСХ,776.32,66.88,9
r_00003367,family_000163,u_000163,2026-W26,ТСХ,912.21,79.52,8
r_00003368,family_000163,u_000163,2026-W27,ТСХ,1344.40,10.18,8
r_00003369,family_000163,u_000163,2026-W27,ТСХ,984.21,66.38,10
r_00003370,family_000163,u_000163,2026-W27,ТСХ,992.74,22.05,9
r_00003371,family_000163,u_000163,2026-W28,ТСХ,537.21,36.54,6
r_00003372,family_000163,u_000163,2026-W28,ТСХ,952.85,94.84,9
r_00003373,family_000163,u_000163,2026-W28,ТСХ,893.05,91.92,6
r_00003374,family_000163,u_000163,2026-W29,ТСХ,1029.80,51.62,7
r_00003375,family_000163,u_000163,2026-W29,ТСХ,1408.54,21.80,8
r_00003376,family_000163,u_000163,2026-W29,ТСХ,849.66,55.79,11
r_00003377,family_000163,u_000163,2026-W30,ТСХ,1178.81,112.90,7
r_00003378,family_000163,u_000163,2026-W30,ТСХ,907.16,105.87,7
r_00003379,family_000163,u_000163,2026-W30,ТСХ,926.11,53.90,9
r_00003380,family_000163,u_000163,2026-W31,ТСХ,901.27,13.46,5
r_00003381,family_000163,u_000163,2026-W31,ТСХ,1155.84,117.70,6
r_00003382,family_000163,u_000163,2026-W31,ТСХ,986.09,124.50,5
r_00003383,family_000163,u_000163,2026-W32,ТСХ,1297.73,73.82,10
r_00003384,family_000163,u_000163,2026-W32,ТСХ,834.76,41.19,11
r_00003385,family_000163,u_000163,2026-W32,ТСХ,1319.52,102.34,6
r_00003386,family_000163,u_000163,2026-W32,ТСХ,877.63,94.10,5
r_00003387,family_000163,u_000163,2026-W33,ТСХ,1215.48,74.53,9
r_00003388,family_000163,u_000163,2026-W33,ТСХ,911.25,17.62,8
r_00003389,family_000163,u_000163,2026-W33,ТСХ,1092.75,68.46,9
r_00003390,family_000163,u_000163,2026-W34,ТСХ,1135.57,56.95,11
r_00003391,family_000163,u_000163,2026-W34,ТСХ,884.33,37.31,9
r_00003392,family_000163,u_000163,2026-W34,ТСХ,1014.83,34.01,11
r_00003393,family_000163,u_000163,2026-W35,ТСХ,694.94,39.19,5
r_00003394,family_000163,u_000163,2026-W35,ТСХ,983.84,26.56,5
r_00003395,family_000163,u_000163,2026-W35,ТСХ,830.49,138.91,8
r_00003396,family_000163,u_000163,2026-W36,ТСХ,1105.34,90.39,8
r_00003397,family_000163,u_000163,2026-W36,ТСХ,1129.15,84.98,7
r_00003398,family_000163,u_000163,2026-W36,ТСХ,764.16,68.59,6
r_00003449,family_000166,u_000166,2026-W25,ТСЧ,709.29,52.05,11
r_00003450,family_000166,u_000166,2026-W25,ТСЧ,1138.83,66.57,7
r_00003451,family_000166,u_000166,2026-W26,ТСЧ,881.34,35.00,6
r_00003452,family_000166,u_000166,2026-W26,ТСЧ,1032.38,40.82,5
r_00003453,family_000166,u_000166,2026-W27,ТСЧ,715.78,70.49,11
r_00003454,family_000166,u_000166,2026-W27,ТСЧ,1005.95,127.06,6
r_00003455,family_000166,u_000166,2026-W28,ТСЧ,973.41,16.28,5
r_00003456,family_000166,u_000166,2026-W28,ТСЧ,982.16,68.36,11
r_00003457,family_000166,u_000166,2026-W28,ТСЧ,742.23,63.50,5
r_00003458,family_000166,u_000166,2026-W29,ТСЧ,898.24,31.10,5
r_00003459,family_000166,u_000166,2026-W29,ТСЧ,961.92,51.96,9
r_00003460,family_000166,u_000166,2026-W30,ТСЧ,966.08,36.36,5
r_00003461,family_000166,u_000166,2026-W30,ТСЧ,1128.82,35.41,10
r_00003462,family_000166,u_000166,2026-W31,ТСЧ,1018.39,74.15,7
r_00003463,family_000166,u_000166,2026-W31,ТСЧ,825.82,94.53,8
r_00003464,family_000166,u_000166,2026-W32,ТСЧ,821.64,125.22,7
r_00003465,family_000166,u_000166,2026-W32,ТСЧ,699.63,43.22,6
r_00003466,family_000166,u_000166,2026-W33,ТСЧ,760.39,24.16,6
r_00003467,family_000166,u_000166,2026-W33,ТСЧ,748.65,77.86,11
r_00003468,family_000166,u_000166,2026-W34,ТСЧ,621.71,11.65,8
r_00003469,family_000166,u_000166,2026-W34,ТСЧ,857.88,0.00,5
r_00003470,family_000166,u_000166,2026-W35,ТСЧ,689.43,52.49,10
r_00003471,family_000166,u_000166,2026-W35,ТСЧ,863.23,29.52,10
r_00003472,family_000166,u_000166,2026-W36,ТСЧ,820.52,66.97,6
r_00003473,family_000166,u_000166,2026-W36,ТСЧ,609.88,12.24,6
r_00003503,family_000169,u_000169,2026-W25,ТС5,499.07,37.13,7
r_00003504,family_000169,u_000169,2026-W25,ТС5,571.27,27.79,5
r_00003505,family_000169,u_000169,2026-W25,ТС5,671.15,32.37,11
r_00003506,family_000169,u_000169,2026-W26,ТС5,794.36,79.23,7
r_00003507,family_000169,u_000169,2026-W26,ТС5,676.68,34.15,11
r_00003508,family_000169,u_000169,2026-W27,ТС5,588.19,16.01,7
r_00003509,family_000169,u_000169,2026-W27,ТС5,550.64,44.10,5
r_00003510,family_000169,u_000169,2026-W28,ТС5,776.62,68.72,7
r_00003511,family_000169,u_000169,2026-W28,ТС5,583.22,68.48,5
r_00003512,family_000169,u_000169,2026-W29,ТС5,750.23,0.00,6
r_00003513,family_000169,u_000169,2026-W29,ТС5,748.51,15.08,11
r_00003514,family_000169,u_000169,2026-W29,ТС5,516.36,40.46,9
r_00003515,family_000169,u_000169,2026-W30,ТС5,528.36,29.31,11
r_00003516,family_000169,u_000169,2026-W30,ТС5,581.33,94.86,10
r_00003517,family_000169,u_000169,2026-W31,ТС5,538.61,9.81,9
r_00003518,family_000169,u_000169,2026-W31,ТС5,564.40,56.14,9
r_00003519,family_000169,u_000169,2026-W32,ТС5,534.34,16.28,5
r_00003520,family_000169,u_000169,2026-W32,ТС5,900.16,19.81,10
r_00003521,family_000169,u_000169,2026-W33,ТС5,722.85,13.36,6
r_00003522,family_000169,u_000169,2026-W34,ТС5,488.52,34.12,6
r_00003523,family_000169,u_000169,2026-W34,ТС5,830.45,34.46,7
r_00003524,family_000169,u_000169,2026-W35,ТС5,544.72,19.17,8
r_00003525,family_000169,u_000169,2026-W36,ТС5,655.53,60.27,7
r_00003526,family_000169,u_000169,2026-W36,ТС5,825.14,24.99,6
r_00003527,family_000169,u_000169,2026-W36,ТС5,735.71,0.00,5
r_00003528,family_000170,u_000170,2026-W25,ТС5,561.42,32.54,5
r_00003529,family_000170,u_000170,2026-W25,ТС5,710.95,71.07,7
r_00003530,family_000170,u_000170,2026-W25,ТС5,402.76,26.51,9
r_00003531,family_000170,u_000170,2026-W26,ТС5,587.54,78.85,8
r_00003532,family_000170,u_000170,2026-W26,ТС5,511.76,31.19,5
r_00003533,family_000170,u_000170,2026-W27,ТС5,545.43,72.32,6
r_00003534,family_000170,u_000170,2026-W27,ТС5,672.56,61.91,11
r_00003535,family_000170,u_000170,2026-W27,ТС5,538.66,25.86,10
r_00003536,family_000170,u_000170,2026-W28,ТС5,710.41,94.60,9
r_00003537,family_000170,u_000170,2026-W28,ТС5,558.21,30.90,6
r_00003538,family_000170,u_000170,2026-W28,ТС5,631.16,57.07,11
r_00003539,family_000170,u_000170,2026-W29,ТС5,609.52,85.09,9
r_00003540,family_000170,u_000170,2026-W29,ТС5,791.10,76.76,8
r_00003541,family_000170,u_000170,2026-W30,ТС5,699.34,43.19,9
r_00003542,family_000170,u_000170,2026-W30,ТС5,462.58,98.06,10
r_00003543,family_000170,u_000170,2026-W30,ТС5,666.96,27.32,9
r_00003544,family_000170,u_000170,2026-W31,ТС5,689.01,74.69,8
r_00003545,family_000170,u_000170,2026-W31,ТС5,725.69,126.82,11
r_00003546,family_000170,u_000170,2026-W31,ТС5,666.02,86.17,9
r_00003547,family_000170,u_000170,2026-W32,ТС5,357.89,67.95,5
r_00003548,family_000170,u_000170,2026-W32,ТС5,694.62,23.70,5
r_00003549,family_000170,u_000170,2026-W33,ТС5,516.82,33.79,5
r_00003550,family_000170,u_000170,2026-W33,ТС5,732.97,123.74,9
r_00003551,family_000170,u_000170,2026-W34,ТС5,722.07,109.36,5
r_00003552,family_000170,u_000170,2026-W35,ТС5,623.50,82.12,11
r_00003553,family_000170,u_000170,2026-W35,ТС5,679.31,66.18,6
r_00003554,family_000170,u_000170,2026-W35,ТС5,528.69,70.54,8
r_00003555,family_000170,u_000170,2026-W36,ТС5,579.29,111.28,5
r_00003556,family_000170,u_000170,2026-W36,ТС5,644.42,78.69,10
r_00003606,family_000174,u_000174,2026-W25,ТС5,777.89,16.01,5
r_00003607,family_000174,u_000174,2026-W25,ТС5,874.38,41.48,8
r_00003608,family_000174,u_000174,2026-W26,ТС5,705.76,0.00,6
r_00003609,family_000174,u_000174,2026-W26,ТС5,568.53,33.69,8
r_00003610,family_000174,u_000174,2026-W27,ТС5,695.81,94.81,9
r_00003611,family_000174,u_000174,2026-W27,ТС5,688.24,40.40,8
r_00003612,family_000174,u_000174,2026-W28,ТС5,793.12,35.57,11
r_00003613,family_000174,u_000174,2026-W28,ТС5,714.07,37.78,10
r_00003614,family_000174,u_000174,2026-W29,ТС5,789.32,20.46,5
r_00003615,family_000174,u_000174,2026-W29,ТС5,569.75,17.29,8
r_00003616,family_000174,u_000174,2026-W30,ТС5,595.68,16.17,10
r_00003617,family_000174,u_000174,2026-W30,ТС5,518.18,55.58,8
r_00003618,family_000174,u_000174,2026-W31,ТС5,510.90,27.55,7
r_00003619,family_000174,u_000174,2026-W31,ТС5,557.40,28.34,9
r_00003620,family_000174,u_000174,2026-W32,ТС5,634.75,22.12,10
r_00003621,family_000174,u_000174,2026-W33,ТС5,591.62,46.74,10
r_00003622,family_000174,u_000174,2026-W33,ТС5,624.80,52.82,5
r_00003623,family_000174,u_000174,2026-W34,ТС5,732.61,22.67,11
r_00003624,family_000174,u_000174,2026-W34,ТС5,739.99,0.00,10
r_00003625,family_000174,u_000174,2026-W35,ТС5,677.76,46.28,6
r_00003626,family_000174,u_000174,2026-W35,ТС5,761.60,16.98,10
r_00003627,family_000174,u_000174,2026-W36,ТС5,585.28,19.98,7
r_00003683,family_000179,u_000179,2026-W25,ТС5,495.28,61.38,7
r_00003684,family_000179,u_000179,2026-W25,ТС5,674.56,31.12,6
r_00003685,family_000179,u_000179,2026-W25,ТС5,647.03,81.89,11
r_00003686,family_000179,u_000179,2026-W26,ТС5,790.18,83.22,10
r_00003687,family_000179,u_000179,2026-W26,ТС5,572.39,81.59,6
r_00003688,family_000179,u_000179,2026-W26,ТС5,449.66,47.97,6
r_00003689,family_000179,u_000179,2026-W26,ТС5,657.70,59.65,6
r_00003690,family_000179,u_000179,2026-W27,ТС5,605.30,51.02,7
r_00003691,family_000179,u_000179,2026-W27,ТС5,457.56,56.59,7
r_00003692,family_000179,u_000179,2026-W27,ТС5,588.95,51.81,9
r_00003693,family_000179,u_000179,2026-W28,ТС5,432.74,70.99,11
r_00003694,family_000179,u_000179,2026-W28,ТС5,668.07,24.59,10
r_00003695,family_000179,u_000179,2026-W28,ТС5,575.02,74.19,6
r_00003696,family_000179,u_000179,2026-W29,ТС5,612.89,28.27,10
r_00003697,family_000179,u_000179,2026-W29,ТС5,567.24,37.04,9
r_00003698,family_000179,u_000179,2026-W29,ТС5,453.59,147.84,6
r_00003699,family_000179,u_000179,2026-W30,ТС5,453.55,45.00,7
r_00003700,family_000179,u_000179,2026-W30,ТС5,640.28,101.48,9
r_00003701,family_000179,u_000179,2026-W30,ТС5,588.18,60.62,10
r_00003702,family_000179,u_000179,2026-W31,ТС5,655.59,97.48,10
r_00003703,family_000179,u_000179,2026-W31,ТС5,521.44,67.79,10
r_00003704,family_000179,u_000179,2026-W31,ТС5,457.96,37.54,7
r_00003705,family_000179,u_000179,2026-W32,ТС5,608.91,168.04,6
r_00003706,family_000179,u_000179,2026-W32,ТС5,786.35,79.36,10
r_00003707,family_000179,u_000179,2026-W32,ТС5,483.38,61.50,11
r_00003708,family_000179,u_000179,2026-W33,ТС5,713.27,139.94,6
r_00003709,family_000179,u_000179,2026-W33,ТС5,595.55,63.80,11
r_00003710,family_000179,u_000179,2026-W33,ТС5,688.53,40.66,6
r_00003711,family_000179,u_000179,2026-W34,ТС5,489.14,112.37,11
r_00003712,family_000179,u_000179,2026-W34,ТС5,753.80,56.93,7
r_00003713,family_000179,u_000179,2026-W34,ТС5,421.91,60.37,9
r_00003714,family_000179,u_000179,2026-W35,ТС5,621.40,69.09,11
r_00003715,family_000179,u_000179,2026-W35,ТС5,778.56,64.77,7
r_00003716,family_000179,u_000179,2026-W35,ТС5,590.62,62.38,6
r_00003717,family_000179,u_000179,2026-W36,ТС5,736.44,63.70,11
r_00003718,family_000179,u_000179,2026-W36,ТС5,709.80,102.12,9
r_00003719,family_000179,u_000179,2026-W36,ТС5,808.52,62.59,11
r_00003735,family_000181,u_000181,2026-W25,ТСЧ,763.26,59.72,6
r_00003736,family_000181,u_000181,2026-W25,ТСЧ,996.24,136.22,8
r_00003737,family_000181,u_000181,2026-W26,ТСЧ,710.62,31.99,10
r_00003738,family_000181,u_000181,2026-W27,ТСЧ,962.65,0.00,5
r_00003739,family_000181,u_000181,2026-W28,ТСЧ,766.41,26.73,10
r_00003740,family_000181,u_000181,2026-W28,ТСЧ,882.90,104.63,6
r_00003741,family_000181,u_000181,2026-W29,ТСЧ,740.47,13.67,11
r_00003742,family_000181,u_000181,2026-W30,ТСЧ,971.96,98.56,8
r_00003743,family_000181,u_000181,2026-W30,ТСЧ,789.24,65.66,8
r_00003744,family_000181,u_000181,2026-W30,ТСЧ,755.28,27.39,7
r_00003745,family_000181,u_000181,2026-W31,ТСЧ,1017.84,82.84,7
r_00003746,family_000181,u_000181,2026-W32,ТСЧ,918.33,39.64,8
r_00003747,family_000181,u_000181,2026-W32,ТСЧ,1071.19,37.00,11
r_00003748,family_000181,u_000181,2026-W33,ТСЧ,892.79,28.31,7
r_00003749,family_000181,u_000181,2026-W33,ТСЧ,694.92,108.25,7
r_00003750,family_000181,u_000181,2026-W34,ТСЧ,659.81,82.76,10
r_00003751,family_000181,u_000181,2026-W35,ТСЧ,589.49,12.25,8
r_00003752,family_000181,u_000181,2026-W35,ТСЧ,678.07,33.46,5
r_00003753,family_000181,u_000181,2026-W36,ТСЧ,815.00,70.96,9
r_00003754,family_000181,u_000181,2026-W36,ТСЧ,537.24,27.84,11
r_00003782,family_000184,u_000184,2026-W25,ТС5,550.15,38.30,7
r_00003783,family_000184,u_000184,2026-W25,ТС5,736.58,18.28,11
r_00003784,family_000184,u_000184,2026-W26,ТС5,603.75,53.67,11
r_00003785,family_000184,u_000184,2026-W26,ТС5,627.38,17.47,7
r_00003786,family_000184,u_000184,2026-W27,ТС5,744.00,39.95,6
r_00003787,family_000184,u_000184,2026-W27,ТС5,604.02,40.77,7
r_00003788,family_000184,u_000184,2026-W27,ТС5,729.13,18.97,10
r_00003789,family_000184,u_000184,2026-W28,ТС5,599.28,26.75,11
r_00003790,family_000184,u_000184,2026-W29,ТС5,736.89,30.41,7
r_00003791,family_000184,u_000184,2026-W29,ТС5,682.21,16.63,7
r_00003792,family_000184,u_000184,2026-W30,ТС5,570.89,31.54,5
r_00003793,family_000184,u_000184,2026-W30,ТС5,588.19,13.01,9
r_00003794,family_000184,u_000184,2026-W31,ТС5,660.55,67.67,8
r_00003795,family_000184,u_000184,2026-W32,ТС5,679.48,18.70,10
r_00003796,family_000184,u_000184,2026-W32,ТС5,424.54,16.04,7
r_00003797,family_000184,u_000184,2026-W33,ТС5,696.79,23.05,6
r_00003798,family_000184,u_000184,2026-W33,ТС5,513.68,45.87,9
r_00003799,family_000184,u_000184,2026-W34,ТС5,692.40,48.77,6
r_00003800,family_000184,u_000184,2026-W34,ТС5,640.01,61.47,10
r_00003801,family_000184,u_000184,2026-W35,ТС5,671.96,18.89,10
r_00003802,family_000184,u_000184,2026-W35,ТС5,499.86,37.29,7
r_00003803,family_000184,u_000184,2026-W36,ТС5,648.72,47.45,9
r_00003804,family_000184,u_000184,2026-W36,ТС5,640.93,59.91,9
r_00003903,family_000190,u_000190,2026-W25,ТС5,541.30,23.34,10
r_00003904,family_000190,u_000190,2026-W25,ТС5,640.11,47.49,9
r_00003905,family_000190,u_000190,2026-W26,ТС5,708.17,34.31,10
r_00003906,family_000190,u_000190,2026-W26,ТС5,471.85,13.94,5
r_00003907,family_000190,u_000190,2026-W26,ТС5,912.78,9.08,11
r_00003908,family_000190,u_000190,2026-W27,ТС5,696.33,47.81,11
r_00003909,family_000190,u_000190,2026-W27,ТС5,831.85,42.66,11
r_00003910,family_000190,u_000190,2026-W28,ТС5,692.17,51.11,6
r_00003911,family_000190,u_000190,2026-W28,ТС5,709.64,52.54,5
r_00003912,family_000190,u_000190,2026-W29,ТС5,578.94,18.30,10
r_00003913,family_000190,u_000190,2026-W29,ТС5,618.79,21.50,11
r_00003914,family_000190,u_000190,2026-W29,ТС5,469.26,10.00,8
r_00003915,family_000190,u_000190,2026-W30,ТС5,717.84,14.39,10
r_00003916,family_000190,u_000190,2026-W30,ТС5,704.61,56.76,8
r_00003917,family_000190,u_000190,2026-W30,ТС5,803.15,12.68,9
r_00003918,family_000190,u_000190,2026-W31,ТС5,524.43,67.19,6
r_00003919,family_000190,u_000190,2026-W31,ТС5,742.00,21.16,10
r_00003920,family_000190,u_000190,2026-W31,ТС5,530.31,43.62,6
r_00003921,family_000190,u_000190,2026-W32,ТС5,621.75,16.40,9
r_00003922,family_000190,u_000190,2026-W32,ТС5,508.09,0.00,5
r_00003923,family_000190,u_000190,2026-W32,ТС5,667.09,8.55,6
r_00003924,family_000190,u_000190,2026-W33,ТС5,626.91,23.57,8
r_00003925,family_000190,u_000190,2026-W33,ТС5,646.86,81.34,9
r_00003926,family_000190,u_000190,2026-W33,ТС5,709.94,31.22,10
r_00003927,family_000190,u_000190,2026-W33,ТС5,558.88,14.97,9
r_00003928,family_000190,u_000190,2026-W34,ТС5,665.47,36.11,9
r_00003929,family_000190,u_000190,2026-W35,ТС5,700.53,55.11,10
r_00003930,family_000190,u_000190,2026-W35,ТС5,655.33,30.15,10
r_00003931,family_000190,u_000190,2026-W35,ТС5,820.75,60.15,11
r_00003932,family_000190,u_000190,2026-W36,ТС5,567.52,44.15,7
r_00003933,family_000190,u_000190,2026-W36,ТС5,603.09,25.33,10
r_00003934,family_000191,u_000191,2026-W25,ТСХ,1230.31,47.55,5
r_00003935,family_000191,u_000191,2026-W25,ТСХ,1140.58,75.00,10
r_00003936,family_000191,u_000191,2026-W26,ТСХ,923.88,68.62,6
r_00003937,family_000191,u_000191,2026-W26,ТСХ,985.11,75.75,9
r_00003938,family_000191,u_000191,2026-W27,ТСХ,968.41,85.78,7
r_00003939,family_000191,u_000191,2026-W27,ТСХ,880.59,41.72,10
r_00003940,family_000191,u_000191,2026-W28,ТСХ,1420.89,74.30,8
r_00003941,family_000191,u_000191,2026-W28,ТСХ,1389.28,0.00,7
r_00003942,family_000191,u_000191,2026-W29,ТСХ,964.33,45.18,7
r_00003943,family_000191,u_000191,2026-W29,ТСХ,698.83,129.19,6
r_00003944,family_000191,u_000191,2026-W30,ТСХ,996.58,76.70,8
r_00003945,family_000191,u_000191,2026-W31,ТСХ,981.24,43.54,7
r_00003946,family_000191,u_000191,2026-W31,ТСХ,1000.93,22.56,6
r_00003947,family_000191,u_000191,2026-W32,ТСХ,1138.00,121.03,7
r_00003948,family_000191,u_000191,2026-W32,ТСХ,778.91,62.25,7
r_00003949,family_000191,u_000191,2026-W33,ТСХ,1173.41,35.88,11
r_00003950,family_000191,u_000191,2026-W34,ТСХ,583.41,48.50,8
r_00003951,family_000191,u_000191,2026-W34,ТСХ,1070.99,50.09,7
r_00003952,family_000191,u_000191,2026-W35,ТСХ,820.89,21.96,9
r_00003953,family_000191,u_000191,2026-W35,ТСХ,1017.13,20.70,11
r_00003954,family_000191,u_000191,2026-W36,ТСХ,1229.94,89.67,6
r_00003955,family_000191,u_000191,2026-W36,ТСХ,837.64,35.95,7
r_00003998,family_000195,u_000195,2026-W25,ТС5,681.01,86.78,9
r_00003999,family_000195,u_000195,2026-W25,ТС5,715.55,21.56,6
r_00004000,family_000195,u_000195,2026-W26,ТС5,799.05,45.08,8
r_00004001,family_000195,u_000195,2026-W26,ТС5,725.27,50.02,10
r_00004002,family_000195,u_000195,2026-W27,ТС5,708.99,94.81,8
r_00004003,family_000195,u_000195,2026-W28,ТС5,526.91,92.63,5
r_00004004,family_000195,u_000195,2026-W28,ТС5,726.06,56.75,11
r_00004005,family_000195,u_000195,2026-W28,ТС5,466.66,28.67,11
r_00004006,family_000195,u_000195,2026-W29,ТС5,477.50,46.30,5
r_00004007,family_000195,u_000195,2026-W29,ТС5,574.51,30.99,7
r_00004008,family_000195,u_000195,2026-W30,ТС5,590.68,41.58,5
r_00004009,family_000195,u_000195,2026-W30,ТС5,654.49,83.98,10
r_00004010,family_000195,u_000195,2026-W31,ТС5,655.36,29.90,9
r_00004011,family_000195,u_000195,2026-W31,ТС5,898.68,54.17,5
r_00004012,family_000195,u_000195,2026-W32,ТС5,321.03,38.08,5
r_00004013,family_000195,u_000195,2026-W32,ТС5,555.91,37.90,9
r_00004014,family_000195,u_000195,2026-W33,ТС5,720.84,22.31,7
r_00004015,family_000195,u_000195,2026-W33,ТС5,527.14,17.62,5
r_00004016,family_000195,u_000195,2026-W34,ТС5,551.17,39.22,5
r_00004017,family_000195,u_000195,2026-W34,ТС5,709.93,27.47,10
r_00004018,family_000195,u_000195,2026-W35,ТС5,786.91,73.47,7
r_00004019,family_000195,u_000195,2026-W35,ТС5,648.77,21.90,8
r_00004020,family_000195,u_000195,2026-W36,ТС5,710.58,0.00,5
r_00004021,family_000195,u_000195,2026-W36,ТС5,876.28,15.14,8
r_00004022,family_000196,u_000196,2026-W25,ТСЧ,900.18,44.81,9
r_00004023,family_000196,u_000196,2026-W25,ТСЧ,685.24,61.87,11
r_00004024,family_000196,u_000196,2026-W26,ТСЧ,458.90,107.93,5
r_00004025,family_000196,u_000196,2026-W26,ТСЧ,924.67,77.03,9
r_00004026,family_000196,u_000196,2026-W27,ТСЧ,839.76,64.55,9
r_00004027,family_000196,u_000196,2026-W27,ТСЧ,724.67,172.86,9
r_00004028,family_000196,u_000196,2026-W28,ТСЧ,781.12,65.47,11
r_00004029,family_000196,u_000196,2026-W28,ТСЧ,800.42,92.77,11
r_00004030,family_000196,u_000196,2026-W29,ТСЧ,751.58,78.49,10
r_00004031,family_000196,u_000196,2026-W29,ТСЧ,701.15,24.62,11
r_00004032,family_000196,u_000196,2026-W29,ТСЧ,761.50,92.00,11
r_00004033,family_000196,u_000196,2026-W30,ТСЧ,722.34,77.60,7
r_00004034,family_000196,u_000196,2026-W30,ТСЧ,695.91,84.12,9
r_00004035,family_000196,u_000196,2026-W31,ТСЧ,825.17,79.25,8
r_00004036,family_000196,u_000196,2026-W31,ТСЧ,669.46,119.63,6
r_00004037,family_000196,u_000196,2026-W31,ТСЧ,945.94,19.04,7
r_00004038,family_000196,u_000196,2026-W32,ТСЧ,803.43,52.69,9
r_00004039,family_000196,u_000196,2026-W32,ТСЧ,811.86,65.52,5
r_00004040,family_000196,u_000196,2026-W33,ТСЧ,848.18,95.91,6
r_00004041,family_000196,u_000196,2026-W33,ТСЧ,1160.41,128.60,7
r_00004042,family_000196,u_000196,2026-W34,ТСЧ,838.97,63.32,6
r_00004043,family_000196,u_000196,2026-W34,ТСЧ,898.96,154.86,10
r_00004044,family_000196,u_000196,2026-W34,ТСЧ,711.16,139.59,7
r_00004045,family_000196,u_000196,2026-W35,ТСЧ,892.88,102.01,8
r_00004046,family_000196,u_000196,2026-W35,ТСЧ,846.59,92.15,7
r_00004047,family_000196,u_000196,2026-W35,ТСЧ,641.03,140.54,7
r_00004048,family_000196,u_000196,2026-W36,ТСЧ,1111.09,137.20,9
r_00004049,family_000196,u_000196,2026-W36,ТСЧ,698.08,232.02,6
r_00004065,family_000198,u_000198,2026-W25,ТС5,602.06,36.21,9
r_00004066,family_000198,u_000198,2026-W25,ТС5,694.67,29.56,6
r_00004067,family_000198,u_000198,2026-W26,ТС5,725.45,20.58,10
r_00004068,family_000198,u_000198,2026-W26,ТС5,658.19,43.28,6
r_00004069,family_000198,u_000198,2026-W27,ТС5,527.71,33.96,6
r_00004070,family_000198,u_000198,2026-W27,ТС5,657.25,51.32,9
r_00004071,family_000198,u_000198,2026-W28,ТС5,628.34,13.59,7
r_00004072,family_000198,u_000198,2026-W28,ТС5,501.49,32.98,6
r_00004073,family_000198,u_000198,2026-W29,ТС5,678.42,8.35,5
r_00004074,family_000198,u_000198,2026-W29,ТС5,692.79,32.82,7
r_00004075,family_000198,u_000198,2026-W30,ТС5,748.51,27.25,9
r_00004076,family_000198,u_000198,2026-W30,ТС5,654.57,9.86,10
r_00004077,family_000198,u_000198,2026-W31,ТС5,804.46,43.91,9
r_00004078,family_000198,u_000198,2026-W31,ТС5,434.19,73.15,7
r_00004079,family_000198,u_000198,2026-W32,ТС5,413.25,33.55,7
r_00004080,family_000198,u_000198,2026-W32,ТС5,737.71,66.58,7
r_00004081,family_000198,u_000198,2026-W33,ТС5,818.32,65.61,5
r_00004082,family_000198,u_000198,2026-W33,ТС5,787.40,0.00,5
r_00004083,family_000198,u_000198,2026-W34,ТС5,636.82,28.50,9
r_00004084,family_000198,u_000198,2026-W35,ТС5,569.45,8.16,7
r_00004085,family_000198,u_000198,2026-W35,ТС5,547.85,43.61,8
r_00004086,family_000198,u_000198,2026-W36,ТС5,655.07,27.08,11
r_00004087,family_000198,u_000198,2026-W36,ТС5,683.22,11.88,9
r_00004088,family_000199,u_000199,2026-W25,ТС5,791.43,13.31,9
r_00004089,family_000199,u_000199,2026-W25,ТС5,799.13,25.43,10
r_00004090,family_000199,u_000199,2026-W26,ТС5,556.27,54.78,6
r_00004091,family_000199,u_000199,2026-W26,ТС5,601.91,34.86,11
r_00004092,family_000199,u_000199,2026-W27,ТС5,687.36,34.19,9
r_00004093,family_000199,u_000199,2026-W27,ТС5,536.07,15.50,7
r_00004094,family_000199,u_000199,2026-W28,ТС5,707.88,9.89,7
r_00004095,family_000199,u_000199,2026-W28,ТС5,509.85,17.60,7
r_00004096,family_000199,u_000199,2026-W29,ТС5,656.34,30.76,8
r_00004097,family_000199,u_000199,2026-W29,ТС5,605.14,19.64,11
r_00004098,family_000199,u_000199,2026-W30,ТС5,953.61,54.31,10
r_00004099,family_000199,u_000199,2026-W30,ТС5,614.80,37.90,11
r_00004100,family_000199,u_000199,2026-W31,ТС5,578.23,10.47,10
r_00004101,family_000199,u_000199,2026-W31,ТС5,637.69,25.35,10
r_00004102,family_000199,u_000199,2026-W32,ТС5,679.40,44.52,9
r_00004103,family_000199,u_000199,2026-W32,ТС5,877.80,49.08,10
r_00004104,family_000199,u_000199,2026-W33,ТС5,712.42,51.35,9
r_00004105,family_000199,u_000199,2026-W33,ТС5,812.16,38.45,10
r_00004106,family_000199,u_000199,2026-W33,ТС5,626.34,40.88,10
r_00004107,family_000199,u_000199,2026-W34,ТС5,571.60,79.61,8
r_00004108,family_000199,u_000199,2026-W35,ТС5,706.11,16.90,6
r_00004109,family_000199,u_000199,2026-W36,ТС5,654.20,26.16,6
r_00004110,family_000199,u_000199,2026-W36,ТС5,607.61,28.20,9
r_00004111,family_000199,u_000199,2026-W36,ТС5,767.45,35.66,6
r_00004175,family_000202,u_000202,2026-W25,ТС5,373.43,17.90,6
r_00004176,family_000202,u_000202,2026-W25,ТС5,797.29,130.37,10
r_00004177,family_000202,u_000202,2026-W25,ТС5,724.45,103.92,9
r_00004178,family_000202,u_000202,2026-W26,ТС5,620.20,45.30,6
r_00004179,family_000202,u_000202,2026-W26,ТС5,723.00,44.11,5
r_00004180,family_000202,u_000202,2026-W26,ТС5,379.25,43.20,8
r_00004181,family_000202,u_000202,2026-W27,ТС5,707.69,40.38,8
r_00004182,family_000202,u_000202,2026-W27,ТС5,570.52,19.41,8
r_00004183,family_000202,u_000202,2026-W27,ТС5,673.51,44.04,7
r_00004184,family_000202,u_000202,2026-W28,ТС5,659.35,65.77,7
r_00004185,family_000202,u_000202,2026-W28,ТС5,672.30,105.08,11
r_00004186,family_000202,u_000202,2026-W29,ТС5,628.37,102.18,10
r_00004187,family_000202,u_000202,2026-W29,ТС5,675.87,110.05,10
r_00004188,family_000202,u_000202,2026-W29,ТС5,393.30,33.90,8
r_00004189,family_000202,u_000202,2026-W30,ТС5,759.06,123.00,7
r_00004190,family_000202,u_000202,2026-W30,ТС5,787.54,57.88,6
r_00004191,family_000202,u_000202,2026-W30,ТС5,601.72,14.61,7
r_00004192,family_000202,u_000202,2026-W31,ТС5,705.21,105.74,7
r_00004193,family_000202,u_000202,2026-W31,ТС5,353.47,105.02,6
r_00004194,family_000202,u_000202,2026-W31,ТС5,581.01,60.17,11
r_00004195,family_000202,u_000202,2026-W31,ТС5,440.09,94.04,11
r_00004196,family_000202,u_000202,2026-W32,ТС5,711.52,45.45,10
r_00004197,family_000202,u_000202,2026-W32,ТС5,390.26,57.24,8
r_00004198,family_000202,u_000202,2026-W32,ТС5,489.06,48.19,9
r_00004199,family_000202,u_000202,2026-W33,ТС5,568.82,29.41,5
r_00004200,family_000202,u_000202,2026-W33,ТС5,486.04,53.92,11
r_00004201,family_000202,u_000202,2026-W33,ТС5,715.27,56.65,10
r_00004202,family_000202,u_000202,2026-W34,ТС5,455.58,71.08,8
r_00004203,family_000202,u_000202,2026-W34,ТС5,499.65,87.58,5
r_00004204,family_000202,u_000202,2026-W34,ТС5,557.58,60.95,8
r_00004205,family_000202,u_000202,2026-W34,ТС5,611.21,0.00,5
r_00004206,family_000202,u_000202,2026-W35,ТС5,573.43,47.94,6
r_00004207,family_000202,u_000202,2026-W35,ТС5,395.59,75.85,10
r_00004208,family_000202,u_000202,2026-W35,ТС5,630.88,61.67,5
r_00004209,family_000202,u_000202,2026-W36,ТС5,722.94,100.24,9
r_00004210,family_000202,u_000202,2026-W36,ТС5,559.10,70.48,9
r_00004211,family_000202,u_000202,2026-W36,ТС5,384.27,45.51,6
r_00004212,family_000203,u_000203,2026-W25,ТС5,833.13,0.00,5
r_00004213,family_000203,u_000203,2026-W25,ТС5,639.61,15.65,10
r_00004214,family_000203,u_000203,2026-W26,ТС5,588.91,37.32,9
r_00004215,family_000203,u_000203,2026-W26,ТС5,739.62,29.14,8
r_00004216,family_000203,u_000203,2026-W27,ТС5,531.26,38.11,11
r_00004217,family_000203,u_000203,2026-W27,ТС5,525.56,21.75,10
r_00004218,family_000203,u_000203,2026-W28,ТС5,637.97,0.00,5
r_00004219,family_000203,u_000203,2026-W28,ТС5,598.94,7.50,8
r_00004220,family_000203,u_000203,2026-W29,ТС5,641.99,27.83,8
r_00004221,family_000203,u_000203,2026-W30,ТС5,686.98,135.57,5
r_00004222,family_000203,u_000203,2026-W30,ТС5,696.17,30.81,11
r_00004223,family_000203,u_000203,2026-W31,ТС5,640.41,64.39,8
r_00004224,family_000203,u_000203,2026-W31,ТС5,582.73,18.40,9
r_00004225,family_000203,u_000203,2026-W32,ТС5,845.21,16.85,11
r_00004226,family_000203,u_000203,2026-W33,ТС5,688.14,15.99,6
r_00004227,family_000203,u_000203,2026-W33,ТС5,529.94,28.75,5
r_00004228,family_000203,u_000203,2026-W34,ТС5,573.46,9.33,6
r_00004229,family_000203,u_000203,2026-W34,ТС5,730.50,46.50,5
r_00004230,family_000203,u_000203,2026-W35,ТС5,660.04,9.15,9
r_00004231,family_000203,u_000203,2026-W35,ТС5,683.89,87.46,7
r_00004232,family_000203,u_000203,2026-W36,ТС5,852.47,28.08,11
r_00004233,family_000203,u_000203,2026-W36,ТС5,680.12,0.00,5
r_00004234,family_000204,u_000204,2026-W25,ТС5,880.90,0.00,7
r_00004235,family_000204,u_000204,2026-W25,ТС5,647.70,0.00,6
r_00004236,family_000204,u_000204,2026-W26,ТС5,546.51,40.92,7
r_00004237,family_000204,u_000204,2026-W26,ТС5,618.13,99.32,8
r_00004238,family_000204,u_000204,2026-W26,ТС5,662.40,36.34,8
r_00004239,family_000204,u_000204,2026-W27,ТС5,691.72,60.01,6
r_00004240,family_000204,u_000204,2026-W27,ТС5,843.78,54.87,7
r_00004241,family_000204,u_000204,2026-W28,ТС5,715.72,37.70,5
r_00004242,family_000204,u_000204,2026-W28,ТС5,719.11,52.84,11
r_00004243,family_000204,u_000204,2026-W29,ТС5,485.66,40.18,10
r_00004244,family_000204,u_000204,2026-W29,ТС5,638.62,55.73,11
r_00004245,family_000204,u_000204,2026-W30,ТС5,698.19,39.03,5
r_00004246,family_000204,u_000204,2026-W30,ТС5,646.18,24.31,6
r_00004247,family_000204,u_000204,2026-W30,ТС5,668.54,11.17,7
r_00004248,family_000204,u_000204,2026-W31,ТС5,851.06,18.93,5
r_00004249,family_000204,u_000204,2026-W31,ТС5,833.64,0.00,5
r_00004250,family_000204,u_000204,2026-W31,ТС5,630.34,25.79,10
r_00004251,family_000204,u_000204,2026-W32,ТС5,619.26,56.95,11
r_00004252,family_000204,u_000204,2026-W32,ТС5,704.61,38.45,7
r_00004253,family_000204,u_000204,2026-W32,ТС5,751.96,27.45,11
r_00004254,family_000204,u_000204,2026-W33,ТС5,666.23,42.81,6
r_00004255,family_000204,u_000204,2026-W33,ТС5,436.07,10.01,11
r_00004256,family_000204,u_000204,2026-W34,ТС5,444.39,13.11,7
r_00004257,family_000204,u_000204,2026-W35,ТС5,994.77,40.31,5
r_00004258,family_000204,u_000204,2026-W35,ТС5,511.54,19.48,7
r_00004259,family_000204,u_000204,2026-W36,ТС5,432.82,23.49,8
r_00004260,family_000204,u_000204,2026-W36,ТС5,683.96,60.62,10
r_00004484,family_000215,u_000215,2026-W25,ТС5,510.06,23.69,7
r_00004485,family_000215,u_000215,2026-W25,ТС5,659.69,51.02,5
r_00004486,family_000215,u_000215,2026-W25,ТС5,552.76,99.70,11
r_00004487,family_000215,u_000215,2026-W26,ТС5,670.61,35.38,9
r_00004488,family_000215,u_000215,2026-W26,ТС5,578.22,48.06,6
r_00004489,family_000215,u_000215,2026-W26,ТС5,659.04,31.14,11
r_00004490,family_000215,u_000215,2026-W27,ТС5,712.35,17.11,9
r_00004491,family_000215,u_000215,2026-W27,ТС5,570.85,21.08,11
r_00004492,family_000215,u_000215,2026-W27,ТС5,751.66,25.62,11
r_00004493,family_000215,u_000215,2026-W28,ТС5,792.08,97.16,6
r_00004494,family_000215,u_000215,2026-W28,ТС5,855.49,18.10,9
r_00004495,family_000215,u_000215,2026-W28,ТС5,703.29,30.15,9
r_00004496,family_000215,u_000215,2026-W29,ТС5,373.28,45.91,9
r_00004497,family_000215,u_000215,2026-W29,ТС5,491.82,19.01,6
r_00004498,family_000215,u_000215,2026-W29,ТС5,515.92,54.32,11
r_00004499,family_000215,u_000215,2026-W30,ТС5,663.72,54.01,10
r_00004500,family_000215,u_000215,2026-W30,ТС5,603.16,45.40,9
r_00004501,family_000215,u_000215,2026-W30,ТС5,656.35,28.89,8
r_00004502,family_000215,u_000215,2026-W31,ТС5,735.01,38.22,8
r_00004503,family_000215,u_000215,2026-W31,ТС5,507.98,38.55,7
r_00004504,family_000215,u_000215,2026-W32,ТС5,855.48,81.79,10
r_00004505,family_000215,u_000215,2026-W32,ТС5,540.56,50.54,9
r_00004506,family_000215,u_000215,2026-W32,ТС5,534.68,14.58,6
r_00004507,family_000215,u_000215,2026-W33,ТС5,457.52,0.00,5
r_00004508,family_000215,u_000215,2026-W33,ТС5,458.06,18.38,9
r_00004509,family_000215,u_000215,2026-W34,ТС5,561.56,32.98,5
r_00004510,family_000215,u_000215,2026-W34,ТС5,631.04,20.78,10
r_00004511,family_000215,u_000215,2026-W35,ТС5,502.06,31.38,7
r_00004512,family_000215,u_000215,2026-W35,ТС5,490.62,64.49,5
r_00004513,family_000215,u_000215,2026-W36,ТС5,686.68,42.09,7
r_00004514,family_000215,u_000215,2026-W36,ТС5,687.73,55.16,7
r_00004515,family_000215,u_000215,2026-W36,ТС5,480.42,31.21,10
r_00004544,family_000218,u_000218,2026-W25,ТС5,708.97,0.00,6
r_00004545,family_000218,u_000218,2026-W25,ТС5,835.13,66.10,9
r_00004546,family_000218,u_000218,2026-W26,ТС5,547.84,18.28,10
r_00004547,family_000218,u_000218,2026-W26,ТС5,743.96,20.86,10
r_00004548,family_000218,u_000218,2026-W27,ТС5,551.25,39.83,6
r_00004549,family_000218,u_000218,2026-W27,ТС5,735.05,0.00,7
r_00004550,family_000218,u_000218,2026-W28,ТС5,496.22,10.23,9
r_00004551,family_000218,u_000218,2026-W28,ТС5,676.08,87.94,5
r_00004552,family_000218,u_000218,2026-W29,ТС5,846.44,94.62,10
r_00004553,family_000218,u_000218,2026-W29,ТС5,782.39,52.79,7
r_00004554,family_000218,u_000218,2026-W29,ТС5,554.32,19.08,10
r_00004555,family_000218,u_000218,2026-W29,ТС5,804.01,94.64,5
r_00004556,family_000218,u_000218,2026-W30,ТС5,652.22,44.28,11
r_00004557,family_000218,u_000218,2026-W30,ТС5,636.50,36.75,11
r_00004558,family_000218,u_000218,2026-W31,ТС5,609.83,35.66,10
r_00004559,family_000218,u_000218,2026-W31,ТС5,758.97,24.65,7
r_00004560,family_000218,u_000218,2026-W32,ТС5,717.85,0.00,5
r_00004561,family_000218,u_000218,2026-W32,ТС5,602.67,36.78,11
r_00004562,family_000218,u_000218,2026-W33,ТС5,598.04,51.78,5
r_00004563,family_000218,u_000218,2026-W33,ТС5,636.24,32.60,6
r_00004564,family_000218,u_000218,2026-W34,ТС5,491.53,10.97,7
r_00004565,family_000218,u_000218,2026-W34,ТС5,610.54,18.02,5
r_00004566,family_000218,u_000218,2026-W34,ТС5,490.90,30.04,8
r_00004567,family_000218,u_000218,2026-W35,ТС5,631.76,21.85,6
r_00004568,family_000218,u_000218,2026-W35,ТС5,657.46,36.21,5
r_00004569,family_000218,u_000218,2026-W36,ТС5,850.90,32.51,11
r_00004570,family_000218,u_000218,2026-W36,ТС5,535.35,46.66,10
r_00004571,family_000219,u_000219,2026-W25,ТСХ,1126.02,175.57,5
r_00004572,family_000219,u_000219,2026-W25,ТСХ,957.43,22.38,5
r_00004573,family_000219,u_000219,2026-W26,ТСХ,1044.05,58.20,11
r_00004574,family_000219,u_000219,2026-W26,ТСХ,922.82,61.77,7
r_00004575,family_000219,u_000219,2026-W26,ТСХ,1297.52,0.00,5
r_00004576,family_000219,u_000219,2026-W27,ТСХ,835.99,74.37,9
r_00004577,family_000219,u_000219,2026-W27,ТСХ,1005.21,76.51,11
r_00004578,family_000219,u_000219,2026-W28,ТСХ,843.51,34.56,11
r_00004579,family_000219,u_000219,2026-W28,ТСХ,1319.04,28.71,10
r_00004580,family_000219,u_000219,2026-W29,ТСХ,974.30,26.76,5
r_00004581,family_000219,u_000219,2026-W29,ТСХ,1103.09,131.55,7
r_00004582,family_000219,u_000219,2026-W30,ТСХ,787.79,37.31,5
r_00004583,family_000219,u_000219,2026-W30,ТСХ,1053.01,38.73,7
r_00004584,family_000219,u_000219,2026-W31,ТСХ,986.40,46.67,11
r_00004585,family_000219,u_000219,2026-W31,ТСХ,1007.26,71.83,11
r_00004586,family_000219,u_000219,2026-W32,ТСХ,828.14,58.14,7
r_00004587,family_000219,u_000219,2026-W32,ТСХ,802.87,33.02,11
r_00004588,family_000219,u_000219,2026-W33,ТСХ,1017.34,8.78,11
r_00004589,family_000219,u_000219,2026-W33,ТСХ,735.53,79.32,10
r_00004590,family_000219,u_000219,2026-W33,ТСХ,983.39,43.45,9
r_00004591,family_000219,u_000219,2026-W34,ТСХ,1056.12,26.51,9
r_00004592,family_000219,u_000219,2026-W34,ТСХ,1175.14,0.00,6
r_00004593,family_000219,u_000219,2026-W34,ТСХ,894.37,24.55,8
r_00004594,family_000219,u_000219,2026-W35,ТСХ,894.30,66.45,9
r_00004595,family_000219,u_000219,2026-W35,ТСХ,1113.30,75.54,10
r_00004596,family_000219,u_000219,2026-W36,ТСХ,1231.15,139.14,7
r_00004597,family_000219,u_000219,2026-W36,ТСХ,846.28,23.70,11
r_00004618,family_000221,u_000221,2026-W25,ТС5,731.53,38.11,5
r_00004619,family_000221,u_000221,2026-W25,ТС5,621.56,94.35,6
r_00004620,family_000221,u_000221,2026-W26,ТС5,678.28,95.99,6
r_00004621,family_000221,u_000221,2026-W26,ТС5,588.02,86.13,6
r_00004622,family_000221,u_000221,2026-W27,ТС5,586.04,121.68,7
r_00004623,family_000221,u_000221,2026-W27,ТС5,648.36,123.17,9
r_00004624,family_000221,u_000221,2026-W27,ТС5,673.24,147.85,5
r_00004625,family_000221,u_000221,2026-W28,ТС5,660.37,57.57,11
r_00004626,family_000221,u_000221,2026-W28,ТС5,570.92,101.11,6
r_00004627,family_000221,u_000221,2026-W29,ТС5,649.91,75.97,9
r_00004628,family_000221,u_000221,2026-W29,ТС5,824.97,41.02,8
r_00004629,family_000221,u_000221,2026-W30,ТС5,716.74,77.82,11
r_00004630,family_000221,u_000221,2026-W30,ТС5,722.70,132.82,8
r_00004631,family_000221,u_000221,2026-W31,ТС5,636.17,127.43,11
r_00004632,family_000221,u_000221,2026-W31,ТС5,701.04,80.76,9
r_00004633,family_000221,u_000221,2026-W32,ТС5,708.46,134.02,8
r_00004634,family_000221,u_000221,2026-W32,ТС5,510.73,58.07,5
r_00004635,family_000221,u_000221,2026-W33,ТС5,687.07,211.82,6
r_00004636,family_000221,u_000221,2026-W33,ТС5,380.01,28.67,7
r_00004637,family_000221,u_000221,2026-W34,ТС5,605.90,88.10,5
r_00004638,family_000221,u_000221,2026-W34,ТС5,625.72,49.13,9
r_00004639,family_000221,u_000221,2026-W35,ТС5,481.34,102.21,10
r_00004640,family_000221,u_000221,2026-W35,ТС5,642.64,111.02,5
r_00004641,family_000221,u_000221,2026-W35,ТС5,659.29,95.05,5
r_00004642,family_000221,u_000221,2026-W36,ТС5,460.26,72.82,5
r_00004667,family_000224,u_000224,2026-W25,ТС5,622.08,34.04,5
r_00004668,family_000224,u_000224,2026-W25,ТС5,813.54,22.62,9
r_00004669,family_000224,u_000224,2026-W25,ТС5,361.98,24.94,10
r_00004670,family_000224,u_000224,2026-W26,ТС5,441.76,23.71,5
r_00004671,family_000224,u_000224,2026-W26,ТС5,744.21,47.12,9
r_00004672,family_000224,u_000224,2026-W26,ТС5,646.76,0.00,5
r_00004673,family_000224,u_000224,2026-W27,ТС5,590.87,9.66,9
r_00004674,family_000224,u_000224,2026-W27,ТС5,778.71,59.50,6
r_00004675,family_000224,u_000224,2026-W28,ТС5,703.89,0.00,5
r_00004676,family_000224,u_000224,2026-W28,ТС5,524.67,23.08,9
r_00004677,family_000224,u_000224,2026-W28,ТС5,642.78,37.61,11
r_00004678,family_000224,u_000224,2026-W29,ТС5,756.93,30.29,9
r_00004679,family_000224,u_000224,2026-W29,ТС5,724.13,40.16,7
r_00004680,family_000224,u_000224,2026-W29,ТС5,621.64,49.21,5
r_00004681,family_000224,u_000224,2026-W30,ТС5,730.09,0.00,7
r_00004682,family_000224,u_000224,2026-W30,ТС5,777.41,27.49,9
r_00004683,family_000224,u_000224,2026-W30,ТС5,576.42,9.04,8
r_00004684,family_000224,u_000224,2026-W31,ТС5,753.99,61.51,9
r_00004685,family_000224,u_000224,2026-W31,ТС5,637.98,50.36,9
r_00004686,family_000224,u_000224,2026-W32,ТС5,670.15,68.05,7
r_00004687,family_000224,u_000224,2026-W32,ТС5,655.94,45.52,8
r_00004688,family_000224,u_000224,2026-W32,ТС5,614.71,57.42,8
r_00004689,family_000224,u_000224,2026-W33,ТС5,676.37,26.60,7
r_00004690,family_000224,u_000224,2026-W33,ТС5,607.41,44.38,9
r_00004691,family_000224,u_000224,2026-W33,ТС5,619.33,21.35,7
r_00004692,family_000224,u_000224,2026-W34,ТС5,590.44,84.06,9
r_00004693,family_000224,u_000224,2026-W34,ТС5,509.63,6.79,7
r_00004694,family_000224,u_000224,2026-W35,ТС5,683.16,17.74,7
r_00004695,family_000224,u_000224,2026-W35,ТС5,718.75,20.97,7
r_00004696,family_000224,u_000224,2026-W35,ТС5,500.53,24.75,11
r_00004697,family_000224,u_000224,2026-W36,ТС5,513.90,46.36,11
r_00004698,family_000224,u_000224,2026-W36,ТС5,709.61,15.31,10
r_00004931,family_000236,u_000236,2026-W25,ТС5,631.58,50.57,10
r_00004932,family_000236,u_000236,2026-W25,ТС5,600.33,16.81,10
r_00004933,family_000236,u_000236,2026-W26,ТС5,561.47,31.34,6
r_00004934,family_000236,u_000236,2026-W26,ТС5,729.49,12.13,7
r_00004935,family_000236,u_000236,2026-W27,ТС5,508.83,18.96,9
r_00004936,family_000236,u_000236,2026-W27,ТС5,656.85,25.45,7
r_00004937,family_000236,u_000236,2026-W28,ТС5,656.65,38.16,9
r_00004938,family_000236,u_000236,2026-W28,ТС5,568.62,21.00,6
r_00004939,family_000236,u_000236,2026-W29,ТС5,748.68,36.20,5
r_00004940,family_000236,u_000236,2026-W29,ТС5,621.06,32.18,8
r_00004941,family_000236,u_000236,2026-W30,ТС5,863.28,0.00,5
r_00004942,family_000236,u_000236,2026-W30,ТС5,618.73,42.76,11
r_00004943,family_000236,u_000236,2026-W31,ТС5,524.82,33.04,7
r_00004944,family_000236,u_000236,2026-W31,ТС5,566.32,33.48,10
r_00004945,family_000236,u_000236,2026-W32,ТС5,556.58,56.76,10
r_00004946,family_000236,u_000236,2026-W32,ТС5,769.58,33.17,5
r_00004947,family_000236,u_000236,2026-W33,ТС5,471.58,33.72,9
r_00004948,family_000236,u_000236,2026-W33,ТС5,669.89,65.61,11
r_00004949,family_000236,u_000236,2026-W34,ТС5,785.14,22.42,10
r_00004950,family_000236,u_000236,2026-W34,ТС5,745.13,10.26,11
r_00004951,family_000236,u_000236,2026-W35,ТС5,758.35,19.15,8
r_00004952,family_000236,u_000236,2026-W35,ТС5,741.64,53.10,5
r_00004953,family_000236,u_000236,2026-W36,ТС5,732.20,41.36,9
r_00004986,family_000239,u_000239,2026-W25,ТС5,720.21,59.80,9
r_00004987,family_000239,u_000239,2026-W25,ТС5,622.13,71.53,9
r_00004988,family_000239,u_000239,2026-W26,ТС5,563.85,85.33,7
r_00004989,family_000239,u_000239,2026-W26,ТС5,823.67,26.66,6
r_00004990,family_000239,u_000239,2026-W26,ТС5,658.25,41.73,6
r_00004991,family_000239,u_000239,2026-W27,ТС5,526.26,71.82,10
r_00004992,family_000239,u_000239,2026-W27,ТС5,539.35,130.18,5
r_00004993,family_000239,u_000239,2026-W27,ТС5,783.85,102.53,8
r_00004994,family_000239,u_000239,2026-W28,ТС5,741.26,135.25,6
r_00004995,family_000239,u_000239,2026-W28,ТС5,612.04,63.72,6
r_00004996,family_000239,u_000239,2026-W29,ТС5,537.56,29.70,7
r_00004997,family_000239,u_000239,2026-W29,ТС5,617.48,132.50,7
r_00004998,family_000239,u_000239,2026-W30,ТС5,508.77,153.75,9
r_00004999,family_000239,u_000239,2026-W30,ТС5,511.44,143.94,11
r_00005000,family_000239,u_000239,2026-W30,ТС5,503.80,40.52,7
r_00005001,family_000239,u_000239,2026-W31,ТС5,603.92,89.66,10
r_00005002,family_000239,u_000239,2026-W31,ТС5,536.81,70.94,8
r_00005003,family_000239,u_000239,2026-W31,ТС5,537.54,132.04,10
r_00005004,family_000239,u_000239,2026-W31,ТС5,544.04,90.28,10
r_00005005,family_000239,u_000239,2026-W32,ТС5,561.65,66.56,10
r_00005006,family_000239,u_000239,2026-W32,ТС5,745.20,126.66,6
r_00005007,family_000239,u_000239,2026-W33,ТС5,671.33,122.67,7
r_00005008,family_000239,u_000239,2026-W33,ТС5,636.94,106.89,10
r_00005009,family_000239,u_000239,2026-W34,ТС5,537.38,23.04,7
r_00005010,family_000239,u_000239,2026-W34,ТС5,602.71,80.76,8
r_00005011,family_000239,u_000239,2026-W35,ТС5,604.17,95.12,7
r_00005012,family_000239,u_000239,2026-W35,ТС5,496.35,41.46,6
r_00005013,family_000239,u_000239,2026-W35,ТС5,527.63,45.85,6
r_00005014,family_000239,u_000239,2026-W36,ТС5,513.76,46.02,6
r_00005015,family_000239,u_000239,2026-W36,ТС5,594.77,61.19,6
r_00005059,family_000243,u_000243,2026-W25,ТС5,626.01,99.74,8
r_00005060,family_000243,u_000243,2026-W25,ТС5,858.37,90.27,7
r_00005061,family_000243,u_000243,2026-W26,ТС5,572.74,124.54,10
r_00005062,family_000243,u_000243,2026-W26,ТС5,521.65,91.31,5
r_00005063,family_000243,u_000243,2026-W27,ТС5,603.13,25.01,8
r_00005064,family_000243,u_000243,2026-W27,ТС5,627.06,88.71,8
r_00005065,family_000243,u_000243,2026-W28,ТС5,750.76,73.76,7
r_00005066,family_000243,u_000243,2026-W28,ТС5,670.26,119.70,5
r_00005067,family_000243,u_000243,2026-W28,ТС5,646.99,104.81,8
r_00005068,family_000243,u_000243,2026-W29,ТС5,532.86,77.31,7
r_00005069,family_000243,u_000243,2026-W29,ТС5,855.47,80.84,9
r_00005070,family_000243,u_000243,2026-W30,ТС5,511.32,166.93,9
r_00005071,family_000243,u_000243,2026-W30,ТС5,409.54,47.91,8
r_00005072,family_000243,u_000243,2026-W31,ТС5,681.20,139.77,8
r_00005073,family_000243,u_000243,2026-W31,ТС5,664.45,10.78,9
r_00005074,family_000243,u_000243,2026-W31,ТС5,546.21,84.91,9
r_00005075,family_000243,u_000243,2026-W32,ТС5,710.31,87.83,10
r_00005076,family_000243,u_000243,2026-W32,ТС5,685.88,132.86,5
r_00005077,family_000243,u_000243,2026-W32,ТС5,638.23,79.89,10
r_00005078,family_000243,u_000243,2026-W33,ТС5,597.62,90.51,6
r_00005079,family_000243,u_000243,2026-W33,ТС5,521.15,60.49,8
r_00005080,family_000243,u_000243,2026-W34,ТС5,397.43,76.63,6
r_00005081,family_000243,u_000243,2026-W34,ТС5,534.66,52.65,6
r_00005082,family_000243,u_000243,2026-W34,ТС5,741.08,110.13,10
r_00005083,family_000243,u_000243,2026-W34,ТС5,547.88,66.12,8
r_00005084,family_000243,u_000243,2026-W35,ТС5,676.92,109.17,8
r_00005085,family_000243,u_000243,2026-W35,ТС5,586.83,134.56,11
r_00005086,family_000243,u_000243,2026-W36,ТС5,617.57,38.40,9
r_00005087,family_000243,u_000243,2026-W36,ТС5,390.03,20.02,8
r_00005088,family_000243,u_000243,2026-W36,ТС5,717.80,45.90,10
r_00005229,family_000251,u_000251,2026-W25,ТСЧ,877.30,89.05,9
r_00005230,family_000251,u_000251,2026-W26,ТСЧ,777.84,134.45,8
r_00005231,family_000251,u_000251,2026-W27,ТСЧ,941.71,124.87,7
r_00005232,family_000251,u_000251,2026-W27,ТСЧ,754.29,137.65,11
r_00005233,family_000251,u_000251,2026-W28,ТСЧ,692.61,114.69,7
r_00005234,family_000251,u_000251,2026-W29,ТСЧ,639.99,105.04,9
r_00005235,family_000251,u_000251,2026-W29,ТСЧ,786.16,162.75,11
r_00005236,family_000251,u_000251,2026-W30,ТСЧ,793.40,119.99,10
r_00005237,family_000251,u_000251,2026-W30,ТСЧ,926.60,165.50,8
r_00005238,family_000251,u_000251,2026-W31,ТСЧ,868.71,37.91,11
r_00005239,family_000251,u_000251,2026-W32,ТСЧ,751.88,142.84,8
r_00005240,family_000251,u_000251,2026-W33,ТСЧ,719.79,154.41,10
r_00005241,family_000251,u_000251,2026-W33,ТСЧ,768.23,99.58,11
r_00005242,family_000251,u_000251,2026-W34,ТСЧ,739.21,94.72,6
r_00005243,family_000251,u_000251,2026-W34,ТСЧ,755.72,174.80,7
r_00005244,family_000251,u_000251,2026-W35,ТСЧ,748.32,41.92,10
r_00005245,family_000251,u_000251,2026-W36,ТСЧ,596.82,129.27,7
r_00005246,family_000252,u_000252,2026-W25,ТС5,454.73,66.88,11
r_00005247,family_000252,u_000252,2026-W26,ТС5,440.05,58.03,9
r_00005248,family_000252,u_000252,2026-W26,ТС5,517.93,193.99,5
r_00005249,family_000252,u_000252,2026-W27,ТС5,599.76,29.87,10
r_00005250,family_000252,u_000252,2026-W28,ТС5,464.80,103.07,5
r_00005251,family_000252,u_000252,2026-W28,ТС5,763.94,113.74,8
r_00005252,family_000252,u_000252,2026-W29,ТС5,565.86,24.20,8
r_00005253,family_000252,u_000252,2026-W30,ТС5,776.51,92.64,11
r_00005254,family_000252,u_000252,2026-W31,ТС5,557.28,87.91,10
r_00005255,family_000252,u_000252,2026-W31,ТС5,580.54,122.17,7
r_00005256,family_000252,u_000252,2026-W32,ТС5,694.83,59.36,10
r_00005257,family_000252,u_000252,2026-W32,ТС5,548.45,18.88,5
r_00005258,family_000252,u_000252,2026-W32,ТС5,633.02,82.06,6
r_00005259,family_000252,u_000252,2026-W33,ТС5,646.17,121.93,6
r_00005260,family_000252,u_000252,2026-W34,ТС5,570.57,73.64,10
r_00005261,family_000252,u_000252,2026-W35,ТС5,299.59,53.00,6
r_00005262,family_000252,u_000252,2026-W35,ТС5,610.88,81.08,8
r_00005273,family_000254,u_000254,2026-W25,ТС5,785.39,28.74,5
r_00005274,family_000254,u_000254,2026-W25,ТС5,796.27,21.90,7
r_00005275,family_000254,u_000254,2026-W26,ТС5,691.57,26.20,10
r_00005276,family_000254,u_000254,2026-W26,ТС5,522.17,25.02,11
r_00005277,family_000254,u_000254,2026-W27,ТС5,531.13,0.00,6
r_00005278,family_000254,u_000254,2026-W27,ТС5,742.35,44.42,6
r_00005279,family_000254,u_000254,2026-W28,ТС5,686.41,33.02,10
r_00005280,family_000254,u_000254,2026-W28,ТС5,578.46,44.23,11
r_00005281,family_000254,u_000254,2026-W29,ТС5,676.99,39.57,7
r_00005282,family_000254,u_000254,2026-W29,ТС5,776.78,34.69,8
r_00005283,family_000254,u_000254,2026-W30,ТС5,634.13,65.53,7
r_00005284,family_000254,u_000254,2026-W30,ТС5,661.37,33.24,8
r_00005285,family_000254,u_000254,2026-W31,ТС5,773.20,19.55,9
r_00005286,family_000254,u_000254,2026-W32,ТС5,621.98,46.31,9
r_00005287,family_000254,u_000254,2026-W32,ТС5,716.06,14.89,11
r_00005288,family_000254,u_000254,2026-W33,ТС5,634.30,16.56,10
r_00005289,family_000254,u_000254,2026-W33,ТС5,672.96,24.30,5
r_00005290,family_000254,u_000254,2026-W34,ТС5,804.63,29.23,9
r_00005291,family_000254,u_000254,2026-W34,ТС5,718.46,17.87,6
r_00005292,family_000254,u_000254,2026-W35,ТС5,839.49,23.59,11
r_00005293,family_000254,u_000254,2026-W35,ТС5,605.11,33.61,5
r_00005294,family_000254,u_000254,2026-W36,ТС5,604.45,67.34,5
r_00005295,family_000254,u_000254,2026-W36,ТС5,548.00,0.00,6
r_00005307,family_000256,u_000256,2026-W25,ТС5,458.04,46.25,8
r_00005308,family_000256,u_000256,2026-W25,ТС5,689.45,52.45,11
r_00005309,family_000256,u_000256,2026-W26,ТС5,656.43,60.09,9
r_00005310,family_000256,u_000256,2026-W26,ТС5,433.57,120.32,6
r_00005311,family_000256,u_000256,2026-W27,ТС5,600.23,36.26,5
r_00005312,family_000256,u_000256,2026-W27,ТС5,588.65,62.74,6
r_00005313,family_000256,u_000256,2026-W28,ТС5,655.35,75.95,9
r_00005314,family_000256,u_000256,2026-W28,ТС5,552.32,77.18,11
r_00005315,family_000256,u_000256,2026-W29,ТС5,478.47,69.45,10
r_00005316,family_000256,u_000256,2026-W29,ТС5,487.37,54.19,11
r_00005317,family_000256,u_000256,2026-W30,ТС5,692.06,162.95,8
r_00005318,family_000256,u_000256,2026-W30,ТС5,618.46,53.95,11
r_00005319,family_000256,u_000256,2026-W31,ТС5,596.94,40.29,9
r_00005320,family_000256,u_000256,2026-W31,ТС5,544.29,113.48,9
r_00005321,family_000256,u_000256,2026-W32,ТС5,630.68,96.84,10
r_00005322,family_000256,u_000256,2026-W32,ТС5,552.31,73.93,8
r_00005323,family_000256,u_000256,2026-W33,ТС5,548.25,64.79,8
r_00005324,family_000256,u_000256,2026-W34,ТС5,602.63,121.48,8
r_00005325,family_000256,u_000256,2026-W34,ТС5,608.23,56.67,11
r_00005326,family_000256,u_000256,2026-W35,ТС5,581.68,63.80,6
r_00005327,family_000256,u_000256,2026-W35,ТС5,691.88,38.82,5
r_00005328,family_000256,u_000256,2026-W36,ТС5,769.51,36.49,9
r_00005329,family_000256,u_000256,2026-W36,ТС5,938.21,29.44,10
r_00005330,family_000256,u_000256,2026-W36,ТС5,348.72,50.96,10
r_00005441,family_000262,u_000262,2026-W25,ТС5,680.10,94.69,7
r_00005442,family_000262,u_000262,2026-W25,ТС5,481.84,43.15,5
r_00005443,family_000262,u_000262,2026-W25,ТС5,438.92,53.26,10
r_00005444,family_000262,u_000262,2026-W26,ТС5,609.19,66.81,6
r_00005445,family_000262,u_000262,2026-W26,ТС5,424.76,55.11,9
r_00005446,family_000262,u_000262,2026-W26,ТС5,717.75,104.90,6
r_00005447,family_000262,u_000262,2026-W27,ТС5,514.73,69.71,9
r_00005448,family_000262,u_000262,2026-W27,ТС5,424.50,62.02,6
r_00005449,family_000262,u_000262,2026-W27,ТС5,946.97,34.49,6
r_00005450,family_000262,u_000262,2026-W28,ТС5,636.57,79.93,11
r_00005451,family_000262,u_000262,2026-W28,ТС5,802.04,53.51,7
r_00005452,family_000262,u_000262,2026-W28,ТС5,474.96,47.82,5
r_00005453,family_000262,u_000262,2026-W29,ТС5,474.57,40.12,10
r_00005454,family_000262,u_000262,2026-W29,ТС5,591.88,84.15,5
r_00005455,family_000262,u_000262,2026-W29,ТС5,601.33,102.43,8
r_00005456,family_000262,u_000262,2026-W30,ТС5,627.89,146.35,5
r_00005457,family_000262,u_000262,2026-W30,ТС5,795.12,83.46,10
r_00005458,family_000262,u_000262,2026-W30,ТС5,540.18,111.10,9
r_00005459,family_000262,u_000262,2026-W31,ТС5,576.90,140.47,9
r_00005460,family_000262,u_000262,2026-W31,ТС5,419.44,124.01,7
r_00005461,family_000262,u_000262,2026-W32,ТС5,479.68,92.54,9
r_00005462,family_000262,u_000262,2026-W32,ТС5,507.29,89.53,9
r_00005463,family_000262,u_000262,2026-W32,ТС5,807.15,86.65,6
r_00005464,family_000262,u_000262,2026-W33,ТС5,627.69,52.34,6
r_00005465,family_000262,u_000262,2026-W33,ТС5,655.71,41.54,10
r_00005466,family_000262,u_000262,2026-W34,ТС5,686.34,66.42,9
r_00005467,family_000262,u_000262,2026-W34,ТС5,583.75,57.46,11
r_00005468,family_000262,u_000262,2026-W34,ТС5,664.18,46.14,10
r_00005469,family_000262,u_000262,2026-W35,ТС5,845.31,51.32,8
r_00005470,family_000262,u_000262,2026-W35,ТС5,741.77,0.00,8
r_00005471,family_000262,u_000262,2026-W35,ТС5,562.81,68.55,11
r_00005472,family_000262,u_000262,2026-W36,ТС5,661.54,70.03,9
r_00005473,family_000262,u_000262,2026-W36,ТС5,555.53,58.53,6
r_00005474,family_000262,u_000262,2026-W36,ТС5,551.75,60.55,8
r_00005488,family_000264,u_000264,2026-W25,ТСЧ,673.70,31.66,5
r_00005489,family_000264,u_000264,2026-W25,ТСЧ,735.87,52.29,11
r_00005490,family_000264,u_000264,2026-W26,ТСЧ,896.39,21.25,11
r_00005491,family_000264,u_000264,2026-W26,ТСЧ,633.91,63.68,9
r_00005492,family_000264,u_000264,2026-W26,ТСЧ,1062.13,64.96,9
r_00005493,family_000264,u_000264,2026-W27,ТСЧ,1011.77,7.18,7
r_00005494,family_000264,u_000264,2026-W27,ТСЧ,825.72,47.86,7
r_00005495,family_000264,u_000264,2026-W27,ТСЧ,750.88,59.70,7
r_00005496,family_000264,u_000264,2026-W28,ТСЧ,769.11,38.03,10
r_00005497,family_000264,u_000264,2026-W28,ТСЧ,850.12,60.28,10
r_00005498,family_000264,u_000264,2026-W28,ТСЧ,918.99,39.15,10
r_00005499,family_000264,u_000264,2026-W29,ТСЧ,1035.29,60.43,11
r_00005500,family_000264,u_000264,2026-W29,ТСЧ,729.65,19.36,11
r_00005501,family_000264,u_000264,2026-W29,ТСЧ,796.98,101.43,5
r_00005502,family_000264,u_000264,2026-W30,ТСЧ,822.45,0.00,8
r_00005503,family_000264,u_000264,2026-W30,ТСЧ,668.51,97.86,5
r_00005504,family_000264,u_000264,2026-W30,ТСЧ,842.53,22.68,5
r_00005505,family_000264,u_000264,2026-W31,ТСЧ,757.24,22.88,11
r_00005506,family_000264,u_000264,2026-W31,ТСЧ,681.58,92.80,7
r_00005507,family_000264,u_000264,2026-W31,ТСЧ,604.67,98.13,9
r_00005508,family_000264,u_000264,2026-W32,ТСЧ,746.05,31.15,10
r_00005509,family_000264,u_000264,2026-W32,ТСЧ,678.33,72.56,8
r_00005510,family_000264,u_000264,2026-W32,ТСЧ,795.19,92.77,9
r_00005511,family_000264,u_000264,2026-W33,ТСЧ,606.28,42.96,11
r_00005512,family_000264,u_000264,2026-W33,ТСЧ,889.15,23.13,10
r_00005513,family_000264,u_000264,2026-W34,ТСЧ,831.86,55.40,9
r_00005514,family_000264,u_000264,2026-W34,ТСЧ,729.71,48.58,8
r_00005515,family_000264,u_000264,2026-W34,ТСЧ,795.31,19.78,6
r_00005516,family_000264,u_000264,2026-W35,ТСЧ,720.83,73.93,8
r_00005517,family_000264,u_000264,2026-W35,ТСЧ,741.22,78.76,10
r_00005518,family_000264,u_000264,2026-W35,ТСЧ,662.48,22.27,11
r_00005519,family_000264,u_000264,2026-W35,ТСЧ,962.95,9.98,9
r_00005520,family_000264,u_000264,2026-W36,ТСЧ,695.79,22.67,10
r_00005521,family_000264,u_000264,2026-W36,ТСЧ,737.70,32.04,8
r_00005522,family_000264,u_000264,2026-W36,ТСЧ,859.63,66.86,7
r_00005549,family_000267,u_000267,2026-W25,ТС5,790.37,35.01,6
r_00005550,family_000267,u_000267,2026-W25,ТС5,668.55,20.08,10
r_00005551,family_000267,u_000267,2026-W26,ТС5,764.32,26.25,10
r_00005552,family_000267,u_000267,2026-W26,ТС5,586.26,26.88,11
r_00005553,family_000267,u_000267,2026-W27,ТС5,548.99,18.67,10
r_00005554,family_000267,u_000267,2026-W27,ТС5,878.84,64.85,7
r_00005555,family_000267,u_000267,2026-W27,ТС5,574.82,14.11,7
r_00005556,family_000267,u_000267,2026-W28,ТС5,693.30,25.16,9
r_00005557,family_000267,u_000267,2026-W28,ТС5,753.85,15.05,6
r_00005558,family_000267,u_000267,2026-W29,ТС5,499.31,41.95,5
r_00005559,family_000267,u_000267,2026-W29,ТС5,713.80,30.70,11
r_00005560,family_000267,u_000267,2026-W30,ТС5,698.31,26.84,7
r_00005561,family_000267,u_000267,2026-W30,ТС5,656.35,13.29,8
r_00005562,family_000267,u_000267,2026-W31,ТС5,487.28,20.78,6
r_00005563,family_000267,u_000267,2026-W31,ТС5,706.53,73.61,7
r_00005564,family_000267,u_000267,2026-W32,ТС5,709.91,55.72,11
r_00005565,family_000267,u_000267,2026-W32,ТС5,700.51,0.00,7
r_00005566,family_000267,u_000267,2026-W33,ТС5,560.61,71.72,6
r_00005567,family_000267,u_000267,2026-W33,ТС5,725.65,50.09,10
r_00005568,family_000267,u_000267,2026-W33,ТС5,587.08,79.57,8
r_00005569,family_000267,u_000267,2026-W34,ТС5,591.66,44.93,5
r_00005570,family_000267,u_000267,2026-W34,ТС5,863.54,25.86,9
r_00005571,family_000267,u_000267,2026-W35,ТС5,843.07,38.28,8
r_00005572,family_000267,u_000267,2026-W35,ТС5,567.71,39.40,9
r_00005573,family_000267,u_000267,2026-W36,ТС5,725.67,59.28,7
r_00005574,family_000267,u_000267,2026-W36,ТС5,366.03,11.61,8
r_00005575,family_000267,u_000267,2026-W36,ТС5,566.57,36.99,10
r_00005576,family_000268,u_000268,2026-W25,ТС5,520.22,41.65,7
r_00005577,family_000268,u_000268,2026-W25,ТС5,701.33,87.22,7
r_00005578,family_000268,u_000268,2026-W26,ТС5,618.51,44.39,7
r_00005579,family_000268,u_000268,2026-W26,ТС5,610.89,19.50,8
r_00005580,family_000268,u_000268,2026-W27,ТС5,495.82,62.09,10
r_00005581,family_000268,u_000268,2026-W27,ТС5,596.75,22.01,8
r_00005582,family_000268,u_000268,2026-W28,ТС5,673.67,32.90,9
r_00005583,family_000268,u_000268,2026-W28,ТС5,750.92,62.04,9
r_00005584,family_000268,u_000268,2026-W29,ТС5,537.14,21.07,8
r_00005585,family_000268,u_000268,2026-W29,ТС5,687.32,50.14,6
r_00005586,family_000268,u_000268,2026-W30,ТС5,647.03,72.74,6
r_00005587,family_000268,u_000268,2026-W30,ТС5,727.17,29.85,6
r_00005588,family_000268,u_000268,2026-W31,ТС5,746.29,33.06,8
r_00005589,family_000268,u_000268,2026-W31,ТС5,626.41,25.71,10
r_00005590,family_000268,u_000268,2026-W33,ТС5,671.33,27.12,10
r_00005591,family_000268,u_000268,2026-W33,ТС5,654.04,75.41,8
r_00005592,family_000268,u_000268,2026-W34,ТС5,706.14,40.08,10
r_00005593,family_000268,u_000268,2026-W34,ТС5,557.72,9.97,10
r_00005594,family_000268,u_000268,2026-W35,ТС5,624.70,46.11,7
r_00005595,family_000268,u_000268,2026-W35,ТС5,734.06,59.17,10
r_00005596,family_000268,u_000268,2026-W36,ТС5,827.56,47.95,10
r_00005631,family_000272,u_000272,2026-W25,ТС5,922.23,24.28,6
r_00005632,family_000272,u_000272,2026-W25,ТС5,537.73,32.35,8
r_00005633,family_000272,u_000272,2026-W26,ТС5,421.89,3.93,9
r_00005634,family_000272,u_000272,2026-W26,ТС5,732.18,80.50,10
r_00005635,family_000272,u_000272,2026-W26,ТС5,443.23,16.86,5
r_00005636,family_000272,u_000272,2026-W27,ТС5,757.98,0.00,5
r_00005637,family_000272,u_000272,2026-W27,ТС5,773.68,28.56,9
r_00005638,family_000272,u_000272,2026-W27,ТС5,613.89,20.99,5
r_00005639,family_000272,u_000272,2026-W27,ТС5,719.58,39.36,11
r_00005640,family_000272,u_000272,2026-W28,ТС5,434.13,27.64,11
r_00005641,family_000272,u_000272,2026-W28,ТС5,497.86,108.27,5
r_00005642,family_000272,u_000272,2026-W29,ТС5,341.11,23.45,6
r_00005643,family_000272,u_000272,2026-W29,ТС5,662.73,30.02,10
r_00005644,family_000272,u_000272,2026-W29,ТС5,561.61,53.98,6
r_00005645,family_000272,u_000272,2026-W30,ТС5,448.65,13.73,9
r_00005646,family_000272,u_000272,2026-W30,ТС5,729.81,46.87,5
r_00005647,family_000272,u_000272,2026-W30,ТС5,526.13,34.01,7
r_00005648,family_000272,u_000272,2026-W31,ТС5,655.27,63.77,11
r_00005649,family_000272,u_000272,2026-W31,ТС5,688.17,51.47,10
r_00005650,family_000272,u_000272,2026-W31,ТС5,655.13,52.44,5
r_00005651,family_000272,u_000272,2026-W32,ТС5,582.97,75.42,10
r_00005652,family_000272,u_000272,2026-W32,ТС5,772.90,25.57,11
r_00005653,family_000272,u_000272,2026-W33,ТС5,691.50,32.06,5
r_00005654,family_000272,u_000272,2026-W33,ТС5,687.68,46.85,9
r_00005655,family_000272,u_000272,2026-W34,ТС5,635.74,109.95,5
r_00005656,family_000272,u_000272,2026-W34,ТС5,678.24,14.92,7
r_00005657,family_000272,u_000272,2026-W35,ТС5,731.30,15.72,9
r_00005658,family_000272,u_000272,2026-W35,ТС5,592.51,41.92,7
r_00005659,family_000272,u_000272,2026-W35,ТС5,648.61,11.81,5
r_00005660,family_000272,u_000272,2026-W36,ТС5,502.95,32.30,8
r_00005661,family_000272,u_000272,2026-W36,ТС5,701.76,52.03,8
r_00005692,family_000275,u_000275,2026-W25,ТС5,654.39,67.40,5
r_00005693,family_000275,u_000275,2026-W25,ТС5,680.34,35.30,9
r_00005694,family_000275,u_000275,2026-W26,ТС5,599.01,32.44,5
r_00005695,family_000275,u_000275,2026-W26,ТС5,634.46,62.28,7
r_00005696,family_000275,u_000275,2026-W26,ТС5,735.04,32.21,9
r_00005697,family_000275,u_000275,2026-W27,ТС5,664.97,28.69,5
r_00005698,family_000275,u_000275,2026-W27,ТС5,666.55,25.62,10
r_00005699,family_000275,u_000275,2026-W27,ТС5,847.37,21.88,5
r_00005700,family_000275,u_000275,2026-W28,ТС5,777.84,10.32,9
r_00005701,family_000275,u_000275,2026-W28,ТС5,766.05,43.59,8
r_00005702,family_000275,u_000275,2026-W28,ТС5,447.28,33.42,6
r_00005703,family_000275,u_000275,2026-W29,ТС5,418.75,24.31,10
r_00005704,family_000275,u_000275,2026-W29,ТС5,404.93,14.86,6
r_00005705,family_000275,u_000275,2026-W29,ТС5,567.31,21.88,5
r_00005706,family_000275,u_000275,2026-W30,ТС5,628.22,13.57,11
r_00005707,family_000275,u_000275,2026-W30,ТС5,606.93,71.50,6
r_00005708,family_000275,u_000275,2026-W30,ТС5,350.72,39.07,7
r_00005709,family_000275,u_000275,2026-W31,ТС5,464.65,55.20,9
r_00005710,family_000275,u_000275,2026-W31,ТС5,781.75,61.67,9
r_00005711,family_000275,u_000275,2026-W32,ТС5,519.70,52.43,7
r_00005712,family_000275,u_000275,2026-W32,ТС5,629.62,7.24,8
r_00005713,family_000275,u_000275,2026-W33,ТС5,580.31,14.69,5
r_00005714,family_000275,u_000275,2026-W33,ТС5,683.19,48.34,7
r_00005715,family_000275,u_000275,2026-W33,ТС5,598.42,14.60,11
r_00005716,family_000275,u_000275,2026-W34,ТС5,850.13,47.62,10
r_00005717,family_000275,u_000275,2026-W34,ТС5,718.06,32.18,9
r_00005718,family_000275,u_000275,2026-W35,ТС5,669.48,31.17,7
r_00005719,family_000275,u_000275,2026-W35,ТС5,737.54,41.26,5
r_00005720,family_000275,u_000275,2026-W36,ТС5,626.16,27.15,11
r_00005721,family_000275,u_000275,2026-W36,ТС5,534.12,29.72,11
r_00005722,family_000276,u_000276,2026-W25,ТС5,748.99,43.49,5
r_00005723,family_000276,u_000276,2026-W25,ТС5,579.23,31.37,9
r_00005724,family_000276,u_000276,2026-W25,ТС5,434.41,6.47,11
r_00005725,family_000276,u_000276,2026-W26,ТС5,649.54,44.21,9
r_00005726,family_000276,u_000276,2026-W26,ТС5,679.13,70.49,8
r_00005727,family_000276,u_000276,2026-W27,ТС5,466.14,29.86,7
r_00005728,family_000276,u_000276,2026-W27,ТС5,640.60,45.87,10
r_00005729,family_000276,u_000276,2026-W28,ТС5,560.88,9.57,5
r_00005730,family_000276,u_000276,2026-W28,ТС5,753.91,25.94,10
r_00005731,family_000276,u_000276,2026-W28,ТС5,902.27,53.24,11
r_00005732,family_000276,u_000276,2026-W29,ТС5,479.55,14.36,5
r_00005733,family_000276,u_000276,2026-W29,ТС5,838.44,44.62,11
r_00005734,family_000276,u_000276,2026-W30,ТС5,594.67,41.10,9
r_00005735,family_000276,u_000276,2026-W30,ТС5,695.44,25.81,10
r_00005736,family_000276,u_000276,2026-W30,ТС5,706.90,25.54,9
r_00005737,family_000276,u_000276,2026-W31,ТС5,765.02,0.00,6
r_00005738,family_000276,u_000276,2026-W31,ТС5,584.80,12.20,5
r_00005739,family_000276,u_000276,2026-W32,ТС5,561.02,0.00,9
r_00005740,family_000276,u_000276,2026-W32,ТС5,476.35,13.86,8
r_00005741,family_000276,u_000276,2026-W33,ТС5,800.08,17.61,11
r_00005742,family_000276,u_000276,2026-W33,ТС5,667.61,34.91,10
r_00005743,family_000276,u_000276,2026-W33,ТС5,650.87,25.57,7
r_00005744,family_000276,u_000276,2026-W33,ТС5,783.30,23.46,6
r_00005745,family_000276,u_000276,2026-W34,ТС5,437.26,0.00,11
r_00005746,family_000276,u_000276,2026-W34,ТС5,700.37,23.68,7
r_00005747,family_000276,u_000276,2026-W34,ТС5,538.17,60.47,8
r_00005748,family_000276,u_000276,2026-W35,ТС5,634.68,127.78,5
r_00005749,family_000276,u_000276,2026-W35,ТС5,535.67,27.92,6
r_00005750,family_000276,u_000276,2026-W35,ТС5,609.66,78.35,9
r_00005751,family_000276,u_000276,2026-W36,ТС5,676.19,54.66,5
r_00005752,family_000276,u_000276,2026-W36,ТС5,712.73,11.99,7
r_00005753,family_000276,u_000276,2026-W36,ТС5,605.20,64.97,11
r_00005794,family_000279,u_000279,2026-W25,ТСЧ,933.77,159.64,7
r_00005795,family_000279,u_000279,2026-W25,ТСЧ,733.01,95.42,6
r_00005796,family_000279,u_000279,2026-W26,ТСЧ,522.55,49.98,11
r_00005797,family_000279,u_000279,2026-W27,ТСЧ,768.92,52.27,5
r_00005798,family_000279,u_000279,2026-W27,ТСЧ,797.65,45.69,9
r_00005799,family_000279,u_000279,2026-W28,ТСЧ,676.12,29.20,9
r_00005800,family_000279,u_000279,2026-W28,ТСЧ,964.56,26.87,8
r_00005801,family_000279,u_000279,2026-W29,ТСЧ,674.39,54.63,5
r_00005802,family_000279,u_000279,2026-W29,ТСЧ,664.56,99.78,6
r_00005803,family_000279,u_000279,2026-W30,ТСЧ,863.11,139.47,6
r_00005804,family_000279,u_000279,2026-W30,ТСЧ,474.60,96.50,5
r_00005805,family_000279,u_000279,2026-W31,ТСЧ,510.08,44.65,11
r_00005806,family_000279,u_000279,2026-W31,ТСЧ,1030.69,45.46,5
r_00005807,family_000279,u_000279,2026-W32,ТСЧ,686.13,126.14,8
r_00005808,family_000279,u_000279,2026-W33,ТСЧ,819.84,131.91,8
r_00005809,family_000279,u_000279,2026-W33,ТСЧ,716.78,233.12,5
r_00005810,family_000279,u_000279,2026-W34,ТСЧ,846.28,102.00,10
r_00005811,family_000279,u_000279,2026-W34,ТСЧ,522.40,41.94,8
r_00005812,family_000279,u_000279,2026-W35,ТСЧ,871.80,49.79,8
r_00005813,family_000279,u_000279,2026-W35,ТСЧ,721.11,46.92,10
r_00005814,family_000279,u_000279,2026-W36,ТСЧ,723.16,152.25,5
r_00005815,family_000279,u_000279,2026-W36,ТСЧ,669.29,74.85,11
r_00005816,family_000280,u_000280,2026-W25,ТСЧ,971.96,55.27,11
r_00005817,family_000280,u_000280,2026-W25,ТСЧ,841.26,36.51,9
r_00005818,family_000280,u_000280,2026-W25,ТСЧ,591.78,8.35,7
r_00005819,family_000280,u_000280,2026-W26,ТСЧ,978.78,61.77,9
r_00005820,family_000280,u_000280,2026-W26,ТСЧ,1065.27,42.41,11
r_00005821,family_000280,u_000280,2026-W27,ТСЧ,833.83,36.35,10
r_00005822,family_000280,u_000280,2026-W27,ТСЧ,806.15,81.10,6
r_00005823,family_000280,u_000280,2026-W27,ТСЧ,882.89,48.44,9
r_00005824,family_000280,u_000280,2026-W28,ТСЧ,893.42,47.01,6
r_00005825,family_000280,u_000280,2026-W28,ТСЧ,968.61,48.05,9
r_00005826,family_000280,u_000280,2026-W29,ТСЧ,948.78,45.86,11
r_00005827,family_000280,u_000280,2026-W29,ТСЧ,1086.70,10.87,11
r_00005828,family_000280,u_000280,2026-W29,ТСЧ,863.95,77.12,7
r_00005829,family_000280,u_000280,2026-W29,ТСЧ,860.48,25.86,5
r_00005830,family_000280,u_000280,2026-W30,ТСЧ,816.20,9.35,9
r_00005831,family_000280,u_000280,2026-W30,ТСЧ,733.77,39.73,5
r_00005832,family_000280,u_000280,2026-W30,ТСЧ,651.00,28.09,5
r_00005833,family_000280,u_000280,2026-W31,ТСЧ,496.96,5.91,10
r_00005834,family_000280,u_000280,2026-W31,ТСЧ,618.78,27.06,11
r_00005835,family_000280,u_000280,2026-W31,ТСЧ,748.02,74.38,8
r_00005836,family_000280,u_000280,2026-W32,ТСЧ,769.08,0.00,6
r_00005837,family_000280,u_000280,2026-W32,ТСЧ,760.72,36.66,11
r_00005838,family_000280,u_000280,2026-W32,ТСЧ,832.36,0.00,5
r_00005839,family_000280,u_000280,2026-W32,ТСЧ,784.26,11.30,6
r_00005840,family_000280,u_000280,2026-W33,ТСЧ,969.65,24.81,6
r_00005841,family_000280,u_000280,2026-W33,ТСЧ,715.16,0.00,6
r_00005842,family_000280,u_000280,2026-W33,ТСЧ,704.04,21.74,7
r_00005843,family_000280,u_000280,2026-W34,ТСЧ,814.68,34.59,7
r_00005844,family_000280,u_000280,2026-W34,ТСЧ,824.61,47.02,9
r_00005845,family_000280,u_000280,2026-W34,ТСЧ,851.36,26.39,11
r_00005846,family_000280,u_000280,2026-W35,ТСЧ,631.44,13.64,8
r_00005847,family_000280,u_000280,2026-W35,ТСЧ,721.20,51.68,6
r_00005848,family_000280,u_000280,2026-W36,ТСЧ,826.66,45.73,6
r_00005849,family_000280,u_000280,2026-W36,ТСЧ,696.82,47.13,10
r_00005850,family_000280,u_000280,2026-W36,ТСЧ,698.76,60.16,5
r_00005900,family_000284,u_000284,2026-W25,ТС5,724.71,15.56,7
r_00005901,family_000284,u_000284,2026-W25,ТС5,514.97,56.33,7
r_00005902,family_000284,u_000284,2026-W26,ТС5,640.42,0.00,8
r_00005903,family_000284,u_000284,2026-W26,ТС5,632.10,51.66,10
r_00005904,family_000284,u_000284,2026-W26,ТС5,796.96,122.43,5
r_00005905,family_000284,u_000284,2026-W27,ТС5,551.53,16.27,9
r_00005906,family_000284,u_000284,2026-W27,ТС5,588.23,18.20,8
r_00005907,family_000284,u_000284,2026-W28,ТС5,440.33,25.59,11
r_00005908,family_000284,u_000284,2026-W28,ТС5,522.62,23.64,9
r_00005909,family_000284,u_000284,2026-W28,ТС5,668.44,67.59,10
r_00005910,family_000284,u_000284,2026-W29,ТС5,624.81,38.75,8
r_00005911,family_000284,u_000284,2026-W29,ТС5,671.30,30.50,7
r_00005912,family_000284,u_000284,2026-W30,ТС5,702.07,32.36,9
r_00005913,family_000284,u_000284,2026-W30,ТС5,571.98,51.84,5
r_00005914,family_000284,u_000284,2026-W30,ТС5,821.18,48.88,6
r_00005915,family_000284,u_000284,2026-W31,ТС5,570.49,21.45,9
r_00005916,family_000284,u_000284,2026-W31,ТС5,759.95,6.21,11
r_00005917,family_000284,u_000284,2026-W31,ТС5,763.56,32.11,7
r_00005918,family_000284,u_000284,2026-W32,ТС5,590.43,26.01,7
r_00005919,family_000284,u_000284,2026-W32,ТС5,471.02,10.29,9
r_00005920,family_000284,u_000284,2026-W32,ТС5,722.09,8.06,10
r_00005921,family_000284,u_000284,2026-W33,ТС5,666.24,22.86,7
r_00005922,family_000284,u_000284,2026-W33,ТС5,450.98,9.82,7
r_00005923,family_000284,u_000284,2026-W33,ТС5,684.40,43.82,8
r_00005924,family_000284,u_000284,2026-W34,ТС5,907.67,0.00,7
r_00005925,family_000284,u_000284,2026-W34,ТС5,612.12,54.54,10
r_00005926,family_000284,u_000284,2026-W34,ТС5,811.75,93.43,9
r_00005927,family_000284,u_000284,2026-W35,ТС5,623.82,25.79,7
r_00005928,family_000284,u_000284,2026-W35,ТС5,703.32,18.80,11
r_00005929,family_000284,u_000284,2026-W35,ТС5,534.28,38.59,7
r_00005930,family_000284,u_000284,2026-W36,ТС5,651.77,84.00,8
r_00005931,family_000284,u_000284,2026-W36,ТС5,674.20,29.47,11
r_00005932,family_000284,u_000284,2026-W36,ТС5,624.22,61.12,6
r_00006158,family_000297,u_000297,2026-W25,ТСЧ,792.00,28.83,8
r_00006159,family_000297,u_000297,2026-W25,ТСЧ,771.68,35.11,9
r_00006160,family_000297,u_000297,2026-W26,ТСЧ,905.85,0.00,8
r_00006161,family_000297,u_000297,2026-W26,ТСЧ,914.54,16.51,8
r_00006162,family_000297,u_000297,2026-W27,ТСЧ,751.47,74.21,6
r_00006163,family_000297,u_000297,2026-W27,ТСЧ,841.31,0.00,5
r_00006164,family_000297,u_000297,2026-W28,ТСЧ,673.66,40.18,10
r_00006165,family_000297,u_000297,2026-W28,ТСЧ,952.06,68.12,8
r_00006166,family_000297,u_000297,2026-W29,ТСЧ,716.85,67.69,8
r_00006167,family_000297,u_000297,2026-W30,ТСЧ,835.81,26.73,5
r_00006168,family_000297,u_000297,2026-W30,ТСЧ,527.54,23.95,11
r_00006169,family_000297,u_000297,2026-W31,ТСЧ,874.25,11.44,7
r_00006170,family_000297,u_000297,2026-W31,ТСЧ,974.15,22.70,11
r_00006171,family_000297,u_000297,2026-W32,ТСЧ,683.96,34.64,9
r_00006172,family_000297,u_000297,2026-W32,ТСЧ,1020.18,43.10,11
r_00006173,family_000297,u_000297,2026-W33,ТСЧ,831.38,34.73,6
r_00006174,family_000297,u_000297,2026-W33,ТСЧ,687.21,168.37,5
r_00006175,family_000297,u_000297,2026-W34,ТСЧ,582.09,9.70,10
r_00006176,family_000297,u_000297,2026-W34,ТСЧ,908.29,42.39,9
r_00006177,family_000297,u_000297,2026-W35,ТСЧ,869.81,20.84,5
r_00006178,family_000297,u_000297,2026-W35,ТСЧ,728.28,20.95,10
r_00006179,family_000297,u_000297,2026-W36,ТСЧ,983.80,58.85,7
r_00006180,family_000297,u_000297,2026-W36,ТСЧ,750.18,14.55,6
r_00006181,family_000298,u_000298,2026-W25,ТС5,626.04,44.22,9
r_00006182,family_000298,u_000298,2026-W25,ТС5,734.41,42.37,6
r_00006183,family_000298,u_000298,2026-W26,ТС5,637.24,36.42,9
r_00006184,family_000298,u_000298,2026-W26,ТС5,667.89,9.06,6
r_00006185,family_000298,u_000298,2026-W27,ТС5,597.93,39.66,7
r_00006186,family_000298,u_000298,2026-W27,ТС5,459.17,25.02,10
r_00006187,family_000298,u_000298,2026-W28,ТС5,682.64,36.07,5
r_00006188,family_000298,u_000298,2026-W28,ТС5,573.58,34.54,6
r_00006189,family_000298,u_000298,2026-W29,ТС5,771.36,40.39,9
r_00006190,family_000298,u_000298,2026-W29,ТС5,815.76,0.00,7
r_00006191,family_000298,u_000298,2026-W30,ТС5,606.75,12.10,7
r_00006192,family_000298,u_000298,2026-W30,ТС5,496.36,37.94,8
r_00006193,family_000298,u_000298,2026-W31,ТС5,470.76,52.14,9
r_00006194,family_000298,u_000298,2026-W32,ТС5,555.53,27.36,9
r_00006195,family_000298,u_000298,2026-W32,ТС5,505.60,26.02,5
r_00006196,family_000298,u_000298,2026-W33,ТС5,796.35,30.49,8
r_00006197,family_000298,u_000298,2026-W33,ТС5,508.30,51.04,7
r_00006198,family_000298,u_000298,2026-W34,ТС5,570.81,10.93,8
r_00006199,family_000298,u_000298,2026-W34,ТС5,452.58,10.43,10
r_00006200,family_000298,u_000298,2026-W35,ТС5,515.06,40.28,7
r_00006201,family_000298,u_000298,2026-W35,ТС5,829.69,17.82,5
r_00006202,family_000298,u_000298,2026-W36,ТС5,632.74,47.33,8
r_00006203,family_000298,u_000298,2026-W36,ТС5,783.30,41.41,7
r_00006228,family_000300,u_000300,2026-W25,ТС5,618.69,33.03,7
r_00006229,family_000300,u_000300,2026-W25,ТС5,417.38,29.62,11
r_00006230,family_000300,u_000300,2026-W26,ТС5,669.60,52.33,10
r_00006231,family_000300,u_000300,2026-W26,ТС5,575.61,45.20,6
r_00006232,family_000300,u_000300,2026-W27,ТС5,551.63,58.79,9
r_00006233,family_000300,u_000300,2026-W27,ТС5,740.57,30.86,7
r_00006234,family_000300,u_000300,2026-W27,ТС5,504.68,3.04,11
r_00006235,family_000300,u_000300,2026-W28,ТС5,773.37,18.76,5
r_00006236,family_000300,u_000300,2026-W28,ТС5,940.11,30.88,7
r_00006237,family_000300,u_000300,2026-W28,ТС5,618.31,23.57,6
r_00006238,family_000300,u_000300,2026-W29,ТС5,591.94,40.96,5
r_00006239,family_000300,u_000300,2026-W29,ТС5,748.57,62.68,10
r_00006240,family_000300,u_000300,2026-W30,ТС5,606.81,15.71,9
r_00006241,family_000300,u_000300,2026-W30,ТС5,396.46,39.58,8
r_00006242,family_000300,u_000300,2026-W30,ТС5,774.85,56.69,8
r_00006243,family_000300,u_000300,2026-W31,ТС5,587.41,62.00,10
r_00006244,family_000300,u_000300,2026-W31,ТС5,515.58,13.65,9
r_00006245,family_000300,u_000300,2026-W32,ТС5,750.56,66.95,10
r_00006246,family_000300,u_000300,2026-W32,ТС5,687.35,31.60,10
r_00006247,family_000300,u_000300,2026-W33,ТС5,516.38,15.79,7
r_00006248,family_000300,u_000300,2026-W33,ТС5,711.13,35.28,10
r_00006249,family_000300,u_000300,2026-W34,ТС5,838.34,20.49,7
r_00006250,family_000300,u_000300,2026-W34,ТС5,699.11,43.51,9
r_00006251,family_000300,u_000300,2026-W34,ТС5,819.66,92.87,5
r_00006252,family_000300,u_000300,2026-W35,ТС5,546.95,40.36,11
r_00006253,family_000300,u_000300,2026-W35,ТС5,694.74,29.95,6
r_00006254,family_000300,u_000300,2026-W35,ТС5,617.46,49.84,11
r_00006255,family_000300,u_000300,2026-W36,ТС5,762.63,14.33,9
r_00006256,family_000300,u_000300,2026-W36,ТС5,497.70,64.92,7
r_00006303,family_000304,u_000304,2026-W25,ТС5,554.23,0.00,5
r_00006304,family_000304,u_000304,2026-W25,ТС5,575.65,48.71,9
r_00006305,family_000304,u_000304,2026-W25,ТС5,548.50,0.00,5
r_00006306,family_000304,u_000304,2026-W26,ТС5,901.58,59.45,7
r_00006307,family_000304,u_000304,2026-W26,ТС5,676.91,46.88,9
r_00006308,family_000304,u_000304,2026-W26,ТС5,869.30,47.96,8
r_00006309,family_000304,u_000304,2026-W27,ТС5,639.95,60.20,8
r_00006310,family_000304,u_000304,2026-W27,ТС5,739.76,53.56,9
r_00006311,family_000304,u_000304,2026-W27,ТС5,779.72,22.35,6
r_00006312,family_000304,u_000304,2026-W27,ТС5,580.13,0.00,7
r_00006313,family_000304,u_000304,2026-W28,ТС5,737.45,67.99,7
r_00006314,family_000304,u_000304,2026-W28,ТС5,741.43,19.20,10
r_00006315,family_000304,u_000304,2026-W28,ТС5,616.37,89.99,7
r_00006316,family_000304,u_000304,2026-W29,ТС5,733.20,50.37,9
r_00006317,family_000304,u_000304,2026-W29,ТС5,571.40,46.33,7
r_00006318,family_000304,u_000304,2026-W29,ТС5,627.68,34.30,5
r_00006319,family_000304,u_000304,2026-W30,ТС5,619.28,87.37,5
r_00006320,family_000304,u_000304,2026-W30,ТС5,434.57,77.52,8
r_00006321,family_000304,u_000304,2026-W30,ТС5,638.72,17.22,8
r_00006322,family_000304,u_000304,2026-W31,ТС5,724.48,48.06,7
r_00006323,family_000304,u_000304,2026-W31,ТС5,723.51,14.50,8
r_00006324,family_000304,u_000304,2026-W32,ТС5,758.78,22.40,6
r_00006325,family_000304,u_000304,2026-W32,ТС5,625.37,25.69,5
r_00006326,family_000304,u_000304,2026-W32,ТС5,689.06,51.88,7
r_00006327,family_000304,u_000304,2026-W33,ТС5,728.07,12.31,6
r_00006328,family_000304,u_000304,2026-W33,ТС5,504.81,11.33,9
r_00006329,family_000304,u_000304,2026-W33,ТС5,735.12,71.28,7
r_00006330,family_000304,u_000304,2026-W34,ТС5,589.49,10.36,10
r_00006331,family_000304,u_000304,2026-W34,ТС5,616.98,24.05,9
r_00006332,family_000304,u_000304,2026-W34,ТС5,550.50,23.11,5
r_00006333,family_000304,u_000304,2026-W35,ТС5,610.29,65.02,6
r_00006334,family_000304,u_000304,2026-W35,ТС5,684.32,7.25,7
r_00006335,family_000304,u_000304,2026-W35,ТС5,401.59,45.41,8
r_00006336,family_000304,u_000304,2026-W36,ТС5,555.58,24.06,6
r_00006337,family_000304,u_000304,2026-W36,ТС5,525.32,66.20,10
r_00006338,family_000304,u_000304,2026-W36,ТС5,760.07,69.35,7
r_00006500,family_000311,u_000311,2026-W25,ТСЧ,888.18,86.21,11
r_00006501,family_000311,u_000311,2026-W25,ТСЧ,916.00,128.10,10
r_00006502,family_000311,u_000311,2026-W25,ТСЧ,605.84,122.78,7
r_00006503,family_000311,u_000311,2026-W26,ТСЧ,780.64,153.39,7
r_00006504,family_000311,u_000311,2026-W26,ТСЧ,877.66,101.25,8
r_00006505,family_000311,u_000311,2026-W26,ТСЧ,735.75,89.21,7
r_00006506,family_000311,u_000311,2026-W27,ТСЧ,821.97,72.69,9
r_00006507,family_000311,u_000311,2026-W27,ТСЧ,826.50,45.55,10
r_00006508,family_000311,u_000311,2026-W27,ТСЧ,674.94,31.28,5
r_00006509,family_000311,u_000311,2026-W28,ТСЧ,498.68,65.62,9
r_00006510,family_000311,u_000311,2026-W28,ТСЧ,885.01,120.49,7
r_00006511,family_000311,u_000311,2026-W28,ТСЧ,726.38,106.57,10
r_00006512,family_000311,u_000311,2026-W29,ТСЧ,859.10,116.42,8
r_00006513,family_000311,u_000311,2026-W29,ТСЧ,462.84,49.73,10
r_00006514,family_000311,u_000311,2026-W29,ТСЧ,972.37,251.50,7
r_00006515,family_000311,u_000311,2026-W30,ТСЧ,768.09,154.27,5
r_00006516,family_000311,u_000311,2026-W30,ТСЧ,754.91,51.25,9
r_00006517,family_000311,u_000311,2026-W30,ТСЧ,766.17,113.32,6
r_00006518,family_000311,u_000311,2026-W30,ТСЧ,938.82,42.24,11
r_00006519,family_000311,u_000311,2026-W31,ТСЧ,781.18,27.59,5
r_00006520,family_000311,u_000311,2026-W31,ТСЧ,736.09,85.57,11
r_00006521,family_000311,u_000311,2026-W31,ТСЧ,945.56,15.22,5
r_00006522,family_000311,u_000311,2026-W32,ТСЧ,935.57,153.78,5
r_00006523,family_000311,u_000311,2026-W32,ТСЧ,865.86,74.46,6
r_00006524,family_000311,u_000311,2026-W32,ТСЧ,567.42,121.09,7
r_00006525,family_000311,u_000311,2026-W33,ТСЧ,881.74,100.07,6
r_00006526,family_000311,u_000311,2026-W33,ТСЧ,993.30,120.66,11
r_00006527,family_000311,u_000311,2026-W33,ТСЧ,812.46,147.27,10
r_00006528,family_000311,u_000311,2026-W34,ТСЧ,925.32,58.44,5
r_00006529,family_000311,u_000311,2026-W34,ТСЧ,708.68,39.45,11
r_00006530,family_000311,u_000311,2026-W34,ТСЧ,638.46,58.54,7
r_00006531,family_000311,u_000311,2026-W35,ТСЧ,699.14,205.02,11
r_00006532,family_000311,u_000311,2026-W35,ТСЧ,677.79,104.36,5
r_00006533,family_000311,u_000311,2026-W35,ТСЧ,872.00,161.40,9
r_00006534,family_000311,u_000311,2026-W36,ТСЧ,711.74,82.02,5
r_00006535,family_000311,u_000311,2026-W36,ТСЧ,806.77,132.92,8
r_00006536,family_000311,u_000311,2026-W36,ТСЧ,886.65,126.47,6
r_00006550,family_000313,u_000313,2026-W25,ТСЧ,774.04,19.62,8
r_00006551,family_000313,u_000313,2026-W25,ТСЧ,843.49,11.51,7
r_00006552,family_000313,u_000313,2026-W26,ТСЧ,910.65,11.09,7
r_00006553,family_000313,u_000313,2026-W26,ТСЧ,762.82,31.23,11
r_00006554,family_000313,u_000313,2026-W27,ТСЧ,798.85,61.06,5
r_00006555,family_000313,u_000313,2026-W27,ТСЧ,668.39,32.30,6
r_00006556,family_000313,u_000313,2026-W28,ТСЧ,794.59,29.78,10
r_00006557,family_000313,u_000313,2026-W28,ТСЧ,882.80,25.11,6
r_00006558,family_000313,u_000313,2026-W29,ТСЧ,815.14,17.77,7
r_00006559,family_000313,u_000313,2026-W29,ТСЧ,624.01,22.95,11
r_00006560,family_000313,u_000313,2026-W29,ТСЧ,698.17,0.00,5
r_00006561,family_000313,u_000313,2026-W30,ТСЧ,832.45,34.09,8
r_00006562,family_000313,u_000313,2026-W30,ТСЧ,745.59,31.95,5
r_00006563,family_000313,u_000313,2026-W31,ТСЧ,600.01,16.51,5
r_00006564,family_000313,u_000313,2026-W31,ТСЧ,533.16,0.00,7
r_00006565,family_000313,u_000313,2026-W32,ТСЧ,864.45,49.88,5
r_00006566,family_000313,u_000313,2026-W32,ТСЧ,977.92,33.20,11
r_00006567,family_000313,u_000313,2026-W33,ТСЧ,1041.26,101.64,6
r_00006568,family_000313,u_000313,2026-W33,ТСЧ,720.12,49.51,11
r_00006569,family_000313,u_000313,2026-W34,ТСЧ,959.78,84.58,9
r_00006570,family_000313,u_000313,2026-W34,ТСЧ,847.97,41.05,10
r_00006571,family_000313,u_000313,2026-W35,ТСЧ,760.98,33.79,8
r_00006572,family_000313,u_000313,2026-W35,ТСЧ,825.34,58.10,5
r_00006573,family_000313,u_000313,2026-W36,ТСЧ,871.82,30.20,6
r_00006574,family_000313,u_000313,2026-W36,ТСЧ,739.89,74.04,11
r_00006728,family_000322,u_000322,2026-W25,ТС5,665.95,42.86,6
r_00006729,family_000322,u_000322,2026-W25,ТС5,336.91,23.97,8
r_00006730,family_000322,u_000322,2026-W26,ТС5,660.52,71.46,6
r_00006731,family_000322,u_000322,2026-W26,ТС5,548.16,50.34,8
r_00006732,family_000322,u_000322,2026-W27,ТС5,680.18,15.34,7
r_00006733,family_000322,u_000322,2026-W27,ТС5,686.15,50.36,6
r_00006734,family_000322,u_000322,2026-W28,ТС5,656.80,30.30,8
r_00006735,family_000322,u_000322,2026-W29,ТС5,654.84,0.00,6
r_00006736,family_000322,u_000322,2026-W29,ТС5,430.37,41.55,11
r_00006737,family_000322,u_000322,2026-W30,ТС5,554.75,39.50,8
r_00006738,family_000322,u_000322,2026-W31,ТС5,541.43,39.97,7
r_00006739,family_000322,u_000322,2026-W31,ТС5,628.06,62.50,6
r_00006740,family_000322,u_000322,2026-W32,ТС5,640.44,14.91,9
r_00006741,family_000322,u_000322,2026-W33,ТС5,775.47,74.71,9
r_00006742,family_000322,u_000322,2026-W34,ТС5,556.81,14.12,10
r_00006743,family_000322,u_000322,2026-W35,ТС5,676.64,73.69,9
r_00006744,family_000322,u_000322,2026-W35,ТС5,767.02,52.02,10
r_00006745,family_000322,u_000322,2026-W36,ТС5,596.24,35.52,10
r_00006746,family_000322,u_000322,2026-W36,ТС5,734.93,106.32,8
r_00006920,family_000330,u_000330,2026-W25,ТСЧ,651.56,116.73,10
r_00006921,family_000330,u_000330,2026-W25,ТСЧ,971.83,54.00,6
r_00006922,family_000330,u_000330,2026-W26,ТСЧ,612.30,34.83,8
r_00006923,family_000330,u_000330,2026-W26,ТСЧ,716.66,54.52,9
r_00006924,family_000330,u_000330,2026-W27,ТСЧ,807.43,53.73,7
r_00006925,family_000330,u_000330,2026-W27,ТСЧ,580.15,16.54,8
r_00006926,family_000330,u_000330,2026-W28,ТСЧ,882.34,0.00,5
r_00006927,family_000330,u_000330,2026-W28,ТСЧ,787.13,86.63,7
r_00006928,family_000330,u_000330,2026-W29,ТСЧ,909.33,77.27,7
r_00006929,family_000330,u_000330,2026-W29,ТСЧ,907.29,46.42,9
r_00006930,family_000330,u_000330,2026-W30,ТСЧ,874.60,95.65,9
r_00006931,family_000330,u_000330,2026-W31,ТСЧ,581.04,62.62,8
r_00006932,family_000330,u_000330,2026-W31,ТСЧ,671.32,32.00,5
r_00006933,family_000330,u_000330,2026-W32,ТСЧ,829.59,95.47,6
r_00006934,family_000330,u_000330,2026-W33,ТСЧ,1041.69,52.71,11
r_00006935,family_000330,u_000330,2026-W33,ТСЧ,685.56,70.04,10
r_00006936,family_000330,u_000330,2026-W33,ТСЧ,532.05,29.71,8
r_00006937,family_000330,u_000330,2026-W35,ТСЧ,570.36,24.71,10
r_00006938,family_000330,u_000330,2026-W35,ТСЧ,908.97,23.64,5
r_00006939,family_000330,u_000330,2026-W36,ТСЧ,1181.96,40.42,10
r_00006940,family_000330,u_000330,2026-W36,ТСЧ,695.60,43.56,8
r_00007114,family_000336,u_000336,2026-W25,ТСЧ,1072.28,0.00,5
r_00007115,family_000336,u_000336,2026-W25,ТСЧ,708.02,13.29,6
r_00007116,family_000336,u_000336,2026-W26,ТСЧ,828.25,14.65,10
r_00007117,family_000336,u_000336,2026-W26,ТСЧ,800.90,58.17,6
r_00007118,family_000336,u_000336,2026-W27,ТСЧ,815.35,0.00,6
r_00007119,family_000336,u_000336,2026-W27,ТСЧ,565.69,76.99,6
r_00007120,family_000336,u_000336,2026-W28,ТСЧ,922.64,35.19,11
r_00007121,family_000336,u_000336,2026-W29,ТСЧ,674.74,30.91,7
r_00007122,family_000336,u_000336,2026-W29,ТСЧ,915.03,50.55,9
r_00007123,family_000336,u_000336,2026-W30,ТСЧ,936.70,78.15,5
r_00007124,family_000336,u_000336,2026-W31,ТСЧ,699.72,23.43,8
r_00007125,family_000336,u_000336,2026-W31,ТСЧ,823.87,33.58,9
r_00007126,family_000336,u_000336,2026-W32,ТСЧ,560.64,70.19,8
r_00007127,family_000336,u_000336,2026-W33,ТСЧ,849.26,113.86,6
r_00007128,family_000336,u_000336,2026-W33,ТСЧ,768.88,40.80,7
r_00007129,family_000336,u_000336,2026-W35,ТСЧ,1068.36,39.39,8
r_00007130,family_000336,u_000336,2026-W36,ТСЧ,648.51,35.66,7
r_00007131,family_000336,u_000336,2026-W36,ТСЧ,1060.94,15.84,5
r_00007159,family_000339,u_000339,2026-W25,ТС5,832.54,27.86,9
r_00007160,family_000339,u_000339,2026-W25,ТС5,767.69,0.00,6
r_00007161,family_000339,u_000339,2026-W26,ТС5,599.58,15.96,10
r_00007162,family_000339,u_000339,2026-W26,ТС5,540.29,24.26,10
r_00007163,family_000339,u_000339,2026-W26,ТС5,575.96,12.54,5
r_00007164,family_000339,u_000339,2026-W27,ТС5,607.97,0.00,6
r_00007165,family_000339,u_000339,2026-W27,ТС5,442.76,21.11,10
r_00007166,family_000339,u_000339,2026-W27,ТС5,852.00,57.55,7
r_00007167,family_000339,u_000339,2026-W28,ТС5,653.38,0.00,11
r_00007168,family_000339,u_000339,2026-W28,ТС5,677.68,60.60,6
r_00007169,family_000339,u_000339,2026-W28,ТС5,615.30,46.25,8
r_00007170,family_000339,u_000339,2026-W29,ТС5,632.02,41.63,9
r_00007171,family_000339,u_000339,2026-W29,ТС5,657.71,26.63,11
r_00007172,family_000339,u_000339,2026-W29,ТС5,670.46,22.80,8
r_00007173,family_000339,u_000339,2026-W30,ТС5,571.71,45.33,7
r_00007174,family_000339,u_000339,2026-W30,ТС5,348.29,10.57,9
r_00007175,family_000339,u_000339,2026-W30,ТС5,691.64,13.09,8
r_00007176,family_000339,u_000339,2026-W31,ТС5,708.22,53.02,7
r_00007177,family_000339,u_000339,2026-W31,ТС5,683.15,17.65,8
r_00007178,family_000339,u_000339,2026-W31,ТС5,885.86,26.68,5
r_00007179,family_000339,u_000339,2026-W32,ТС5,571.53,40.96,7
r_00007180,family_000339,u_000339,2026-W32,ТС5,622.75,27.03,10
r_00007181,family_000339,u_000339,2026-W32,ТС5,809.10,46.42,9
r_00007182,family_000339,u_000339,2026-W32,ТС5,587.87,53.23,8
r_00007183,family_000339,u_000339,2026-W33,ТС5,711.24,43.26,8
r_00007184,family_000339,u_000339,2026-W33,ТС5,411.20,42.36,5
r_00007185,family_000339,u_000339,2026-W33,ТС5,494.58,33.32,11
r_00007186,family_000339,u_000339,2026-W34,ТС5,838.77,104.27,5
r_00007187,family_000339,u_000339,2026-W34,ТС5,928.43,14.64,5
r_00007188,family_000339,u_000339,2026-W34,ТС5,581.30,0.00,7
r_00007189,family_000339,u_000339,2026-W34,ТС5,776.77,67.49,11
r_00007190,family_000339,u_000339,2026-W35,ТС5,766.37,23.09,8
r_00007191,family_000339,u_000339,2026-W35,ТС5,681.58,35.10,11
r_00007192,family_000339,u_000339,2026-W35,ТС5,613.19,67.71,6
r_00007193,family_000339,u_000339,2026-W36,ТС5,927.46,0.00,5
r_00007194,family_000339,u_000339,2026-W36,ТС5,773.63,30.56,8
r_00007195,family_000339,u_000339,2026-W36,ТС5,528.04,26.65,6
r_00007295,family_000347,u_000347,2026-W25,ТСЧ,683.85,31.09,7
r_00007296,family_000347,u_000347,2026-W25,ТСЧ,949.42,16.26,11
r_00007297,family_000347,u_000347,2026-W25,ТСЧ,855.14,0.00,6
r_00007298,family_000347,u_000347,2026-W26,ТСЧ,789.09,6.88,10
r_00007299,family_000347,u_000347,2026-W26,ТСЧ,797.51,45.91,11
r_00007300,family_000347,u_000347,2026-W27,ТСЧ,841.74,69.12,5
r_00007301,family_000347,u_000347,2026-W27,ТСЧ,727.23,51.55,10
r_00007302,family_000347,u_000347,2026-W27,ТСЧ,736.97,90.20,10
r_00007303,family_000347,u_000347,2026-W28,ТСЧ,1146.41,87.87,10
r_00007304,family_000347,u_000347,2026-W28,ТСЧ,612.83,31.87,11
r_00007305,family_000347,u_000347,2026-W28,ТСЧ,471.29,30.41,5
r_00007306,family_000347,u_000347,2026-W29,ТСЧ,1075.38,90.06,10
r_00007307,family_000347,u_000347,2026-W29,ТСЧ,824.69,39.24,8
r_00007308,family_000347,u_000347,2026-W29,ТСЧ,864.19,33.09,11
r_00007309,family_000347,u_000347,2026-W30,ТСЧ,958.61,58.36,7
r_00007310,family_000347,u_000347,2026-W30,ТСЧ,831.29,47.89,11
r_00007311,family_000347,u_000347,2026-W31,ТСЧ,930.44,81.84,7
r_00007312,family_000347,u_000347,2026-W31,ТСЧ,1015.61,96.76,8
r_00007313,family_000347,u_000347,2026-W31,ТСЧ,786.74,22.95,10
r_00007314,family_000347,u_000347,2026-W32,ТСЧ,800.37,24.79,6
r_00007315,family_000347,u_000347,2026-W32,ТСЧ,914.04,25.06,11
r_00007316,family_000347,u_000347,2026-W33,ТСЧ,1179.14,0.00,5
r_00007317,family_000347,u_000347,2026-W33,ТСЧ,868.10,30.26,5
r_00007318,family_000347,u_000347,2026-W33,ТСЧ,828.97,69.94,6
r_00007319,family_000347,u_000347,2026-W34,ТСЧ,363.50,31.50,11
r_00007320,family_000347,u_000347,2026-W34,ТСЧ,880.46,23.45,6
r_00007321,family_000347,u_000347,2026-W34,ТСЧ,739.05,25.19,10
r_00007322,family_000347,u_000347,2026-W35,ТСЧ,989.08,73.48,8
r_00007323,family_000347,u_000347,2026-W35,ТСЧ,765.18,20.71,6
r_00007324,family_000347,u_000347,2026-W35,ТСЧ,909.03,0.00,11
r_00007325,family_000347,u_000347,2026-W36,ТСЧ,972.98,29.12,5
r_00007326,family_000347,u_000347,2026-W36,ТСЧ,846.31,50.49,10
r_00007362,family_000350,u_000350,2026-W25,ТС5,827.18,124.60,8
r_00007363,family_000350,u_000350,2026-W25,ТС5,637.11,64.14,7
r_00007364,family_000350,u_000350,2026-W26,ТС5,591.13,29.93,7
r_00007365,family_000350,u_000350,2026-W26,ТС5,526.39,138.15,5
r_00007366,family_000350,u_000350,2026-W27,ТС5,756.89,28.17,7
r_00007367,family_000350,u_000350,2026-W27,ТС5,566.61,70.43,9
r_00007368,family_000350,u_000350,2026-W28,ТС5,326.38,48.43,11
r_00007369,family_000350,u_000350,2026-W28,ТС5,668.08,22.46,9
r_00007370,family_000350,u_000350,2026-W29,ТС5,538.43,54.34,11
r_00007371,family_000350,u_000350,2026-W29,ТС5,524.73,56.78,9
r_00007372,family_000350,u_000350,2026-W29,ТС5,482.98,48.39,8
r_00007373,family_000350,u_000350,2026-W30,ТС5,471.71,133.42,5
r_00007374,family_000350,u_000350,2026-W30,ТС5,670.39,55.01,5
r_00007375,family_000350,u_000350,2026-W31,ТС5,652.91,64.42,6
r_00007376,family_000350,u_000350,2026-W31,ТС5,635.68,61.40,6
r_00007377,family_000350,u_000350,2026-W32,ТС5,580.50,107.70,10
r_00007378,family_000350,u_000350,2026-W32,ТС5,758.54,85.83,11
r_00007379,family_000350,u_000350,2026-W33,ТС5,460.60,41.71,6
r_00007380,family_000350,u_000350,2026-W33,ТС5,535.26,89.23,7
r_00007381,family_000350,u_000350,2026-W33,ТС5,660.13,38.06,7
r_00007382,family_000350,u_000350,2026-W34,ТС5,585.08,72.59,11
r_00007383,family_000350,u_000350,2026-W34,ТС5,658.92,50.14,10
r_00007384,family_000350,u_000350,2026-W35,ТС5,589.20,33.42,10
r_00007385,family_000350,u_000350,2026-W35,ТС5,931.14,63.09,7
r_00007386,family_000350,u_000350,2026-W35,ТС5,896.15,105.72,8
r_00007387,family_000350,u_000350,2026-W36,ТС5,566.28,40.87,7
r_00007388,family_000350,u_000350,2026-W36,ТС5,372.07,66.70,10
r_00007389,family_000351,u_000351,2026-W25,ТС5,905.26,60.27,5
r_00007390,family_000351,u_000351,2026-W25,ТС5,501.96,52.25,8
r_00007391,family_000351,u_000351,2026-W26,ТС5,416.54,84.74,7
r_00007392,family_000351,u_000351,2026-W26,ТС5,495.54,33.02,11
r_00007393,family_000351,u_000351,2026-W27,ТС5,529.20,34.63,5
r_00007394,family_000351,u_000351,2026-W28,ТС5,628.44,66.16,5
r_00007395,family_000351,u_000351,2026-W28,ТС5,625.55,49.65,7
r_00007396,family_000351,u_000351,2026-W29,ТС5,499.53,70.54,8
r_00007397,family_000351,u_000351,2026-W29,ТС5,508.95,61.28,7
r_00007398,family_000351,u_000351,2026-W30,ТС5,681.18,93.08,9
r_00007399,family_000351,u_000351,2026-W30,ТС5,500.16,59.43,9
r_00007400,family_000351,u_000351,2026-W31,ТС5,653.26,48.40,10
r_00007401,family_000351,u_000351,2026-W31,ТС5,466.47,45.65,6
r_00007402,family_000351,u_000351,2026-W31,ТС5,585.07,49.50,11
r_00007403,family_000351,u_000351,2026-W32,ТС5,560.74,83.18,10
r_00007404,family_000351,u_000351,2026-W33,ТС5,881.23,43.14,8
r_00007405,family_000351,u_000351,2026-W33,ТС5,513.90,8.79,11
r_00007406,family_000351,u_000351,2026-W35,ТС5,541.94,95.94,6
r_00007407,family_000351,u_000351,2026-W35,ТС5,759.77,46.26,8
r_00007408,family_000351,u_000351,2026-W36,ТС5,438.76,45.53,5
r_00007409,family_000351,u_000351,2026-W36,ТС5,532.92,66.45,10
r_00007410,family_000351,u_000351,2026-W36,ТС5,383.72,29.34,8
r_00007411,family_000352,u_000352,2026-W25,ТСЧ,564.85,75.91,6
r_00007412,family_000352,u_000352,2026-W25,ТСЧ,944.65,30.37,6
r_00007413,family_000352,u_000352,2026-W25,ТСЧ,1147.95,32.43,8
r_00007414,family_000352,u_000352,2026-W26,ТСЧ,806.85,25.22,7
r_00007415,family_000352,u_000352,2026-W26,ТСЧ,943.83,36.10,8
r_00007416,family_000352,u_000352,2026-W26,ТСЧ,988.05,20.76,6
r_00007417,family_000352,u_000352,2026-W27,ТСЧ,755.83,24.51,11
r_00007418,family_000352,u_000352,2026-W27,ТСЧ,744.30,35.29,5
r_00007419,family_000352,u_000352,2026-W27,ТСЧ,826.08,65.81,9
r_00007420,family_000352,u_000352,2026-W28,ТСЧ,861.52,64.69,9
r_00007421,family_000352,u_000352,2026-W28,ТСЧ,723.44,46.72,9
r_00007422,family_000352,u_000352,2026-W28,ТСЧ,1081.62,0.00,5
r_00007423,family_000352,u_000352,2026-W29,ТСЧ,768.10,19.46,7
r_00007424,family_000352,u_000352,2026-W29,ТСЧ,867.88,78.06,5
r_00007425,family_000352,u_000352,2026-W29,ТСЧ,657.99,112.73,7
r_00007426,family_000352,u_000352,2026-W30,ТСЧ,897.33,30.81,8
r_00007427,family_000352,u_000352,2026-W30,ТСЧ,893.49,97.50,5
r_00007428,family_000352,u_000352,2026-W31,ТСЧ,764.31,16.76,6
r_00007429,family_000352,u_000352,2026-W31,ТСЧ,868.43,76.00,5
r_00007430,family_000352,u_000352,2026-W31,ТСЧ,1123.14,12.81,10
r_00007431,family_000352,u_000352,2026-W32,ТСЧ,908.10,136.64,11
r_00007432,family_000352,u_000352,2026-W32,ТСЧ,725.04,49.62,9
r_00007433,family_000352,u_000352,2026-W32,ТСЧ,713.22,13.58,10
r_00007434,family_000352,u_000352,2026-W33,ТСЧ,898.02,78.34,10
r_00007435,family_000352,u_000352,2026-W33,ТСЧ,394.55,14.67,8
r_00007436,family_000352,u_000352,2026-W34,ТСЧ,800.29,55.70,11
r_00007437,family_000352,u_000352,2026-W34,ТСЧ,866.14,85.61,7
r_00007438,family_000352,u_000352,2026-W35,ТСЧ,683.52,42.98,6
r_00007439,family_000352,u_000352,2026-W35,ТСЧ,797.88,0.00,8
r_00007440,family_000352,u_000352,2026-W35,ТСЧ,695.37,41.16,10
r_00007441,family_000352,u_000352,2026-W36,ТСЧ,841.24,52.57,8
r_00007442,family_000352,u_000352,2026-W36,ТСЧ,907.10,39.08,10
r_00007443,family_000352,u_000352,2026-W36,ТСЧ,770.37,47.71,10
r_00007510,family_000356,u_000356,2026-W25,ТС5,651.79,0.00,8
r_00007511,family_000356,u_000356,2026-W25,ТС5,599.41,33.81,10
r_00007512,family_000356,u_000356,2026-W26,ТС5,492.80,4.95,7
r_00007513,family_000356,u_000356,2026-W26,ТС5,847.70,31.22,8
r_00007514,family_000356,u_000356,2026-W27,ТС5,669.08,35.46,9
r_00007515,family_000356,u_000356,2026-W27,ТС5,407.79,43.16,7
r_00007516,family_000356,u_000356,2026-W28,ТС5,634.66,77.66,9
r_00007517,family_000356,u_000356,2026-W28,ТС5,428.61,27.12,7
r_00007518,family_000356,u_000356,2026-W29,ТС5,783.33,31.25,7
r_00007519,family_000356,u_000356,2026-W29,ТС5,594.97,100.32,8
r_00007520,family_000356,u_000356,2026-W30,ТС5,727.57,0.00,10
r_00007521,family_000356,u_000356,2026-W30,ТС5,513.46,8.74,5
r_00007522,family_000356,u_000356,2026-W31,ТС5,571.10,44.12,6
r_00007523,family_000356,u_000356,2026-W31,ТС5,707.67,13.13,9
r_00007524,family_000356,u_000356,2026-W32,ТС5,609.71,20.14,6
r_00007525,family_000356,u_000356,2026-W32,ТС5,605.96,26.03,8
r_00007526,family_000356,u_000356,2026-W32,ТС5,598.31,39.44,6
r_00007527,family_000356,u_000356,2026-W33,ТС5,559.53,47.65,6
r_00007528,family_000356,u_000356,2026-W33,ТС5,658.52,10.14,9
r_00007529,family_000356,u_000356,2026-W34,ТС5,596.30,40.92,10
r_00007530,family_000356,u_000356,2026-W34,ТС5,402.47,31.08,5
r_00007531,family_000356,u_000356,2026-W35,ТС5,514.44,65.22,6
r_00007532,family_000356,u_000356,2026-W35,ТС5,511.08,0.00,5
r_00007533,family_000356,u_000356,2026-W36,ТС5,506.67,58.19,7
r_00007534,family_000356,u_000356,2026-W36,ТС5,624.80,60.65,9
r_00007535,family_000356,u_000356,2026-W36,ТС5,548.40,0.00,7
r_00007572,family_000360,u_000360,2026-W25,ТС5,389.17,32.09,9
r_00007573,family_000360,u_000360,2026-W25,ТС5,772.51,25.47,5
r_00007574,family_000360,u_000360,2026-W26,ТС5,616.60,8.87,8
r_00007575,family_000360,u_000360,2026-W26,ТС5,587.81,15.38,6
r_00007576,family_000360,u_000360,2026-W26,ТС5,411.59,54.89,10
r_00007577,family_000360,u_000360,2026-W27,ТС5,733.65,30.55,10
r_00007578,family_000360,u_000360,2026-W27,ТС5,532.04,42.05,7
r_00007579,family_000360,u_000360,2026-W27,ТС5,635.95,19.28,9
r_00007580,family_000360,u_000360,2026-W28,ТС5,638.64,16.39,8
r_00007581,family_000360,u_000360,2026-W28,ТС5,591.24,61.54,11
r_00007582,family_000360,u_000360,2026-W29,ТС5,845.27,22.20,11
r_00007583,family_000360,u_000360,2026-W29,ТС5,596.38,69.89,6
r_00007584,family_000360,u_000360,2026-W29,ТС5,627.50,89.15,7
r_00007585,family_000360,u_000360,2026-W29,ТС5,753.82,63.87,6
r_00007586,family_000360,u_000360,2026-W30,ТС5,840.59,0.00,9
r_00007587,family_000360,u_000360,2026-W30,ТС5,537.30,47.18,11
r_00007588,family_000360,u_000360,2026-W30,ТС5,763.33,35.81,8
r_00007589,family_000360,u_000360,2026-W31,ТС5,578.86,16.59,10
r_00007590,family_000360,u_000360,2026-W31,ТС5,732.39,63.36,6
r_00007591,family_000360,u_000360,2026-W31,ТС5,767.09,46.79,10
r_00007592,family_000360,u_000360,2026-W32,ТС5,523.16,54.59,9
r_00007593,family_000360,u_000360,2026-W32,ТС5,640.63,0.00,6
r_00007594,family_000360,u_000360,2026-W32,ТС5,515.81,9.70,7
r_00007595,family_000360,u_000360,2026-W33,ТС5,663.94,53.14,8
r_00007596,family_000360,u_000360,2026-W33,ТС5,761.86,19.42,9
r_00007597,family_000360,u_000360,2026-W33,ТС5,622.86,35.32,11
r_00007598,family_000360,u_000360,2026-W34,ТС5,507.15,43.54,10
r_00007599,family_000360,u_000360,2026-W34,ТС5,528.64,40.85,9
r_00007600,family_000360,u_000360,2026-W34,ТС5,558.25,67.77,11
r_00007601,family_000360,u_000360,2026-W35,ТС5,707.90,27.13,5
r_00007602,family_000360,u_000360,2026-W35,ТС5,574.48,19.15,6
r_00007603,family_000360,u_000360,2026-W35,ТС5,709.09,31.77,5
r_00007604,family_000360,u_000360,2026-W36,ТС5,711.37,7.02,6
r_00007605,family_000360,u_000360,2026-W36,ТС5,627.42,94.86,10
r_00007624,family_000362,u_000362,2026-W25,ТС5,877.12,37.84,9
r_00007625,family_000362,u_000362,2026-W26,ТС5,503.42,52.76,7
r_00007626,family_000362,u_000362,2026-W26,ТС5,745.66,28.80,6
r_00007627,family_000362,u_000362,2026-W27,ТС5,530.18,43.81,9
r_00007628,family_000362,u_000362,2026-W27,ТС5,684.01,10.93,8
r_00007629,family_000362,u_000362,2026-W28,ТС5,725.44,14.03,5
r_00007630,family_000362,u_000362,2026-W29,ТС5,603.10,30.34,9
r_00007631,family_000362,u_000362,2026-W29,ТС5,657.61,49.35,11
r_00007632,family_000362,u_000362,2026-W30,ТС5,603.16,10.97,7
r_00007633,family_000362,u_000362,2026-W31,ТС5,854.79,27.83,5
r_00007634,family_000362,u_000362,2026-W31,ТС5,737.98,55.55,5
r_00007635,family_000362,u_000362,2026-W32,ТС5,753.32,39.00,11
r_00007636,family_000362,u_000362,2026-W32,ТС5,672.17,32.69,9
r_00007637,family_000362,u_000362,2026-W33,ТС5,580.22,64.45,11
r_00007638,family_000362,u_000362,2026-W33,ТС5,670.55,10.53,5
r_00007639,family_000362,u_000362,2026-W34,ТС5,564.21,52.48,9
r_00007640,family_000362,u_000362,2026-W35,ТС5,483.15,33.85,9
r_00007641,family_000362,u_000362,2026-W36,ТС5,776.12,105.93,7
r_00007642,family_000363,u_000363,2026-W25,ТС5,437.19,16.59,9
r_00007643,family_000363,u_000363,2026-W25,ТС5,631.70,49.76,5
r_00007644,family_000363,u_000363,2026-W26,ТС5,454.69,21.99,5
r_00007645,family_000363,u_000363,2026-W26,ТС5,742.95,78.46,5
r_00007646,family_000363,u_000363,2026-W27,ТС5,528.64,16.13,9
r_00007647,family_000363,u_000363,2026-W27,ТС5,606.02,43.07,10
r_00007648,family_000363,u_000363,2026-W28,ТС5,713.49,68.39,11
r_00007649,family_000363,u_000363,2026-W29,ТС5,682.24,27.84,7
r_00007650,family_000363,u_000363,2026-W29,ТС5,637.80,73.05,11
r_00007651,family_000363,u_000363,2026-W29,ТС5,606.00,78.15,9
r_00007652,family_000363,u_000363,2026-W30,ТС5,615.89,34.53,10
r_00007653,family_000363,u_000363,2026-W30,ТС5,717.04,18.52,8
r_00007654,family_000363,u_000363,2026-W30,ТС5,690.22,10.29,9
r_00007655,family_000363,u_000363,2026-W31,ТС5,551.93,18.31,11
r_00007656,family_000363,u_000363,2026-W31,ТС5,672.66,12.45,6
r_00007657,family_000363,u_000363,2026-W31,ТС5,728.58,10.72,10
r_00007658,family_000363,u_000363,2026-W32,ТС5,719.30,73.34,7
r_00007659,family_000363,u_000363,2026-W32,ТС5,716.84,0.00,8
r_00007660,family_000363,u_000363,2026-W32,ТС5,657.83,51.92,8
r_00007661,family_000363,u_000363,2026-W32,ТС5,542.90,57.60,5
r_00007662,family_000363,u_000363,2026-W33,ТС5,451.73,73.36,11
r_00007663,family_000363,u_000363,2026-W33,ТС5,824.65,0.00,7
r_00007664,family_000363,u_000363,2026-W34,ТС5,547.46,14.89,7
r_00007665,family_000363,u_000363,2026-W34,ТС5,483.20,13.37,10
r_00007666,family_000363,u_000363,2026-W35,ТС5,692.48,15.73,7
r_00007667,family_000363,u_000363,2026-W35,ТС5,794.76,16.55,5
r_00007668,family_000363,u_000363,2026-W36,ТС5,823.20,78.25,6
r_00007669,family_000363,u_000363,2026-W36,ТС5,570.81,33.01,8
r_00007686,family_000365,u_000365,2026-W25,ТС5,575.91,45.32,8
r_00007687,family_000365,u_000365,2026-W25,ТС5,664.56,14.83,8
r_00007688,family_000365,u_000365,2026-W26,ТС5,500.38,36.41,11
r_00007689,family_000365,u_000365,2026-W26,ТС5,362.87,31.01,11
r_00007690,family_000365,u_000365,2026-W27,ТС5,843.99,36.52,11
r_00007691,family_000365,u_000365,2026-W28,ТС5,608.09,9.41,6
r_00007692,family_000365,u_000365,2026-W28,ТС5,789.82,35.53,5
r_00007693,family_000365,u_000365,2026-W29,ТС5,659.62,51.64,5
r_00007694,family_000365,u_000365,2026-W29,ТС5,422.38,28.41,7
r_00007695,family_000365,u_000365,2026-W29,ТС5,740.31,36.44,5
r_00007696,family_000365,u_000365,2026-W30,ТС5,792.28,29.99,10
r_00007697,family_000365,u_000365,2026-W30,ТС5,642.41,13.57,8
r_00007698,family_000365,u_000365,2026-W30,ТС5,662.48,10.60,8
r_00007699,family_000365,u_000365,2026-W31,ТС5,738.72,24.39,11
r_00007700,family_000365,u_000365,2026-W31,ТС5,583.20,0.00,6
r_00007701,family_000365,u_000365,2026-W32,ТС5,537.05,18.99,7
r_00007702,family_000365,u_000365,2026-W32,ТС5,643.42,43.30,9
r_00007703,family_000365,u_000365,2026-W33,ТС5,728.52,30.99,6
r_00007704,family_000365,u_000365,2026-W33,ТС5,813.68,61.76,9
r_00007705,family_000365,u_000365,2026-W33,ТС5,698.77,41.24,5
r_00007706,family_000365,u_000365,2026-W34,ТС5,702.05,32.30,6
r_00007707,family_000365,u_000365,2026-W34,ТС5,504.37,9.21,9
r_00007708,family_000365,u_000365,2026-W35,ТС5,566.52,22.91,8
r_00007709,family_000365,u_000365,2026-W35,ТС5,589.81,11.63,7
r_00007710,family_000365,u_000365,2026-W36,ТС5,572.37,47.15,9
r_00007750,family_000368,u_000368,2026-W25,ТС5,697.21,99.91,9
r_00007751,family_000368,u_000368,2026-W25,ТС5,600.89,78.73,5
r_00007752,family_000368,u_000368,2026-W26,ТС5,669.31,159.77,6
r_00007753,family_000368,u_000368,2026-W26,ТС5,606.55,95.68,9
r_00007754,family_000368,u_000368,2026-W27,ТС5,620.59,57.71,8
r_00007755,family_000368,u_000368,2026-W27,ТС5,676.85,97.88,7
r_00007756,family_000368,u_000368,2026-W28,ТС5,561.25,102.65,10
r_00007757,family_000368,u_000368,2026-W28,ТС5,485.17,114.10,5
r_00007758,family_000368,u_000368,2026-W29,ТС5,501.93,54.07,5
r_00007759,family_000368,u_000368,2026-W29,ТС5,613.83,166.31,8
r_00007760,family_000368,u_000368,2026-W30,ТС5,736.57,154.00,5
r_00007761,family_000368,u_000368,2026-W30,ТС5,688.30,158.32,9
r_00007762,family_000368,u_000368,2026-W30,ТС5,606.08,94.60,11
r_00007763,family_000368,u_000368,2026-W31,ТС5,545.60,64.58,5
r_00007764,family_000368,u_000368,2026-W31,ТС5,623.16,76.41,5
r_00007765,family_000368,u_000368,2026-W32,ТС5,425.00,44.94,8
r_00007766,family_000368,u_000368,2026-W32,ТС5,736.86,112.03,10
r_00007767,family_000368,u_000368,2026-W33,ТС5,516.10,65.86,6
r_00007768,family_000368,u_000368,2026-W33,ТС5,574.83,40.08,6
r_00007769,family_000368,u_000368,2026-W34,ТС5,652.24,30.89,11
r_00007770,family_000368,u_000368,2026-W34,ТС5,756.48,80.43,9
r_00007771,family_000368,u_000368,2026-W35,ТС5,704.06,18.89,5
r_00007772,family_000368,u_000368,2026-W35,ТС5,757.66,88.42,11
r_00007773,family_000368,u_000368,2026-W36,ТС5,785.94,24.17,9
r_00007774,family_000368,u_000368,2026-W36,ТС5,414.77,48.73,7
r_00007820,family_000372,u_000372,2026-W25,ТС5,550.79,28.69,7
r_00007821,family_000372,u_000372,2026-W25,ТС5,408.09,10.77,11
r_00007822,family_000372,u_000372,2026-W26,ТС5,637.41,30.38,11
r_00007823,family_000372,u_000372,2026-W26,ТС5,650.92,13.09,10
r_00007824,family_000372,u_000372,2026-W26,ТС5,512.74,45.99,10
r_00007825,family_000372,u_000372,2026-W27,ТС5,793.31,68.93,5
r_00007826,family_000372,u_000372,2026-W27,ТС5,540.45,25.08,10
r_00007827,family_000372,u_000372,2026-W28,ТС5,571.43,0.00,8
r_00007828,family_000372,u_000372,2026-W28,ТС5,558.87,55.15,5
r_00007829,family_000372,u_000372,2026-W28,ТС5,455.10,86.95,8
r_00007830,family_000372,u_000372,2026-W29,ТС5,433.22,5.06,8
r_00007831,family_000372,u_000372,2026-W29,ТС5,496.69,56.32,5
r_00007832,family_000372,u_000372,2026-W30,ТС5,407.20,41.97,5
r_00007833,family_000372,u_000372,2026-W30,ТС5,573.14,0.00,6
r_00007834,family_000372,u_000372,2026-W30,ТС5,585.27,13.36,10
r_00007835,family_000372,u_000372,2026-W31,ТС5,475.84,42.30,5
r_00007836,family_000372,u_000372,2026-W31,ТС5,401.96,4.84,6
r_00007837,family_000372,u_000372,2026-W31,ТС5,720.19,75.24,5
r_00007838,family_000372,u_000372,2026-W32,ТС5,529.04,43.82,5
r_00007839,family_000372,u_000372,2026-W32,ТС5,747.92,49.68,6
r_00007840,family_000372,u_000372,2026-W33,ТС5,716.51,51.61,9
r_00007841,family_000372,u_000372,2026-W33,ТС5,507.68,22.77,10
r_00007842,family_000372,u_000372,2026-W34,ТС5,588.18,48.12,10
r_00007843,family_000372,u_000372,2026-W34,ТС5,632.18,56.34,11
r_00007844,family_000372,u_000372,2026-W35,ТС5,700.68,20.34,9
r_00007845,family_000372,u_000372,2026-W35,ТС5,667.93,54.27,5
r_00007846,family_000372,u_000372,2026-W36,ТС5,811.63,47.86,7
r_00007847,family_000372,u_000372,2026-W36,ТС5,743.68,66.84,10
r_00007955,family_000380,u_000380,2026-W25,ТСХ,984.50,104.50,10
r_00007956,family_000380,u_000380,2026-W25,ТСХ,1253.81,218.79,7
r_00007957,family_000380,u_000380,2026-W25,ТСХ,1320.73,84.92,11
r_00007958,family_000380,u_000380,2026-W26,ТСХ,917.77,189.26,8
r_00007959,family_000380,u_000380,2026-W26,ТСХ,1171.19,114.59,9
r_00007960,family_000380,u_000380,2026-W26,ТСХ,832.66,151.61,8
r_00007961,family_000380,u_000380,2026-W27,ТСХ,867.97,43.88,7
r_00007962,family_000380,u_000380,2026-W27,ТСХ,845.43,216.87,11
r_00007963,family_000380,u_000380,2026-W27,ТСХ,751.31,126.08,8
r_00007964,family_000380,u_000380,2026-W28,ТСХ,1097.55,153.60,11
r_00007965,family_000380,u_000380,2026-W28,ТСХ,1222.45,207.44,11
r_00007966,family_000380,u_000380,2026-W28,ТСХ,992.30,132.31,8
r_00007967,family_000380,u_000380,2026-W29,ТСХ,716.48,103.70,7
r_00007968,family_000380,u_000380,2026-W29,ТСХ,1021.57,200.07,10
r_00007969,family_000380,u_000380,2026-W29,ТСХ,1156.99,135.65,8
r_00007970,family_000380,u_000380,2026-W30,ТСХ,798.97,98.73,7
r_00007971,family_000380,u_000380,2026-W30,ТСХ,946.66,90.32,11
r_00007972,family_000380,u_000380,2026-W30,ТСХ,1113.26,193.50,8
r_00007973,family_000380,u_000380,2026-W31,ТСХ,874.79,397.85,5
r_00007974,family_000380,u_000380,2026-W31,ТСХ,944.35,131.91,9
r_00007975,family_000380,u_000380,2026-W31,ТСХ,1006.98,103.38,6
r_00007976,family_000380,u_000380,2026-W32,ТСХ,1084.94,187.41,8
r_00007977,family_000380,u_000380,2026-W32,ТСХ,975.57,49.66,8
r_00007978,family_000380,u_000380,2026-W32,ТСХ,637.10,94.72,7
r_00007979,family_000380,u_000380,2026-W33,ТСХ,1067.05,169.64,7
r_00007980,family_000380,u_000380,2026-W33,ТСХ,982.80,137.98,5
r_00007981,family_000380,u_000380,2026-W33,ТСХ,880.24,96.34,8
r_00007982,family_000380,u_000380,2026-W34,ТСХ,1026.14,259.61,10
r_00007983,family_000380,u_000380,2026-W34,ТСХ,1212.31,173.90,9
r_00007984,family_000380,u_000380,2026-W34,ТСХ,939.46,132.76,11
r_00007985,family_000380,u_000380,2026-W35,ТСХ,1394.74,115.08,6
r_00007986,family_000380,u_000380,2026-W35,ТСХ,539.03,119.94,5
r_00007987,family_000380,u_000380,2026-W35,ТСХ,861.63,108.73,10
r_00007988,family_000380,u_000380,2026-W36,ТСХ,1003.27,99.47,6
r_00007989,family_000380,u_000380,2026-W36,ТСХ,586.91,112.37,6
r_00007990,family_000380,u_000380,2026-W36,ТСХ,1018.09,187.99,6
r_00008096,family_000386,u_000386,2026-W25,ТС5,775.65,22.39,7
r_00008097,family_000386,u_000386,2026-W25,ТС5,585.96,0.00,5
r_00008098,family_000386,u_000386,2026-W26,ТС5,666.66,16.19,5
r_00008099,family_000386,u_000386,2026-W27,ТС5,527.70,46.49,6
r_00008100,family_000386,u_000386,2026-W27,ТС5,727.99,4.68,10
r_00008101,family_000386,u_000386,2026-W28,ТС5,610.80,0.00,6
r_00008102,family_000386,u_000386,2026-W28,ТС5,560.10,0.00,6
r_00008103,family_000386,u_000386,2026-W29,ТС5,587.33,92.09,9
r_00008104,family_000386,u_000386,2026-W29,ТС5,753.22,53.18,10
r_00008105,family_000386,u_000386,2026-W30,ТС5,558.12,13.92,6
r_00008106,family_000386,u_000386,2026-W30,ТС5,570.33,19.15,10
r_00008107,family_000386,u_000386,2026-W31,ТС5,644.01,0.00,6
r_00008108,family_000386,u_000386,2026-W31,ТС5,594.40,35.30,8
r_00008109,family_000386,u_000386,2026-W32,ТС5,722.34,9.61,11
r_00008110,family_000386,u_000386,2026-W32,ТС5,567.79,39.65,5
r_00008111,family_000386,u_000386,2026-W32,ТС5,498.86,23.82,10
r_00008112,family_000386,u_000386,2026-W33,ТС5,634.02,41.76,6
r_00008113,family_000386,u_000386,2026-W33,ТС5,556.55,15.12,7
r_00008114,family_000386,u_000386,2026-W34,ТС5,606.01,47.38,7
r_00008115,family_000386,u_000386,2026-W34,ТС5,619.83,10.29,10
r_00008116,family_000386,u_000386,2026-W35,ТС5,652.10,9.07,10
r_00008117,family_000386,u_000386,2026-W36,ТС5,751.58,24.32,9
r_00008118,family_000387,u_000387,2026-W25,ТСЧ,748.45,112.76,6
r_00008119,family_000387,u_000387,2026-W25,ТСЧ,557.29,50.63,7
r_00008120,family_000387,u_000387,2026-W26,ТСЧ,846.52,45.42,6
r_00008121,family_000387,u_000387,2026-W26,ТСЧ,919.20,28.75,7
r_00008122,family_000387,u_000387,2026-W27,ТСЧ,978.19,134.33,7
r_00008123,family_000387,u_000387,2026-W27,ТСЧ,655.14,127.31,7
r_00008124,family_000387,u_000387,2026-W28,ТСЧ,781.30,39.64,8
r_00008125,family_000387,u_000387,2026-W28,ТСЧ,925.86,14.04,6
r_00008126,family_000387,u_000387,2026-W28,ТСЧ,795.82,127.09,7
r_00008127,family_000387,u_000387,2026-W28,ТСЧ,979.09,111.13,7
r_00008128,family_000387,u_000387,2026-W29,ТСЧ,661.71,39.47,8
r_00008129,family_000387,u_000387,2026-W29,ТСЧ,372.58,96.58,10
r_00008130,family_000387,u_000387,2026-W30,ТСЧ,846.12,87.21,11
r_00008131,family_000387,u_000387,2026-W30,ТСЧ,680.89,129.10,6
r_00008132,family_000387,u_000387,2026-W31,ТСЧ,737.55,55.53,7
r_00008133,family_000387,u_000387,2026-W31,ТСЧ,518.12,69.15,7
r_00008134,family_000387,u_000387,2026-W31,ТСЧ,681.43,30.36,8
r_00008135,family_000387,u_000387,2026-W32,ТСЧ,1052.26,89.72,9
r_00008136,family_000387,u_000387,2026-W32,ТСЧ,647.47,113.82,7
r_00008137,family_000387,u_000387,2026-W32,ТСЧ,661.44,30.14,9
r_00008138,family_000387,u_000387,2026-W33,ТСЧ,711.33,117.55,6
r_00008139,family_000387,u_000387,2026-W33,ТСЧ,928.14,69.25,7
r_00008140,family_000387,u_000387,2026-W33,ТСЧ,773.88,95.53,9
r_00008141,family_000387,u_000387,2026-W34,ТСЧ,640.45,83.95,9
r_00008142,family_000387,u_000387,2026-W34,ТСЧ,1092.15,24.66,8
r_00008143,family_000387,u_000387,2026-W34,ТСЧ,546.41,33.06,9
r_00008144,family_000387,u_000387,2026-W35,ТСЧ,942.38,63.47,7
r_00008145,family_000387,u_000387,2026-W35,ТСЧ,749.36,65.51,8
r_00008146,family_000387,u_000387,2026-W36,ТСЧ,858.46,81.05,7
r_00008147,family_000387,u_000387,2026-W36,ТСЧ,924.62,121.51,7
r_00008148,family_000388,u_000388,2026-W25,ТС5,634.43,79.24,11
r_00008149,family_000388,u_000388,2026-W26,ТС5,692.92,39.62,9
r_00008150,family_000388,u_000388,2026-W26,ТС5,875.68,13.33,7
r_00008151,family_000388,u_000388,2026-W27,ТС5,710.71,131.52,8
r_00008152,family_000388,u_000388,2026-W27,ТС5,676.50,50.77,8
r_00008153,family_000388,u_000388,2026-W28,ТС5,720.96,17.66,5
r_00008154,family_000388,u_000388,2026-W29,ТС5,597.73,30.97,9
r_00008155,family_000388,u_000388,2026-W29,ТС5,646.28,19.87,9
r_00008156,family_000388,u_000388,2026-W30,ТС5,524.64,17.92,9
r_00008157,family_000388,u_000388,2026-W30,ТС5,951.09,18.29,7
r_00008158,family_000388,u_000388,2026-W31,ТС5,805.58,48.37,10
r_00008159,family_000388,u_000388,2026-W31,ТС5,815.37,9.78,9
r_00008160,family_000388,u_000388,2026-W32,ТС5,616.57,32.06,9
r_00008161,family_000388,u_000388,2026-W32,ТС5,621.11,85.96,8
r_00008162,family_000388,u_000388,2026-W34,ТС5,800.38,42.45,7
r_00008163,family_000388,u_000388,2026-W35,ТС5,704.73,58.32,11
r_00008164,family_000388,u_000388,2026-W36,ТС5,504.19,32.56,5
r_00008185,family_000390,u_000390,2026-W25,ТС5,722.01,19.43,9
r_00008186,family_000390,u_000390,2026-W25,ТС5,649.83,25.55,8
r_00008187,family_000390,u_000390,2026-W26,ТС5,718.83,25.30,10
r_00008188,family_000390,u_000390,2026-W26,ТС5,568.22,14.69,9
r_00008189,family_000390,u_000390,2026-W26,ТС5,686.86,28.52,10
r_00008190,family_000390,u_000390,2026-W27,ТС5,623.16,66.72,10
r_00008191,family_000390,u_000390,2026-W27,ТС5,707.38,60.18,5
r_00008192,family_000390,u_000390,2026-W28,ТС5,798.05,21.87,8
r_00008193,family_000390,u_000390,2026-W28,ТС5,657.68,73.76,9
r_00008194,family_000390,u_000390,2026-W29,ТС5,709.83,0.00,11
r_00008195,family_000390,u_000390,2026-W29,ТС5,407.13,12.14,10
r_00008196,family_000390,u_000390,2026-W30,ТС5,707.49,43.29,5
r_00008197,family_000390,u_000390,2026-W31,ТС5,757.22,70.70,9
r_00008198,family_000390,u_000390,2026-W31,ТС5,455.68,41.22,10
r_00008199,family_000390,u_000390,2026-W32,ТС5,843.70,13.80,8
r_00008200,family_000390,u_000390,2026-W33,ТС5,621.69,29.19,6
r_00008201,family_000390,u_000390,2026-W33,ТС5,482.86,30.96,7
r_00008202,family_000390,u_000390,2026-W34,ТС5,892.03,49.18,7
r_00008203,family_000390,u_000390,2026-W34,ТС5,449.24,0.00,6
r_00008204,family_000390,u_000390,2026-W35,ТС5,649.04,53.97,11
r_00008205,family_000390,u_000390,2026-W35,ТС5,679.57,39.63,6
r_00008206,family_000390,u_000390,2026-W36,ТС5,310.89,19.20,8
r_00008207,family_000391,u_000391,2026-W25,ТС5,789.04,66.68,11
r_00008208,family_000391,u_000391,2026-W25,ТС5,664.59,87.83,7
r_00008209,family_000391,u_000391,2026-W26,ТС5,611.92,12.68,10
r_00008210,family_000391,u_000391,2026-W26,ТС5,506.48,29.77,8
r_00008211,family_000391,u_000391,2026-W26,ТС5,561.88,35.20,5
r_00008212,family_000391,u_000391,2026-W27,ТС5,767.82,53.93,10
r_00008213,family_000391,u_000391,2026-W27,ТС5,591.49,59.33,7
r_00008214,family_000391,u_000391,2026-W27,ТС5,756.91,26.59,8
r_00008215,family_000391,u_000391,2026-W28,ТС5,520.40,36.43,10
r_00008216,family_000391,u_000391,2026-W29,ТС5,779.36,0.00,5
r_00008217,family_000391,u_000391,2026-W29,ТС5,631.75,103.93,10
r_00008218,family_000391,u_000391,2026-W29,ТС5,503.14,27.65,5
r_00008219,family_000391,u_000391,2026-W30,ТС5,767.67,20.68,11
r_00008220,family_000391,u_000391,2026-W30,ТС5,618.01,20.42,10
r_00008221,family_000391,u_000391,2026-W31,ТС5,602.92,10.60,6
r_00008222,family_000391,u_000391,2026-W31,ТС5,730.51,17.68,5
r_00008223,family_000391,u_000391,2026-W32,ТС5,706.19,51.76,5
r_00008224,family_000391,u_000391,2026-W32,ТС5,451.12,54.03,11
r_00008225,family_000391,u_000391,2026-W33,ТС5,664.81,15.73,7
r_00008226,family_000391,u_000391,2026-W33,ТС5,1016.96,11.66,8
r_00008227,family_000391,u_000391,2026-W33,ТС5,630.89,95.50,9
r_00008228,family_000391,u_000391,2026-W34,ТС5,470.72,36.86,11
r_00008229,family_000391,u_000391,2026-W34,ТС5,633.19,47.23,8
r_00008230,family_000391,u_000391,2026-W35,ТС5,798.59,31.87,7
r_00008231,family_000391,u_000391,2026-W35,ТС5,659.66,13.93,9
r_00008232,family_000391,u_000391,2026-W36,ТС5,456.76,19.96,10
r_00008233,family_000391,u_000391,2026-W36,ТС5,648.17,12.11,6
r_00008249,family_000393,u_000393,2026-W25,ТС5,704.42,38.89,9
r_00008250,family_000393,u_000393,2026-W25,ТС5,598.78,6.68,10
r_00008251,family_000393,u_000393,2026-W25,ТС5,561.70,36.00,9
r_00008252,family_000393,u_000393,2026-W26,ТС5,755.96,44.46,9
r_00008253,family_000393,u_000393,2026-W26,ТС5,760.73,0.00,5
r_00008254,family_000393,u_000393,2026-W26,ТС5,628.07,0.00,9
r_00008255,family_000393,u_000393,2026-W26,ТС5,725.41,56.27,11
r_00008256,family_000393,u_000393,2026-W27,ТС5,629.33,43.87,10
r_00008257,family_000393,u_000393,2026-W27,ТС5,658.58,43.56,8
r_00008258,family_000393,u_000393,2026-W27,ТС5,434.34,16.62,6
r_00008259,family_000393,u_000393,2026-W28,ТС5,685.39,37.31,9
r_00008260,family_000393,u_000393,2026-W28,ТС5,732.64,51.43,5
r_00008261,family_000393,u_000393,2026-W28,ТС5,696.77,29.16,10
r_00008262,family_000393,u_000393,2026-W29,ТС5,669.98,32.53,11
r_00008263,family_000393,u_000393,2026-W29,ТС5,575.03,52.17,8
r_00008264,family_000393,u_000393,2026-W29,ТС5,602.95,37.22,10
r_00008265,family_000393,u_000393,2026-W30,ТС5,568.98,32.62,5
r_00008266,family_000393,u_000393,2026-W30,ТС5,788.01,0.00,7
r_00008267,family_000393,u_000393,2026-W30,ТС5,622.15,46.39,8
r_00008268,family_000393,u_000393,2026-W31,ТС5,791.35,24.55,9
r_00008269,family_000393,u_000393,2026-W31,ТС5,730.28,10.56,5
r_00008270,family_000393,u_000393,2026-W31,ТС5,597.81,54.70,6
r_00008271,family_000393,u_000393,2026-W32,ТС5,629.45,45.16,7
r_00008272,family_000393,u_000393,2026-W32,ТС5,448.14,28.64,11
r_00008273,family_000393,u_000393,2026-W32,ТС5,611.64,0.00,5
r_00008274,family_000393,u_000393,2026-W33,ТС5,691.96,28.79,7
r_00008275,family_000393,u_000393,2026-W33,ТС5,679.27,44.13,5
r_00008276,family_000393,u_000393,2026-W33,ТС5,619.10,30.37,8
r_00008277,family_000393,u_000393,2026-W34,ТС5,602.96,20.61,8
r_00008278,family_000393,u_000393,2026-W34,ТС5,293.57,40.32,6
r_00008279,family_000393,u_000393,2026-W34,ТС5,540.29,21.95,6
r_00008280,family_000393,u_000393,2026-W35,ТС5,575.94,22.55,8
r_00008281,family_000393,u_000393,2026-W35,ТС5,882.43,75.60,11
r_00008282,family_000393,u_000393,2026-W35,ТС5,526.29,28.95,7
r_00008283,family_000393,u_000393,2026-W36,ТС5,536.54,43.83,9
r_00008284,family_000393,u_000393,2026-W36,ТС5,732.14,15.52,5
r_00008285,family_000393,u_000393,2026-W36,ТС5,371.01,18.72,10
r_00008286,family_000394,u_000394,2026-W25,ТСЧ,1046.20,12.49,10
r_00008287,family_000394,u_000394,2026-W25,ТСЧ,578.35,43.29,11
r_00008288,family_000394,u_000394,2026-W26,ТСЧ,806.56,53.98,7
r_00008289,family_000394,u_000394,2026-W26,ТСЧ,851.96,34.76,11
r_00008290,family_000394,u_000394,2026-W27,ТСЧ,784.74,71.16,9
r_00008291,family_000394,u_000394,2026-W27,ТСЧ,727.17,5.06,10
r_00008292,family_000394,u_000394,2026-W28,ТСЧ,692.27,90.40,9
r_00008293,family_000394,u_000394,2026-W29,ТСЧ,800.85,9.07,9
r_00008294,family_000394,u_000394,2026-W29,ТСЧ,688.67,17.15,10
r_00008295,family_000394,u_000394,2026-W30,ТСЧ,594.31,36.24,7
r_00008296,family_000394,u_000394,2026-W30,ТСЧ,762.72,49.84,11
r_00008297,family_000394,u_000394,2026-W31,ТСЧ,828.62,14.03,9
r_00008298,family_000394,u_000394,2026-W31,ТСЧ,725.36,17.20,6
r_00008299,family_000394,u_000394,2026-W31,ТСЧ,813.09,83.72,9
r_00008300,family_000394,u_000394,2026-W32,ТСЧ,838.58,30.67,11
r_00008301,family_000394,u_000394,2026-W32,ТСЧ,664.23,18.78,7
r_00008302,family_000394,u_000394,2026-W33,ТСЧ,560.81,6.59,10
r_00008303,family_000394,u_000394,2026-W33,ТСЧ,759.37,14.53,6
r_00008304,family_000394,u_000394,2026-W34,ТСЧ,778.34,60.31,8
r_00008305,family_000394,u_000394,2026-W34,ТСЧ,1069.20,12.98,9
r_00008306,family_000394,u_000394,2026-W35,ТСЧ,647.29,49.09,11
r_00008307,family_000394,u_000394,2026-W35,ТСЧ,545.54,34.20,5
r_00008308,family_000394,u_000394,2026-W36,ТСЧ,830.15,79.08,5
r_00008337,family_000398,u_000398,2026-W25,ТС5,551.83,76.54,10
r_00008338,family_000398,u_000398,2026-W25,ТС5,831.25,159.76,11
r_00008339,family_000398,u_000398,2026-W26,ТС5,620.42,4.06,10
r_00008340,family_000398,u_000398,2026-W26,ТС5,648.80,37.06,5
r_00008341,family_000398,u_000398,2026-W26,ТС5,863.54,85.24,11
r_00008342,family_000398,u_000398,2026-W27,ТС5,496.32,63.74,10
r_00008343,family_000398,u_000398,2026-W27,ТС5,760.33,97.49,10
r_00008344,family_000398,u_000398,2026-W28,ТС5,681.61,50.76,10
r_00008345,family_000398,u_000398,2026-W28,ТС5,580.31,22.29,6
r_00008346,family_000398,u_000398,2026-W29,ТС5,561.69,58.63,8
r_00008347,family_000398,u_000398,2026-W29,ТС5,531.66,80.40,8
r_00008348,family_000398,u_000398,2026-W30,ТС5,391.66,34.37,11
r_00008349,family_000398,u_000398,2026-W30,ТС5,634.75,153.47,7
r_00008350,family_000398,u_000398,2026-W31,ТС5,607.81,65.58,10
r_00008351,family_000398,u_000398,2026-W32,ТС5,594.14,22.46,7
r_00008352,family_000398,u_000398,2026-W32,ТС5,636.02,39.57,10
r_00008353,family_000398,u_000398,2026-W32,ТС5,724.08,80.87,11
r_00008354,family_000398,u_000398,2026-W33,ТС5,449.29,70.82,6
r_00008355,family_000398,u_000398,2026-W33,ТС5,733.22,93.74,7
r_00008356,family_000398,u_000398,2026-W34,ТС5,509.57,137.27,5
r_00008357,family_000398,u_000398,2026-W34,ТС5,563.48,41.96,10
r_00008358,family_000398,u_000398,2026-W35,ТС5,720.44,20.61,8
r_00008359,family_000398,u_000398,2026-W35,ТС5,546.45,43.22,5
r_00008360,family_000398,u_000398,2026-W35,ТС5,747.02,98.35,8
r_00008361,family_000398,u_000398,2026-W36,ТС5,879.09,73.09,11
r_00008362,family_000398,u_000398,2026-W36,ТС5,737.49,52.68,11
r_00008363,family_000398,u_000398,2026-W36,ТС5,628.23,79.81,8
r_00008479,family_000404,u_000404,2026-W25,ТС5,573.59,73.58,11
r_00008480,family_000404,u_000404,2026-W25,ТС5,735.72,92.03,6
r_00008481,family_000404,u_000404,2026-W26,ТС5,802.48,56.44,6
r_00008482,family_000404,u_000404,2026-W26,ТС5,414.38,36.59,8
r_00008483,family_000404,u_000404,2026-W27,ТС5,782.88,78.07,8
r_00008484,family_000404,u_000404,2026-W27,ТС5,447.39,51.25,10
r_00008485,family_000404,u_000404,2026-W28,ТС5,687.32,42.12,6
r_00008486,family_000404,u_000404,2026-W28,ТС5,611.86,61.27,11
r_00008487,family_000404,u_000404,2026-W29,ТС5,525.56,69.59,11
r_00008488,family_000404,u_000404,2026-W29,ТС5,496.44,20.10,6
r_00008489,family_000404,u_000404,2026-W30,ТС5,434.69,23.32,11
r_00008490,family_000404,u_000404,2026-W30,ТС5,591.67,149.04,5
r_00008491,family_000404,u_000404,2026-W31,ТС5,672.61,76.89,6
r_00008492,family_000404,u_000404,2026-W31,ТС5,377.42,27.90,9
r_00008493,family_000404,u_000404,2026-W32,ТС5,481.59,67.52,5
r_00008494,family_000404,u_000404,2026-W32,ТС5,667.39,51.76,11
r_00008495,family_000404,u_000404,2026-W33,ТС5,564.38,96.39,11
r_00008496,family_000404,u_000404,2026-W33,ТС5,550.15,23.54,8
r_00008497,family_000404,u_000404,2026-W33,ТС5,669.62,28.55,6
r_00008498,family_000404,u_000404,2026-W34,ТС5,709.09,84.74,11
r_00008499,family_000404,u_000404,2026-W34,ТС5,634.03,162.22,7
r_00008500,family_000404,u_000404,2026-W35,ТС5,639.06,97.66,5
r_00008501,family_000404,u_000404,2026-W35,ТС5,492.69,48.94,11
r_00008502,family_000404,u_000404,2026-W36,ТС5,649.34,56.10,5
r_00008503,family_000404,u_000404,2026-W36,ТС5,691.34,70.90,6
r_00008504,family_000405,u_000405,2026-W25,ТС5,729.13,39.31,9
r_00008505,family_000405,u_000405,2026-W25,ТС5,665.50,17.14,11
r_00008506,family_000405,u_000405,2026-W25,ТС5,608.76,0.00,5
r_00008507,family_000405,u_000405,2026-W26,ТС5,558.50,11.91,11
r_00008508,family_000405,u_000405,2026-W26,ТС5,712.26,51.01,6
r_00008509,family_000405,u_000405,2026-W27,ТС5,769.81,60.46,10
r_00008510,family_000405,u_000405,2026-W27,ТС5,459.95,49.80,7
r_00008511,family_000405,u_000405,2026-W27,ТС5,740.36,26.15,7
r_00008512,family_000405,u_000405,2026-W28,ТС5,558.86,36.06,7
r_00008513,family_000405,u_000405,2026-W28,ТС5,719.94,32.71,10
r_00008514,family_000405,u_000405,2026-W29,ТС5,642.53,17.00,5
r_00008515,family_000405,u_000405,2026-W29,ТС5,641.52,46.21,9
r_00008516,family_000405,u_000405,2026-W29,ТС5,405.60,7.61,9
r_00008517,family_000405,u_000405,2026-W30,ТС5,771.49,32.51,10
r_00008518,family_000405,u_000405,2026-W30,ТС5,611.63,39.86,9
r_00008519,family_000405,u_000405,2026-W31,ТС5,494.13,58.03,5
r_00008520,family_000405,u_000405,2026-W31,ТС5,855.83,64.36,7
r_00008521,family_000405,u_000405,2026-W32,ТС5,424.97,46.69,5
r_00008522,family_000405,u_000405,2026-W32,ТС5,684.11,44.85,7
r_00008523,family_000405,u_000405,2026-W33,ТС5,726.71,53.06,11
r_00008524,family_000405,u_000405,2026-W33,ТС5,540.27,32.02,6
r_00008525,family_000405,u_000405,2026-W33,ТС5,613.30,47.61,9
r_00008526,family_000405,u_000405,2026-W34,ТС5,679.67,55.82,8
r_00008527,family_000405,u_000405,2026-W34,ТС5,673.49,16.63,7
r_00008528,family_000405,u_000405,2026-W34,ТС5,533.65,18.99,5
r_00008529,family_000405,u_000405,2026-W35,ТС5,601.53,0.00,9
r_00008530,family_000405,u_000405,2026-W35,ТС5,770.01,56.52,7
r_00008531,family_000405,u_000405,2026-W36,ТС5,685.05,17.68,9
r_00008532,family_000405,u_000405,2026-W36,ТС5,722.82,43.99,8
r_00008533,family_000406,u_000406,2026-W25,ТС5,579.24,119.56,11
r_00008534,family_000406,u_000406,2026-W25,ТС5,487.94,94.76,5
r_00008535,family_000406,u_000406,2026-W25,ТС5,566.50,64.96,11
r_00008536,family_000406,u_000406,2026-W26,ТС5,521.39,33.40,5
r_00008537,family_000406,u_000406,2026-W26,ТС5,525.53,89.25,8
r_00008538,family_000406,u_000406,2026-W26,ТС5,639.74,93.49,10
r_00008539,family_000406,u_000406,2026-W27,ТС5,486.43,94.97,6
r_00008540,family_000406,u_000406,2026-W27,ТС5,362.55,28.00,9
r_00008541,family_000406,u_000406,2026-W28,ТС5,504.07,55.40,5
r_00008542,family_000406,u_000406,2026-W28,ТС5,738.60,57.03,9
r_00008543,family_000406,u_000406,2026-W29,ТС5,545.00,88.33,7
r_00008544,family_000406,u_000406,2026-W29,ТС5,696.88,49.18,10
r_00008545,family_000406,u_000406,2026-W29,ТС5,453.48,79.35,9
r_00008546,family_000406,u_000406,2026-W30,ТС5,665.14,30.42,7
r_00008547,family_000406,u_000406,2026-W30,ТС5,442.90,59.56,10
r_00008548,family_000406,u_000406,2026-W30,ТС5,488.50,52.93,8
r_00008549,family_000406,u_000406,2026-W31,ТС5,472.02,34.64,9
r_00008550,family_000406,u_000406,2026-W31,ТС5,698.74,103.02,8
r_00008551,family_000406,u_000406,2026-W31,ТС5,476.47,87.59,6
r_00008552,family_000406,u_000406,2026-W32,ТС5,622.67,86.43,9
r_00008553,family_000406,u_000406,2026-W32,ТС5,483.26,87.58,8
r_00008554,family_000406,u_000406,2026-W33,ТС5,481.91,7.29,6
r_00008555,family_000406,u_000406,2026-W33,ТС5,779.21,94.72,11
r_00008556,family_000406,u_000406,2026-W33,ТС5,582.42,122.03,5
r_00008557,family_000406,u_000406,2026-W34,ТС5,631.03,0.00,5
r_00008558,family_000406,u_000406,2026-W34,ТС5,740.56,100.43,11
r_00008559,family_000406,u_000406,2026-W35,ТС5,489.25,30.02,8
r_00008560,family_000406,u_000406,2026-W35,ТС5,619.61,105.18,8
r_00008561,family_000406,u_000406,2026-W36,ТС5,702.09,53.50,9
r_00008562,family_000406,u_000406,2026-W36,ТС5,718.10,128.11,11
r_00008739,family_000415,u_000415,2026-W25,ТС5,609.03,49.01,10
r_00008740,family_000415,u_000415,2026-W25,ТС5,705.22,46.41,5
r_00008741,family_000415,u_000415,2026-W26,ТС5,702.20,27.42,9
r_00008742,family_000415,u_000415,2026-W26,ТС5,850.95,31.80,10
r_00008743,family_000415,u_000415,2026-W27,ТС5,733.35,28.16,8
r_00008744,family_000415,u_000415,2026-W27,ТС5,302.13,19.79,5
r_00008745,family_000415,u_000415,2026-W28,ТС5,772.64,48.53,10
r_00008746,family_000415,u_000415,2026-W28,ТС5,932.25,60.58,11
r_00008747,family_000415,u_000415,2026-W28,ТС5,627.80,44.38,11
r_00008748,family_000415,u_000415,2026-W29,ТС5,684.18,22.90,10
r_00008749,family_000415,u_000415,2026-W29,ТС5,579.11,63.86,5
r_00008750,family_000415,u_000415,2026-W30,ТС5,774.15,16.45,11
r_00008751,family_000415,u_000415,2026-W30,ТС5,429.65,29.46,10
r_00008752,family_000415,u_000415,2026-W31,ТС5,671.68,13.54,7
r_00008753,family_000415,u_000415,2026-W31,ТС5,879.45,41.40,10
r_00008754,family_000415,u_000415,2026-W32,ТС5,714.92,51.10,5
r_00008755,family_000415,u_000415,2026-W32,ТС5,707.68,43.43,5
r_00008756,family_000415,u_000415,2026-W33,ТС5,764.03,27.38,8
r_00008757,family_000415,u_000415,2026-W33,ТС5,569.51,19.18,10
r_00008758,family_000415,u_000415,2026-W34,ТС5,671.05,53.21,10
r_00008759,family_000415,u_000415,2026-W34,ТС5,788.04,0.00,7
r_00008760,family_000415,u_000415,2026-W35,ТС5,556.56,45.71,10
r_00008761,family_000415,u_000415,2026-W35,ТС5,527.20,28.08,10
r_00008762,family_000415,u_000415,2026-W36,ТС5,469.50,34.70,6
r_00008763,family_000415,u_000415,2026-W36,ТС5,533.50,12.40,10
r_00008773,family_000417,u_000417,2026-W25,ТС5,589.94,43.01,7
r_00008774,family_000417,u_000417,2026-W26,ТС5,532.86,30.32,7
r_00008775,family_000417,u_000417,2026-W27,ТС5,846.67,40.73,11
r_00008776,family_000417,u_000417,2026-W27,ТС5,516.94,25.92,5
r_00008777,family_000417,u_000417,2026-W28,ТС5,824.79,28.17,11
r_00008778,family_000417,u_000417,2026-W28,ТС5,561.40,35.44,6
r_00008779,family_000417,u_000417,2026-W29,ТС5,575.36,72.94,6
r_00008780,family_000417,u_000417,2026-W29,ТС5,743.23,70.92,5
r_00008781,family_000417,u_000417,2026-W30,ТС5,758.95,24.88,10
r_00008782,family_000417,u_000417,2026-W31,ТС5,565.89,43.15,7
r_00008783,family_000417,u_000417,2026-W31,ТС5,806.75,48.34,6
r_00008784,family_000417,u_000417,2026-W32,ТС5,722.81,110.25,5
r_00008785,family_000417,u_000417,2026-W33,ТС5,705.66,61.67,8
r_00008786,family_000417,u_000417,2026-W33,ТС5,684.47,50.67,6
r_00008787,family_000417,u_000417,2026-W34,ТС5,691.15,41.70,9
r_00008788,family_000417,u_000417,2026-W35,ТС5,566.89,22.88,9
r_00008789,family_000417,u_000417,2026-W36,ТС5,536.97,36.94,11
r_00008790,family_000417,u_000417,2026-W36,ТС5,591.86,4.96,9
r_00008841,family_000420,u_000420,2026-W25,ТС5,512.97,107.67,9
r_00008842,family_000420,u_000420,2026-W25,ТС5,521.17,60.14,6
r_00008843,family_000420,u_000420,2026-W26,ТС5,655.83,91.93,10
r_00008844,family_000420,u_000420,2026-W26,ТС5,731.18,61.01,9
r_00008845,family_000420,u_000420,2026-W27,ТС5,732.21,74.94,10
r_00008846,family_000420,u_000420,2026-W27,ТС5,557.21,35.72,7
r_00008847,family_000420,u_000420,2026-W27,ТС5,831.10,89.82,7
r_00008848,family_000420,u_000420,2026-W28,ТС5,802.28,107.12,11
r_00008849,family_000420,u_000420,2026-W28,ТС5,503.43,71.89,7
r_00008850,family_000420,u_000420,2026-W29,ТС5,640.78,57.25,10
r_00008851,family_000420,u_000420,2026-W29,ТС5,639.12,35.47,10
r_00008852,family_000420,u_000420,2026-W29,ТС5,554.97,83.10,11
r_00008853,family_000420,u_000420,2026-W30,ТС5,676.72,60.67,11
r_00008854,family_000420,u_000420,2026-W30,ТС5,432.83,64.10,8
r_00008855,family_000420,u_000420,2026-W31,ТС5,531.71,100.55,9
r_00008856,family_000420,u_000420,2026-W31,ТС5,514.29,79.97,5
r_00008857,family_000420,u_000420,2026-W31,ТС5,541.14,59.91,5
r_00008858,family_000420,u_000420,2026-W32,ТС5,797.46,104.40,6
r_00008859,family_000420,u_000420,2026-W32,ТС5,587.20,55.02,8
r_00008860,family_000420,u_000420,2026-W33,ТС5,493.45,56.44,9
r_00008861,family_000420,u_000420,2026-W33,ТС5,559.41,40.58,8
r_00008862,family_000420,u_000420,2026-W33,ТС5,482.34,49.36,7
r_00008863,family_000420,u_000420,2026-W34,ТС5,456.15,73.16,8
r_00008864,family_000420,u_000420,2026-W34,ТС5,573.35,46.04,7
r_00008865,family_000420,u_000420,2026-W34,ТС5,625.87,71.12,5
r_00008866,family_000420,u_000420,2026-W35,ТС5,627.86,28.67,5
r_00008867,family_000420,u_000420,2026-W35,ТС5,465.12,120.02,8
r_00008868,family_000420,u_000420,2026-W36,ТС5,525.64,142.79,11
r_00008869,family_000420,u_000420,2026-W36,ТС5,672.94,48.48,11
r_00008891,family_000423,u_000423,2026-W25,ТС5,630.96,8.87,10
r_00008892,family_000423,u_000423,2026-W25,ТС5,613.27,42.63,8
r_00008893,family_000423,u_000423,2026-W26,ТС5,694.19,114.13,11
r_00008894,family_000423,u_000423,2026-W26,ТС5,697.28,15.30,9
r_00008895,family_000423,u_000423,2026-W27,ТС5,774.65,40.78,10
r_00008896,family_000423,u_000423,2026-W27,ТС5,588.55,32.51,5
r_00008897,family_000423,u_000423,2026-W27,ТС5,710.96,65.97,9
r_00008898,family_000423,u_000423,2026-W28,ТС5,650.73,38.90,9
r_00008899,family_000423,u_000423,2026-W28,ТС5,758.47,40.35,11
r_00008900,family_000423,u_000423,2026-W29,ТС5,608.09,11.01,10
r_00008901,family_000423,u_000423,2026-W29,ТС5,699.46,45.30,7
r_00008902,family_000423,u_000423,2026-W29,ТС5,549.93,35.93,11
r_00008903,family_000423,u_000423,2026-W30,ТС5,518.54,27.07,5
r_00008904,family_000423,u_000423,2026-W30,ТС5,512.78,10.48,5
r_00008905,family_000423,u_000423,2026-W30,ТС5,650.36,37.81,8
r_00008906,family_000423,u_000423,2026-W31,ТС5,691.59,0.00,7
r_00008907,family_000423,u_000423,2026-W31,ТС5,501.58,23.26,9
r_00008908,family_000423,u_000423,2026-W31,ТС5,743.24,52.22,11
r_00008909,family_000423,u_000423,2026-W32,ТС5,797.80,82.10,8
r_00008910,family_000423,u_000423,2026-W32,ТС5,520.35,13.61,6
r_00008911,family_000423,u_000423,2026-W32,ТС5,587.34,98.99,11
r_00008912,family_000423,u_000423,2026-W33,ТС5,715.38,7.27,7
r_00008913,family_000423,u_000423,2026-W33,ТС5,813.14,21.78,6
r_00008914,family_000423,u_000423,2026-W34,ТС5,647.00,39.82,9
r_00008915,family_000423,u_000423,2026-W34,ТС5,524.87,33.21,5
r_00008916,family_000423,u_000423,2026-W34,ТС5,629.35,28.12,11
r_00008917,family_000423,u_000423,2026-W35,ТС5,584.15,26.39,6
r_00008918,family_000423,u_000423,2026-W35,ТС5,811.67,22.32,10
r_00008919,family_000423,u_000423,2026-W36,ТС5,567.66,19.20,6
r_00008920,family_000423,u_000423,2026-W36,ТС5,633.28,16.43,9
r_00008921,family_000423,u_000423,2026-W36,ТС5,512.69,52.38,6
r_00009065,family_000433,u_000433,2026-W25,ТС5,526.55,29.88,7
r_00009066,family_000433,u_000433,2026-W25,ТС5,863.64,39.20,9
r_00009067,family_000433,u_000433,2026-W26,ТС5,660.03,27.61,11
r_00009068,family_000433,u_000433,2026-W27,ТС5,619.23,17.48,11
r_00009069,family_000433,u_000433,2026-W27,ТС5,476.06,70.86,7
r_00009070,family_000433,u_000433,2026-W28,ТС5,430.16,27.27,7
r_00009071,family_000433,u_000433,2026-W29,ТС5,629.88,0.00,6
r_00009072,family_000433,u_000433,2026-W29,ТС5,475.97,38.50,11
r_00009073,family_000433,u_000433,2026-W30,ТС5,526.76,32.95,8
r_00009074,family_000433,u_000433,2026-W31,ТС5,605.55,10.45,9
r_00009075,family_000433,u_000433,2026-W32,ТС5,632.66,36.42,9
r_00009076,family_000433,u_000433,2026-W32,ТС5,674.26,33.21,10
r_00009077,family_000433,u_000433,2026-W33,ТС5,584.20,58.63,6
r_00009078,family_000433,u_000433,2026-W33,ТС5,734.76,19.41,11
r_00009079,family_000433,u_000433,2026-W34,ТС5,605.08,64.13,11
r_00009080,family_000433,u_000433,2026-W34,ТС5,623.78,42.13,10
r_00009081,family_000433,u_000433,2026-W34,ТС5,487.63,81.08,10
r_00009082,family_000433,u_000433,2026-W35,ТС5,613.54,47.02,7
r_00009083,family_000433,u_000433,2026-W36,ТС5,659.48,31.50,7
r_00009116,family_000436,u_000436,2026-W25,ТС5,586.99,9.17,6
r_00009117,family_000436,u_000436,2026-W26,ТС5,712.09,30.67,5
r_00009118,family_000436,u_000436,2026-W26,ТС5,506.84,71.42,6
r_00009119,family_000436,u_000436,2026-W26,ТС5,625.09,14.08,8
r_00009120,family_000436,u_000436,2026-W27,ТС5,715.59,58.68,8
r_00009121,family_000436,u_000436,2026-W27,ТС5,737.78,20.39,9
r_00009122,family_000436,u_000436,2026-W27,ТС5,456.71,14.92,10
r_00009123,family_000436,u_000436,2026-W28,ТС5,571.82,35.11,6
r_00009124,family_000436,u_000436,2026-W28,ТС5,674.27,73.72,10
r_00009125,family_000436,u_000436,2026-W28,ТС5,737.18,74.36,8
r_00009126,family_000436,u_000436,2026-W29,ТС5,624.54,16.84,5
r_00009127,family_000436,u_000436,2026-W29,ТС5,403.46,20.09,7
r_00009128,family_000436,u_000436,2026-W30,ТС5,528.28,9.93,6
r_00009129,family_000436,u_000436,2026-W30,ТС5,629.70,38.97,11
r_00009130,family_000436,u_000436,2026-W30,ТС5,669.55,59.47,10
r_00009131,family_000436,u_000436,2026-W31,ТС5,592.23,56.00,11
r_00009132,family_000436,u_000436,2026-W31,ТС5,844.21,32.70,10
r_00009133,family_000436,u_000436,2026-W32,ТС5,586.59,63.48,8
r_00009134,family_000436,u_000436,2026-W32,ТС5,565.97,29.88,10
r_00009135,family_000436,u_000436,2026-W32,ТС5,703.40,33.10,10
r_00009136,family_000436,u_000436,2026-W33,ТС5,771.83,58.43,7
r_00009137,family_000436,u_000436,2026-W33,ТС5,783.52,48.49,8
r_00009138,family_000436,u_000436,2026-W33,ТС5,757.52,34.27,6
r_00009139,family_000436,u_000436,2026-W34,ТС5,600.95,56.95,11
r_00009140,family_000436,u_000436,2026-W34,ТС5,690.10,39.14,9
r_00009141,family_000436,u_000436,2026-W34,ТС5,691.66,42.03,9
r_00009142,family_000436,u_000436,2026-W35,ТС5,642.29,48.20,10
r_00009143,family_000436,u_000436,2026-W35,ТС5,725.29,54.03,9
r_00009144,family_000436,u_000436,2026-W35,ТС5,777.42,9.75,8
r_00009145,family_000436,u_000436,2026-W36,ТС5,584.61,51.52,8
r_00009146,family_000436,u_000436,2026-W36,ТС5,655.70,18.13,11
r_00009147,family_000437,u_000437,2026-W25,ТС5,663.49,33.87,6
r_00009148,family_000437,u_000437,2026-W25,ТС5,626.79,57.19,9
r_00009149,family_000437,u_000437,2026-W26,ТС5,629.74,45.28,8
r_00009150,family_000437,u_000437,2026-W26,ТС5,406.99,31.78,10
r_00009151,family_000437,u_000437,2026-W27,ТС5,736.40,0.00,7
r_00009152,family_000437,u_000437,2026-W27,ТС5,758.16,19.44,5
r_00009153,family_000437,u_000437,2026-W28,ТС5,947.22,42.49,10
r_00009154,family_000437,u_000437,2026-W28,ТС5,800.76,33.37,11
r_00009155,family_000437,u_000437,2026-W28,ТС5,770.83,9.03,5
r_00009156,family_000437,u_000437,2026-W29,ТС5,754.22,0.00,10
r_00009157,family_000437,u_000437,2026-W29,ТС5,393.04,4.91,7
r_00009158,family_000437,u_000437,2026-W30,ТС5,639.78,42.38,8
r_00009159,family_000437,u_000437,2026-W30,ТС5,612.28,23.57,11
r_00009160,family_000437,u_000437,2026-W31,ТС5,653.38,11.73,9
r_00009161,family_000437,u_000437,2026-W31,ТС5,534.15,21.00,8
r_00009162,family_000437,u_000437,2026-W32,ТС5,743.19,17.99,8
r_00009163,family_000437,u_000437,2026-W32,ТС5,555.64,20.64,8
r_00009164,family_000437,u_000437,2026-W33,ТС5,396.88,43.12,7
r_00009165,family_000437,u_000437,2026-W33,ТС5,689.97,18.70,7
r_00009166,family_000437,u_000437,2026-W34,ТС5,741.89,37.48,10
r_00009167,family_000437,u_000437,2026-W34,ТС5,687.62,63.24,7
r_00009168,family_000437,u_000437,2026-W35,ТС5,680.59,84.99,6
r_00009169,family_000437,u_000437,2026-W35,ТС5,801.79,53.73,11
r_00009170,family_000437,u_000437,2026-W36,ТС5,731.72,87.60,5
r_00009171,family_000437,u_000437,2026-W36,ТС5,672.33,37.65,10
r_00009172,family_000438,u_000438,2026-W25,ТС5,336.82,76.83,11
r_00009173,family_000438,u_000438,2026-W25,ТС5,537.11,46.64,10
r_00009174,family_000438,u_000438,2026-W26,ТС5,627.95,79.45,9
r_00009175,family_000438,u_000438,2026-W26,ТС5,442.76,48.59,7
r_00009176,family_000438,u_000438,2026-W26,ТС5,628.61,141.19,7
r_00009177,family_000438,u_000438,2026-W27,ТС5,838.66,38.45,7
r_00009178,family_000438,u_000438,2026-W27,ТС5,498.23,65.38,8
r_00009179,family_000438,u_000438,2026-W27,ТС5,657.20,46.36,6
r_00009180,family_000438,u_000438,2026-W28,ТС5,715.53,45.98,10
r_00009181,family_000438,u_000438,2026-W28,ТС5,579.88,52.43,6
r_00009182,family_000438,u_000438,2026-W29,ТС5,725.95,53.26,7
r_00009183,family_000438,u_000438,2026-W29,ТС5,633.54,53.87,10
r_00009184,family_000438,u_000438,2026-W30,ТС5,570.68,88.18,9
r_00009185,family_000438,u_000438,2026-W30,ТС5,526.92,59.59,6
r_00009186,family_000438,u_000438,2026-W30,ТС5,645.25,236.17,7
r_00009187,family_000438,u_000438,2026-W31,ТС5,342.47,46.35,8
r_00009188,family_000438,u_000438,2026-W31,ТС5,515.65,113.00,10
r_00009189,family_000438,u_000438,2026-W32,ТС5,636.15,64.39,11
r_00009190,family_000438,u_000438,2026-W32,ТС5,575.13,60.03,11
r_00009191,family_000438,u_000438,2026-W32,ТС5,585.27,62.60,11
r_00009192,family_000438,u_000438,2026-W33,ТС5,468.71,53.51,9
r_00009193,family_000438,u_000438,2026-W33,ТС5,644.56,141.82,10
r_00009194,family_000438,u_000438,2026-W34,ТС5,597.34,65.98,9
r_00009195,family_000438,u_000438,2026-W34,ТС5,455.75,29.02,7
r_00009196,family_000438,u_000438,2026-W34,ТС5,581.78,85.61,7
r_00009197,family_000438,u_000438,2026-W35,ТС5,539.96,28.02,6
r_00009198,family_000438,u_000438,2026-W35,ТС5,712.72,146.12,7
r_00009199,family_000438,u_000438,2026-W36,ТС5,652.04,0.00,10
r_00009200,family_000438,u_000438,2026-W36,ТС5,725.30,97.18,7
r_00009215,family_000440,u_000440,2026-W25,ТС5,627.48,61.35,5
r_00009216,family_000440,u_000440,2026-W25,ТС5,294.87,33.21,9
r_00009217,family_000440,u_000440,2026-W26,ТС5,394.28,108.11,9
r_00009218,family_000440,u_000440,2026-W26,ТС5,635.47,123.82,11
r_00009219,family_000440,u_000440,2026-W27,ТС5,560.50,61.84,11
r_00009220,family_000440,u_000440,2026-W27,ТС5,728.58,162.22,8
r_00009221,family_000440,u_000440,2026-W28,ТС5,686.86,60.54,9
r_00009222,family_000440,u_000440,2026-W28,ТС5,769.04,53.91,10
r_00009223,family_000440,u_000440,2026-W28,ТС5,632.40,111.61,7
r_00009224,family_000440,u_000440,2026-W29,ТС5,493.41,74.58,6
r_00009225,family_000440,u_000440,2026-W29,ТС5,635.58,54.23,11
r_00009226,family_000440,u_000440,2026-W30,ТС5,655.86,107.25,11
r_00009227,family_000440,u_000440,2026-W30,ТС5,646.75,81.24,9
r_00009228,family_000440,u_000440,2026-W31,ТС5,561.52,61.75,6
r_00009229,family_000440,u_000440,2026-W31,ТС5,637.24,63.49,7
r_00009230,family_000440,u_000440,2026-W32,ТС5,664.43,69.71,5
r_00009231,family_000440,u_000440,2026-W32,ТС5,548.10,94.19,8
r_00009232,family_000440,u_000440,2026-W32,ТС5,569.73,81.20,10
r_00009233,family_000440,u_000440,2026-W33,ТС5,617.29,129.60,10
r_00009234,family_000440,u_000440,2026-W33,ТС5,723.97,28.34,9
r_00009235,family_000440,u_000440,2026-W34,ТС5,780.77,129.87,9
r_00009236,family_000440,u_000440,2026-W34,ТС5,635.16,60.02,8
r_00009237,family_000440,u_000440,2026-W35,ТС5,440.00,49.28,10
r_00009238,family_000440,u_000440,2026-W35,ТС5,617.00,185.54,5
r_00009239,family_000440,u_000440,2026-W36,ТС5,562.96,85.28,7
r_00009240,family_000440,u_000440,2026-W36,ТС5,374.76,57.74,8
r_00009330,family_000446,u_000446,2026-W25,ТСЧ,736.54,111.13,10
r_00009331,family_000446,u_000446,2026-W25,ТСЧ,727.49,33.31,8
r_00009332,family_000446,u_000446,2026-W25,ТСЧ,678.88,29.86,5
r_00009333,family_000446,u_000446,2026-W26,ТСЧ,858.33,67.76,9
r_00009334,family_000446,u_000446,2026-W26,ТСЧ,523.33,40.83,6
r_00009335,family_000446,u_000446,2026-W27,ТСЧ,517.26,73.01,8
r_00009336,family_000446,u_000446,2026-W27,ТСЧ,738.45,27.34,9
r_00009337,family_000446,u_000446,2026-W28,ТСЧ,1135.06,19.39,7
r_00009338,family_000446,u_000446,2026-W28,ТСЧ,980.82,26.39,7
r_00009339,family_000446,u_000446,2026-W28,ТСЧ,911.16,30.28,7
r_00009340,family_000446,u_000446,2026-W29,ТСЧ,929.96,10.58,6
r_00009341,family_000446,u_000446,2026-W29,ТСЧ,922.28,98.95,5
r_00009342,family_000446,u_000446,2026-W29,ТСЧ,561.35,24.68,10
r_00009343,family_000446,u_000446,2026-W30,ТСЧ,695.99,21.91,6
r_00009344,family_000446,u_000446,2026-W30,ТСЧ,996.27,116.99,7
r_00009345,family_000446,u_000446,2026-W30,ТСЧ,527.09,17.12,6
r_00009346,family_000446,u_000446,2026-W31,ТСЧ,648.31,38.91,7
r_00009347,family_000446,u_000446,2026-W31,ТСЧ,725.60,58.62,9
r_00009348,family_000446,u_000446,2026-W32,ТСЧ,956.03,72.23,7
r_00009349,family_000446,u_000446,2026-W32,ТСЧ,628.70,21.13,7
r_00009350,family_000446,u_000446,2026-W33,ТСЧ,751.56,31.81,10
r_00009351,family_000446,u_000446,2026-W33,ТСЧ,770.14,47.09,9
r_00009352,family_000446,u_000446,2026-W34,ТСЧ,819.61,89.54,6
r_00009353,family_000446,u_000446,2026-W35,ТСЧ,837.72,92.25,8
r_00009354,family_000446,u_000446,2026-W35,ТСЧ,784.31,107.82,6
r_00009355,family_000446,u_000446,2026-W36,ТСЧ,859.44,63.95,7
r_00009356,family_000446,u_000446,2026-W36,ТСЧ,698.62,15.94,6
r_00009357,family_000447,u_000447,2026-W25,ТСХ,583.46,99.58,9
r_00009358,family_000447,u_000447,2026-W25,ТСХ,1042.73,94.70,9
r_00009359,family_000447,u_000447,2026-W26,ТСХ,1019.06,266.91,6
r_00009360,family_000447,u_000447,2026-W26,ТСХ,995.17,87.01,11
r_00009361,family_000447,u_000447,2026-W27,ТСХ,960.51,92.28,10
r_00009362,family_000447,u_000447,2026-W27,ТСХ,822.20,146.16,9
r_00009363,family_000447,u_000447,2026-W28,ТСХ,1324.66,109.36,10
r_00009364,family_000447,u_000447,2026-W28,ТСХ,1232.61,161.41,11
r_00009365,family_000447,u_000447,2026-W29,ТСХ,873.87,116.66,6
r_00009366,family_000447,u_000447,2026-W29,ТСХ,1152.09,0.00,11
r_00009367,family_000447,u_000447,2026-W29,ТСХ,1064.45,162.58,11
r_00009368,family_000447,u_000447,2026-W30,ТСХ,1182.23,142.13,9
r_00009369,family_000447,u_000447,2026-W30,ТСХ,622.82,50.62,10
r_00009370,family_000447,u_000447,2026-W31,ТСХ,828.50,110.92,9
r_00009371,family_000447,u_000447,2026-W31,ТСХ,1101.41,123.32,9
r_00009372,family_000447,u_000447,2026-W32,ТСХ,721.40,46.92,8
r_00009373,family_000447,u_000447,2026-W32,ТСХ,512.37,70.01,10
r_00009374,family_000447,u_000447,2026-W33,ТСХ,945.71,40.71,5
r_00009375,family_000447,u_000447,2026-W33,ТСХ,912.74,131.31,9
r_00009376,family_000447,u_000447,2026-W34,ТСХ,1148.01,131.15,5
r_00009377,family_000447,u_000447,2026-W34,ТСХ,551.16,99.60,9
r_00009378,family_000447,u_000447,2026-W35,ТСХ,1102.92,84.93,6
r_00009379,family_000447,u_000447,2026-W35,ТСХ,1132.70,18.67,6
r_00009380,family_000447,u_000447,2026-W36,ТСХ,822.64,55.29,7
r_00009381,family_000448,u_000448,2026-W25,ТС5,436.59,24.65,8
r_00009382,family_000448,u_000448,2026-W25,ТС5,702.64,38.47,7
r_00009383,family_000448,u_000448,2026-W26,ТС5,509.76,44.08,5
r_00009384,family_000448,u_000448,2026-W26,ТС5,881.55,26.10,11
r_00009385,family_000448,u_000448,2026-W27,ТС5,476.39,25.54,9
r_00009386,family_000448,u_000448,2026-W27,ТС5,656.39,42.90,11
r_00009387,family_000448,u_000448,2026-W27,ТС5,553.61,104.80,5
r_00009388,family_000448,u_000448,2026-W28,ТС5,682.05,0.00,7
r_00009389,family_000448,u_000448,2026-W28,ТС5,685.83,48.17,5
r_00009390,family_000448,u_000448,2026-W29,ТС5,451.42,17.87,9
r_00009391,family_000448,u_000448,2026-W29,ТС5,479.76,17.04,7
r_00009392,family_000448,u_000448,2026-W30,ТС5,653.75,52.04,10
r_00009393,family_000448,u_000448,2026-W30,ТС5,658.07,34.56,6
r_00009394,family_000448,u_000448,2026-W30,ТС5,569.64,70.21,8
r_00009395,family_000448,u_000448,2026-W30,ТС5,727.29,21.10,9
r_00009396,family_000448,u_000448,2026-W31,ТС5,695.25,20.77,9
r_00009397,family_000448,u_000448,2026-W31,ТС5,423.78,22.86,7
r_00009398,family_000448,u_000448,2026-W32,ТС5,871.67,46.18,11
r_00009399,family_000448,u_000448,2026-W32,ТС5,521.23,35.27,6
r_00009400,family_000448,u_000448,2026-W33,ТС5,527.03,34.79,11
r_00009401,family_000448,u_000448,2026-W33,ТС5,616.88,8.20,11
r_00009402,family_000448,u_000448,2026-W34,ТС5,582.30,19.02,11
r_00009403,family_000448,u_000448,2026-W34,ТС5,505.73,23.71,7
r_00009404,family_000448,u_000448,2026-W35,ТС5,543.97,34.71,11
r_00009405,family_000448,u_000448,2026-W35,ТС5,706.44,49.50,11
r_00009406,family_000448,u_000448,2026-W36,ТС5,324.47,0.00,6
r_00009407,family_000448,u_000448,2026-W36,ТС5,905.15,0.00,6
r_00009421,family_000450,u_000450,2026-W25,ТС5,669.35,28.20,9
r_00009422,family_000450,u_000450,2026-W25,ТС5,715.57,10.55,8
r_00009423,family_000450,u_000450,2026-W26,ТС5,425.61,5.70,7
r_00009424,family_000450,u_000450,2026-W26,ТС5,367.13,16.51,9
r_00009425,family_000450,u_000450,2026-W27,ТС5,443.52,45.60,10
r_00009426,family_000450,u_000450,2026-W27,ТС5,505.12,70.09,10
r_00009427,family_000450,u_000450,2026-W28,ТС5,685.27,16.34,8
r_00009428,family_000450,u_000450,2026-W28,ТС5,767.45,19.48,9
r_00009429,family_000450,u_000450,2026-W28,ТС5,684.18,33.43,10
r_00009430,family_000450,u_000450,2026-W29,ТС5,547.84,76.29,5
r_00009431,family_000450,u_000450,2026-W29,ТС5,630.13,77.69,9
r_00009432,family_000450,u_000450,2026-W30,ТС5,807.38,39.18,10
r_00009433,family_000450,u_000450,2026-W30,ТС5,635.78,10.13,7
r_00009434,family_000450,u_000450,2026-W31,ТС5,639.23,31.02,10
r_00009435,family_000450,u_000450,2026-W31,ТС5,566.60,13.57,7
r_00009436,family_000450,u_000450,2026-W32,ТС5,542.49,38.51,9
r_00009437,family_000450,u_000450,2026-W32,ТС5,634.42,95.47,8
r_00009438,family_000450,u_000450,2026-W33,ТС5,566.82,21.71,6
r_00009439,family_000450,u_000450,2026-W33,ТС5,555.61,10.47,7
r_00009440,family_000450,u_000450,2026-W34,ТС5,305.62,8.43,8
r_00009441,family_000450,u_000450,2026-W34,ТС5,674.63,46.25,6
r_00009442,family_000450,u_000450,2026-W35,ТС5,476.58,14.33,5
r_00009443,family_000450,u_000450,2026-W35,ТС5,708.58,43.39,5
r_00009444,family_000450,u_000450,2026-W36,ТС5,730.44,84.03,7
r_00009445,family_000450,u_000450,2026-W36,ТС5,653.98,23.52,9
r_00009462,family_000452,u_000452,2026-W25,ТС5,608.82,87.61,7
r_00009463,family_000452,u_000452,2026-W25,ТС5,897.14,69.61,5
r_00009464,family_000452,u_000452,2026-W26,ТС5,549.28,63.99,10
r_00009465,family_000452,u_000452,2026-W26,ТС5,721.34,52.13,5
r_00009466,family_000452,u_000452,2026-W27,ТС5,478.71,43.99,9
r_00009467,family_000452,u_000452,2026-W27,ТС5,632.78,102.78,8
r_00009468,family_000452,u_000452,2026-W27,ТС5,583.55,37.47,6
r_00009469,family_000452,u_000452,2026-W27,ТС5,527.08,39.36,11
r_00009470,family_000452,u_000452,2026-W28,ТС5,573.23,120.31,6
r_00009471,family_000452,u_000452,2026-W28,ТС5,555.97,62.25,8
r_00009472,family_000452,u_000452,2026-W29,ТС5,563.54,104.83,9
r_00009473,family_000452,u_000452,2026-W29,ТС5,565.40,75.11,7
r_00009474,family_000452,u_000452,2026-W29,ТС5,655.44,135.17,9
r_00009475,family_000452,u_000452,2026-W30,ТС5,643.44,73.77,5
r_00009476,family_000452,u_000452,2026-W30,ТС5,595.03,50.20,8
r_00009477,family_000452,u_000452,2026-W30,ТС5,644.59,30.29,7
r_00009478,family_000452,u_000452,2026-W30,ТС5,661.63,58.23,10
r_00009479,family_000452,u_000452,2026-W31,ТС5,472.22,53.20,6
r_00009480,family_000452,u_000452,2026-W31,ТС5,617.11,27.02,11
r_00009481,family_000452,u_000452,2026-W31,ТС5,529.17,78.31,11
r_00009482,family_000452,u_000452,2026-W32,ТС5,678.90,111.71,11
r_00009483,family_000452,u_000452,2026-W32,ТС5,675.30,109.95,5
r_00009484,family_000452,u_000452,2026-W33,ТС5,669.24,78.80,11
r_00009485,family_000452,u_000452,2026-W33,ТС5,565.49,45.31,8
r_00009486,family_000452,u_000452,2026-W33,ТС5,460.88,43.99,6
r_00009487,family_000452,u_000452,2026-W34,ТС5,531.00,49.11,9
r_00009488,family_000452,u_000452,2026-W34,ТС5,737.22,35.65,9
r_00009489,family_000452,u_000452,2026-W34,ТС5,649.26,65.90,6
r_00009490,family_000452,u_000452,2026-W34,ТС5,643.13,66.72,11
r_00009491,family_000452,u_000452,2026-W35,ТС5,614.98,66.07,6
r_00009492,family_000452,u_000452,2026-W35,ТС5,395.38,65.41,10
r_00009493,family_000452,u_000452,2026-W35,ТС5,560.08,90.91,7
r_00009494,family_000452,u_000452,2026-W36,ТС5,577.38,60.06,7
r_00009495,family_000452,u_000452,2026-W36,ТС5,573.41,76.59,10
r_00009496,family_000452,u_000452,2026-W36,ТС5,481.36,22.40,9
r_00009555,family_000455,u_000455,2026-W25,ТС5,628.76,27.35,6
r_00009556,family_000455,u_000455,2026-W26,ТС5,679.50,44.67,6
r_00009557,family_000455,u_000455,2026-W26,ТС5,580.70,17.64,10
r_00009558,family_000455,u_000455,2026-W27,ТС5,508.14,7.81,9
r_00009559,family_000455,u_000455,2026-W28,ТС5,613.94,7.50,9
r_00009560,family_000455,u_000455,2026-W28,ТС5,672.03,7.66,9
r_00009561,family_000455,u_000455,2026-W28,ТС5,885.13,68.45,6
r_00009562,family_000455,u_000455,2026-W29,ТС5,879.24,23.35,9
r_00009563,family_000455,u_000455,2026-W30,ТС5,630.27,6.48,9
r_00009564,family_000455,u_000455,2026-W30,ТС5,602.33,12.93,9
r_00009565,family_000455,u_000455,2026-W31,ТС5,448.43,9.08,10
r_00009566,family_000455,u_000455,2026-W31,ТС5,800.77,58.26,6
r_00009567,family_000455,u_000455,2026-W32,ТС5,656.12,47.97,8
r_00009568,family_000455,u_000455,2026-W32,ТС5,731.96,54.13,8
r_00009569,family_000455,u_000455,2026-W33,ТС5,585.66,54.92,9
r_00009570,family_000455,u_000455,2026-W33,ТС5,738.91,42.51,11
r_00009571,family_000455,u_000455,2026-W34,ТС5,783.40,47.85,5
r_00009572,family_000455,u_000455,2026-W35,ТС5,570.87,21.59,9
r_00009573,family_000455,u_000455,2026-W35,ТС5,333.08,25.09,8
r_00009574,family_000455,u_000455,2026-W35,ТС5,593.63,20.97,6
r_00009575,family_000455,u_000455,2026-W36,ТС5,651.83,31.69,9
r_00009576,family_000455,u_000455,2026-W36,ТС5,420.66,13.51,10
r_00009648,family_000459,u_000459,2026-W25,ТС5,459.21,20.89,9
r_00009649,family_000459,u_000459,2026-W25,ТС5,592.90,12.57,11
r_00009650,family_000459,u_000459,2026-W25,ТС5,594.81,33.65,6
r_00009651,family_000459,u_000459,2026-W26,ТС5,613.08,17.06,8
r_00009652,family_000459,u_000459,2026-W26,ТС5,682.87,9.00,9
r_00009653,family_000459,u_000459,2026-W26,ТС5,572.19,0.00,5
r_00009654,family_000459,u_000459,2026-W27,ТС5,482.42,27.80,7
r_00009655,family_000459,u_000459,2026-W27,ТС5,908.68,51.77,11
r_00009656,family_000459,u_000459,2026-W27,ТС5,583.33,7.28,5
r_00009657,family_000459,u_000459,2026-W28,ТС5,659.99,35.04,11
r_00009658,family_000459,u_000459,2026-W28,ТС5,652.29,102.79,5
r_00009659,family_000459,u_000459,2026-W28,ТС5,583.96,64.56,10
r_00009660,family_000459,u_000459,2026-W28,ТС5,622.90,32.74,8
r_00009661,family_000459,u_000459,2026-W29,ТС5,635.65,30.89,7
r_00009662,family_000459,u_000459,2026-W29,ТС5,787.10,0.00,7
r_00009663,family_000459,u_000459,2026-W29,ТС5,729.09,0.00,5
r_00009664,family_000459,u_000459,2026-W30,ТС5,750.37,48.13,9
r_00009665,family_000459,u_000459,2026-W30,ТС5,768.62,40.02,6
r_00009666,family_000459,u_000459,2026-W30,ТС5,686.30,47.35,7
r_00009667,family_000459,u_000459,2026-W31,ТС5,651.37,54.65,11
r_00009668,family_000459,u_000459,2026-W31,ТС5,752.44,0.00,5
r_00009669,family_000459,u_000459,2026-W31,ТС5,731.95,65.54,9
r_00009670,family_000459,u_000459,2026-W32,ТС5,441.51,59.01,10
r_00009671,family_000459,u_000459,2026-W32,ТС5,555.30,26.80,10
r_00009672,family_000459,u_000459,2026-W32,ТС5,735.71,70.14,8
r_00009673,family_000459,u_000459,2026-W33,ТС5,572.82,26.81,6
r_00009674,family_000459,u_000459,2026-W33,ТС5,675.69,38.43,7
r_00009675,family_000459,u_000459,2026-W33,ТС5,555.01,24.82,11
r_00009676,family_000459,u_000459,2026-W34,ТС5,593.55,40.01,7
r_00009677,family_000459,u_000459,2026-W34,ТС5,809.55,62.57,5
r_00009678,family_000459,u_000459,2026-W34,ТС5,521.67,13.79,6
r_00009679,family_000459,u_000459,2026-W35,ТС5,488.73,26.47,8
r_00009680,family_000459,u_000459,2026-W35,ТС5,739.19,10.52,6
r_00009681,family_000459,u_000459,2026-W35,ТС5,685.55,24.63,7
r_00009682,family_000459,u_000459,2026-W36,ТС5,627.01,35.10,8
r_00009683,family_000459,u_000459,2026-W36,ТС5,980.11,102.04,9
r_00009684,family_000459,u_000459,2026-W36,ТС5,729.48,67.18,6
r_00009685,family_000460,u_000460,2026-W25,ТСЧ,779.42,165.20,9
r_00009686,family_000460,u_000460,2026-W25,ТСЧ,934.95,67.19,8
r_00009687,family_000460,u_000460,2026-W25,ТСЧ,1015.74,62.37,10
r_00009688,family_000460,u_000460,2026-W26,ТСЧ,679.25,105.26,10
r_00009689,family_000460,u_000460,2026-W26,ТСЧ,817.84,83.10,10
r_00009690,family_000460,u_000460,2026-W26,ТСЧ,594.46,82.24,11
r_00009691,family_000460,u_000460,2026-W27,ТСЧ,610.99,89.82,9
r_00009692,family_000460,u_000460,2026-W27,ТСЧ,682.63,32.21,9
r_00009693,family_000460,u_000460,2026-W27,ТСЧ,766.19,7.11,7
r_00009694,family_000460,u_000460,2026-W28,ТСЧ,886.84,146.18,5
r_00009695,family_000460,u_000460,2026-W28,ТСЧ,779.42,105.78,10
r_00009696,family_000460,u_000460,2026-W28,ТСЧ,844.79,38.40,7
r_00009697,family_000460,u_000460,2026-W29,ТСЧ,1089.05,66.16,6
r_00009698,family_000460,u_000460,2026-W29,ТСЧ,629.18,87.20,9
r_00009699,family_000460,u_000460,2026-W29,ТСЧ,649.20,32.50,10
r_00009700,family_000460,u_000460,2026-W30,ТСЧ,950.19,86.31,6
r_00009701,family_000460,u_000460,2026-W30,ТСЧ,894.11,105.50,7
r_00009702,family_000460,u_000460,2026-W30,ТСЧ,779.82,93.94,7
r_00009703,family_000460,u_000460,2026-W31,ТСЧ,667.92,106.02,7
r_00009704,family_000460,u_000460,2026-W31,ТСЧ,573.19,36.94,11
r_00009705,family_000460,u_000460,2026-W32,ТСЧ,757.16,125.46,7
r_00009706,family_000460,u_000460,2026-W32,ТСЧ,628.53,113.82,6
r_00009707,family_000460,u_000460,2026-W32,ТСЧ,1115.49,71.06,7
r_00009708,family_000460,u_000460,2026-W33,ТСЧ,770.42,125.96,7
r_00009709,family_000460,u_000460,2026-W33,ТСЧ,879.13,76.47,5
r_00009710,family_000460,u_000460,2026-W33,ТСЧ,727.03,32.86,5
r_00009711,family_000460,u_000460,2026-W34,ТСЧ,877.04,135.37,5
r_00009712,family_000460,u_000460,2026-W34,ТСЧ,447.13,156.06,5
r_00009713,family_000460,u_000460,2026-W35,ТСЧ,769.93,80.84,11
r_00009714,family_000460,u_000460,2026-W35,ТСЧ,684.51,129.53,10
r_00009715,family_000460,u_000460,2026-W36,ТСЧ,737.28,78.76,8
r_00009716,family_000460,u_000460,2026-W36,ТСЧ,725.67,82.73,10
r_00009717,family_000460,u_000460,2026-W36,ТСЧ,804.29,65.86,7
r_00009718,family_000461,u_000461,2026-W25,ТС5,750.63,39.35,8
r_00009719,family_000461,u_000461,2026-W25,ТС5,834.17,71.77,11
r_00009720,family_000461,u_000461,2026-W26,ТС5,465.83,0.00,7
r_00009721,family_000461,u_000461,2026-W26,ТС5,576.17,62.00,7
r_00009722,family_000461,u_000461,2026-W26,ТС5,672.87,19.92,11
r_00009723,family_000461,u_000461,2026-W27,ТС5,589.12,38.24,6
r_00009724,family_000461,u_000461,2026-W27,ТС5,501.76,14.40,8
r_00009725,family_000461,u_000461,2026-W28,ТС5,620.11,50.64,8
r_00009726,family_000461,u_000461,2026-W28,ТС5,656.27,93.08,5
r_00009727,family_000461,u_000461,2026-W29,ТС5,708.24,62.93,8
r_00009728,family_000461,u_000461,2026-W29,ТС5,537.32,17.09,8
r_00009729,family_000461,u_000461,2026-W30,ТС5,607.10,8.67,8
r_00009730,family_000461,u_000461,2026-W30,ТС5,357.69,24.31,7
r_00009731,family_000461,u_000461,2026-W31,ТС5,853.20,73.00,10
r_00009732,family_000461,u_000461,2026-W31,ТС5,827.29,72.27,10
r_00009733,family_000461,u_000461,2026-W32,ТС5,561.40,20.42,7
r_00009734,family_000461,u_000461,2026-W33,ТС5,608.46,39.36,11
r_00009735,family_000461,u_000461,2026-W33,ТС5,465.10,19.67,8
r_00009736,family_000461,u_000461,2026-W34,ТС5,540.36,65.51,6
r_00009737,family_000461,u_000461,2026-W34,ТС5,537.80,24.93,7
r_00009738,family_000461,u_000461,2026-W35,ТС5,749.45,5.34,7
r_00009739,family_000461,u_000461,2026-W35,ТС5,675.13,0.00,5
r_00009740,family_000461,u_000461,2026-W35,ТС5,539.49,47.56,5
r_00009741,family_000461,u_000461,2026-W36,ТС5,713.15,99.95,9
r_00009742,family_000461,u_000461,2026-W36,ТС5,454.35,38.41,8
r_00009837,family_000469,u_000469,2026-W25,ТС5,546.57,52.90,6
r_00009838,family_000469,u_000469,2026-W26,ТС5,636.78,11.99,11
r_00009839,family_000469,u_000469,2026-W26,ТС5,925.44,0.00,6
r_00009840,family_000469,u_000469,2026-W27,ТС5,646.80,26.38,7
r_00009841,family_000469,u_000469,2026-W28,ТС5,611.79,0.00,7
r_00009842,family_000469,u_000469,2026-W29,ТС5,624.18,40.34,8
r_00009843,family_000469,u_000469,2026-W29,ТС5,629.24,6.81,6
r_00009844,family_000469,u_000469,2026-W30,ТС5,582.99,9.25,11
r_00009845,family_000469,u_000469,2026-W30,ТС5,780.75,58.15,8
r_00009846,family_000469,u_000469,2026-W31,ТС5,644.45,29.04,10
r_00009847,family_000469,u_000469,2026-W32,ТС5,535.26,29.44,10
r_00009848,family_000469,u_000469,2026-W32,ТС5,644.79,0.00,5
r_00009849,family_000469,u_000469,2026-W33,ТС5,747.57,63.81,5
r_00009850,family_000469,u_000469,2026-W33,ТС5,618.04,38.88,11
r_00009851,family_000469,u_000469,2026-W33,ТС5,738.72,60.63,6
r_00009852,family_000469,u_000469,2026-W34,ТС5,708.52,34.11,9
r_00009853,family_000469,u_000469,2026-W34,ТС5,682.27,22.35,10
r_00009854,family_000469,u_000469,2026-W35,ТС5,740.91,69.34,6
r_00009855,family_000469,u_000469,2026-W35,ТС5,692.63,7.86,7
r_00009856,family_000469,u_000469,2026-W36,ТС5,592.13,20.27,8
r_00009857,family_000469,u_000469,2026-W36,ТС5,636.75,28.42,7
r_00009858,family_000470,u_000470,2026-W25,ТС5,575.36,46.01,11
r_00009859,family_000470,u_000470,2026-W25,ТС5,678.00,50.27,8
r_00009860,family_000470,u_000470,2026-W26,ТС5,673.05,56.55,9
r_00009861,family_000470,u_000470,2026-W26,ТС5,708.87,19.94,8
r_00009862,family_000470,u_000470,2026-W26,ТС5,606.34,66.69,9
r_00009863,family_000470,u_000470,2026-W27,ТС5,619.78,31.50,7
r_00009864,family_000470,u_000470,2026-W27,ТС5,584.33,50.24,6
r_00009865,family_000470,u_000470,2026-W28,ТС5,728.34,12.89,10
r_00009866,family_000470,u_000470,2026-W28,ТС5,800.81,39.49,8
r_00009867,family_000470,u_000470,2026-W28,ТС5,587.89,53.83,10
r_00009868,family_000470,u_000470,2026-W28,ТС5,599.08,13.54,6
r_00009869,family_000470,u_000470,2026-W29,ТС5,632.26,11.35,8
r_00009870,family_000470,u_000470,2026-W29,ТС5,532.07,12.89,6
r_00009871,family_000470,u_000470,2026-W30,ТС5,668.59,21.52,6
r_00009872,family_000470,u_000470,2026-W30,ТС5,607.89,55.01,7
r_00009873,family_000470,u_000470,2026-W30,ТС5,799.04,58.45,10
r_00009874,family_000470,u_000470,2026-W31,ТС5,847.10,0.00,9
r_00009875,family_000470,u_000470,2026-W31,ТС5,690.08,24.11,9
r_00009876,family_000470,u_000470,2026-W31,ТС5,534.82,37.12,5
r_00009877,family_000470,u_000470,2026-W32,ТС5,745.68,49.92,8
r_00009878,family_000470,u_000470,2026-W32,ТС5,582.39,22.09,10
r_00009879,family_000470,u_000470,2026-W32,ТС5,580.98,18.87,6
r_00009880,family_000470,u_000470,2026-W33,ТС5,703.87,21.56,7
r_00009881,family_000470,u_000470,2026-W33,ТС5,725.27,21.17,8
r_00009882,family_000470,u_000470,2026-W34,ТС5,484.06,51.90,8
r_00009883,family_000470,u_000470,2026-W34,ТС5,680.60,22.09,9
r_00009884,family_000470,u_000470,2026-W34,ТС5,932.83,44.52,11
r_00009885,family_000470,u_000470,2026-W35,ТС5,673.67,60.08,8
r_00009886,family_000470,u_000470,2026-W35,ТС5,685.91,50.55,9
r_00009887,family_000470,u_000470,2026-W35,ТС5,783.08,12.34,6
r_00009888,family_000470,u_000470,2026-W36,ТС5,756.58,42.93,8
r_00009889,family_000470,u_000470,2026-W36,ТС5,673.22,42.67,11
r_00009981,family_000475,u_000475,2026-W25,ТС5,825.16,87.07,7
r_00009982,family_000475,u_000475,2026-W25,ТС5,496.80,59.41,5
r_00009983,family_000475,u_000475,2026-W26,ТС5,593.92,12.51,11
r_00009984,family_000475,u_000475,2026-W26,ТС5,539.30,73.70,5
r_00009985,family_000475,u_000475,2026-W27,ТС5,561.55,48.73,7
r_00009986,family_000475,u_000475,2026-W27,ТС5,629.93,52.39,9
r_00009987,family_000475,u_000475,2026-W28,ТС5,569.52,24.87,8
r_00009988,family_000475,u_000475,2026-W28,ТС5,730.93,57.87,11
r_00009989,family_000475,u_000475,2026-W29,ТС5,655.95,31.39,8
r_00009990,family_000475,u_000475,2026-W29,ТС5,518.83,21.56,7
r_00009991,family_000475,u_000475,2026-W29,ТС5,668.88,47.85,11
r_00009992,family_000475,u_000475,2026-W30,ТС5,577.58,34.30,10
r_00009993,family_000475,u_000475,2026-W30,ТС5,609.47,17.97,10
r_00009994,family_000475,u_000475,2026-W31,ТС5,829.83,31.72,10
r_00009995,family_000475,u_000475,2026-W31,ТС5,501.32,89.96,5
r_00009996,family_000475,u_000475,2026-W32,ТС5,611.48,22.82,9
r_00009997,family_000475,u_000475,2026-W32,ТС5,602.19,9.28,8
r_00009998,family_000475,u_000475,2026-W33,ТС5,612.49,38.84,7
r_00009999,family_000475,u_000475,2026-W33,ТС5,793.72,34.32,7
r_00010000,family_000475,u_000475,2026-W34,ТС5,683.18,46.36,7
r_00010001,family_000475,u_000475,2026-W34,ТС5,689.12,96.16,10
r_00010002,family_000475,u_000475,2026-W35,ТС5,736.72,0.00,5
r_00010003,family_000475,u_000475,2026-W35,ТС5,741.80,45.84,10
r_00010004,family_000475,u_000475,2026-W36,ТС5,523.21,15.59,10
r_00010005,family_000475,u_000475,2026-W36,ТС5,815.43,18.81,6
r_00010006,family_000476,u_000476,2026-W25,ТС5,463.95,12.33,7
r_00010007,family_000476,u_000476,2026-W25,ТС5,692.09,35.18,10
r_00010008,family_000476,u_000476,2026-W26,ТС5,520.76,62.34,8
r_00010009,family_000476,u_000476,2026-W26,ТС5,553.92,36.89,9
r_00010010,family_000476,u_000476,2026-W27,ТС5,809.17,7.22,11
r_00010011,family_000476,u_000476,2026-W28,ТС5,740.68,25.45,7
r_00010012,family_000476,u_000476,2026-W28,ТС5,614.26,55.13,10
r_00010013,family_000476,u_000476,2026-W29,ТС5,810.95,47.19,11
r_00010014,family_000476,u_000476,2026-W29,ТС5,734.57,36.41,8
r_00010015,family_000476,u_000476,2026-W30,ТС5,618.50,14.47,5
r_00010016,family_000476,u_000476,2026-W30,ТС5,569.41,37.09,9
r_00010017,family_000476,u_000476,2026-W31,ТС5,489.93,39.53,7
r_00010018,family_000476,u_000476,2026-W31,ТС5,765.24,92.22,8
r_00010019,family_000476,u_000476,2026-W32,ТС5,733.58,18.21,9
r_00010020,family_000476,u_000476,2026-W32,ТС5,782.30,72.25,11
r_00010021,family_000476,u_000476,2026-W33,ТС5,587.81,78.84,11
r_00010022,family_000476,u_000476,2026-W34,ТС5,655.20,38.32,10
r_00010023,family_000476,u_000476,2026-W34,ТС5,558.82,37.92,11
r_00010024,family_000476,u_000476,2026-W35,ТС5,765.54,42.19,10
r_00010025,family_000476,u_000476,2026-W36,ТС5,696.98,49.17,9
r_00010026,family_000476,u_000476,2026-W36,ТС5,528.70,15.71,9
r_00010027,family_000476,u_000476,2026-W36,ТС5,594.36,49.24,11
r_00010153,family_000483,u_000483,2026-W25,ТСЧ,999.31,61.79,11
r_00010154,family_000483,u_000483,2026-W25,ТСЧ,993.08,62.05,8
r_00010155,family_000483,u_000483,2026-W26,ТСЧ,1152.51,77.48,9
r_00010156,family_000483,u_000483,2026-W26,ТСЧ,941.21,84.42,6
r_00010157,family_000483,u_000483,2026-W26,ТСЧ,1010.92,0.00,5
r_00010158,family_000483,u_000483,2026-W27,ТСЧ,947.76,51.99,8
r_00010159,family_000483,u_000483,2026-W28,ТСЧ,606.84,31.99,6
r_00010160,family_000483,u_000483,2026-W28,ТСЧ,657.68,33.56,6
r_00010161,family_000483,u_000483,2026-W29,ТСЧ,813.44,43.23,9
r_00010162,family_000483,u_000483,2026-W29,ТСЧ,942.37,50.47,10
r_00010163,family_000483,u_000483,2026-W30,ТСЧ,735.14,36.10,10
r_00010164,family_000483,u_000483,2026-W30,ТСЧ,628.35,41.62,11
r_00010165,family_000483,u_000483,2026-W31,ТСЧ,1069.93,27.48,10
r_00010166,family_000483,u_000483,2026-W31,ТСЧ,720.71,67.71,11
r_00010167,family_000483,u_000483,2026-W32,ТСЧ,794.39,38.22,6
r_00010168,family_000483,u_000483,2026-W32,ТСЧ,837.84,17.80,10
r_00010169,family_000483,u_000483,2026-W33,ТСЧ,927.96,71.45,7
r_00010170,family_000483,u_000483,2026-W33,ТСЧ,1113.61,16.37,11
r_00010171,family_000483,u_000483,2026-W34,ТСЧ,723.98,28.19,6
r_00010172,family_000483,u_000483,2026-W34,ТСЧ,950.21,15.01,5
r_00010173,family_000483,u_000483,2026-W35,ТСЧ,606.22,0.00,5
r_00010174,family_000483,u_000483,2026-W35,ТСЧ,790.04,0.00,9
r_00010175,family_000483,u_000483,2026-W36,ТСЧ,506.74,51.31,8
r_00010176,family_000483,u_000483,2026-W36,ТСЧ,817.05,36.38,10
r_00010193,family_000485,u_000485,2026-W25,ТС5,716.67,23.14,8
r_00010194,family_000485,u_000485,2026-W25,ТС5,550.14,17.14,10
r_00010195,family_000485,u_000485,2026-W25,ТС5,642.70,62.28,10
r_00010196,family_000485,u_000485,2026-W26,ТС5,786.35,0.00,6
r_00010197,family_000485,u_000485,2026-W26,ТС5,698.18,0.00,5
r_00010198,family_000485,u_000485,2026-W27,ТС5,773.20,77.14,8
r_00010199,family_000485,u_000485,2026-W27,ТС5,582.48,24.53,6
r_00010200,family_000485,u_000485,2026-W28,ТС5,610.13,19.46,5
r_00010201,family_000485,u_000485,2026-W28,ТС5,526.25,41.53,8
r_00010202,family_000485,u_000485,2026-W29,ТС5,635.60,17.50,6
r_00010203,family_000485,u_000485,2026-W29,ТС5,684.57,23.24,10
r_00010204,family_000485,u_000485,2026-W29,ТС5,462.30,41.63,8
r_00010205,family_000485,u_000485,2026-W30,ТС5,576.36,74.41,7
r_00010206,family_000485,u_000485,2026-W30,ТС5,608.12,33.03,9
r_00010207,family_000485,u_000485,2026-W31,ТС5,763.79,47.00,11
r_00010208,family_000485,u_000485,2026-W31,ТС5,598.52,37.69,10
r_00010209,family_000485,u_000485,2026-W31,ТС5,630.13,37.18,6
r_00010210,family_000485,u_000485,2026-W32,ТС5,700.55,69.23,11
r_00010211,family_000485,u_000485,2026-W32,ТС5,630.26,29.35,11
r_00010212,family_000485,u_000485,2026-W33,ТС5,476.31,94.03,6
r_00010213,family_000485,u_000485,2026-W33,ТС5,620.80,41.53,11
r_00010214,family_000485,u_000485,2026-W33,ТС5,614.84,36.25,5
r_00010215,family_000485,u_000485,2026-W34,ТС5,496.87,35.24,5
r_00010216,family_000485,u_000485,2026-W34,ТС5,781.46,17.12,8
r_00010217,family_000485,u_000485,2026-W35,ТС5,450.30,7.39,8
r_00010218,family_000485,u_000485,2026-W35,ТС5,743.69,31.21,10
r_00010219,family_000485,u_000485,2026-W35,ТС5,702.86,9.10,10
r_00010220,family_000485,u_000485,2026-W35,ТС5,610.05,15.31,7
r_00010221,family_000485,u_000485,2026-W36,ТС5,491.67,17.43,7
r_00010222,family_000485,u_000485,2026-W36,ТС5,669.60,46.47,10
r_00010237,family_000487,u_000487,2026-W25,ТС5,563.88,33.00,11
r_00010238,family_000487,u_000487,2026-W25,ТС5,645.37,7.88,8
r_00010239,family_000487,u_000487,2026-W27,ТС5,667.76,0.00,5
r_00010240,family_000487,u_000487,2026-W27,ТС5,553.74,52.87,11
r_00010241,family_000487,u_000487,2026-W28,ТС5,727.99,42.24,6
r_00010242,family_000487,u_000487,2026-W29,ТС5,688.66,21.86,6
r_00010243,family_000487,u_000487,2026-W29,ТС5,769.94,0.00,5
r_00010244,family_000487,u_000487,2026-W30,ТС5,553.21,31.32,10
r_00010245,family_000487,u_000487,2026-W30,ТС5,610.58,36.48,6
r_00010246,family_000487,u_000487,2026-W31,ТС5,619.66,38.27,11
r_00010247,family_000487,u_000487,2026-W31,ТС5,658.83,21.43,11
r_00010248,family_000487,u_000487,2026-W32,ТС5,798.58,49.24,10
r_00010249,family_000487,u_000487,2026-W32,ТС5,667.35,37.95,11
r_00010250,family_000487,u_000487,2026-W33,ТС5,813.23,32.74,9
r_00010251,family_000487,u_000487,2026-W34,ТС5,777.23,20.61,6
r_00010252,family_000487,u_000487,2026-W34,ТС5,853.85,38.69,7
r_00010253,family_000487,u_000487,2026-W35,ТС5,452.31,32.17,11
r_00010254,family_000487,u_000487,2026-W35,ТС5,797.81,30.82,9
r_00010255,family_000487,u_000487,2026-W35,ТС5,590.57,25.72,7
r_00010256,family_000487,u_000487,2026-W36,ТС5,750.11,39.47,8
r_00010257,family_000487,u_000487,2026-W36,ТС5,629.42,61.59,5
r_00010258,family_000488,u_000488,2026-W25,ТС5,847.36,23.39,10
r_00010259,family_000488,u_000488,2026-W25,ТС5,509.38,33.72,5
r_00010260,family_000488,u_000488,2026-W26,ТС5,579.06,50.69,7
r_00010261,family_000488,u_000488,2026-W26,ТС5,636.25,8.93,5
r_00010262,family_000488,u_000488,2026-W27,ТС5,643.03,10.94,7
r_00010263,family_000488,u_000488,2026-W28,ТС5,515.82,0.00,5
r_00010264,family_000488,u_000488,2026-W28,ТС5,564.32,6.86,9
r_00010265,family_000488,u_000488,2026-W29,ТС5,837.00,25.56,5
r_00010266,family_000488,u_000488,2026-W29,ТС5,674.68,78.35,11
r_00010267,family_000488,u_000488,2026-W30,ТС5,609.39,89.74,8
r_00010268,family_000488,u_000488,2026-W31,ТС5,693.01,54.28,11
r_00010269,family_000488,u_000488,2026-W31,ТС5,857.13,43.23,10
r_00010270,family_000488,u_000488,2026-W32,ТС5,474.06,7.66,8
r_00010271,family_000488,u_000488,2026-W33,ТС5,770.93,54.54,8
r_00010272,family_000488,u_000488,2026-W33,ТС5,537.80,66.34,10
r_00010273,family_000488,u_000488,2026-W34,ТС5,691.98,75.42,11
r_00010274,family_000488,u_000488,2026-W35,ТС5,598.42,19.37,10
r_00010275,family_000488,u_000488,2026-W36,ТС5,527.75,51.63,5
r_00010377,family_000495,u_000495,2026-W25,ТСХ,1172.47,79.00,6
r_00010378,family_000495,u_000495,2026-W25,ТСХ,1074.93,12.11,9
r_00010379,family_000495,u_000495,2026-W26,ТСХ,1203.95,73.94,10
r_00010380,family_000495,u_000495,2026-W26,ТСХ,1407.35,0.00,5
r_00010381,family_000495,u_000495,2026-W26,ТСХ,464.78,32.00,8
r_00010382,family_000495,u_000495,2026-W27,ТСХ,834.37,0.00,5
r_00010383,family_000495,u_000495,2026-W27,ТСХ,1086.51,50.53,10
r_00010384,family_000495,u_000495,2026-W27,ТСХ,755.85,14.52,8
r_00010385,family_000495,u_000495,2026-W28,ТСХ,867.42,82.64,11
r_00010386,family_000495,u_000495,2026-W28,ТСХ,1369.94,0.00,5
r_00010387,family_000495,u_000495,2026-W28,ТСХ,1126.84,64.96,10
r_00010388,family_000495,u_000495,2026-W29,ТСХ,1038.19,96.64,8
r_00010389,family_000495,u_000495,2026-W29,ТСХ,1145.95,129.61,10
r_00010390,family_000495,u_000495,2026-W29,ТСХ,1001.92,39.42,11
r_00010391,family_000495,u_000495,2026-W30,ТСХ,1063.38,0.00,9
r_00010392,family_000495,u_000495,2026-W30,ТСХ,876.16,13.48,5
r_00010393,family_000495,u_000495,2026-W30,ТСХ,1362.79,0.00,6
r_00010394,family_000495,u_000495,2026-W31,ТСХ,659.37,13.34,8
r_00010395,family_000495,u_000495,2026-W31,ТСХ,946.00,22.46,11
r_00010396,family_000495,u_000495,2026-W31,ТСХ,1002.40,24.16,5
r_00010397,family_000495,u_000495,2026-W32,ТСХ,925.95,81.51,7
r_00010398,family_000495,u_000495,2026-W32,ТСХ,785.07,54.12,8
r_00010399,family_000495,u_000495,2026-W32,ТСХ,912.77,82.94,6
r_00010400,family_000495,u_000495,2026-W33,ТСХ,785.21,40.93,11
r_00010401,family_000495,u_000495,2026-W33,ТСХ,946.29,17.70,6
r_00010402,family_000495,u_000495,2026-W33,ТСХ,830.31,65.39,7
r_00010403,family_000495,u_000495,2026-W34,ТСХ,663.74,26.19,7
r_00010404,family_000495,u_000495,2026-W34,ТСХ,952.54,0.00,5
r_00010405,family_000495,u_000495,2026-W35,ТСХ,974.02,17.17,8
r_00010406,family_000495,u_000495,2026-W35,ТСХ,1129.49,19.57,11
r_00010407,family_000495,u_000495,2026-W35,ТСХ,878.02,24.04,7
r_00010408,family_000495,u_000495,2026-W36,ТСХ,844.06,39.18,5
r_00010409,family_000495,u_000495,2026-W36,ТСХ,593.96,18.54,11
r_00010410,family_000495,u_000495,2026-W36,ТСХ,983.47,8.51,9
r_00010411,family_000496,u_000496,2026-W25,ТС5,629.04,42.51,9
r_00010412,family_000496,u_000496,2026-W27,ТС5,534.06,30.76,5
r_00010413,family_000496,u_000496,2026-W27,ТС5,558.61,73.12,11
r_00010414,family_000496,u_000496,2026-W28,ТС5,512.26,47.64,6
r_00010415,family_000496,u_000496,2026-W29,ТС5,530.37,98.41,10
r_00010416,family_000496,u_000496,2026-W30,ТС5,593.46,110.32,6
r_00010417,family_000496,u_000496,2026-W31,ТС5,763.51,61.83,9
r_00010418,family_000496,u_000496,2026-W32,ТС5,558.34,35.14,10
r_00010419,family_000496,u_000496,2026-W32,ТС5,410.31,45.91,7
r_00010420,family_000496,u_000496,2026-W33,ТС5,775.00,46.45,10
r_00010421,family_000496,u_000496,2026-W33,ТС5,853.59,36.45,8
r_00010422,family_000496,u_000496,2026-W33,ТС5,626.14,35.50,6
r_00010423,family_000496,u_000496,2026-W34,ТС5,833.99,101.48,10
r_00010424,family_000496,u_000496,2026-W35,ТС5,604.21,96.33,8
r_00010425,family_000496,u_000496,2026-W36,ТС5,677.34,76.06,10
r_00010426,family_000496,u_000496,2026-W36,ТС5,475.48,72.13,10
r_00010669,family_000510,u_000510,2026-W25,ТСЧ,923.63,49.53,10
r_00010670,family_000510,u_000510,2026-W25,ТСЧ,704.99,18.42,7
r_00010671,family_000510,u_000510,2026-W26,ТСЧ,697.79,89.23,6
r_00010672,family_000510,u_000510,2026-W26,ТСЧ,678.59,46.57,5
r_00010673,family_000510,u_000510,2026-W27,ТСЧ,851.50,70.46,5
r_00010674,family_000510,u_000510,2026-W27,ТСЧ,655.88,47.20,6
r_00010675,family_000510,u_000510,2026-W28,ТСЧ,912.43,41.28,8
r_00010676,family_000510,u_000510,2026-W28,ТСЧ,885.81,49.30,6
r_00010677,family_000510,u_000510,2026-W29,ТСЧ,743.05,49.13,10
r_00010678,family_000510,u_000510,2026-W29,ТСЧ,565.73,56.59,9
r_00010679,family_000510,u_000510,2026-W29,ТСЧ,477.30,15.31,10
r_00010680,family_000510,u_000510,2026-W30,ТСЧ,799.15,53.67,9
r_00010681,family_000510,u_000510,2026-W30,ТСЧ,1102.31,0.00,7
r_00010682,family_000510,u_000510,2026-W31,ТСЧ,847.48,73.73,7
r_00010683,family_000510,u_000510,2026-W31,ТСЧ,725.68,59.76,9
r_00010684,family_000510,u_000510,2026-W32,ТСЧ,747.63,49.18,9
r_00010685,family_000510,u_000510,2026-W32,ТСЧ,727.88,65.28,5
r_00010686,family_000510,u_000510,2026-W32,ТСЧ,699.48,83.97,5
r_00010687,family_000510,u_000510,2026-W33,ТСЧ,739.00,44.55,11
r_00010688,family_000510,u_000510,2026-W33,ТСЧ,818.67,42.55,5
r_00010689,family_000510,u_000510,2026-W34,ТСЧ,737.72,29.93,5
r_00010690,family_000510,u_000510,2026-W34,ТСЧ,810.26,45.25,11
r_00010691,family_000510,u_000510,2026-W35,ТСЧ,752.42,39.59,6
r_00010692,family_000510,u_000510,2026-W35,ТСЧ,731.29,37.79,8
r_00010693,family_000510,u_000510,2026-W36,ТСЧ,646.81,21.68,8
r_00010694,family_000510,u_000510,2026-W36,ТСЧ,904.33,44.07,7
r_00010789,family_000517,u_000517,2026-W25,ТС5,559.33,55.65,7
r_00010790,family_000517,u_000517,2026-W25,ТС5,714.86,43.59,9
r_00010791,family_000517,u_000517,2026-W26,ТС5,756.56,19.62,9
r_00010792,family_000517,u_000517,2026-W26,ТС5,548.87,26.81,11
r_00010793,family_000517,u_000517,2026-W27,ТС5,671.26,37.87,10
r_00010794,family_000517,u_000517,2026-W27,ТС5,747.24,29.44,7
r_00010795,family_000517,u_000517,2026-W28,ТС5,721.51,10.24,10
r_00010796,family_000517,u_000517,2026-W28,ТС5,679.84,21.34,8
r_00010797,family_000517,u_000517,2026-W29,ТС5,563.46,38.25,10
r_00010798,family_000517,u_000517,2026-W29,ТС5,559.04,56.34,5
r_00010799,family_000517,u_000517,2026-W30,ТС5,550.85,77.72,5
r_00010800,family_000517,u_000517,2026-W30,ТС5,781.06,27.71,7
r_00010801,family_000517,u_000517,2026-W31,ТС5,857.12,23.67,9
r_00010802,family_000517,u_000517,2026-W31,ТС5,566.89,77.51,11
r_00010803,family_000517,u_000517,2026-W32,ТС5,705.11,40.15,11
r_00010804,family_000517,u_000517,2026-W32,ТС5,556.69,22.59,5
r_00010805,family_000517,u_000517,2026-W33,ТС5,633.78,62.80,5
r_00010806,family_000517,u_000517,2026-W33,ТС5,528.54,14.40,8
r_00010807,family_000517,u_000517,2026-W34,ТС5,629.65,36.57,9
r_00010808,family_000517,u_000517,2026-W35,ТС5,596.62,56.83,5
r_00010809,family_000517,u_000517,2026-W35,ТС5,802.29,7.90,11
r_00010810,family_000517,u_000517,2026-W35,ТС5,755.66,72.37,7
r_00010811,family_000517,u_000517,2026-W36,ТС5,715.68,9.96,9
r_00010812,family_000517,u_000517,2026-W36,ТС5,731.78,50.28,6
r_00010944,family_000526,u_000526,2026-W25,ТСЧ,593.57,105.66,5
r_00010945,family_000526,u_000526,2026-W25,ТСЧ,703.65,0.00,5
r_00010946,family_000526,u_000526,2026-W26,ТСЧ,739.73,13.25,9
r_00010947,family_000526,u_000526,2026-W27,ТСЧ,693.71,44.84,9
r_00010948,family_000526,u_000526,2026-W28,ТСЧ,718.19,19.63,9
r_00010949,family_000526,u_000526,2026-W28,ТСЧ,1102.88,51.36,5
r_00010950,family_000526,u_000526,2026-W29,ТСЧ,978.41,40.92,6
r_00010951,family_000526,u_000526,2026-W29,ТСЧ,817.26,70.94,10
r_00010952,family_000526,u_000526,2026-W30,ТСЧ,695.87,29.63,5
r_00010953,family_000526,u_000526,2026-W30,ТСЧ,784.37,39.53,10
r_00010954,family_000526,u_000526,2026-W31,ТСЧ,646.80,26.32,7
r_00010955,family_000526,u_000526,2026-W31,ТСЧ,762.94,8.93,6
r_00010956,family_000526,u_000526,2026-W32,ТСЧ,863.96,20.63,7
r_00010957,family_000526,u_000526,2026-W33,ТСЧ,782.38,50.11,5
r_00010958,family_000526,u_000526,2026-W33,ТСЧ,950.11,20.42,7
r_00010959,family_000526,u_000526,2026-W34,ТСЧ,1060.90,43.13,10
r_00010960,family_000526,u_000526,2026-W34,ТСЧ,766.95,30.84,5
r_00010961,family_000526,u_000526,2026-W35,ТСЧ,883.17,53.82,7
r_00010962,family_000526,u_000526,2026-W35,ТСЧ,464.67,12.05,7
r_00010963,family_000526,u_000526,2026-W36,ТСЧ,744.71,17.58,5
r_00010964,family_000526,u_000526,2026-W36,ТСЧ,968.56,17.53,11
r_00011059,family_000533,u_000533,2026-W25,ТС5,764.23,13.35,6
r_00011060,family_000533,u_000533,2026-W26,ТС5,512.97,51.54,7
r_00011061,family_000533,u_000533,2026-W26,ТС5,669.40,23.29,5
r_00011062,family_000533,u_000533,2026-W27,ТС5,665.73,0.00,5
r_00011063,family_000533,u_000533,2026-W27,ТС5,842.13,55.38,9
r_00011064,family_000533,u_000533,2026-W28,ТС5,935.55,29.45,9
r_00011065,family_000533,u_000533,2026-W28,ТС5,615.12,20.09,9
r_00011066,family_000533,u_000533,2026-W29,ТС5,551.14,17.04,7
r_00011067,family_000533,u_000533,2026-W29,ТС5,719.90,66.10,8
r_00011068,family_000533,u_000533,2026-W30,ТС5,630.09,11.97,10
r_00011069,family_000533,u_000533,2026-W30,ТС5,711.08,22.48,5
r_00011070,family_000533,u_000533,2026-W30,ТС5,450.59,16.27,7
r_00011071,family_000533,u_000533,2026-W31,ТС5,670.71,59.68,7
r_00011072,family_000533,u_000533,2026-W31,ТС5,608.99,0.00,5
r_00011073,family_000533,u_000533,2026-W31,ТС5,767.97,26.41,11
r_00011074,family_000533,u_000533,2026-W32,ТС5,770.68,86.62,8
r_00011075,family_000533,u_000533,2026-W32,ТС5,671.86,0.00,5
r_00011076,family_000533,u_000533,2026-W33,ТС5,512.33,32.57,9
r_00011077,family_000533,u_000533,2026-W34,ТС5,691.78,45.97,10
r_00011078,family_000533,u_000533,2026-W34,ТС5,736.40,66.47,8
r_00011079,family_000533,u_000533,2026-W35,ТС5,529.29,18.74,11
r_00011080,family_000533,u_000533,2026-W35,ТС5,557.29,34.90,11
r_00011081,family_000533,u_000533,2026-W36,ТС5,595.34,45.79,5
r_00011082,family_000533,u_000533,2026-W36,ТС5,763.73,26.21,8
r_00011083,family_000533,u_000533,2026-W36,ТС5,590.73,10.22,8
r_00011084,family_000534,u_000534,2026-W25,ТСЧ,768.83,92.76,10
r_00011085,family_000534,u_000534,2026-W25,ТСЧ,806.51,152.78,7
r_00011086,family_000534,u_000534,2026-W26,ТСЧ,655.26,33.16,7
r_00011087,family_000534,u_000534,2026-W26,ТСЧ,666.24,93.75,8
r_00011088,family_000534,u_000534,2026-W27,ТСЧ,667.70,77.22,9
r_00011089,family_000534,u_000534,2026-W27,ТСЧ,863.66,99.22,9
r_00011090,family_000534,u_000534,2026-W27,ТСЧ,634.55,52.41,5
r_00011091,family_000534,u_000534,2026-W28,ТСЧ,776.44,34.55,9
r_00011092,family_000534,u_000534,2026-W29,ТСЧ,795.62,140.55,5
r_00011093,family_000534,u_000534,2026-W29,ТСЧ,641.84,112.13,6
r_00011094,family_000534,u_000534,2026-W29,ТСЧ,899.19,29.81,6
r_00011095,family_000534,u_000534,2026-W30,ТСЧ,597.25,76.75,8
r_00011096,family_000534,u_000534,2026-W30,ТСЧ,672.67,49.80,10
r_00011097,family_000534,u_000534,2026-W30,ТСЧ,725.06,24.99,5
r_00011098,family_000534,u_000534,2026-W31,ТСЧ,735.06,70.97,10
r_00011099,family_000534,u_000534,2026-W31,ТСЧ,974.22,128.60,7
r_00011100,family_000534,u_000534,2026-W32,ТСЧ,506.85,80.57,10
r_00011101,family_000534,u_000534,2026-W32,ТСЧ,524.46,95.74,8
r_00011102,family_000534,u_000534,2026-W33,ТСЧ,965.06,88.07,8
r_00011103,family_000534,u_000534,2026-W33,ТСЧ,776.61,37.34,6
r_00011104,family_000534,u_000534,2026-W34,ТСЧ,559.21,130.63,5
r_00011105,family_000534,u_000534,2026-W34,ТСЧ,760.89,37.29,9
r_00011106,family_000534,u_000534,2026-W34,ТСЧ,704.21,93.87,8
r_00011107,family_000534,u_000534,2026-W35,ТСЧ,973.73,107.52,5
r_00011108,family_000534,u_000534,2026-W35,ТСЧ,1002.37,168.01,5
r_00011109,family_000534,u_000534,2026-W35,ТСЧ,893.84,84.02,5
r_00011110,family_000534,u_000534,2026-W36,ТСЧ,606.13,54.30,9
r_00011111,family_000534,u_000534,2026-W36,ТСЧ,524.85,93.94,11
r_00011112,family_000534,u_000534,2026-W36,ТСЧ,844.29,101.97,8
r_00011351,family_000545,u_000545,2026-W25,ТС5,615.82,66.34,11
r_00011352,family_000545,u_000545,2026-W25,ТС5,653.90,0.00,5
r_00011353,family_000545,u_000545,2026-W26,ТС5,614.79,31.63,10
r_00011354,family_000545,u_000545,2026-W26,ТС5,655.64,23.76,8
r_00011355,family_000545,u_000545,2026-W26,ТС5,767.39,22.03,11
r_00011356,family_000545,u_000545,2026-W27,ТС5,696.78,111.39,9
r_00011357,family_000545,u_000545,2026-W27,ТС5,614.29,99.51,9
r_00011358,family_000545,u_000545,2026-W28,ТС5,590.50,74.81,10
r_00011359,family_000545,u_000545,2026-W28,ТС5,749.55,59.02,7
r_00011360,family_000545,u_000545,2026-W29,ТС5,789.22,36.47,9
r_00011361,family_000545,u_000545,2026-W29,ТС5,557.14,21.27,7
r_00011362,family_000545,u_000545,2026-W30,ТС5,609.87,0.00,11
r_00011363,family_000545,u_000545,2026-W30,ТС5,647.16,8.15,9
r_00011364,family_000545,u_000545,2026-W31,ТС5,931.32,14.61,5
r_00011365,family_000545,u_000545,2026-W31,ТС5,699.87,64.58,5
r_00011366,family_000545,u_000545,2026-W32,ТС5,568.26,36.38,7
r_00011367,family_000545,u_000545,2026-W32,ТС5,666.44,27.34,11
r_00011368,family_000545,u_000545,2026-W33,ТС5,719.14,10.55,6
r_00011369,family_000545,u_000545,2026-W33,ТС5,429.44,10.94,8
r_00011370,family_000545,u_000545,2026-W34,ТС5,719.94,50.63,7
r_00011371,family_000545,u_000545,2026-W34,ТС5,489.18,32.60,11
r_00011372,family_000545,u_000545,2026-W35,ТС5,703.72,59.21,10
r_00011373,family_000545,u_000545,2026-W36,ТС5,522.98,38.60,8
r_00011374,family_000545,u_000545,2026-W36,ТС5,650.49,9.86,7
r_00011386,family_000547,u_000547,2026-W25,ТС5,813.47,9.71,6
r_00011387,family_000547,u_000547,2026-W25,ТС5,673.03,63.61,11
r_00011388,family_000547,u_000547,2026-W25,ТС5,653.59,45.90,7
r_00011389,family_000547,u_000547,2026-W26,ТС5,520.97,58.02,10
r_00011390,family_000547,u_000547,2026-W26,ТС5,737.30,16.66,7
r_00011391,family_000547,u_000547,2026-W27,ТС5,761.25,49.26,5
r_00011392,family_000547,u_000547,2026-W27,ТС5,611.69,29.05,7
r_00011393,family_000547,u_000547,2026-W27,ТС5,692.35,63.39,6
r_00011394,family_000547,u_000547,2026-W28,ТС5,625.74,19.44,6
r_00011395,family_000547,u_000547,2026-W28,ТС5,555.70,55.57,6
r_00011396,family_000547,u_000547,2026-W29,ТС5,441.54,8.05,9
r_00011397,family_000547,u_000547,2026-W29,ТС5,716.09,83.47,9
r_00011398,family_000547,u_000547,2026-W29,ТС5,608.09,51.80,11
r_00011399,family_000547,u_000547,2026-W30,ТС5,667.62,30.43,8
r_00011400,family_000547,u_000547,2026-W30,ТС5,679.14,45.11,9
r_00011401,family_000547,u_000547,2026-W30,ТС5,714.74,30.40,7
r_00011402,family_000547,u_000547,2026-W31,ТС5,479.92,24.31,6
r_00011403,family_000547,u_000547,2026-W31,ТС5,567.88,51.72,8
r_00011404,family_000547,u_000547,2026-W32,ТС5,417.86,5.27,8
r_00011405,family_000547,u_000547,2026-W32,ТС5,632.90,46.46,5
r_00011406,family_000547,u_000547,2026-W33,ТС5,378.06,19.83,8
r_00011407,family_000547,u_000547,2026-W33,ТС5,592.79,59.64,6
r_00011408,family_000547,u_000547,2026-W34,ТС5,741.04,66.62,11
r_00011409,family_000547,u_000547,2026-W34,ТС5,690.99,19.60,5
r_00011410,family_000547,u_000547,2026-W34,ТС5,715.50,27.41,9
r_00011411,family_000547,u_000547,2026-W35,ТС5,697.12,28.28,11
r_00011412,family_000547,u_000547,2026-W35,ТС5,616.74,64.29,5
r_00011413,family_000547,u_000547,2026-W36,ТС5,826.98,13.04,7
r_00011414,family_000547,u_000547,2026-W36,ТС5,591.15,88.21,9
r_00011477,family_000552,u_000552,2026-W25,ТС5,820.06,38.15,11
r_00011478,family_000552,u_000552,2026-W25,ТС5,815.79,98.62,6
r_00011479,family_000552,u_000552,2026-W25,ТС5,544.83,52.27,11
r_00011480,family_000552,u_000552,2026-W26,ТС5,604.39,74.06,5
r_00011481,family_000552,u_000552,2026-W26,ТС5,537.52,75.90,5
r_00011482,family_000552,u_000552,2026-W26,ТС5,677.63,53.80,8
r_00011483,family_000552,u_000552,2026-W27,ТС5,609.13,24.59,11
r_00011484,family_000552,u_000552,2026-W27,ТС5,597.63,36.68,6
r_00011485,family_000552,u_000552,2026-W27,ТС5,883.41,34.83,11
r_00011486,family_000552,u_000552,2026-W28,ТС5,613.05,30.46,9
r_00011487,family_000552,u_000552,2026-W28,ТС5,692.16,60.08,9
r_00011488,family_000552,u_000552,2026-W28,ТС5,693.86,13.91,10
r_00011489,family_000552,u_000552,2026-W29,ТС5,646.73,62.39,7
r_00011490,family_000552,u_000552,2026-W29,ТС5,718.54,74.93,10
r_00011491,family_000552,u_000552,2026-W29,ТС5,856.72,11.95,10
r_00011492,family_000552,u_000552,2026-W30,ТС5,668.60,27.94,8
r_00011493,family_000552,u_000552,2026-W30,ТС5,781.05,22.00,7
r_00011494,family_000552,u_000552,2026-W30,ТС5,603.96,77.49,9
r_00011495,family_000552,u_000552,2026-W31,ТС5,472.86,43.57,9
r_00011496,family_000552,u_000552,2026-W31,ТС5,472.07,14.87,5
r_00011497,family_000552,u_000552,2026-W31,ТС5,566.22,12.38,9
r_00011498,family_000552,u_000552,2026-W32,ТС5,758.54,19.30,6
r_00011499,family_000552,u_000552,2026-W32,ТС5,473.48,54.57,5
r_00011500,family_000552,u_000552,2026-W32,ТС5,711.74,17.35,7
r_00011501,family_000552,u_000552,2026-W33,ТС5,456.19,39.36,7
r_00011502,family_000552,u_000552,2026-W33,ТС5,709.80,39.23,5
r_00011503,family_000552,u_000552,2026-W33,ТС5,860.30,33.55,5
r_00011504,family_000552,u_000552,2026-W34,ТС5,655.20,10.12,11
r_00011505,family_000552,u_000552,2026-W34,ТС5,505.72,12.93,8
r_00011506,family_000552,u_000552,2026-W34,ТС5,603.39,101.31,9
r_00011507,family_000552,u_000552,2026-W35,ТС5,604.56,18.32,11
r_00011508,family_000552,u_000552,2026-W35,ТС5,526.00,5.66,9
r_00011509,family_000552,u_000552,2026-W35,ТС5,692.32,50.26,6
r_00011510,family_000552,u_000552,2026-W36,ТС5,516.13,49.84,8
r_00011511,family_000552,u_000552,2026-W36,ТС5,626.81,11.34,6
r_00011512,family_000552,u_000552,2026-W36,ТС5,681.18,40.24,8
r_00011513,family_000552,u_000552,2026-W36,ТС5,628.85,19.32,6
r_00011599,family_000557,u_000557,2026-W25,ТС5,551.78,82.38,10
r_00011600,family_000557,u_000557,2026-W25,ТС5,712.89,93.18,11
r_00011601,family_000557,u_000557,2026-W26,ТС5,405.14,53.96,7
r_00011602,family_000557,u_000557,2026-W26,ТС5,624.71,62.25,7
r_00011603,family_000557,u_000557,2026-W27,ТС5,527.97,38.20,9
r_00011604,family_000557,u_000557,2026-W27,ТС5,616.45,94.52,9
r_00011605,family_000557,u_000557,2026-W27,ТС5,539.29,81.80,6
r_00011606,family_000557,u_000557,2026-W28,ТС5,622.69,58.74,7
r_00011607,family_000557,u_000557,2026-W28,ТС5,862.03,94.38,8
r_00011608,family_000557,u_000557,2026-W28,ТС5,584.56,59.28,8
r_00011609,family_000557,u_000557,2026-W29,ТС5,696.33,50.73,8
r_00011610,family_000557,u_000557,2026-W29,ТС5,599.21,58.44,5
r_00011611,family_000557,u_000557,2026-W30,ТС5,547.22,63.07,10
r_00011612,family_000557,u_000557,2026-W30,ТС5,645.68,95.22,11
r_00011613,family_000557,u_000557,2026-W31,ТС5,700.83,31.36,9
r_00011614,family_000557,u_000557,2026-W31,ТС5,620.17,123.95,5
r_00011615,family_000557,u_000557,2026-W31,ТС5,549.95,41.75,8
r_00011616,family_000557,u_000557,2026-W32,ТС5,468.61,69.32,10
r_00011617,family_000557,u_000557,2026-W32,ТС5,607.93,101.04,11
r_00011618,family_000557,u_000557,2026-W33,ТС5,791.65,158.05,10
r_00011619,family_000557,u_000557,2026-W33,ТС5,631.66,45.33,8
r_00011620,family_000557,u_000557,2026-W34,ТС5,518.53,17.80,6
r_00011621,family_000557,u_000557,2026-W34,ТС5,570.83,129.52,7
r_00011622,family_000557,u_000557,2026-W34,ТС5,564.17,64.20,6
r_00011623,family_000557,u_000557,2026-W35,ТС5,812.26,56.17,7
r_00011624,family_000557,u_000557,2026-W35,ТС5,391.79,56.00,6
r_00011625,family_000557,u_000557,2026-W36,ТС5,778.23,45.70,9
r_00011626,family_000557,u_000557,2026-W36,ТС5,646.75,182.03,6
r_00011627,family_000557,u_000557,2026-W36,ТС5,770.41,18.85,6
r_00011663,family_000559,u_000559,2026-W25,ТС5,688.83,131.07,7
r_00011664,family_000559,u_000559,2026-W25,ТС5,586.64,113.80,10
r_00011665,family_000559,u_000559,2026-W25,ТС5,660.88,32.88,7
r_00011666,family_000559,u_000559,2026-W26,ТС5,525.11,40.42,7
r_00011667,family_000559,u_000559,2026-W26,ТС5,611.59,79.66,11
r_00011668,family_000559,u_000559,2026-W27,ТС5,601.73,41.64,11
r_00011669,family_000559,u_000559,2026-W27,ТС5,491.20,110.89,6
r_00011670,family_000559,u_000559,2026-W28,ТС5,578.91,75.73,9
r_00011671,family_000559,u_000559,2026-W28,ТС5,897.12,83.89,5
r_00011672,family_000559,u_000559,2026-W28,ТС5,546.21,59.56,8
r_00011673,family_000559,u_000559,2026-W29,ТС5,480.45,40.25,6
r_00011674,family_000559,u_000559,2026-W29,ТС5,708.51,130.51,9
r_00011675,family_000559,u_000559,2026-W30,ТС5,596.03,60.22,7
r_00011676,family_000559,u_000559,2026-W30,ТС5,732.26,115.61,8
r_00011677,family_000559,u_000559,2026-W30,ТС5,582.12,87.95,9
r_00011678,family_000559,u_000559,2026-W31,ТС5,725.90,81.53,10
r_00011679,family_000559,u_000559,2026-W31,ТС5,764.51,129.29,7
r_00011680,family_000559,u_000559,2026-W32,ТС5,585.67,64.61,5
r_00011681,family_000559,u_000559,2026-W32,ТС5,583.67,84.57,10
r_00011682,family_000559,u_000559,2026-W33,ТС5,675.67,57.12,8
r_00011683,family_000559,u_000559,2026-W33,ТС5,519.30,50.24,6
r_00011684,family_000559,u_000559,2026-W34,ТС5,611.96,109.66,6
r_00011685,family_000559,u_000559,2026-W34,ТС5,689.68,116.57,7
r_00011686,family_000559,u_000559,2026-W35,ТС5,672.68,25.02,11
r_00011687,family_000559,u_000559,2026-W35,ТС5,530.03,61.13,9
r_00011688,family_000559,u_000559,2026-W35,ТС5,478.69,30.42,11
r_00011689,family_000559,u_000559,2026-W36,ТС5,577.38,61.31,8
r_00011690,family_000559,u_000559,2026-W36,ТС5,588.93,84.84,7
r_00011691,family_000559,u_000559,2026-W36,ТС5,644.61,92.47,6
r_00011749,family_000562,u_000562,2026-W25,ТСЧ,711.46,47.90,7
r_00011750,family_000562,u_000562,2026-W25,ТСЧ,866.99,47.20,8
r_00011751,family_000562,u_000562,2026-W25,ТСЧ,766.36,22.39,9
r_00011752,family_000562,u_000562,2026-W26,ТСЧ,791.34,13.61,8
r_00011753,family_000562,u_000562,2026-W26,ТСЧ,1105.12,26.72,9
r_00011754,family_000562,u_000562,2026-W26,ТСЧ,735.63,0.00,7
r_00011755,family_000562,u_000562,2026-W27,ТСЧ,944.08,20.68,6
r_00011756,family_000562,u_000562,2026-W27,ТСЧ,631.15,23.62,9
r_00011757,family_000562,u_000562,2026-W27,ТСЧ,458.11,29.73,6
r_00011758,family_000562,u_000562,2026-W28,ТСЧ,724.61,82.10,9
r_00011759,family_000562,u_000562,2026-W28,ТСЧ,744.77,13.37,10
r_00011760,family_000562,u_000562,2026-W28,ТСЧ,926.16,80.60,11
r_00011761,family_000562,u_000562,2026-W28,ТСЧ,752.82,65.90,6
r_00011762,family_000562,u_000562,2026-W29,ТСЧ,921.57,0.00,5
r_00011763,family_000562,u_000562,2026-W29,ТСЧ,926.10,154.24,7
r_00011764,family_000562,u_000562,2026-W29,ТСЧ,829.72,52.45,5
r_00011765,family_000562,u_000562,2026-W29,ТСЧ,1116.87,78.97,10
r_00011766,family_000562,u_000562,2026-W30,ТСЧ,824.60,12.35,7
r_00011767,family_000562,u_000562,2026-W30,ТСЧ,701.68,26.00,10
r_00011768,family_000562,u_000562,2026-W30,ТСЧ,617.93,84.59,6
r_00011769,family_000562,u_000562,2026-W30,ТСЧ,1125.36,76.47,9
r_00011770,family_000562,u_000562,2026-W31,ТСЧ,613.24,10.20,7
r_00011771,family_000562,u_000562,2026-W31,ТСЧ,720.93,31.61,8
r_00011772,family_000562,u_000562,2026-W31,ТСЧ,814.39,26.77,5
r_00011773,family_000562,u_000562,2026-W32,ТСЧ,632.86,0.00,5
r_00011774,family_000562,u_000562,2026-W32,ТСЧ,698.42,75.57,6
r_00011775,family_000562,u_000562,2026-W33,ТСЧ,945.60,132.10,7
r_00011776,family_000562,u_000562,2026-W33,ТСЧ,493.64,67.23,7
r_00011777,family_000562,u_000562,2026-W34,ТСЧ,1077.38,72.84,10
r_00011778,family_000562,u_000562,2026-W34,ТСЧ,920.17,71.28,11
r_00011779,family_000562,u_000562,2026-W34,ТСЧ,686.30,18.61,7
r_00011780,family_000562,u_000562,2026-W35,ТСЧ,895.48,102.20,9
r_00011781,family_000562,u_000562,2026-W35,ТСЧ,1032.07,27.19,5
r_00011782,family_000562,u_000562,2026-W36,ТСЧ,799.81,23.24,10
r_00011783,family_000562,u_000562,2026-W36,ТСЧ,654.11,59.99,8
r_00011814,family_000565,u_000565,2026-W25,ТС5,486.82,21.88,5
r_00011815,family_000565,u_000565,2026-W25,ТС5,533.68,12.20,11
r_00011816,family_000565,u_000565,2026-W25,ТС5,638.53,23.29,5
r_00011817,family_000565,u_000565,2026-W26,ТС5,700.55,45.60,8
r_00011818,family_000565,u_000565,2026-W26,ТС5,673.80,26.68,9
r_00011819,family_000565,u_000565,2026-W27,ТС5,672.65,26.73,5
r_00011820,family_000565,u_000565,2026-W28,ТС5,635.83,47.34,8
r_00011821,family_000565,u_000565,2026-W28,ТС5,691.09,45.79,8
r_00011822,family_000565,u_000565,2026-W29,ТС5,740.28,50.05,6
r_00011823,family_000565,u_000565,2026-W29,ТС5,858.46,57.36,11
r_00011824,family_000565,u_000565,2026-W30,ТС5,526.30,36.11,9
r_00011825,family_000565,u_000565,2026-W30,ТС5,648.85,59.47,9
r_00011826,family_000565,u_000565,2026-W31,ТС5,907.94,42.92,11
r_00011827,family_000565,u_000565,2026-W31,ТС5,819.45,24.64,8
r_00011828,family_000565,u_000565,2026-W32,ТС5,506.59,46.33,11
r_00011829,family_000565,u_000565,2026-W32,ТС5,787.83,51.54,6
r_00011830,family_000565,u_000565,2026-W33,ТС5,536.40,44.80,9
r_00011831,family_000565,u_000565,2026-W33,ТС5,631.66,44.44,11
r_00011832,family_000565,u_000565,2026-W34,ТС5,683.64,7.32,7
r_00011833,family_000565,u_000565,2026-W34,ТС5,743.27,42.26,10
r_00011834,family_000565,u_000565,2026-W35,ТС5,648.67,28.56,10
r_00011835,family_000565,u_000565,2026-W36,ТС5,488.97,53.58,10
r_00011836,family_000565,u_000565,2026-W36,ТС5,667.45,5.39,8
r_00011881,family_000567,u_000567,2026-W25,ТСХ,741.81,138.83,7
r_00011882,family_000567,u_000567,2026-W25,ТСХ,1215.85,116.07,8
r_00011883,family_000567,u_000567,2026-W25,ТСХ,814.45,151.67,7
r_00011884,family_000567,u_000567,2026-W26,ТСХ,632.83,114.19,7
r_00011885,family_000567,u_000567,2026-W26,ТСХ,780.49,79.64,11
r_00011886,family_000567,u_000567,2026-W26,ТСХ,897.61,23.03,5
r_00011887,family_000567,u_000567,2026-W27,ТСХ,1029.02,92.91,10
r_00011888,family_000567,u_000567,2026-W27,ТСХ,870.11,145.11,7
r_00011889,family_000567,u_000567,2026-W27,ТСХ,889.62,149.08,11
r_00011890,family_000567,u_000567,2026-W28,ТСХ,721.48,132.51,10
r_00011891,family_000567,u_000567,2026-W28,ТСХ,877.19,63.61,10
r_00011892,family_000567,u_000567,2026-W28,ТСХ,691.83,79.54,6
r_00011893,family_000567,u_000567,2026-W29,ТСХ,729.36,130.14,6
r_00011894,family_000567,u_000567,2026-W29,ТСХ,1093.76,97.27,8
r_00011895,family_000567,u_000567,2026-W29,ТСХ,880.83,150.15,10
r_00011896,family_000567,u_000567,2026-W30,ТСХ,754.13,70.86,9
r_00011897,family_000567,u_000567,2026-W30,ТСХ,957.73,162.58,6
r_00011898,family_000567,u_000567,2026-W30,ТСХ,658.96,123.75,10
r_00011899,family_000567,u_000567,2026-W31,ТСХ,949.66,209.13,7
r_00011900,family_000567,u_000567,2026-W31,ТСХ,723.43,204.47,10
r_00011901,family_000567,u_000567,2026-W32,ТСХ,684.14,142.62,11
r_00011902,family_000567,u_000567,2026-W32,ТСХ,788.70,74.07,6
r_00011903,family_000567,u_000567,2026-W32,ТСХ,975.17,62.22,10
r_00011904,family_000567,u_000567,2026-W33,ТСХ,1254.62,196.44,11
r_00011905,family_000567,u_000567,2026-W33,ТСХ,1103.59,53.12,10
r_00011906,family_000567,u_000567,2026-W33,ТСХ,969.33,57.67,9
r_00011907,family_000567,u_000567,2026-W34,ТСХ,1175.62,129.47,7
r_00011908,family_000567,u_000567,2026-W34,ТСХ,941.94,79.73,10
r_00011909,family_000567,u_000567,2026-W34,ТСХ,759.62,70.18,6
r_00011910,family_000567,u_000567,2026-W35,ТСХ,892.91,171.55,6
r_00011911,family_000567,u_000567,2026-W35,ТСХ,1085.46,158.54,5
r_00011912,family_000567,u_000567,2026-W35,ТСХ,807.71,162.87,7
r_00011913,family_000567,u_000567,2026-W36,ТСХ,1133.28,201.97,10
r_00011914,family_000567,u_000567,2026-W36,ТСХ,928.72,81.43,5
r_00011915,family_000567,u_000567,2026-W36,ТСХ,486.14,119.71,9
r_00011939,family_000570,u_000570,2026-W25,ТС5,442.85,51.04,11
r_00011940,family_000570,u_000570,2026-W27,ТС5,554.44,97.61,10
r_00011941,family_000570,u_000570,2026-W27,ТС5,936.98,61.79,7
r_00011942,family_000570,u_000570,2026-W28,ТС5,509.29,68.18,11
r_00011943,family_000570,u_000570,2026-W28,ТС5,568.31,175.74,7
r_00011944,family_000570,u_000570,2026-W30,ТС5,473.57,137.46,10
r_00011945,family_000570,u_000570,2026-W31,ТС5,757.48,118.43,9
r_00011946,family_000570,u_000570,2026-W31,ТС5,596.41,88.76,9
r_00011947,family_000570,u_000570,2026-W32,ТС5,625.10,64.32,11
r_00011948,family_000570,u_000570,2026-W32,ТС5,711.54,94.85,11
r_00011949,family_000570,u_000570,2026-W33,ТС5,497.79,122.16,6
r_00011950,family_000570,u_000570,2026-W33,ТС5,655.86,58.00,7
r_00011951,family_000570,u_000570,2026-W34,ТС5,685.24,24.85,8
r_00011952,family_000570,u_000570,2026-W34,ТС5,537.51,113.46,9
r_00011953,family_000570,u_000570,2026-W35,ТС5,706.68,104.32,5
r_00011954,family_000570,u_000570,2026-W35,ТС5,627.04,42.21,8
r_00011955,family_000570,u_000570,2026-W36,ТС5,753.90,78.68,7
r_00012151,family_000582,u_000582,2026-W25,ТС5,699.06,58.91,9
r_00012152,family_000582,u_000582,2026-W25,ТС5,498.37,98.87,5
r_00012153,family_000582,u_000582,2026-W25,ТС5,756.99,0.00,5
r_00012154,family_000582,u_000582,2026-W26,ТС5,720.53,49.79,8
r_00012155,family_000582,u_000582,2026-W26,ТС5,741.71,8.40,5
r_00012156,family_000582,u_000582,2026-W26,ТС5,589.07,25.47,7
r_00012157,family_000582,u_000582,2026-W27,ТС5,657.04,29.39,10
r_00012158,family_000582,u_000582,2026-W27,ТС5,454.44,14.87,7
r_00012159,family_000582,u_000582,2026-W27,ТС5,570.87,36.71,9
r_00012160,family_000582,u_000582,2026-W28,ТС5,517.96,59.63,6
r_00012161,family_000582,u_000582,2026-W28,ТС5,543.17,75.01,11
r_00012162,family_000582,u_000582,2026-W28,ТС5,525.64,22.42,5
r_00012163,family_000582,u_000582,2026-W29,ТС5,772.06,10.05,7
r_00012164,family_000582,u_000582,2026-W29,ТС5,458.22,20.12,10
r_00012165,family_000582,u_000582,2026-W29,ТС5,699.56,35.34,7
r_00012166,family_000582,u_000582,2026-W30,ТС5,667.10,47.02,9
r_00012167,family_000582,u_000582,2026-W30,ТС5,617.62,32.51,11
r_00012168,family_000582,u_000582,2026-W30,ТС5,797.97,0.00,8
r_00012169,family_000582,u_000582,2026-W31,ТС5,611.47,17.82,6
r_00012170,family_000582,u_000582,2026-W31,ТС5,626.36,52.69,8
r_00012171,family_000582,u_000582,2026-W31,ТС5,834.73,43.10,11
r_00012172,family_000582,u_000582,2026-W32,ТС5,718.17,75.45,7
r_00012173,family_000582,u_000582,2026-W32,ТС5,643.97,16.29,10
r_00012174,family_000582,u_000582,2026-W32,ТС5,668.99,90.76,11
r_00012175,family_000582,u_000582,2026-W33,ТС5,821.47,77.23,11
r_00012176,family_000582,u_000582,2026-W33,ТС5,549.96,45.49,6
r_00012177,family_000582,u_000582,2026-W33,ТС5,623.73,71.94,10
r_00012178,family_000582,u_000582,2026-W34,ТС5,466.51,19.25,7
r_00012179,family_000582,u_000582,2026-W34,ТС5,665.61,52.80,9
r_00012180,family_000582,u_000582,2026-W34,ТС5,531.09,23.72,5
r_00012181,family_000582,u_000582,2026-W35,ТС5,783.32,8.99,8
r_00012182,family_000582,u_000582,2026-W35,ТС5,691.37,0.00,7
r_00012183,family_000582,u_000582,2026-W36,ТС5,635.92,31.09,9
r_00012184,family_000582,u_000582,2026-W36,ТС5,479.72,0.00,7
r_00012185,family_000582,u_000582,2026-W36,ТС5,544.61,10.91,8
r_00012280,family_000586,u_000586,2026-W25,ТС5,564.07,59.04,9
r_00012281,family_000586,u_000586,2026-W25,ТС5,409.98,91.04,6
r_00012282,family_000586,u_000586,2026-W26,ТС5,651.64,97.15,8
r_00012283,family_000586,u_000586,2026-W26,ТС5,663.32,132.92,5
r_00012284,family_000586,u_000586,2026-W27,ТС5,570.95,64.18,5
r_00012285,family_000586,u_000586,2026-W27,ТС5,574.58,161.19,7
r_00012286,family_000586,u_000586,2026-W27,ТС5,438.60,27.07,9
r_00012287,family_000586,u_000586,2026-W28,ТС5,676.03,65.02,9
r_00012288,family_000586,u_000586,2026-W28,ТС5,653.47,99.78,9
r_00012289,family_000586,u_000586,2026-W29,ТС5,462.92,38.32,9
r_00012290,family_000586,u_000586,2026-W29,ТС5,555.75,115.96,8
r_00012291,family_000586,u_000586,2026-W29,ТС5,730.34,183.70,6
r_00012292,family_000586,u_000586,2026-W30,ТС5,490.59,62.06,7
r_00012293,family_000586,u_000586,2026-W30,ТС5,735.59,65.35,11
r_00012294,family_000586,u_000586,2026-W31,ТС5,779.82,66.22,7
r_00012295,family_000586,u_000586,2026-W31,ТС5,584.70,41.51,6
r_00012296,family_000586,u_000586,2026-W32,ТС5,440.92,60.33,5
r_00012297,family_000586,u_000586,2026-W32,ТС5,537.04,59.70,8
r_00012298,family_000586,u_000586,2026-W33,ТС5,571.94,124.30,9
r_00012299,family_000586,u_000586,2026-W33,ТС5,581.74,85.90,5
r_00012300,family_000586,u_000586,2026-W34,ТС5,594.12,76.13,10
r_00012301,family_000586,u_000586,2026-W35,ТС5,456.16,52.70,11
r_00012302,family_000586,u_000586,2026-W36,ТС5,436.08,32.17,7
r_00012303,family_000586,u_000586,2026-W36,ТС5,636.74,82.96,9
r_00012399,family_000593,u_000593,2026-W25,ТСЧ,798.76,28.30,8
r_00012400,family_000593,u_000593,2026-W25,ТСЧ,861.47,88.15,8
r_00012401,family_000593,u_000593,2026-W25,ТСЧ,914.97,23.91,11
r_00012402,family_000593,u_000593,2026-W26,ТСЧ,554.78,72.34,6
r_00012403,family_000593,u_000593,2026-W26,ТСЧ,1177.16,0.00,11
r_00012404,family_000593,u_000593,2026-W26,ТСЧ,973.42,42.42,5
r_00012405,family_000593,u_000593,2026-W27,ТСЧ,1133.36,36.10,7
r_00012406,family_000593,u_000593,2026-W27,ТСЧ,799.02,0.00,7
r_00012407,family_000593,u_000593,2026-W27,ТСЧ,869.78,163.97,11
r_00012408,family_000593,u_000593,2026-W28,ТСЧ,844.17,22.09,5
r_00012409,family_000593,u_000593,2026-W28,ТСЧ,887.11,0.00,5
r_00012410,family_000593,u_000593,2026-W29,ТСЧ,826.01,71.81,11
r_00012411,family_000593,u_000593,2026-W29,ТСЧ,696.43,36.70,11
r_00012412,family_000593,u_000593,2026-W29,ТСЧ,833.71,67.12,6
r_00012413,family_000593,u_000593,2026-W30,ТСЧ,809.51,75.63,7
r_00012414,family_000593,u_000593,2026-W30,ТСЧ,721.71,35.48,7
r_00012415,family_000593,u_000593,2026-W30,ТСЧ,494.28,40.01,9
r_00012416,family_000593,u_000593,2026-W31,ТСЧ,978.39,45.10,7
r_00012417,family_000593,u_000593,2026-W31,ТСЧ,670.50,80.66,9
r_00012418,family_000593,u_000593,2026-W31,ТСЧ,572.53,56.67,7
r_00012419,family_000593,u_000593,2026-W32,ТСЧ,678.63,121.68,10
r_00012420,family_000593,u_000593,2026-W32,ТСЧ,690.44,0.00,5
r_00012421,family_000593,u_000593,2026-W32,ТСЧ,851.48,42.98,8
r_00012422,family_000593,u_000593,2026-W33,ТСЧ,812.76,41.68,7
r_00012423,family_000593,u_000593,2026-W33,ТСЧ,598.93,6.79,10
r_00012424,family_000593,u_000593,2026-W33,ТСЧ,865.21,49.56,5
r_00012425,family_000593,u_000593,2026-W34,ТСЧ,621.43,25.22,5
r_00012426,family_000593,u_000593,2026-W34,ТСЧ,741.74,9.89,7
r_00012427,family_000593,u_000593,2026-W34,ТСЧ,731.74,17.67,10
r_00012428,family_000593,u_000593,2026-W35,ТСЧ,789.42,50.76,8
r_00012429,family_000593,u_000593,2026-W35,ТСЧ,793.05,56.60,6
r_00012430,family_000593,u_000593,2026-W35,ТСЧ,945.64,50.26,6
r_00012431,family_000593,u_000593,2026-W36,ТСЧ,850.54,42.31,9
r_00012432,family_000593,u_000593,2026-W36,ТСЧ,605.77,56.29,9
r_00012433,family_000593,u_000593,2026-W36,ТСЧ,991.14,40.59,8
r_00012446,family_000595,u_000595,2026-W25,ТС5,629.77,46.76,8
r_00012447,family_000595,u_000595,2026-W25,ТС5,628.30,29.33,7
r_00012448,family_000595,u_000595,2026-W26,ТС5,756.32,41.08,9
r_00012449,family_000595,u_000595,2026-W26,ТС5,838.55,28.85,10
r_00012450,family_000595,u_000595,2026-W27,ТС5,452.94,99.18,5
r_00012451,family_000595,u_000595,2026-W27,ТС5,548.69,67.10,9
r_00012452,family_000595,u_000595,2026-W28,ТС5,716.63,138.61,7
r_00012453,family_000595,u_000595,2026-W29,ТС5,664.17,64.44,5
r_00012454,family_000595,u_000595,2026-W29,ТС5,404.25,37.92,10
r_00012455,family_000595,u_000595,2026-W29,ТС5,659.74,85.61,8
r_00012456,family_000595,u_000595,2026-W30,ТС5,584.67,68.79,6
r_00012457,family_000595,u_000595,2026-W31,ТС5,613.73,37.83,7
r_00012458,family_000595,u_000595,2026-W32,ТС5,667.19,142.57,5
r_00012459,family_000595,u_000595,2026-W33,ТС5,493.51,64.34,6
r_00012460,family_000595,u_000595,2026-W33,ТС5,489.79,47.33,7
r_00012461,family_000595,u_000595,2026-W34,ТС5,286.90,41.57,8
r_00012462,family_000595,u_000595,2026-W34,ТС5,530.53,60.62,8
r_00012463,family_000595,u_000595,2026-W35,ТС5,827.88,89.89,9
r_00012464,family_000595,u_000595,2026-W36,ТС5,713.84,147.08,9
r_00012494,family_000598,u_000598,2026-W25,ТСЧ,780.99,37.22,5
r_00012495,family_000598,u_000598,2026-W25,ТСЧ,785.58,69.81,7
r_00012496,family_000598,u_000598,2026-W25,ТСЧ,904.71,62.13,8
r_00012497,family_000598,u_000598,2026-W26,ТСЧ,952.86,21.31,9
r_00012498,family_000598,u_000598,2026-W26,ТСЧ,1061.88,87.80,7
r_00012499,family_000598,u_000598,2026-W27,ТСЧ,832.26,0.00,5
r_00012500,family_000598,u_000598,2026-W27,ТСЧ,813.71,7.93,8
r_00012501,family_000598,u_000598,2026-W27,ТСЧ,890.74,0.00,8
r_00012502,family_000598,u_000598,2026-W28,ТСЧ,685.24,25.86,5
r_00012503,family_000598,u_000598,2026-W28,ТСЧ,737.96,34.96,9
r_00012504,family_000598,u_000598,2026-W28,ТСЧ,951.69,16.85,10
r_00012505,family_000598,u_000598,2026-W29,ТСЧ,757.89,42.90,10
r_00012506,family_000598,u_000598,2026-W29,ТСЧ,697.65,0.00,5
r_00012507,family_000598,u_000598,2026-W29,ТСЧ,523.80,0.00,5
r_00012508,family_000598,u_000598,2026-W30,ТСЧ,1045.27,41.78,5
r_00012509,family_000598,u_000598,2026-W30,ТСЧ,614.53,13.56,11
r_00012510,family_000598,u_000598,2026-W30,ТСЧ,927.21,32.81,11
r_00012511,family_000598,u_000598,2026-W31,ТСЧ,887.29,89.35,10
r_00012512,family_000598,u_000598,2026-W31,ТСЧ,1047.78,27.30,5
r_00012513,family_000598,u_000598,2026-W31,ТСЧ,927.26,19.67,11
r_00012514,family_000598,u_000598,2026-W32,ТСЧ,788.80,58.56,8
r_00012515,family_000598,u_000598,2026-W32,ТСЧ,833.29,22.78,11
r_00012516,family_000598,u_000598,2026-W32,ТСЧ,702.91,67.58,5
r_00012517,family_000598,u_000598,2026-W33,ТСЧ,896.05,0.00,6
r_00012518,family_000598,u_000598,2026-W33,ТСЧ,599.15,21.75,10
r_00012519,family_000598,u_000598,2026-W33,ТСЧ,1029.44,25.12,5
r_00012520,family_000598,u_000598,2026-W34,ТСЧ,597.28,24.11,10
r_00012521,family_000598,u_000598,2026-W34,ТСЧ,943.65,83.81,6
r_00012522,family_000598,u_000598,2026-W34,ТСЧ,595.88,25.88,11
r_00012523,family_000598,u_000598,2026-W35,ТСЧ,1073.33,16.56,7
r_00012524,family_000598,u_000598,2026-W35,ТСЧ,676.30,0.00,10
r_00012525,family_000598,u_000598,2026-W35,ТСЧ,753.32,55.95,7
r_00012526,family_000598,u_000598,2026-W36,ТСЧ,842.27,0.00,5
r_00012527,family_000598,u_000598,2026-W36,ТСЧ,456.04,8.73,10
r_00012528,family_000598,u_000598,2026-W36,ТСЧ,800.65,33.77,10
r_00012612,family_000603,u_000603,2026-W25,ТС5,809.16,42.06,11
r_00012613,family_000603,u_000603,2026-W25,ТС5,513.18,27.07,6
r_00012614,family_000603,u_000603,2026-W26,ТС5,799.59,32.12,8
r_00012615,family_000603,u_000603,2026-W27,ТС5,637.85,39.55,8
r_00012616,family_000603,u_000603,2026-W27,ТС5,937.46,20.23,5
r_00012617,family_000603,u_000603,2026-W27,ТС5,704.94,28.73,7
r_00012618,family_000603,u_000603,2026-W28,ТС5,672.98,54.86,6
r_00012619,family_000603,u_000603,2026-W28,ТС5,564.94,27.00,8
r_00012620,family_000603,u_000603,2026-W29,ТС5,640.26,81.71,6
r_00012621,family_000603,u_000603,2026-W29,ТС5,648.54,58.19,11
r_00012622,family_000603,u_000603,2026-W29,ТС5,556.64,6.53,5
r_00012623,family_000603,u_000603,2026-W30,ТС5,782.20,33.73,7
r_00012624,family_000603,u_000603,2026-W30,ТС5,716.49,35.35,9
r_00012625,family_000603,u_000603,2026-W31,ТС5,566.69,36.19,5
r_00012626,family_000603,u_000603,2026-W31,ТС5,568.14,20.37,7
r_00012627,family_000603,u_000603,2026-W31,ТС5,761.03,7.70,9
r_00012628,family_000603,u_000603,2026-W32,ТС5,660.62,66.08,8
r_00012629,family_000603,u_000603,2026-W32,ТС5,843.88,54.55,10
r_00012630,family_000603,u_000603,2026-W33,ТС5,296.18,3.17,6
r_00012631,family_000603,u_000603,2026-W34,ТС5,694.56,45.04,5
r_00012632,family_000603,u_000603,2026-W34,ТС5,602.86,8.38,6
r_00012633,family_000603,u_000603,2026-W35,ТС5,502.38,70.92,5
r_00012634,family_000603,u_000603,2026-W36,ТС5,615.69,18.96,9
r_00012662,family_000606,u_000606,2026-W25,ТС5,639.72,61.45,6
r_00012663,family_000606,u_000606,2026-W25,ТС5,553.21,16.32,8
r_00012664,family_000606,u_000606,2026-W25,ТС5,852.28,62.74,9
r_00012665,family_000606,u_000606,2026-W25,ТС5,652.93,11.50,8
r_00012666,family_000606,u_000606,2026-W26,ТС5,756.72,0.00,10
r_00012667,family_000606,u_000606,2026-W26,ТС5,556.16,18.35,11
r_00012668,family_000606,u_000606,2026-W26,ТС5,802.10,73.18,9
r_00012669,family_000606,u_000606,2026-W27,ТС5,641.18,54.06,9
r_00012670,family_000606,u_000606,2026-W27,ТС5,701.07,34.90,7
r_00012671,family_000606,u_000606,2026-W27,ТС5,699.91,59.97,9
r_00012672,family_000606,u_000606,2026-W28,ТС5,748.77,19.43,8
r_00012673,family_000606,u_000606,2026-W28,ТС5,1011.65,72.62,9
r_00012674,family_000606,u_000606,2026-W28,ТС5,778.15,28.76,9
r_00012675,family_000606,u_000606,2026-W29,ТС5,680.82,57.41,6
r_00012676,family_000606,u_000606,2026-W29,ТС5,640.38,24.46,5
r_00012677,family_000606,u_000606,2026-W29,ТС5,566.97,51.40,6
r_00012678,family_000606,u_000606,2026-W30,ТС5,755.86,48.31,10
r_00012679,family_000606,u_000606,2026-W30,ТС5,732.88,71.78,8
r_00012680,family_000606,u_000606,2026-W30,ТС5,511.57,43.41,5
r_00012681,family_000606,u_000606,2026-W31,ТС5,396.84,22.75,8
r_00012682,family_000606,u_000606,2026-W31,ТС5,614.45,17.06,10
r_00012683,family_000606,u_000606,2026-W31,ТС5,700.95,51.70,6
r_00012684,family_000606,u_000606,2026-W32,ТС5,541.78,63.69,10
r_00012685,family_000606,u_000606,2026-W32,ТС5,728.23,58.75,7
r_00012686,family_000606,u_000606,2026-W33,ТС5,502.24,88.08,7
r_00012687,family_000606,u_000606,2026-W33,ТС5,611.06,21.14,7
r_00012688,family_000606,u_000606,2026-W33,ТС5,691.56,26.73,6
r_00012689,family_000606,u_000606,2026-W34,ТС5,510.54,26.93,8
r_00012690,family_000606,u_000606,2026-W34,ТС5,809.68,46.76,9
r_00012691,family_000606,u_000606,2026-W34,ТС5,587.22,29.53,8
r_00012692,family_000606,u_000606,2026-W35,ТС5,729.79,53.15,7
r_00012693,family_000606,u_000606,2026-W35,ТС5,740.67,61.94,10
r_00012694,family_000606,u_000606,2026-W35,ТС5,723.65,38.30,10
r_00012695,family_000606,u_000606,2026-W36,ТС5,735.51,26.74,9
r_00012696,family_000606,u_000606,2026-W36,ТС5,644.22,74.32,7
r_00012697,family_000606,u_000606,2026-W36,ТС5,627.76,42.72,10
r_00012698,family_000606,u_000606,2026-W36,ТС5,653.17,32.28,11
r_00012746,family_000611,u_000611,2026-W25,ТС5,497.58,54.42,10
r_00012747,family_000611,u_000611,2026-W25,ТС5,780.16,44.00,7
r_00012748,family_000611,u_000611,2026-W26,ТС5,639.78,10.01,6
r_00012749,family_000611,u_000611,2026-W27,ТС5,571.05,11.26,6
r_00012750,family_000611,u_000611,2026-W28,ТС5,660.69,82.39,5
r_00012751,family_000611,u_000611,2026-W29,ТС5,500.39,43.57,10
r_00012752,family_000611,u_000611,2026-W29,ТС5,594.35,39.64,8
r_00012753,family_000611,u_000611,2026-W30,ТС5,745.07,36.53,8
r_00012754,family_000611,u_000611,2026-W31,ТС5,788.86,23.18,5
r_00012755,family_000611,u_000611,2026-W31,ТС5,722.73,39.02,10
r_00012756,family_000611,u_000611,2026-W32,ТС5,750.13,63.20,8
r_00012757,family_000611,u_000611,2026-W32,ТС5,551.95,77.08,6
r_00012758,family_000611,u_000611,2026-W33,ТС5,473.81,13.13,10
r_00012759,family_000611,u_000611,2026-W33,ТС5,376.92,5.37,8
r_00012760,family_000611,u_000611,2026-W34,ТС5,658.27,28.34,10
r_00012761,family_000611,u_000611,2026-W35,ТС5,483.10,17.40,7
r_00012762,family_000611,u_000611,2026-W35,ТС5,864.85,48.05,11
r_00012763,family_000611,u_000611,2026-W36,ТС5,862.24,22.36,5
r_00012764,family_000611,u_000611,2026-W36,ТС5,661.96,26.72,7
r_00012765,family_000611,u_000611,2026-W36,ТС5,704.32,34.85,11
r_00012817,family_000614,u_000614,2026-W25,ТС5,691.71,145.38,6
r_00012818,family_000614,u_000614,2026-W25,ТС5,518.24,38.64,8
r_00012819,family_000614,u_000614,2026-W25,ТС5,640.88,48.85,7
r_00012820,family_000614,u_000614,2026-W26,ТС5,573.15,44.52,7
r_00012821,family_000614,u_000614,2026-W26,ТС5,506.75,45.73,9
r_00012822,family_000614,u_000614,2026-W27,ТС5,582.72,136.45,8
r_00012823,family_000614,u_000614,2026-W27,ТС5,521.93,51.02,7
r_00012824,family_000614,u_000614,2026-W27,ТС5,492.44,60.49,11
r_00012825,family_000614,u_000614,2026-W28,ТС5,612.53,73.75,7
r_00012826,family_000614,u_000614,2026-W28,ТС5,591.61,121.25,10
r_00012827,family_000614,u_000614,2026-W29,ТС5,757.59,81.91,7
r_00012828,family_000614,u_000614,2026-W29,ТС5,439.42,44.27,10
r_00012829,family_000614,u_000614,2026-W30,ТС5,723.65,18.06,6
r_00012830,family_000614,u_000614,2026-W30,ТС5,733.74,138.59,9
r_00012831,family_000614,u_000614,2026-W30,ТС5,575.88,117.01,5
r_00012832,family_000614,u_000614,2026-W31,ТС5,905.19,101.88,8
r_00012833,family_000614,u_000614,2026-W31,ТС5,449.40,68.91,8
r_00012834,family_000614,u_000614,2026-W32,ТС5,792.33,49.18,5
r_00012835,family_000614,u_000614,2026-W32,ТС5,569.63,75.44,7
r_00012836,family_000614,u_000614,2026-W33,ТС5,438.94,84.17,6
r_00012837,family_000614,u_000614,2026-W33,ТС5,426.44,135.20,5
r_00012838,family_000614,u_000614,2026-W34,ТС5,770.68,79.71,6
r_00012839,family_000614,u_000614,2026-W34,ТС5,558.40,163.36,7
r_00012840,family_000614,u_000614,2026-W35,ТС5,656.45,74.88,9
r_00012841,family_000614,u_000614,2026-W35,ТС5,522.13,95.18,10
r_00012842,family_000614,u_000614,2026-W36,ТС5,529.65,94.89,10
r_00012843,family_000614,u_000614,2026-W36,ТС5,883.43,84.21,10
r_00012892,family_000618,u_000618,2026-W25,ТС5,601.47,55.94,8
r_00012893,family_000618,u_000618,2026-W25,ТС5,688.17,54.06,5
r_00012894,family_000618,u_000618,2026-W25,ТС5,554.58,118.13,8
r_00012895,family_000618,u_000618,2026-W26,ТС5,794.21,102.58,11
r_00012896,family_000618,u_000618,2026-W26,ТС5,769.99,45.69,6
r_00012897,family_000618,u_000618,2026-W27,ТС5,507.67,21.32,10
r_00012898,family_000618,u_000618,2026-W27,ТС5,728.55,60.60,11
r_00012899,family_000618,u_000618,2026-W27,ТС5,396.68,25.53,10
r_00012900,family_000618,u_000618,2026-W28,ТС5,408.22,67.42,5
r_00012901,family_000618,u_000618,2026-W28,ТС5,679.01,71.89,8
r_00012902,family_000618,u_000618,2026-W28,ТС5,473.35,84.90,6
r_00012903,family_000618,u_000618,2026-W28,ТС5,751.91,70.48,10
r_00012904,family_000618,u_000618,2026-W29,ТС5,585.89,111.23,5
r_00012905,family_000618,u_000618,2026-W29,ТС5,529.78,43.77,10
r_00012906,family_000618,u_000618,2026-W30,ТС5,704.13,0.00,5
r_00012907,family_000618,u_000618,2026-W30,ТС5,562.13,86.31,10
r_00012908,family_000618,u_000618,2026-W31,ТС5,477.23,51.23,11
r_00012909,family_000618,u_000618,2026-W31,ТС5,596.84,77.15,5
r_00012910,family_000618,u_000618,2026-W31,ТС5,590.59,31.12,8
r_00012911,family_000618,u_000618,2026-W32,ТС5,558.57,80.11,11
r_00012912,family_000618,u_000618,2026-W32,ТС5,487.74,85.03,5
r_00012913,family_000618,u_000618,2026-W32,ТС5,729.41,104.83,8
r_00012914,family_000618,u_000618,2026-W33,ТС5,667.39,71.56,11
r_00012915,family_000618,u_000618,2026-W33,ТС5,567.83,92.46,7
r_00012916,family_000618,u_000618,2026-W33,ТС5,479.50,19.11,7
r_00012917,family_000618,u_000618,2026-W34,ТС5,420.39,34.92,9
r_00012918,family_000618,u_000618,2026-W34,ТС5,662.38,40.02,7
r_00012919,family_000618,u_000618,2026-W35,ТС5,870.16,124.87,7
r_00012920,family_000618,u_000618,2026-W35,ТС5,819.54,53.32,11
r_00012921,family_000618,u_000618,2026-W35,ТС5,406.39,84.03,8
r_00012922,family_000618,u_000618,2026-W35,ТС5,583.17,112.02,8
r_00012923,family_000618,u_000618,2026-W36,ТС5,497.67,62.83,8
r_00012924,family_000618,u_000618,2026-W36,ТС5,619.01,60.04,8
r_00012946,family_000621,u_000621,2026-W25,ТС5,675.95,54.29,10
r_00012947,family_000621,u_000621,2026-W25,ТС5,566.68,22.23,11
r_00012948,family_000621,u_000621,2026-W26,ТС5,684.69,11.95,6
r_00012949,family_000621,u_000621,2026-W26,ТС5,499.85,45.50,8
r_00012950,family_000621,u_000621,2026-W27,ТС5,809.13,22.35,11
r_00012951,family_000621,u_000621,2026-W27,ТС5,832.35,36.22,10
r_00012952,family_000621,u_000621,2026-W28,ТС5,637.93,56.96,8
r_00012953,family_000621,u_000621,2026-W28,ТС5,875.01,0.00,7
r_00012954,family_000621,u_000621,2026-W29,ТС5,545.99,10.26,7
r_00012955,family_000621,u_000621,2026-W29,ТС5,354.51,18.55,6
r_00012956,family_000621,u_000621,2026-W30,ТС5,586.02,64.25,6
r_00012957,family_000621,u_000621,2026-W30,ТС5,436.76,82.34,6
r_00012958,family_000621,u_000621,2026-W31,ТС5,594.77,73.04,5
r_00012959,family_000621,u_000621,2026-W31,ТС5,618.77,29.22,11
r_00012960,family_000621,u_000621,2026-W32,ТС5,339.56,47.19,7
r_00012961,family_000621,u_000621,2026-W32,ТС5,577.47,15.90,7
r_00012962,family_000621,u_000621,2026-W33,ТС5,464.84,27.59,10
r_00012963,family_000621,u_000621,2026-W33,ТС5,591.43,27.21,11
r_00012964,family_000621,u_000621,2026-W34,ТС5,609.89,122.44,11
r_00012965,family_000621,u_000621,2026-W34,ТС5,580.35,37.65,11
r_00012966,family_000621,u_000621,2026-W35,ТС5,572.55,11.39,7
r_00012967,family_000621,u_000621,2026-W35,ТС5,517.16,6.59,10
r_00012968,family_000621,u_000621,2026-W36,ТС5,608.95,12.76,9
r_00012969,family_000621,u_000621,2026-W36,ТС5,644.32,57.90,11
r_00013098,family_000629,u_000629,2026-W25,ТС5,593.60,0.00,6
r_00013099,family_000629,u_000629,2026-W25,ТС5,644.69,28.63,6
r_00013100,family_000629,u_000629,2026-W26,ТС5,712.86,13.39,10
r_00013101,family_000629,u_000629,2026-W26,ТС5,815.81,23.08,7
r_00013102,family_000629,u_000629,2026-W27,ТС5,612.84,66.89,5
r_00013103,family_000629,u_000629,2026-W28,ТС5,611.60,37.26,8
r_00013104,family_000629,u_000629,2026-W28,ТС5,439.74,36.02,9
r_00013105,family_000629,u_000629,2026-W29,ТС5,401.67,23.98,7
r_00013106,family_000629,u_000629,2026-W29,ТС5,739.59,16.36,8
r_00013107,family_000629,u_000629,2026-W29,ТС5,586.18,80.74,11
r_00013108,family_000629,u_000629,2026-W30,ТС5,646.98,64.60,11
r_00013109,family_000629,u_000629,2026-W32,ТС5,619.50,34.16,7
r_00013110,family_000629,u_000629,2026-W32,ТС5,612.81,39.88,8
r_00013111,family_000629,u_000629,2026-W33,ТС5,698.96,8.38,10
r_00013112,family_000629,u_000629,2026-W33,ТС5,808.03,37.31,9
r_00013113,family_000629,u_000629,2026-W34,ТС5,894.74,16.82,8
r_00013114,family_000629,u_000629,2026-W34,ТС5,696.65,38.90,7
r_00013115,family_000629,u_000629,2026-W35,ТС5,721.37,26.66,5
r_00013116,family_000629,u_000629,2026-W35,ТС5,603.91,28.02,5
r_00013117,family_000629,u_000629,2026-W36,ТС5,708.04,38.78,8
r_00013118,family_000629,u_000629,2026-W36,ТС5,893.06,101.71,5
r_00013176,family_000634,u_000634,2026-W25,ТС5,677.85,5.88,9
r_00013177,family_000634,u_000634,2026-W25,ТС5,583.18,96.06,7
r_00013178,family_000634,u_000634,2026-W25,ТС5,408.43,49.64,9
r_00013179,family_000634,u_000634,2026-W26,ТС5,573.77,0.00,6
r_00013180,family_000634,u_000634,2026-W26,ТС5,549.49,14.71,8
r_00013181,family_000634,u_000634,2026-W26,ТС5,667.49,16.37,9
r_00013182,family_000634,u_000634,2026-W27,ТС5,479.18,26.85,5
r_00013183,family_000634,u_000634,2026-W27,ТС5,529.73,48.95,5
r_00013184,family_000634,u_000634,2026-W27,ТС5,318.99,26.80,5
r_00013185,family_000634,u_000634,2026-W28,ТС5,586.18,39.37,7
r_00013186,family_000634,u_000634,2026-W28,ТС5,502.89,4.74,10
r_00013187,family_000634,u_000634,2026-W28,ТС5,742.45,28.76,8
r_00013188,family_000634,u_000634,2026-W29,ТС5,630.75,45.15,11
r_00013189,family_000634,u_000634,2026-W29,ТС5,734.56,48.58,5
r_00013190,family_000634,u_000634,2026-W29,ТС5,717.05,59.20,8
r_00013191,family_000634,u_000634,2026-W30,ТС5,685.14,13.85,10
r_00013192,family_000634,u_000634,2026-W30,ТС5,626.67,0.00,9
r_00013193,family_000634,u_000634,2026-W30,ТС5,704.64,26.15,5
r_00013194,family_000634,u_000634,2026-W31,ТС5,540.53,21.02,9
r_00013195,family_000634,u_000634,2026-W31,ТС5,535.59,32.68,7
r_00013196,family_000634,u_000634,2026-W32,ТС5,611.02,24.86,11
r_00013197,family_000634,u_000634,2026-W32,ТС5,658.09,25.66,9
r_00013198,family_000634,u_000634,2026-W32,ТС5,784.62,33.01,9
r_00013199,family_000634,u_000634,2026-W33,ТС5,697.59,8.82,8
r_00013200,family_000634,u_000634,2026-W34,ТС5,664.55,20.96,8
r_00013201,family_000634,u_000634,2026-W34,ТС5,518.65,7.15,8
r_00013202,family_000634,u_000634,2026-W34,ТС5,626.37,21.68,7
r_00013203,family_000634,u_000634,2026-W35,ТС5,361.57,9.91,11
r_00013204,family_000634,u_000634,2026-W35,ТС5,674.67,15.66,8
r_00013205,family_000634,u_000634,2026-W35,ТС5,529.46,40.71,6
r_00013206,family_000634,u_000634,2026-W36,ТС5,532.87,25.93,6
r_00013207,family_000634,u_000634,2026-W36,ТС5,625.34,47.27,9
r_00013314,family_000641,u_000641,2026-W25,ТСЧ,803.84,22.55,7
r_00013315,family_000641,u_000641,2026-W25,ТСЧ,905.30,85.56,10
r_00013316,family_000641,u_000641,2026-W25,ТСЧ,966.57,40.09,5
r_00013317,family_000641,u_000641,2026-W26,ТСЧ,905.48,56.35,5
r_00013318,family_000641,u_000641,2026-W26,ТСЧ,742.04,50.69,5
r_00013319,family_000641,u_000641,2026-W26,ТСЧ,809.85,60.33,8
r_00013320,family_000641,u_000641,2026-W27,ТСЧ,769.05,99.37,11
r_00013321,family_000641,u_000641,2026-W27,ТСЧ,827.14,26.14,11
r_00013322,family_000641,u_000641,2026-W27,ТСЧ,1136.86,0.00,6
r_00013323,family_000641,u_000641,2026-W27,ТСЧ,917.31,57.34,11
r_00013324,family_000641,u_000641,2026-W28,ТСЧ,935.23,61.16,7
r_00013325,family_000641,u_000641,2026-W28,ТСЧ,614.66,40.69,9
r_00013326,family_000641,u_000641,2026-W29,ТСЧ,702.49,66.02,8
r_00013327,family_000641,u_000641,2026-W29,ТСЧ,812.80,21.98,10
r_00013328,family_000641,u_000641,2026-W29,ТСЧ,656.40,58.06,7
r_00013329,family_000641,u_000641,2026-W30,ТСЧ,683.58,8.52,7
r_00013330,family_000641,u_000641,2026-W30,ТСЧ,686.39,84.59,6
r_00013331,family_000641,u_000641,2026-W30,ТСЧ,957.80,23.90,5
r_00013332,family_000641,u_000641,2026-W31,ТСЧ,674.89,41.71,9
r_00013333,family_000641,u_000641,2026-W31,ТСЧ,772.36,102.09,7
r_00013334,family_000641,u_000641,2026-W32,ТСЧ,871.74,35.92,11
r_00013335,family_000641,u_000641,2026-W32,ТСЧ,688.66,18.58,8
r_00013336,family_000641,u_000641,2026-W33,ТСЧ,725.52,30.03,6
r_00013337,family_000641,u_000641,2026-W33,ТСЧ,796.15,46.78,6
r_00013338,family_000641,u_000641,2026-W34,ТСЧ,609.32,51.26,6
r_00013339,family_000641,u_000641,2026-W34,ТСЧ,816.33,9.02,7
r_00013340,family_000641,u_000641,2026-W34,ТСЧ,998.96,42.67,8
r_00013341,family_000641,u_000641,2026-W35,ТСЧ,753.95,26.02,7
r_00013342,family_000641,u_000641,2026-W35,ТСЧ,741.27,62.95,10
r_00013343,family_000641,u_000641,2026-W35,ТСЧ,973.96,59.02,11
r_00013344,family_000641,u_000641,2026-W36,ТСЧ,832.77,43.68,8
r_00013345,family_000641,u_000641,2026-W36,ТСЧ,929.32,47.10,9
r_00013346,family_000641,u_000641,2026-W36,ТСЧ,845.37,96.32,10
r_00013366,family_000643,u_000643,2026-W25,ТС5,712.61,27.86,9
r_00013367,family_000643,u_000643,2026-W25,ТС5,608.87,100.88,5
r_00013368,family_000643,u_000643,2026-W26,ТС5,721.80,46.01,9
r_00013369,family_000643,u_000643,2026-W27,ТС5,787.35,12.97,7
r_00013370,family_000643,u_000643,2026-W27,ТС5,642.70,10.71,6
r_00013371,family_000643,u_000643,2026-W27,ТС5,662.57,85.83,9
r_00013372,family_000643,u_000643,2026-W28,ТС5,598.91,10.36,9
r_00013373,family_000643,u_000643,2026-W28,ТС5,717.23,30.74,9
r_00013374,family_000643,u_000643,2026-W28,ТС5,726.63,38.32,7
r_00013375,family_000643,u_000643,2026-W29,ТС5,750.95,27.60,6
r_00013376,family_000643,u_000643,2026-W29,ТС5,849.75,13.25,7
r_00013377,family_000643,u_000643,2026-W30,ТС5,371.54,27.51,10
r_00013378,family_000643,u_000643,2026-W30,ТС5,799.88,53.05,7
r_00013379,family_000643,u_000643,2026-W30,ТС5,721.23,53.95,9
r_00013380,family_000643,u_000643,2026-W31,ТС5,783.33,19.59,11
r_00013381,family_000643,u_000643,2026-W31,ТС5,626.53,31.78,11
r_00013382,family_000643,u_000643,2026-W31,ТС5,721.61,36.70,10
r_00013383,family_000643,u_000643,2026-W32,ТС5,563.94,62.41,9
r_00013384,family_000643,u_000643,2026-W32,ТС5,567.01,19.72,9
r_00013385,family_000643,u_000643,2026-W33,ТС5,586.71,19.61,9
r_00013386,family_000643,u_000643,2026-W33,ТС5,582.61,15.98,6
r_00013387,family_000643,u_000643,2026-W33,ТС5,471.54,53.89,9
r_00013388,family_000643,u_000643,2026-W34,ТС5,662.42,26.59,10
r_00013389,family_000643,u_000643,2026-W34,ТС5,756.09,15.34,11
r_00013390,family_000643,u_000643,2026-W34,ТС5,823.75,41.46,11
r_00013391,family_000643,u_000643,2026-W35,ТС5,492.04,30.12,7
r_00013392,family_000643,u_000643,2026-W35,ТС5,877.53,26.43,7
r_00013393,family_000643,u_000643,2026-W36,ТС5,677.07,29.13,10
r_00013394,family_000644,u_000644,2026-W25,ТС5,538.95,118.07,8
r_00013395,family_000644,u_000644,2026-W25,ТС5,638.91,50.30,10
r_00013396,family_000644,u_000644,2026-W25,ТС5,495.33,51.21,5
r_00013397,family_000644,u_000644,2026-W26,ТС5,706.25,167.82,8
r_00013398,family_000644,u_000644,2026-W26,ТС5,608.12,86.14,11
r_00013399,family_000644,u_000644,2026-W26,ТС5,604.41,36.13,7
r_00013400,family_000644,u_000644,2026-W27,ТС5,552.42,174.30,10
r_00013401,family_000644,u_000644,2026-W27,ТС5,724.18,77.98,9
r_00013402,family_000644,u_000644,2026-W27,ТС5,700.35,58.95,8
r_00013403,family_000644,u_000644,2026-W27,ТС5,746.27,112.64,6
r_00013404,family_000644,u_000644,2026-W28,ТС5,559.73,120.23,11
r_00013405,family_000644,u_000644,2026-W28,ТС5,650.66,65.17,9
r_00013406,family_000644,u_000644,2026-W28,ТС5,686.89,41.43,10
r_00013407,family_000644,u_000644,2026-W29,ТС5,587.29,125.77,7
r_00013408,family_000644,u_000644,2026-W29,ТС5,620.97,101.50,11
r_00013409,family_000644,u_000644,2026-W30,ТС5,603.99,104.20,11
r_00013410,family_000644,u_000644,2026-W30,ТС5,585.74,40.72,9
r_00013411,family_000644,u_000644,2026-W30,ТС5,481.99,87.39,7
r_00013412,family_000644,u_000644,2026-W31,ТС5,670.38,55.40,7
r_00013413,family_000644,u_000644,2026-W31,ТС5,888.26,29.50,5
r_00013414,family_000644,u_000644,2026-W31,ТС5,463.92,55.09,11
r_00013415,family_000644,u_000644,2026-W32,ТС5,596.82,121.71,8
r_00013416,family_000644,u_000644,2026-W32,ТС5,695.44,45.41,10
r_00013417,family_000644,u_000644,2026-W32,ТС5,523.27,90.00,8
r_00013418,family_000644,u_000644,2026-W33,ТС5,537.35,90.55,5
r_00013419,family_000644,u_000644,2026-W33,ТС5,920.01,13.89,5
r_00013420,family_000644,u_000644,2026-W33,ТС5,548.48,83.70,11
r_00013421,family_000644,u_000644,2026-W34,ТС5,403.31,83.20,8
r_00013422,family_000644,u_000644,2026-W34,ТС5,576.99,48.97,7
r_00013423,family_000644,u_000644,2026-W35,ТС5,1012.51,102.18,11
r_00013424,family_000644,u_000644,2026-W35,ТС5,463.98,66.52,8
r_00013425,family_000644,u_000644,2026-W36,ТС5,541.76,77.07,7
r_00013426,family_000644,u_000644,2026-W36,ТС5,540.76,52.41,6
r_00013427,family_000644,u_000644,2026-W36,ТС5,362.98,67.02,7
r_00013655,family_000658,u_000658,2026-W25,ТС5,532.11,36.37,5
r_00013656,family_000658,u_000658,2026-W25,ТС5,476.58,38.28,10
r_00013657,family_000658,u_000658,2026-W26,ТС5,594.67,80.64,11
r_00013658,family_000658,u_000658,2026-W26,ТС5,640.60,67.38,7
r_00013659,family_000658,u_000658,2026-W27,ТС5,701.67,127.44,11
r_00013660,family_000658,u_000658,2026-W27,ТС5,608.28,47.81,6
r_00013661,family_000658,u_000658,2026-W28,ТС5,460.33,110.15,5
r_00013662,family_000658,u_000658,2026-W28,ТС5,804.76,28.57,8
r_00013663,family_000658,u_000658,2026-W29,ТС5,642.62,91.91,6
r_00013664,family_000658,u_000658,2026-W29,ТС5,792.75,87.85,11
r_00013665,family_000658,u_000658,2026-W30,ТС5,783.32,97.87,11
r_00013666,family_000658,u_000658,2026-W30,ТС5,519.19,100.70,10
r_00013667,family_000658,u_000658,2026-W30,ТС5,730.37,48.20,9
r_00013668,family_000658,u_000658,2026-W31,ТС5,398.25,73.16,7
r_00013669,family_000658,u_000658,2026-W31,ТС5,522.47,68.68,5
r_00013670,family_000658,u_000658,2026-W32,ТС5,908.09,134.17,11
r_00013671,family_000658,u_000658,2026-W32,ТС5,655.76,87.43,6
r_00013672,family_000658,u_000658,2026-W33,ТС5,569.61,71.70,11
r_00013673,family_000658,u_000658,2026-W33,ТС5,573.06,8.14,5
r_00013674,family_000658,u_000658,2026-W33,ТС5,538.37,70.94,6
r_00013675,family_000658,u_000658,2026-W34,ТС5,670.54,51.05,9
r_00013676,family_000658,u_000658,2026-W34,ТС5,697.54,172.84,8
r_00013677,family_000658,u_000658,2026-W34,ТС5,842.59,50.11,6
r_00013678,family_000658,u_000658,2026-W35,ТС5,653.35,49.83,7
r_00013679,family_000658,u_000658,2026-W35,ТС5,629.07,59.84,6
r_00013680,family_000658,u_000658,2026-W35,ТС5,631.72,35.78,8
r_00013681,family_000658,u_000658,2026-W36,ТС5,611.97,43.21,5
r_00013682,family_000658,u_000658,2026-W36,ТС5,672.33,43.17,10
r_00013715,family_000661,u_000661,2026-W25,ТСХ,1074.91,116.12,6
r_00013716,family_000661,u_000661,2026-W25,ТСХ,1147.96,16.51,6
r_00013717,family_000661,u_000661,2026-W25,ТСХ,839.60,35.85,6
r_00013718,family_000661,u_000661,2026-W26,ТСХ,777.03,48.67,9
r_00013719,family_000661,u_000661,2026-W27,ТСХ,673.79,115.04,10
r_00013720,family_000661,u_000661,2026-W27,ТСХ,712.35,22.62,10
r_00013721,family_000661,u_000661,2026-W28,ТСХ,692.50,153.75,5
r_00013722,family_000661,u_000661,2026-W28,ТСХ,973.88,102.06,10
r_00013723,family_000661,u_000661,2026-W29,ТСХ,751.91,29.98,8
r_00013724,family_000661,u_000661,2026-W30,ТСХ,1123.00,86.44,9
r_00013725,family_000661,u_000661,2026-W30,ТСХ,861.80,45.85,5
r_00013726,family_000661,u_000661,2026-W31,ТСХ,1030.56,23.64,5
r_00013727,family_000661,u_000661,2026-W31,ТСХ,849.07,23.64,5
r_00013728,family_000661,u_000661,2026-W32,ТСХ,781.80,13.76,11
r_00013729,family_000661,u_000661,2026-W32,ТСХ,1284.92,76.57,8
r_00013730,family_000661,u_000661,2026-W33,ТСХ,952.28,61.31,6
r_00013731,family_000661,u_000661,2026-W34,ТСХ,1062.68,180.97,5
r_00013732,family_000661,u_000661,2026-W34,ТСХ,799.35,66.60,5
r_00013733,family_000661,u_000661,2026-W35,ТСХ,1153.38,61.58,7
r_00013734,family_000661,u_000661,2026-W36,ТСХ,1237.81,35.05,8
r_00013735,family_000661,u_000661,2026-W36,ТСХ,999.82,29.63,7
r_00013781,family_000665,u_000665,2026-W25,ТС5,496.56,51.57,11
r_00013782,family_000665,u_000665,2026-W25,ТС5,698.47,82.10,11
r_00013783,family_000665,u_000665,2026-W26,ТС5,635.00,101.24,5
r_00013784,family_000665,u_000665,2026-W26,ТС5,688.52,46.60,5
r_00013785,family_000665,u_000665,2026-W27,ТС5,547.43,39.91,10
r_00013786,family_000665,u_000665,2026-W28,ТС5,623.39,79.32,10
r_00013787,family_000665,u_000665,2026-W28,ТС5,675.43,114.27,10
r_00013788,family_000665,u_000665,2026-W29,ТС5,577.05,82.18,8
r_00013789,family_000665,u_000665,2026-W29,ТС5,577.23,64.67,10
r_00013790,family_000665,u_000665,2026-W30,ТС5,617.22,65.32,11
r_00013791,family_000665,u_000665,2026-W30,ТС5,537.87,87.31,11
r_00013792,family_000665,u_000665,2026-W31,ТС5,549.71,39.07,8
r_00013793,family_000665,u_000665,2026-W31,ТС5,538.49,79.53,11
r_00013794,family_000665,u_000665,2026-W32,ТС5,787.83,8.48,5
r_00013795,family_000665,u_000665,2026-W32,ТС5,611.47,43.03,8
r_00013796,family_000665,u_000665,2026-W33,ТС5,500.39,55.46,6
r_00013797,family_000665,u_000665,2026-W33,ТС5,618.56,90.01,9
r_00013798,family_000665,u_000665,2026-W34,ТС5,664.82,94.76,9
r_00013799,family_000665,u_000665,2026-W34,ТС5,448.98,90.60,11
r_00013800,family_000665,u_000665,2026-W35,ТС5,619.31,44.45,9
r_00013801,family_000665,u_000665,2026-W35,ТС5,673.81,147.03,11
r_00013802,family_000665,u_000665,2026-W36,ТС5,417.09,18.08,11
r_00013803,family_000665,u_000665,2026-W36,ТС5,757.60,77.74,6
r_00013804,family_000666,u_000666,2026-W25,ТС5,374.85,15.70,6
r_00013805,family_000666,u_000666,2026-W25,ТС5,611.67,33.62,8
r_00013806,family_000666,u_000666,2026-W26,ТС5,769.32,98.95,10
r_00013807,family_000666,u_000666,2026-W26,ТС5,799.51,25.95,5
r_00013808,family_000666,u_000666,2026-W27,ТС5,479.82,8.94,7
r_00013809,family_000666,u_000666,2026-W27,ТС5,638.77,106.47,10
r_00013810,family_000666,u_000666,2026-W28,ТС5,552.79,70.69,8
r_00013811,family_000666,u_000666,2026-W28,ТС5,817.20,26.54,6
r_00013812,family_000666,u_000666,2026-W28,ТС5,557.78,0.00,8
r_00013813,family_000666,u_000666,2026-W29,ТС5,634.86,39.00,10
r_00013814,family_000666,u_000666,2026-W29,ТС5,430.11,37.27,6
r_00013815,family_000666,u_000666,2026-W30,ТС5,648.92,37.02,9
r_00013816,family_000666,u_000666,2026-W30,ТС5,693.86,35.46,6
r_00013817,family_000666,u_000666,2026-W30,ТС5,716.15,103.53,5
r_00013818,family_000666,u_000666,2026-W31,ТС5,613.22,74.72,5
r_00013819,family_000666,u_000666,2026-W31,ТС5,679.21,84.23,9
r_00013820,family_000666,u_000666,2026-W32,ТС5,566.00,89.05,8
r_00013821,family_000666,u_000666,2026-W32,ТС5,406.93,28.86,8
r_00013822,family_000666,u_000666,2026-W33,ТС5,594.50,19.05,8
r_00013823,family_000666,u_000666,2026-W33,ТС5,503.20,42.28,9
r_00013824,family_000666,u_000666,2026-W34,ТС5,715.98,60.37,9
r_00013825,family_000666,u_000666,2026-W34,ТС5,726.19,10.61,7
r_00013826,family_000666,u_000666,2026-W35,ТС5,459.41,23.62,9
r_00013827,family_000666,u_000666,2026-W35,ТС5,490.36,40.39,9
r_00013828,family_000666,u_000666,2026-W36,ТС5,540.84,57.98,8
r_00013829,family_000666,u_000666,2026-W36,ТС5,660.46,32.63,5
r_00013952,family_000675,u_000675,2026-W25,ТС5,599.25,60.43,11
r_00013953,family_000675,u_000675,2026-W25,ТС5,515.12,53.14,11
r_00013954,family_000675,u_000675,2026-W25,ТС5,479.99,142.99,8
r_00013955,family_000675,u_000675,2026-W26,ТС5,494.01,92.23,9
r_00013956,family_000675,u_000675,2026-W26,ТС5,710.48,69.25,8
r_00013957,family_000675,u_000675,2026-W26,ТС5,452.35,51.14,8
r_00013958,family_000675,u_000675,2026-W27,ТС5,442.33,90.28,6
r_00013959,family_000675,u_000675,2026-W27,ТС5,784.98,84.80,7
r_00013960,family_000675,u_000675,2026-W28,ТС5,678.86,177.03,6
r_00013961,family_000675,u_000675,2026-W28,ТС5,522.50,88.21,9
r_00013962,family_000675,u_000675,2026-W29,ТС5,591.90,43.65,6
r_00013963,family_000675,u_000675,2026-W29,ТС5,455.94,50.81,10
r_00013964,family_000675,u_000675,2026-W29,ТС5,619.82,16.37,5
r_00013965,family_000675,u_000675,2026-W30,ТС5,514.95,82.08,8
r_00013966,family_000675,u_000675,2026-W30,ТС5,564.46,138.75,8
r_00013967,family_000675,u_000675,2026-W30,ТС5,542.56,106.23,10
r_00013968,family_000675,u_000675,2026-W31,ТС5,571.35,72.35,11
r_00013969,family_000675,u_000675,2026-W31,ТС5,805.14,102.23,10
r_00013970,family_000675,u_000675,2026-W31,ТС5,710.10,98.00,10
r_00013971,family_000675,u_000675,2026-W32,ТС5,467.27,96.15,7
r_00013972,family_000675,u_000675,2026-W32,ТС5,750.37,91.18,5
r_00013973,family_000675,u_000675,2026-W32,ТС5,467.18,56.28,10
r_00013974,family_000675,u_000675,2026-W33,ТС5,790.63,85.68,10
r_00013975,family_000675,u_000675,2026-W33,ТС5,664.24,67.13,5
r_00013976,family_000675,u_000675,2026-W33,ТС5,622.81,143.81,9
r_00013977,family_000675,u_000675,2026-W33,ТС5,656.90,70.72,8
r_00013978,family_000675,u_000675,2026-W34,ТС5,778.20,76.03,8
r_00013979,family_000675,u_000675,2026-W34,ТС5,485.05,95.27,5
r_00013980,family_000675,u_000675,2026-W35,ТС5,819.07,46.97,9
r_00013981,family_000675,u_000675,2026-W35,ТС5,515.01,65.62,8
r_00013982,family_000675,u_000675,2026-W35,ТС5,607.40,48.33,9
r_00013983,family_000675,u_000675,2026-W36,ТС5,654.32,86.40,7
r_00013984,family_000675,u_000675,2026-W36,ТС5,476.72,45.33,6
r_00013985,family_000675,u_000675,2026-W36,ТС5,372.49,77.04,5
r_00014077,family_000682,u_000682,2026-W25,ТС5,752.13,89.11,11
r_00014078,family_000682,u_000682,2026-W25,ТС5,507.90,59.84,5
r_00014079,family_000682,u_000682,2026-W25,ТС5,667.32,36.95,7
r_00014080,family_000682,u_000682,2026-W26,ТС5,525.96,32.49,9
r_00014081,family_000682,u_000682,2026-W26,ТС5,711.79,48.08,8
r_00014082,family_000682,u_000682,2026-W26,ТС5,596.85,52.42,10
r_00014083,family_000682,u_000682,2026-W27,ТС5,520.31,58.30,8
r_00014084,family_000682,u_000682,2026-W27,ТС5,613.21,68.10,8
r_00014085,family_000682,u_000682,2026-W28,ТС5,552.12,49.76,9
r_00014086,family_000682,u_000682,2026-W28,ТС5,310.37,32.84,11
r_00014087,family_000682,u_000682,2026-W28,ТС5,748.75,156.84,7
r_00014088,family_000682,u_000682,2026-W29,ТС5,481.34,16.95,9
r_00014089,family_000682,u_000682,2026-W29,ТС5,564.05,29.59,9
r_00014090,family_000682,u_000682,2026-W30,ТС5,430.36,56.89,10
r_00014091,family_000682,u_000682,2026-W30,ТС5,406.09,167.21,8
r_00014092,family_000682,u_000682,2026-W31,ТС5,639.56,87.89,9
r_00014093,family_000682,u_000682,2026-W31,ТС5,645.56,103.99,10
r_00014094,family_000682,u_000682,2026-W31,ТС5,818.53,63.14,7
r_00014095,family_000682,u_000682,2026-W32,ТС5,677.57,83.78,8
r_00014096,family_000682,u_000682,2026-W32,ТС5,491.70,81.69,11
r_00014097,family_000682,u_000682,2026-W32,ТС5,383.63,80.02,8
r_00014098,family_000682,u_000682,2026-W33,ТС5,570.89,41.20,7
r_00014099,family_000682,u_000682,2026-W33,ТС5,536.97,76.44,9
r_00014100,family_000682,u_000682,2026-W34,ТС5,575.67,79.52,9
r_00014101,family_000682,u_000682,2026-W34,ТС5,689.47,99.59,7
r_00014102,family_000682,u_000682,2026-W35,ТС5,638.33,89.69,7
r_00014103,family_000682,u_000682,2026-W35,ТС5,519.56,9.44,7
r_00014104,family_000682,u_000682,2026-W36,ТС5,518.56,75.78,9
r_00014105,family_000682,u_000682,2026-W36,ТС5,642.54,112.98,6
r_00014106,family_000683,u_000683,2026-W25,ТСЧ,967.60,32.65,10
r_00014107,family_000683,u_000683,2026-W25,ТСЧ,837.15,109.25,11
r_00014108,family_000683,u_000683,2026-W26,ТСЧ,823.04,13.60,8
r_00014109,family_000683,u_000683,2026-W26,ТСЧ,801.29,26.83,5
r_00014110,family_000683,u_000683,2026-W27,ТСЧ,892.46,58.43,6
r_00014111,family_000683,u_000683,2026-W27,ТСЧ,852.27,46.85,10
r_00014112,family_000683,u_000683,2026-W28,ТСЧ,949.11,5.88,11
r_00014113,family_000683,u_000683,2026-W28,ТСЧ,769.10,59.23,5
r_00014114,family_000683,u_000683,2026-W29,ТСЧ,655.92,34.98,10
r_00014115,family_000683,u_000683,2026-W29,ТСЧ,764.48,49.79,10
r_00014116,family_000683,u_000683,2026-W30,ТСЧ,867.38,73.42,6
r_00014117,family_000683,u_000683,2026-W30,ТСЧ,830.71,22.31,7
r_00014118,family_000683,u_000683,2026-W31,ТСЧ,773.40,60.89,11
r_00014119,family_000683,u_000683,2026-W31,ТСЧ,874.32,73.99,10
r_00014120,family_000683,u_000683,2026-W32,ТСЧ,886.26,18.81,7
r_00014121,family_000683,u_000683,2026-W32,ТСЧ,1024.26,72.94,6
r_00014122,family_000683,u_000683,2026-W33,ТСЧ,773.31,11.10,6
r_00014123,family_000683,u_000683,2026-W34,ТСЧ,666.25,75.07,8
r_00014124,family_000683,u_000683,2026-W34,ТСЧ,725.47,50.68,8
r_00014125,family_000683,u_000683,2026-W35,ТСЧ,781.39,47.17,10
r_00014126,family_000683,u_000683,2026-W35,ТСЧ,548.21,36.46,11
r_00014127,family_000683,u_000683,2026-W36,ТСЧ,858.20,133.70,7
r_00014128,family_000683,u_000683,2026-W36,ТСЧ,655.56,67.17,7
r_00014129,family_000684,u_000684,2026-W25,ТС5,565.00,12.56,10
r_00014130,family_000684,u_000684,2026-W25,ТС5,722.24,44.45,11
r_00014131,family_000684,u_000684,2026-W26,ТС5,697.16,20.57,11
r_00014132,family_000684,u_000684,2026-W27,ТС5,790.91,51.49,5
r_00014133,family_000684,u_000684,2026-W27,ТС5,647.20,45.13,9
r_00014134,family_000684,u_000684,2026-W28,ТС5,507.31,33.21,6
r_00014135,family_000684,u_000684,2026-W28,ТС5,566.20,50.11,11
r_00014136,family_000684,u_000684,2026-W29,ТС5,739.90,50.32,7
r_00014137,family_000684,u_000684,2026-W29,ТС5,565.83,45.31,10
r_00014138,family_000684,u_000684,2026-W30,ТС5,700.95,37.61,11
r_00014139,family_000684,u_000684,2026-W30,ТС5,755.83,43.83,11
r_00014140,family_000684,u_000684,2026-W31,ТС5,838.08,0.00,11
r_00014141,family_000684,u_000684,2026-W31,ТС5,721.54,49.30,8
r_00014142,family_000684,u_000684,2026-W32,ТС5,624.25,21.21,7
r_00014143,family_000684,u_000684,2026-W32,ТС5,695.17,12.87,8
r_00014144,family_000684,u_000684,2026-W33,ТС5,743.09,27.97,11
r_00014145,family_000684,u_000684,2026-W33,ТС5,461.47,99.67,5
r_00014146,family_000684,u_000684,2026-W34,ТС5,599.23,73.90,8
r_00014147,family_000684,u_000684,2026-W35,ТС5,604.90,21.09,10
r_00014148,family_000684,u_000684,2026-W35,ТС5,777.13,60.01,6
r_00014149,family_000684,u_000684,2026-W36,ТС5,688.46,28.64,8
r_00014150,family_000684,u_000684,2026-W36,ТС5,583.67,100.45,10
r_00014168,family_000686,u_000686,2026-W25,ТСЧ,648.61,35.25,9
r_00014169,family_000686,u_000686,2026-W25,ТСЧ,895.10,65.60,6
r_00014170,family_000686,u_000686,2026-W26,ТСЧ,799.27,73.01,6
r_00014171,family_000686,u_000686,2026-W26,ТСЧ,741.44,92.27,10
r_00014172,family_000686,u_000686,2026-W27,ТСЧ,865.16,79.79,7
r_00014173,family_000686,u_000686,2026-W27,ТСЧ,758.52,86.68,8
r_00014174,family_000686,u_000686,2026-W28,ТСЧ,678.62,102.44,8
r_00014175,family_000686,u_000686,2026-W28,ТСЧ,1139.59,86.39,9
r_00014176,family_000686,u_000686,2026-W28,ТСЧ,720.05,138.69,11
r_00014177,family_000686,u_000686,2026-W29,ТСЧ,711.77,236.74,6
r_00014178,family_000686,u_000686,2026-W29,ТСЧ,999.09,134.09,10
r_00014179,family_000686,u_000686,2026-W29,ТСЧ,1022.81,38.23,9
r_00014180,family_000686,u_000686,2026-W30,ТСЧ,613.42,83.50,10
r_00014181,family_000686,u_000686,2026-W30,ТСЧ,916.91,33.57,5
r_00014182,family_000686,u_000686,2026-W31,ТСЧ,816.07,138.83,10
r_00014183,family_000686,u_000686,2026-W31,ТСЧ,837.54,97.01,5
r_00014184,family_000686,u_000686,2026-W32,ТСЧ,724.24,40.90,9
r_00014185,family_000686,u_000686,2026-W32,ТСЧ,598.62,67.63,5
r_00014186,family_000686,u_000686,2026-W33,ТСЧ,1108.90,117.27,9
r_00014187,family_000686,u_000686,2026-W33,ТСЧ,552.03,126.07,5
r_00014188,family_000686,u_000686,2026-W34,ТСЧ,625.26,98.51,10
r_00014189,family_000686,u_000686,2026-W34,ТСЧ,665.50,85.63,10
r_00014190,family_000686,u_000686,2026-W35,ТСЧ,645.52,67.36,8
r_00014191,family_000686,u_000686,2026-W35,ТСЧ,724.49,87.34,9
r_00014192,family_000686,u_000686,2026-W36,ТСЧ,841.16,93.93,7
r_00014193,family_000686,u_000686,2026-W36,ТСЧ,724.67,69.99,6
r_00014194,family_000686,u_000686,2026-W36,ТСЧ,951.34,78.40,7
r_00014205,family_000688,u_000688,2026-W25,ТСЧ,816.11,135.13,11
r_00014206,family_000688,u_000688,2026-W25,ТСЧ,913.14,90.78,11
r_00014207,family_000688,u_000688,2026-W25,ТСЧ,495.54,22.95,10
r_00014208,family_000688,u_000688,2026-W26,ТСЧ,961.66,123.23,11
r_00014209,family_000688,u_000688,2026-W26,ТСЧ,922.38,75.05,5
r_00014210,family_000688,u_000688,2026-W27,ТСЧ,870.19,161.43,9
r_00014211,family_000688,u_000688,2026-W27,ТСЧ,1013.28,67.64,5
r_00014212,family_000688,u_000688,2026-W28,ТСЧ,977.38,81.46,6
r_00014213,family_000688,u_000688,2026-W28,ТСЧ,586.89,63.99,6
r_00014214,family_000688,u_000688,2026-W29,ТСЧ,638.55,109.92,7
r_00014215,family_000688,u_000688,2026-W29,ТСЧ,737.47,157.27,7
r_00014216,family_000688,u_000688,2026-W29,ТСЧ,774.52,130.43,7
r_00014217,family_000688,u_000688,2026-W30,ТСЧ,726.38,62.68,8
r_00014218,family_000688,u_000688,2026-W30,ТСЧ,822.51,155.95,5
r_00014219,family_000688,u_000688,2026-W31,ТСЧ,772.97,165.36,9
r_00014220,family_000688,u_000688,2026-W31,ТСЧ,830.98,64.25,5
r_00014221,family_000688,u_000688,2026-W32,ТСЧ,601.20,39.44,5
r_00014222,family_000688,u_000688,2026-W32,ТСЧ,737.54,139.59,8
r_00014223,family_000688,u_000688,2026-W33,ТСЧ,803.78,90.53,11
r_00014224,family_000688,u_000688,2026-W33,ТСЧ,539.73,43.63,11
r_00014225,family_000688,u_000688,2026-W34,ТСЧ,831.19,133.73,10
r_00014226,family_000688,u_000688,2026-W34,ТСЧ,735.38,94.76,6
r_00014227,family_000688,u_000688,2026-W35,ТСЧ,857.15,58.18,9
r_00014228,family_000688,u_000688,2026-W35,ТСЧ,704.21,69.37,10
r_00014229,family_000688,u_000688,2026-W35,ТСЧ,730.30,149.08,10
r_00014230,family_000688,u_000688,2026-W36,ТСЧ,652.85,136.43,10
r_00014231,family_000688,u_000688,2026-W36,ТСЧ,653.46,141.37,11
r_00014232,family_000688,u_000688,2026-W36,ТСЧ,672.60,117.60,10
r_00014233,family_000689,u_000689,2026-W25,ТС5,538.12,86.23,8
r_00014234,family_000689,u_000689,2026-W25,ТС5,596.40,102.16,7
r_00014235,family_000689,u_000689,2026-W25,ТС5,544.58,25.91,6
r_00014236,family_000689,u_000689,2026-W26,ТС5,577.79,11.95,6
r_00014237,family_000689,u_000689,2026-W26,ТС5,647.35,48.44,10
r_00014238,family_000689,u_000689,2026-W27,ТС5,646.13,45.84,11
r_00014239,family_000689,u_000689,2026-W27,ТС5,525.22,72.96,11
r_00014240,family_000689,u_000689,2026-W28,ТС5,601.69,70.02,6
r_00014241,family_000689,u_000689,2026-W28,ТС5,545.00,62.26,9
r_00014242,family_000689,u_000689,2026-W28,ТС5,786.01,65.58,10
r_00014243,family_000689,u_000689,2026-W29,ТС5,690.08,103.22,7
r_00014244,family_000689,u_000689,2026-W29,ТС5,783.08,76.16,7
r_00014245,family_000689,u_000689,2026-W29,ТС5,753.26,63.51,5
r_00014246,family_000689,u_000689,2026-W30,ТС5,788.08,92.66,5
r_00014247,family_000689,u_000689,2026-W30,ТС5,671.09,85.58,7
r_00014248,family_000689,u_000689,2026-W31,ТС5,619.48,79.83,8
r_00014249,family_000689,u_000689,2026-W31,ТС5,604.60,41.27,10
r_00014250,family_000689,u_000689,2026-W31,ТС5,855.42,127.38,9
r_00014251,family_000689,u_000689,2026-W32,ТС5,778.89,55.31,5
r_00014252,family_000689,u_000689,2026-W32,ТС5,793.44,76.94,5
r_00014253,family_000689,u_000689,2026-W32,ТС5,582.14,35.31,6
r_00014254,family_000689,u_000689,2026-W33,ТС5,459.43,33.55,8
r_00014255,family_000689,u_000689,2026-W33,ТС5,640.34,56.45,7
r_00014256,family_000689,u_000689,2026-W33,ТС5,618.93,116.46,11
r_00014257,family_000689,u_000689,2026-W34,ТС5,605.09,66.99,9
r_00014258,family_000689,u_000689,2026-W34,ТС5,559.98,32.20,7
r_00014259,family_000689,u_000689,2026-W34,ТС5,657.61,32.12,7
r_00014260,family_000689,u_000689,2026-W35,ТС5,481.77,25.05,7
r_00014261,family_000689,u_000689,2026-W35,ТС5,822.38,35.37,11
r_00014262,family_000689,u_000689,2026-W35,ТС5,504.73,36.61,5
r_00014263,family_000689,u_000689,2026-W36,ТС5,664.46,59.06,7
r_00014264,family_000689,u_000689,2026-W36,ТС5,469.29,62.58,6
r_00014265,family_000689,u_000689,2026-W36,ТС5,527.00,62.16,6
r_00014310,family_000694,u_000694,2026-W25,ТС5,493.27,39.43,7
r_00014311,family_000694,u_000694,2026-W25,ТС5,605.56,117.80,11
r_00014312,family_000694,u_000694,2026-W25,ТС5,584.43,28.41,11
r_00014313,family_000694,u_000694,2026-W26,ТС5,566.81,11.06,11
r_00014314,family_000694,u_000694,2026-W27,ТС5,788.78,32.39,11
r_00014315,family_000694,u_000694,2026-W27,ТС5,745.66,51.05,5
r_00014316,family_000694,u_000694,2026-W27,ТС5,556.68,24.83,8
r_00014317,family_000694,u_000694,2026-W28,ТС5,586.54,0.00,6
r_00014318,family_000694,u_000694,2026-W28,ТС5,516.42,18.04,10
r_00014319,family_000694,u_000694,2026-W29,ТС5,558.00,14.28,11
r_00014320,family_000694,u_000694,2026-W30,ТС5,553.20,29.92,5
r_00014321,family_000694,u_000694,2026-W30,ТС5,580.21,69.08,8
r_00014322,family_000694,u_000694,2026-W31,ТС5,646.09,46.34,11
r_00014323,family_000694,u_000694,2026-W32,ТС5,317.56,6.76,8
r_00014324,family_000694,u_000694,2026-W32,ТС5,726.92,66.89,8
r_00014325,family_000694,u_000694,2026-W33,ТС5,643.09,40.83,10
r_00014326,family_000694,u_000694,2026-W34,ТС5,888.93,48.54,5
r_00014327,family_000694,u_000694,2026-W34,ТС5,684.50,42.63,11
r_00014328,family_000694,u_000694,2026-W34,ТС5,635.77,8.95,11
r_00014329,family_000694,u_000694,2026-W35,ТС5,489.34,24.37,8
r_00014330,family_000694,u_000694,2026-W35,ТС5,664.76,40.47,9
r_00014331,family_000694,u_000694,2026-W35,ТС5,526.06,37.00,7
r_00014332,family_000694,u_000694,2026-W36,ТС5,764.03,23.59,8
r_00014362,family_000696,u_000696,2026-W25,ТС5,513.72,95.97,8
r_00014363,family_000696,u_000696,2026-W25,ТС5,857.83,108.84,7
r_00014364,family_000696,u_000696,2026-W26,ТС5,805.67,42.85,7
r_00014365,family_000696,u_000696,2026-W26,ТС5,621.80,85.92,9
r_00014366,family_000696,u_000696,2026-W27,ТС5,447.06,35.80,6
r_00014367,family_000696,u_000696,2026-W28,ТС5,691.71,95.02,11
r_00014368,family_000696,u_000696,2026-W29,ТС5,404.04,41.78,6
r_00014369,family_000696,u_000696,2026-W30,ТС5,503.08,67.78,5
r_00014370,family_000696,u_000696,2026-W30,ТС5,465.96,87.54,5
r_00014371,family_000696,u_000696,2026-W31,ТС5,479.28,63.57,7
r_00014372,family_000696,u_000696,2026-W32,ТС5,506.87,17.35,8
r_00014373,family_000696,u_000696,2026-W32,ТС5,482.06,32.55,7
r_00014374,family_000696,u_000696,2026-W33,ТС5,468.40,59.23,11
r_00014375,family_000696,u_000696,2026-W33,ТС5,716.83,111.29,10
r_00014376,family_000696,u_000696,2026-W34,ТС5,519.01,59.14,7
r_00014377,family_000696,u_000696,2026-W34,ТС5,713.57,73.06,6
r_00014378,family_000696,u_000696,2026-W35,ТС5,582.74,41.52,5
r_00014379,family_000696,u_000696,2026-W36,ТС5,859.89,59.93,5
r_00014380,family_000696,u_000696,2026-W36,ТС5,652.08,18.34,6
r_00014437,family_000700,u_000700,2026-W25,ТС5,445.71,74.70,5
r_00014438,family_000700,u_000700,2026-W25,ТС5,654.20,69.73,7
r_00014439,family_000700,u_000700,2026-W26,ТС5,709.18,98.56,8
r_00014440,family_000700,u_000700,2026-W26,ТС5,650.30,63.47,11
r_00014441,family_000700,u_000700,2026-W27,ТС5,438.56,62.91,11
r_00014442,family_000700,u_000700,2026-W27,ТС5,523.33,156.72,8
r_00014443,family_000700,u_000700,2026-W28,ТС5,703.66,32.97,7
r_00014444,family_000700,u_000700,2026-W28,ТС5,700.25,71.27,11
r_00014445,family_000700,u_000700,2026-W29,ТС5,596.43,144.54,5
r_00014446,family_000700,u_000700,2026-W29,ТС5,504.67,58.68,11
r_00014447,family_000700,u_000700,2026-W29,ТС5,602.05,82.09,9
r_00014448,family_000700,u_000700,2026-W30,ТС5,545.00,31.56,9
r_00014449,family_000700,u_000700,2026-W30,ТС5,532.00,76.04,10
r_00014450,family_000700,u_000700,2026-W31,ТС5,473.10,44.27,11
r_00014451,family_000700,u_000700,2026-W31,ТС5,710.36,56.03,8
r_00014452,family_000700,u_000700,2026-W32,ТС5,843.70,84.44,10
r_00014453,family_000700,u_000700,2026-W32,ТС5,696.47,157.43,6
r_00014454,family_000700,u_000700,2026-W33,ТС5,769.25,49.48,8
r_00014455,family_000700,u_000700,2026-W33,ТС5,515.38,55.98,9
r_00014456,family_000700,u_000700,2026-W34,ТС5,746.43,113.08,11
r_00014457,family_000700,u_000700,2026-W34,ТС5,662.08,0.00,6
r_00014458,family_000700,u_000700,2026-W35,ТС5,529.59,36.38,9
r_00014459,family_000700,u_000700,2026-W35,ТС5,625.58,72.93,7
r_00014460,family_000700,u_000700,2026-W36,ТС5,583.33,161.67,5
r_00014461,family_000700,u_000700,2026-W36,ТС5,597.13,85.50,9
r_00014478,family_000702,u_000702,2026-W25,ТС5,433.09,31.82,8
r_00014479,family_000702,u_000702,2026-W25,ТС5,604.38,29.84,6
r_00014480,family_000702,u_000702,2026-W25,ТС5,737.76,84.09,5
r_00014481,family_000702,u_000702,2026-W26,ТС5,534.86,40.70,11
r_00014482,family_000702,u_000702,2026-W26,ТС5,774.11,76.53,7
r_00014483,family_000702,u_000702,2026-W26,ТС5,748.95,8.68,10
r_00014484,family_000702,u_000702,2026-W26,ТС5,502.99,30.82,7
r_00014485,family_000702,u_000702,2026-W27,ТС5,602.76,106.42,6
r_00014486,family_000702,u_000702,2026-W27,ТС5,339.48,37.74,8
r_00014487,family_000702,u_000702,2026-W27,ТС5,866.65,31.65,10
r_00014488,family_000702,u_000702,2026-W28,ТС5,675.21,25.89,7
r_00014489,family_000702,u_000702,2026-W28,ТС5,665.34,36.19,5
r_00014490,family_000702,u_000702,2026-W28,ТС5,710.93,9.29,9
r_00014491,family_000702,u_000702,2026-W29,ТС5,525.53,75.42,11
r_00014492,family_000702,u_000702,2026-W29,ТС5,732.20,0.00,6
r_00014493,family_000702,u_000702,2026-W29,ТС5,632.46,65.79,11
r_00014494,family_000702,u_000702,2026-W30,ТС5,714.81,54.22,7
r_00014495,family_000702,u_000702,2026-W30,ТС5,435.78,28.07,11
r_00014496,family_000702,u_000702,2026-W30,ТС5,555.59,68.62,9
r_00014497,family_000702,u_000702,2026-W31,ТС5,524.40,24.82,9
r_00014498,family_000702,u_000702,2026-W31,ТС5,372.56,38.28,5
r_00014499,family_000702,u_000702,2026-W31,ТС5,530.00,19.64,6
r_00014500,family_000702,u_000702,2026-W32,ТС5,766.26,34.52,8
r_00014501,family_000702,u_000702,2026-W32,ТС5,673.37,33.44,10
r_00014502,family_000702,u_000702,2026-W32,ТС5,621.99,80.01,9
r_00014503,family_000702,u_000702,2026-W32,ТС5,912.91,15.83,11
r_00014504,family_000702,u_000702,2026-W33,ТС5,612.87,6.06,8
r_00014505,family_000702,u_000702,2026-W33,ТС5,560.59,19.16,5
r_00014506,family_000702,u_000702,2026-W33,ТС5,479.27,25.91,9
r_00014507,family_000702,u_000702,2026-W34,ТС5,702.82,98.56,7
r_00014508,family_000702,u_000702,2026-W34,ТС5,448.15,62.13,8
r_00014509,family_000702,u_000702,2026-W34,ТС5,640.44,23.29,10
r_00014510,family_000702,u_000702,2026-W35,ТС5,510.39,103.37,6
r_00014511,family_000702,u_000702,2026-W35,ТС5,746.14,45.42,9
r_00014512,family_000702,u_000702,2026-W36,ТС5,503.36,35.37,11
r_00014513,family_000702,u_000702,2026-W36,ТС5,539.64,34.43,9
r_00014514,family_000702,u_000702,2026-W36,ТС5,546.23,5.51,10
r_00014594,family_000708,u_000708,2026-W25,ТС5,817.00,67.19,11
r_00014595,family_000708,u_000708,2026-W25,ТС5,563.76,139.12,8
r_00014596,family_000708,u_000708,2026-W26,ТС5,502.25,53.14,7
r_00014597,family_000708,u_000708,2026-W26,ТС5,773.83,112.91,6
r_00014598,family_000708,u_000708,2026-W27,ТС5,703.93,35.20,11
r_00014599,family_000708,u_000708,2026-W27,ТС5,648.32,147.42,11
r_00014600,family_000708,u_000708,2026-W28,ТС5,839.71,38.54,9
r_00014601,family_000708,u_000708,2026-W28,ТС5,457.84,36.42,7
r_00014602,family_000708,u_000708,2026-W29,ТС5,663.98,104.40,9
r_00014603,family_000708,u_000708,2026-W29,ТС5,743.17,123.63,7
r_00014604,family_000708,u_000708,2026-W29,ТС5,800.46,134.83,7
r_00014605,family_000708,u_000708,2026-W30,ТС5,520.13,134.15,8
r_00014606,family_000708,u_000708,2026-W30,ТС5,600.66,135.69,6
r_00014607,family_000708,u_000708,2026-W30,ТС5,562.71,109.40,9
r_00014608,family_000708,u_000708,2026-W31,ТС5,820.84,39.10,6
r_00014609,family_000708,u_000708,2026-W31,ТС5,530.33,83.07,10
r_00014610,family_000708,u_000708,2026-W31,ТС5,710.13,132.40,6
r_00014611,family_000708,u_000708,2026-W32,ТС5,559.69,104.90,8
r_00014612,family_000708,u_000708,2026-W32,ТС5,753.44,161.65,10
r_00014613,family_000708,u_000708,2026-W32,ТС5,577.65,18.04,10
r_00014614,family_000708,u_000708,2026-W33,ТС5,664.36,90.69,7
r_00014615,family_000708,u_000708,2026-W33,ТС5,528.92,83.76,7
r_00014616,family_000708,u_000708,2026-W33,ТС5,648.14,63.62,10
r_00014617,family_000708,u_000708,2026-W34,ТС5,487.66,41.17,6
r_00014618,family_000708,u_000708,2026-W34,ТС5,546.85,81.29,7
r_00014619,family_000708,u_000708,2026-W35,ТС5,652.67,137.92,11
r_00014620,family_000708,u_000708,2026-W35,ТС5,773.81,49.73,7
r_00014621,family_000708,u_000708,2026-W35,ТС5,364.78,49.21,7
r_00014622,family_000708,u_000708,2026-W36,ТС5,340.21,90.26,9
r_00014755,family_000716,u_000716,2026-W25,ТС5,758.63,81.93,5
r_00014756,family_000716,u_000716,2026-W25,ТС5,689.41,29.39,8
r_00014757,family_000716,u_000716,2026-W25,ТС5,720.26,26.68,6
r_00014758,family_000716,u_000716,2026-W26,ТС5,453.48,17.04,9
r_00014759,family_000716,u_000716,2026-W26,ТС5,578.64,29.36,10
r_00014760,family_000716,u_000716,2026-W27,ТС5,624.40,23.07,5
r_00014761,family_000716,u_000716,2026-W27,ТС5,686.77,23.68,9
r_00014762,family_000716,u_000716,2026-W27,ТС5,481.95,17.50,9
r_00014763,family_000716,u_000716,2026-W28,ТС5,582.70,37.95,10
r_00014764,family_000716,u_000716,2026-W28,ТС5,594.64,37.27,8
r_00014765,family_000716,u_000716,2026-W29,ТС5,556.26,24.43,10
r_00014766,family_000716,u_000716,2026-W29,ТС5,727.40,29.37,11
r_00014767,family_000716,u_000716,2026-W29,ТС5,657.43,7.83,5
r_00014768,family_000716,u_000716,2026-W30,ТС5,742.31,7.57,9
r_00014769,family_000716,u_000716,2026-W30,ТС5,772.51,14.78,11
r_00014770,family_000716,u_000716,2026-W31,ТС5,814.85,41.64,10
r_00014771,family_000716,u_000716,2026-W31,ТС5,875.35,64.72,7
r_00014772,family_000716,u_000716,2026-W31,ТС5,850.16,122.26,5
r_00014773,family_000716,u_000716,2026-W32,ТС5,682.17,27.70,5
r_00014774,family_000716,u_000716,2026-W32,ТС5,650.21,77.26,9
r_00014775,family_000716,u_000716,2026-W32,ТС5,519.73,10.10,7
r_00014776,family_000716,u_000716,2026-W33,ТС5,612.64,36.44,5
r_00014777,family_000716,u_000716,2026-W33,ТС5,690.46,96.70,5
r_00014778,family_000716,u_000716,2026-W33,ТС5,675.85,41.21,8
r_00014779,family_000716,u_000716,2026-W34,ТС5,707.95,9.92,9
r_00014780,family_000716,u_000716,2026-W34,ТС5,613.19,33.72,11
r_00014781,family_000716,u_000716,2026-W34,ТС5,436.91,49.96,9
r_00014782,family_000716,u_000716,2026-W35,ТС5,639.50,31.67,11
r_00014783,family_000716,u_000716,2026-W35,ТС5,809.72,63.95,9
r_00014784,family_000716,u_000716,2026-W35,ТС5,632.61,9.25,6
r_00014785,family_000716,u_000716,2026-W36,ТС5,571.02,18.38,10
r_00014786,family_000716,u_000716,2026-W36,ТС5,536.66,40.00,7
r_00014787,family_000716,u_000716,2026-W36,ТС5,677.49,8.14,7
r_00014800,family_000718,u_000718,2026-W25,ТС5,741.75,18.70,8
r_00014801,family_000718,u_000718,2026-W25,ТС5,669.35,15.79,6
r_00014802,family_000718,u_000718,2026-W26,ТС5,737.01,0.00,5
r_00014803,family_000718,u_000718,2026-W26,ТС5,652.69,51.10,5
r_00014804,family_000718,u_000718,2026-W27,ТС5,724.15,27.11,5
r_00014805,family_000718,u_000718,2026-W27,ТС5,548.70,0.00,6
r_00014806,family_000718,u_000718,2026-W28,ТС5,708.75,33.95,10
r_00014807,family_000718,u_000718,2026-W28,ТС5,692.48,51.89,9
r_00014808,family_000718,u_000718,2026-W29,ТС5,502.02,29.64,7
r_00014809,family_000718,u_000718,2026-W29,ТС5,691.12,48.50,11
r_00014810,family_000718,u_000718,2026-W29,ТС5,757.54,61.93,8
r_00014811,family_000718,u_000718,2026-W30,ТС5,559.55,38.51,7
r_00014812,family_000718,u_000718,2026-W30,ТС5,576.56,51.81,8
r_00014813,family_000718,u_000718,2026-W31,ТС5,683.27,20.45,10
r_00014814,family_000718,u_000718,2026-W31,ТС5,712.24,95.74,8
r_00014815,family_000718,u_000718,2026-W31,ТС5,563.50,34.77,10
r_00014816,family_000718,u_000718,2026-W32,ТС5,765.26,20.86,8
r_00014817,family_000718,u_000718,2026-W32,ТС5,584.79,52.60,10
r_00014818,family_000718,u_000718,2026-W33,ТС5,605.66,33.88,6
r_00014819,family_000718,u_000718,2026-W33,ТС5,657.04,27.81,9
r_00014820,family_000718,u_000718,2026-W33,ТС5,595.10,6.10,7
r_00014821,family_000718,u_000718,2026-W34,ТС5,784.54,37.65,9
r_00014822,family_000718,u_000718,2026-W34,ТС5,657.63,25.05,8
r_00014823,family_000718,u_000718,2026-W34,ТС5,570.40,59.58,5
r_00014824,family_000718,u_000718,2026-W35,ТС5,408.25,101.39,5
r_00014825,family_000718,u_000718,2026-W35,ТС5,723.18,61.25,8
r_00014826,family_000718,u_000718,2026-W35,ТС5,570.22,67.95,8
r_00014827,family_000718,u_000718,2026-W36,ТС5,507.14,30.47,8
r_00014828,family_000718,u_000718,2026-W36,ТС5,796.08,23.59,5
r_00014910,family_000722,u_000722,2026-W25,ТС5,577.63,43.29,10
r_00014911,family_000722,u_000722,2026-W25,ТС5,651.12,36.83,11
r_00014912,family_000722,u_000722,2026-W25,ТС5,794.93,37.71,8
r_00014913,family_000722,u_000722,2026-W26,ТС5,692.21,0.00,7
r_00014914,family_000722,u_000722,2026-W26,ТС5,561.39,13.32,11
r_00014915,family_000722,u_000722,2026-W26,ТС5,681.70,63.08,10
r_00014916,family_000722,u_000722,2026-W27,ТС5,719.16,15.51,6
r_00014917,family_000722,u_000722,2026-W27,ТС5,568.01,53.27,9
r_00014918,family_000722,u_000722,2026-W28,ТС5,527.64,45.26,11
r_00014919,family_000722,u_000722,2026-W28,ТС5,802.77,54.94,10
r_00014920,family_000722,u_000722,2026-W28,ТС5,546.42,20.11,11
r_00014921,family_000722,u_000722,2026-W29,ТС5,758.84,29.86,11
r_00014922,family_000722,u_000722,2026-W29,ТС5,556.26,13.05,5
r_00014923,family_000722,u_000722,2026-W30,ТС5,742.55,95.69,8
r_00014924,family_000722,u_000722,2026-W30,ТС5,780.96,77.65,11
r_00014925,family_000722,u_000722,2026-W30,ТС5,675.66,33.79,8
r_00014926,family_000722,u_000722,2026-W31,ТС5,557.84,39.58,8
r_00014927,family_000722,u_000722,2026-W31,ТС5,614.35,87.73,11
r_00014928,family_000722,u_000722,2026-W31,ТС5,506.29,32.91,8
r_00014929,family_000722,u_000722,2026-W32,ТС5,721.59,0.00,7
r_00014930,family_000722,u_000722,2026-W32,ТС5,735.66,34.21,5
r_00014931,family_000722,u_000722,2026-W32,ТС5,541.83,18.70,8
r_00014932,family_000722,u_000722,2026-W33,ТС5,752.15,40.99,10
r_00014933,family_000722,u_000722,2026-W33,ТС5,707.48,0.00,6
r_00014934,family_000722,u_000722,2026-W33,ТС5,960.39,28.80,10
r_00014935,family_000722,u_000722,2026-W34,ТС5,549.85,25.11,11
r_00014936,family_000722,u_000722,2026-W34,ТС5,560.98,85.40,6
r_00014937,family_000722,u_000722,2026-W34,ТС5,807.76,12.05,9
r_00014938,family_000722,u_000722,2026-W35,ТС5,773.41,51.30,10
r_00014939,family_000722,u_000722,2026-W35,ТС5,663.22,40.19,7
r_00014940,family_000722,u_000722,2026-W36,ТС5,607.03,8.55,7
r_00014941,family_000722,u_000722,2026-W36,ТС5,689.10,29.28,11
r_00014942,family_000722,u_000722,2026-W36,ТС5,718.76,33.87,6
r_00014979,family_000725,u_000725,2026-W25,ТС5,597.44,25.50,10
r_00014980,family_000725,u_000725,2026-W25,ТС5,620.86,41.10,8
r_00014981,family_000725,u_000725,2026-W26,ТС5,621.18,27.69,11
r_00014982,family_000725,u_000725,2026-W26,ТС5,738.95,9.80,8
r_00014983,family_000725,u_000725,2026-W27,ТС5,591.02,52.27,11
r_00014984,family_000725,u_000725,2026-W27,ТС5,608.21,28.21,10
r_00014985,family_000725,u_000725,2026-W28,ТС5,497.93,41.54,8
r_00014986,family_000725,u_000725,2026-W29,ТС5,584.57,54.65,8
r_00014987,family_000725,u_000725,2026-W30,ТС5,648.23,15.10,5
r_00014988,family_000725,u_000725,2026-W30,ТС5,567.09,55.92,8
r_00014989,family_000725,u_000725,2026-W31,ТС5,594.26,34.36,5
r_00014990,family_000725,u_000725,2026-W31,ТС5,526.19,57.06,10
r_00014991,family_000725,u_000725,2026-W32,ТС5,879.32,0.00,9
r_00014992,family_000725,u_000725,2026-W32,ТС5,543.20,0.00,6
r_00014993,family_000725,u_000725,2026-W33,ТС5,561.15,9.30,6
r_00014994,family_000725,u_000725,2026-W34,ТС5,578.51,19.01,9
r_00014995,family_000725,u_000725,2026-W34,ТС5,589.32,52.46,5
r_00014996,family_000725,u_000725,2026-W35,ТС5,499.01,51.30,10
r_00014997,family_000725,u_000725,2026-W35,ТС5,912.85,41.92,11
r_00014998,family_000725,u_000725,2026-W36,ТС5,777.05,72.11,5
r_00014999,family_000725,u_000725,2026-W36,ТС5,559.78,41.75,11
r_00015018,family_000727,u_000727,2026-W25,ТСЧ,621.01,52.65,5
r_00015019,family_000727,u_000727,2026-W25,ТСЧ,721.63,117.88,6
r_00015020,family_000727,u_000727,2026-W25,ТСЧ,852.96,56.72,6
r_00015021,family_000727,u_000727,2026-W25,ТСЧ,468.95,16.73,11
r_00015022,family_000727,u_000727,2026-W26,ТСЧ,884.75,103.67,6
r_00015023,family_000727,u_000727,2026-W26,ТСЧ,587.74,32.47,11
r_00015024,family_000727,u_000727,2026-W27,ТСЧ,775.49,57.63,7
r_00015025,family_000727,u_000727,2026-W27,ТСЧ,868.98,85.16,7
r_00015026,family_000727,u_000727,2026-W27,ТСЧ,704.54,81.95,10
r_00015027,family_000727,u_000727,2026-W28,ТСЧ,1000.20,47.14,10
r_00015028,family_000727,u_000727,2026-W28,ТСЧ,749.68,18.40,9
r_00015029,family_000727,u_000727,2026-W29,ТСЧ,873.97,82.30,11
r_00015030,family_000727,u_000727,2026-W29,ТСЧ,1060.15,89.94,10
r_00015031,family_000727,u_000727,2026-W30,ТСЧ,787.11,23.69,5
r_00015032,family_000727,u_000727,2026-W30,ТСЧ,581.41,24.83,7
r_00015033,family_000727,u_000727,2026-W30,ТСЧ,1089.01,47.48,11
r_00015034,family_000727,u_000727,2026-W31,ТСЧ,1033.36,34.82,10
r_00015035,family_000727,u_000727,2026-W31,ТСЧ,636.41,34.11,8
r_00015036,family_000727,u_000727,2026-W32,ТСЧ,763.76,55.47,6
r_00015037,family_000727,u_000727,2026-W32,ТСЧ,721.93,50.84,9
r_00015038,family_000727,u_000727,2026-W32,ТСЧ,1027.04,26.77,9
r_00015039,family_000727,u_000727,2026-W32,ТСЧ,769.60,31.96,8
r_00015040,family_000727,u_000727,2026-W33,ТСЧ,930.10,28.90,10
r_00015041,family_000727,u_000727,2026-W33,ТСЧ,984.02,70.88,8
r_00015042,family_000727,u_000727,2026-W33,ТСЧ,698.31,39.40,10
r_00015043,family_000727,u_000727,2026-W34,ТСЧ,997.92,54.97,11
r_00015044,family_000727,u_000727,2026-W34,ТСЧ,870.22,39.53,5
r_00015045,family_000727,u_000727,2026-W35,ТСЧ,755.28,35.69,10
r_00015046,family_000727,u_000727,2026-W35,ТСЧ,845.27,24.65,8
r_00015047,family_000727,u_000727,2026-W35,ТСЧ,684.76,83.54,9
r_00015048,family_000727,u_000727,2026-W36,ТСЧ,573.06,28.91,11
r_00015049,family_000727,u_000727,2026-W36,ТСЧ,911.57,0.00,5
r_00015200,family_000735,u_000735,2026-W25,ТС5,666.69,33.91,5
r_00015201,family_000735,u_000735,2026-W25,ТС5,648.82,22.22,5
r_00015202,family_000735,u_000735,2026-W26,ТС5,479.58,26.15,11
r_00015203,family_000735,u_000735,2026-W26,ТС5,568.43,35.13,5
r_00015204,family_000735,u_000735,2026-W26,ТС5,555.32,40.00,6
r_00015205,family_000735,u_000735,2026-W27,ТС5,565.27,49.49,9
r_00015206,family_000735,u_000735,2026-W27,ТС5,481.83,12.29,9
r_00015207,family_000735,u_000735,2026-W27,ТС5,648.99,37.54,9
r_00015208,family_000735,u_000735,2026-W28,ТС5,716.73,23.26,5
r_00015209,family_000735,u_000735,2026-W28,ТС5,736.98,41.03,11
r_00015210,family_000735,u_000735,2026-W28,ТС5,799.36,0.00,8
r_00015211,family_000735,u_000735,2026-W29,ТС5,723.13,45.86,9
r_00015212,family_000735,u_000735,2026-W29,ТС5,607.84,62.24,7
r_00015213,family_000735,u_000735,2026-W29,ТС5,647.36,102.94,5
r_00015214,family_000735,u_000735,2026-W30,ТС5,644.89,41.02,9
r_00015215,family_000735,u_000735,2026-W30,ТС5,698.68,29.92,10
r_00015216,family_000735,u_000735,2026-W31,ТС5,670.81,48.01,5
r_00015217,family_000735,u_000735,2026-W31,ТС5,654.07,54.10,8
r_00015218,family_000735,u_000735,2026-W32,ТС5,700.98,33.20,10
r_00015219,family_000735,u_000735,2026-W32,ТС5,648.95,22.50,8
r_00015220,family_000735,u_000735,2026-W32,ТС5,745.04,26.40,8
r_00015221,family_000735,u_000735,2026-W33,ТС5,658.76,33.89,8
r_00015222,family_000735,u_000735,2026-W33,ТС5,612.85,44.30,9
r_00015223,family_000735,u_000735,2026-W34,ТС5,615.35,24.74,5
r_00015224,family_000735,u_000735,2026-W34,ТС5,753.40,9.56,10
r_00015225,family_000735,u_000735,2026-W35,ТС5,693.52,30.41,7
r_00015226,family_000735,u_000735,2026-W35,ТС5,570.15,27.25,5
r_00015227,family_000735,u_000735,2026-W35,ТС5,542.28,17.58,10
r_00015228,family_000735,u_000735,2026-W36,ТС5,668.45,63.30,5
r_00015229,family_000735,u_000735,2026-W36,ТС5,562.60,6.74,8
r_00015230,family_000735,u_000735,2026-W36,ТС5,380.09,52.57,11
r_00015304,family_000739,u_000739,2026-W25,ТС5,379.73,25.24,11
r_00015305,family_000739,u_000739,2026-W26,ТС5,597.04,29.05,10
r_00015306,family_000739,u_000739,2026-W26,ТС5,636.59,49.12,6
r_00015307,family_000739,u_000739,2026-W27,ТС5,607.44,0.00,7
r_00015308,family_000739,u_000739,2026-W27,ТС5,555.07,62.68,5
r_00015309,family_000739,u_000739,2026-W28,ТС5,618.85,25.95,10
r_00015310,family_000739,u_000739,2026-W29,ТС5,703.63,71.87,5
r_00015311,family_000739,u_000739,2026-W29,ТС5,714.06,39.25,8
r_00015312,family_000739,u_000739,2026-W30,ТС5,598.56,34.95,8
r_00015313,family_000739,u_000739,2026-W30,ТС5,734.28,34.76,10
r_00015314,family_000739,u_000739,2026-W31,ТС5,842.13,24.02,9
r_00015315,family_000739,u_000739,2026-W32,ТС5,519.32,18.84,7
r_00015316,family_000739,u_000739,2026-W33,ТС5,598.69,31.91,10
r_00015317,family_000739,u_000739,2026-W33,ТС5,575.81,34.19,10
r_00015318,family_000739,u_000739,2026-W34,ТС5,624.46,36.83,10
r_00015319,family_000739,u_000739,2026-W35,ТС5,498.55,5.42,7
r_00015320,family_000739,u_000739,2026-W35,ТС5,729.67,24.40,10
r_00015321,family_000739,u_000739,2026-W36,ТС5,742.34,67.02,8
r_00015322,family_000739,u_000739,2026-W36,ТС5,810.02,39.47,10
r_00015377,family_000743,u_000743,2026-W25,ТС5,548.00,96.90,10
r_00015378,family_000743,u_000743,2026-W25,ТС5,782.55,120.22,5
r_00015379,family_000743,u_000743,2026-W26,ТС5,533.87,99.73,7
r_00015380,family_000743,u_000743,2026-W26,ТС5,489.20,118.79,9
r_00015381,family_000743,u_000743,2026-W27,ТС5,712.98,99.27,8
r_00015382,family_000743,u_000743,2026-W27,ТС5,592.56,86.63,11
r_00015383,family_000743,u_000743,2026-W28,ТС5,632.27,49.67,7
r_00015384,family_000743,u_000743,2026-W28,ТС5,801.02,96.66,7
r_00015385,family_000743,u_000743,2026-W29,ТС5,589.05,46.00,10
r_00015386,family_000743,u_000743,2026-W29,ТС5,778.93,53.29,8
r_00015387,family_000743,u_000743,2026-W30,ТС5,645.08,53.57,8
r_00015388,family_000743,u_000743,2026-W30,ТС5,482.92,95.59,10
r_00015389,family_000743,u_000743,2026-W30,ТС5,664.99,87.30,5
r_00015390,family_000743,u_000743,2026-W31,ТС5,678.93,32.45,11
r_00015391,family_000743,u_000743,2026-W31,ТС5,703.37,90.13,7
r_00015392,family_000743,u_000743,2026-W31,ТС5,666.11,62.13,6
r_00015393,family_000743,u_000743,2026-W32,ТС5,588.31,59.58,8
r_00015394,family_000743,u_000743,2026-W32,ТС5,694.51,131.80,6
r_00015395,family_000743,u_000743,2026-W33,ТС5,653.50,47.08,11
r_00015396,family_000743,u_000743,2026-W33,ТС5,641.54,89.43,9
r_00015397,family_000743,u_000743,2026-W34,ТС5,611.61,87.51,11
r_00015398,family_000743,u_000743,2026-W34,ТС5,637.30,80.88,6
r_00015399,family_000743,u_000743,2026-W35,ТС5,531.45,33.27,8
r_00015400,family_000743,u_000743,2026-W35,ТС5,584.79,130.49,9
r_00015401,family_000743,u_000743,2026-W36,ТС5,527.74,107.82,8
r_00015402,family_000743,u_000743,2026-W36,ТС5,720.08,110.25,7
r_00015425,family_000745,u_000745,2026-W25,ТС5,833.95,10.11,10
r_00015426,family_000745,u_000745,2026-W25,ТС5,710.50,55.44,5
r_00015427,family_000745,u_000745,2026-W26,ТС5,515.53,49.82,6
r_00015428,family_000745,u_000745,2026-W26,ТС5,492.30,25.16,9
r_00015429,family_000745,u_000745,2026-W27,ТС5,623.12,11.30,5
r_00015430,family_000745,u_000745,2026-W27,ТС5,531.70,15.57,6
r_00015431,family_000745,u_000745,2026-W28,ТС5,634.80,5.17,9
r_00015432,family_000745,u_000745,2026-W28,ТС5,437.17,0.00,5
r_00015433,family_000745,u_000745,2026-W29,ТС5,634.24,14.26,9
r_00015434,family_000745,u_000745,2026-W29,ТС5,673.42,32.39,9
r_00015435,family_000745,u_000745,2026-W30,ТС5,642.06,28.64,11
r_00015436,family_000745,u_000745,2026-W30,ТС5,704.10,54.23,7
r_00015437,family_000745,u_000745,2026-W31,ТС5,707.26,30.88,5
r_00015438,family_000745,u_000745,2026-W31,ТС5,574.77,0.00,6
r_00015439,family_000745,u_000745,2026-W32,ТС5,697.35,29.53,6
r_00015440,family_000745,u_000745,2026-W32,ТС5,806.01,60.76,5
r_00015441,family_000745,u_000745,2026-W33,ТС5,1039.25,20.08,9
r_00015442,family_000745,u_000745,2026-W33,ТС5,666.98,7.60,8
r_00015443,family_000745,u_000745,2026-W34,ТС5,633.22,11.80,6
r_00015444,family_000745,u_000745,2026-W34,ТС5,633.82,52.36,9
r_00015445,family_000745,u_000745,2026-W35,ТС5,649.22,23.62,7
r_00015446,family_000745,u_000745,2026-W35,ТС5,646.07,35.62,11
r_00015447,family_000745,u_000745,2026-W36,ТС5,614.09,7.89,8
r_00015448,family_000745,u_000745,2026-W36,ТС5,641.43,0.00,10
r_00015449,family_000745,u_000745,2026-W36,ТС5,647.57,17.24,9
r_00015450,family_000746,u_000746,2026-W25,ТС5,487.71,98.78,8
r_00015451,family_000746,u_000746,2026-W25,ТС5,634.80,52.82,10
r_00015452,family_000746,u_000746,2026-W26,ТС5,868.92,31.13,11
r_00015453,family_000746,u_000746,2026-W26,ТС5,490.23,58.89,6
r_00015454,family_000746,u_000746,2026-W26,ТС5,743.07,111.53,5
r_00015455,family_000746,u_000746,2026-W27,ТС5,662.08,38.49,5
r_00015456,family_000746,u_000746,2026-W27,ТС5,696.48,51.39,11
r_00015457,family_000746,u_000746,2026-W27,ТС5,671.66,47.04,11
r_00015458,family_000746,u_000746,2026-W28,ТС5,546.33,61.64,8
r_00015459,family_000746,u_000746,2026-W28,ТС5,528.39,35.38,6
r_00015460,family_000746,u_000746,2026-W28,ТС5,593.12,166.38,5
r_00015461,family_000746,u_000746,2026-W29,ТС5,774.38,24.07,5
r_00015462,family_000746,u_000746,2026-W29,ТС5,461.86,50.09,9
r_00015463,family_000746,u_000746,2026-W29,ТС5,520.86,30.94,8
r_00015464,family_000746,u_000746,2026-W30,ТС5,622.16,32.36,8
r_00015465,family_000746,u_000746,2026-W30,ТС5,793.92,86.80,8
r_00015466,family_000746,u_000746,2026-W30,ТС5,487.88,20.50,10
r_00015467,family_000746,u_000746,2026-W31,ТС5,586.93,35.62,10
r_00015468,family_000746,u_000746,2026-W31,ТС5,586.35,21.20,6
r_00015469,family_000746,u_000746,2026-W32,ТС5,508.46,57.45,10
r_00015470,family_000746,u_000746,2026-W32,ТС5,595.75,121.24,8
r_00015471,family_000746,u_000746,2026-W33,ТС5,306.34,57.94,6
r_00015472,family_000746,u_000746,2026-W33,ТС5,676.19,62.86,8
r_00015473,family_000746,u_000746,2026-W34,ТС5,730.81,97.84,5
r_00015474,family_000746,u_000746,2026-W34,ТС5,402.61,29.09,8
r_00015475,family_000746,u_000746,2026-W35,ТС5,604.46,52.86,8
r_00015476,family_000746,u_000746,2026-W35,ТС5,523.35,63.91,11
r_00015477,family_000746,u_000746,2026-W36,ТС5,679.56,67.61,7
r_00015478,family_000746,u_000746,2026-W36,ТС5,598.99,66.84,10
r_00015479,family_000746,u_000746,2026-W36,ТС5,486.46,41.84,10
r_00015595,family_000753,u_000753,2026-W25,ТС5,516.34,30.54,11
r_00015596,family_000753,u_000753,2026-W25,ТС5,427.53,42.19,5
r_00015597,family_000753,u_000753,2026-W25,ТС5,855.96,12.47,8
r_00015598,family_000753,u_000753,2026-W26,ТС5,704.50,35.31,8
r_00015599,family_000753,u_000753,2026-W26,ТС5,642.32,68.83,11
r_00015600,family_000753,u_000753,2026-W26,ТС5,624.98,25.39,7
r_00015601,family_000753,u_000753,2026-W27,ТС5,346.80,23.12,10
r_00015602,family_000753,u_000753,2026-W27,ТС5,847.27,0.00,5
r_00015603,family_000753,u_000753,2026-W27,ТС5,811.37,31.91,11
r_00015604,family_000753,u_000753,2026-W28,ТС5,622.91,26.35,8
r_00015605,family_000753,u_000753,2026-W28,ТС5,598.78,57.31,8
r_00015606,family_000753,u_000753,2026-W29,ТС5,519.88,8.68,10
r_00015607,family_000753,u_000753,2026-W29,ТС5,384.42,17.59,6
r_00015608,family_000753,u_000753,2026-W30,ТС5,790.73,23.19,9
r_00015609,family_000753,u_000753,2026-W30,ТС5,728.95,57.81,8
r_00015610,family_000753,u_000753,2026-W30,ТС5,371.82,37.34,8
r_00015611,family_000753,u_000753,2026-W31,ТС5,621.96,16.62,9
r_00015612,family_000753,u_000753,2026-W31,ТС5,679.84,53.67,9
r_00015613,family_000753,u_000753,2026-W31,ТС5,494.53,72.78,6
r_00015614,family_000753,u_000753,2026-W32,ТС5,554.35,7.99,6
r_00015615,family_000753,u_000753,2026-W32,ТС5,846.96,81.44,6
r_00015616,family_000753,u_000753,2026-W32,ТС5,706.29,37.49,7
r_00015617,family_000753,u_000753,2026-W33,ТС5,692.17,41.24,5
r_00015618,family_000753,u_000753,2026-W33,ТС5,647.26,24.11,11
r_00015619,family_000753,u_000753,2026-W33,ТС5,544.71,9.98,10
r_00015620,family_000753,u_000753,2026-W34,ТС5,661.56,15.62,9
r_00015621,family_000753,u_000753,2026-W34,ТС5,630.25,50.16,11
r_00015622,family_000753,u_000753,2026-W34,ТС5,622.33,23.84,11
r_00015623,family_000753,u_000753,2026-W35,ТС5,642.93,3.92,9
r_00015624,family_000753,u_000753,2026-W35,ТС5,622.12,78.28,5
r_00015625,family_000753,u_000753,2026-W35,ТС5,622.60,16.82,7
r_00015626,family_000753,u_000753,2026-W36,ТС5,792.70,38.79,9
r_00015627,family_000753,u_000753,2026-W36,ТС5,664.58,39.77,7
r_00015628,family_000753,u_000753,2026-W36,ТС5,876.28,26.02,10
r_00015652,family_000755,u_000755,2026-W25,ТС5,595.77,47.33,7
r_00015653,family_000755,u_000755,2026-W25,ТС5,709.38,73.12,6
r_00015654,family_000755,u_000755,2026-W26,ТС5,553.74,20.24,8
r_00015655,family_000755,u_000755,2026-W27,ТС5,678.95,85.18,11
r_00015656,family_000755,u_000755,2026-W28,ТС5,463.09,76.18,6
r_00015657,family_000755,u_000755,2026-W29,ТС5,596.24,61.17,11
r_00015658,family_000755,u_000755,2026-W30,ТС5,352.31,37.14,7
r_00015659,family_000755,u_000755,2026-W30,ТС5,849.63,82.14,8
r_00015660,family_000755,u_000755,2026-W31,ТС5,545.39,44.85,7
r_00015661,family_000755,u_000755,2026-W31,ТС5,574.10,33.88,9
r_00015662,family_000755,u_000755,2026-W32,ТС5,620.81,102.40,11
r_00015663,family_000755,u_000755,2026-W32,ТС5,575.17,37.57,10
r_00015664,family_000755,u_000755,2026-W33,ТС5,702.00,73.10,9
r_00015665,family_000755,u_000755,2026-W33,ТС5,666.98,80.45,10
r_00015666,family_000755,u_000755,2026-W34,ТС5,614.74,62.57,7
r_00015667,family_000755,u_000755,2026-W35,ТС5,619.52,89.66,7
r_00015668,family_000755,u_000755,2026-W35,ТС5,517.51,80.68,9
r_00015669,family_000755,u_000755,2026-W36,ТС5,786.23,109.70,8
r_00015670,family_000755,u_000755,2026-W36,ТС5,679.17,45.35,7
r_00015671,family_000755,u_000755,2026-W36,ТС5,610.53,128.83,5
r_00015723,family_000760,u_000760,2026-W25,ТСЧ,625.01,70.68,7
r_00015724,family_000760,u_000760,2026-W25,ТСЧ,762.35,47.07,5
r_00015725,family_000760,u_000760,2026-W25,ТСЧ,758.74,95.15,5
r_00015726,family_000760,u_000760,2026-W26,ТСЧ,611.80,73.13,7
r_00015727,family_000760,u_000760,2026-W26,ТСЧ,713.25,28.37,8
r_00015728,family_000760,u_000760,2026-W26,ТСЧ,1033.27,73.13,8
r_00015729,family_000760,u_000760,2026-W27,ТСЧ,878.88,90.75,11
r_00015730,family_000760,u_000760,2026-W27,ТСЧ,901.20,17.75,10
r_00015731,family_000760,u_000760,2026-W27,ТСЧ,735.81,86.33,7
r_00015732,family_000760,u_000760,2026-W28,ТСЧ,638.35,69.74,6
r_00015733,family_000760,u_000760,2026-W28,ТСЧ,1034.92,0.00,8
r_00015734,family_000760,u_000760,2026-W29,ТСЧ,787.11,25.64,8
r_00015735,family_000760,u_000760,2026-W29,ТСЧ,791.50,0.00,6
r_00015736,family_000760,u_000760,2026-W29,ТСЧ,444.24,37.33,11
r_00015737,family_000760,u_000760,2026-W30,ТСЧ,764.04,55.04,8
r_00015738,family_000760,u_000760,2026-W30,ТСЧ,795.64,35.18,11
r_00015739,family_000760,u_000760,2026-W30,ТСЧ,901.42,11.11,9
r_00015740,family_000760,u_000760,2026-W31,ТСЧ,635.22,65.49,5
r_00015741,family_000760,u_000760,2026-W31,ТСЧ,899.78,111.87,5
r_00015742,family_000760,u_000760,2026-W31,ТСЧ,823.76,44.64,5
r_00015743,family_000760,u_000760,2026-W32,ТСЧ,954.44,34.77,9
r_00015744,family_000760,u_000760,2026-W32,ТСЧ,872.04,51.41,6
r_00015745,family_000760,u_000760,2026-W32,ТСЧ,818.62,20.90,10
r_00015746,family_000760,u_000760,2026-W33,ТСЧ,829.54,79.16,5
r_00015747,family_000760,u_000760,2026-W33,ТСЧ,817.90,26.42,5
r_00015748,family_000760,u_000760,2026-W33,ТСЧ,766.69,25.57,7
r_00015749,family_000760,u_000760,2026-W34,ТСЧ,603.14,56.38,7
r_00015750,family_000760,u_000760,2026-W34,ТСЧ,797.57,43.28,11
r_00015751,family_000760,u_000760,2026-W34,ТСЧ,916.18,0.00,5
r_00015752,family_000760,u_000760,2026-W35,ТСЧ,851.89,84.24,9
r_00015753,family_000760,u_000760,2026-W35,ТСЧ,680.15,28.75,11
r_00015754,family_000760,u_000760,2026-W35,ТСЧ,587.27,102.25,10
r_00015755,family_000760,u_000760,2026-W36,ТСЧ,787.73,49.49,8
r_00015756,family_000760,u_000760,2026-W36,ТСЧ,847.27,0.00,7
r_00015757,family_000760,u_000760,2026-W36,ТСЧ,1072.12,52.48,11
r_00015901,family_000768,u_000768,2026-W25,ТСЧ,1028.24,174.80,8
r_00015902,family_000768,u_000768,2026-W25,ТСЧ,881.97,81.96,6
r_00015903,family_000768,u_000768,2026-W26,ТСЧ,709.71,153.91,6
r_00015904,family_000768,u_000768,2026-W26,ТСЧ,547.23,80.32,5
r_00015905,family_000768,u_000768,2026-W27,ТСЧ,742.83,85.31,7
r_00015906,family_000768,u_000768,2026-W27,ТСЧ,786.88,125.15,10
r_00015907,family_000768,u_000768,2026-W28,ТСЧ,471.01,33.16,9
r_00015908,family_000768,u_000768,2026-W29,ТСЧ,717.90,66.62,11
r_00015909,family_000768,u_000768,2026-W29,ТСЧ,1028.19,74.26,8
r_00015910,family_000768,u_000768,2026-W30,ТСЧ,833.28,8.39,7
r_00015911,family_000768,u_000768,2026-W30,ТСЧ,789.91,99.10,9
r_00015912,family_000768,u_000768,2026-W31,ТСЧ,842.53,105.99,8
r_00015913,family_000768,u_000768,2026-W31,ТСЧ,660.75,68.94,7
r_00015914,family_000768,u_000768,2026-W32,ТСЧ,932.90,96.29,8
r_00015915,family_000768,u_000768,2026-W32,ТСЧ,883.52,175.66,8
r_00015916,family_000768,u_000768,2026-W33,ТСЧ,809.82,60.90,11
r_00015917,family_000768,u_000768,2026-W33,ТСЧ,901.99,110.01,6
r_00015918,family_000768,u_000768,2026-W34,ТСЧ,807.93,77.69,8
r_00015919,family_000768,u_000768,2026-W34,ТСЧ,741.71,76.41,11
r_00015920,family_000768,u_000768,2026-W35,ТСЧ,800.27,89.99,11
r_00015921,family_000768,u_000768,2026-W36,ТСЧ,876.89,127.08,8
r_00015922,family_000768,u_000768,2026-W36,ТСЧ,863.77,36.02,7
r_00016031,family_000774,u_000774,2026-W25,ТС5,415.68,22.10,8
r_00016032,family_000774,u_000774,2026-W25,ТС5,712.95,55.08,7
r_00016033,family_000774,u_000774,2026-W26,ТС5,645.46,25.34,7
r_00016034,family_000774,u_000774,2026-W26,ТС5,545.51,40.81,9
r_00016035,family_000774,u_000774,2026-W26,ТС5,694.53,45.38,5
r_00016036,family_000774,u_000774,2026-W27,ТС5,509.77,65.73,7
r_00016037,family_000774,u_000774,2026-W28,ТС5,710.15,36.29,5
r_00016038,family_000774,u_000774,2026-W28,ТС5,523.40,13.40,5
r_00016039,family_000774,u_000774,2026-W29,ТС5,732.12,23.29,10
r_00016040,family_000774,u_000774,2026-W29,ТС5,631.97,34.38,11
r_00016041,family_000774,u_000774,2026-W30,ТС5,819.70,29.16,5
r_00016042,family_000774,u_000774,2026-W30,ТС5,737.91,52.44,8
r_00016043,family_000774,u_000774,2026-W31,ТС5,758.88,43.02,8
r_00016044,family_000774,u_000774,2026-W31,ТС5,499.55,18.18,10
r_00016045,family_000774,u_000774,2026-W31,ТС5,612.25,22.27,6
r_00016046,family_000774,u_000774,2026-W32,ТС5,714.24,10.78,10
r_00016047,family_000774,u_000774,2026-W32,ТС5,831.72,0.00,5
r_00016048,family_000774,u_000774,2026-W32,ТС5,638.63,37.63,10
r_00016049,family_000774,u_000774,2026-W33,ТС5,583.27,21.89,10
r_00016050,family_000774,u_000774,2026-W33,ТС5,825.05,39.77,8
r_00016051,family_000774,u_000774,2026-W34,ТС5,552.33,10.67,7
r_00016052,family_000774,u_000774,2026-W34,ТС5,776.85,0.00,7
r_00016053,family_000774,u_000774,2026-W35,ТС5,696.85,46.33,9
r_00016054,family_000774,u_000774,2026-W35,ТС5,601.49,38.58,10
r_00016055,family_000774,u_000774,2026-W36,ТС5,571.13,25.02,9
r_00016056,family_000774,u_000774,2026-W36,ТС5,829.70,44.11,9
r_00016138,family_000780,u_000780,2026-W25,ТС5,882.18,18.57,6
r_00016139,family_000780,u_000780,2026-W25,ТС5,661.52,13.06,5
r_00016140,family_000780,u_000780,2026-W25,ТС5,515.62,23.56,6
r_00016141,family_000780,u_000780,2026-W26,ТС5,525.76,86.61,9
r_00016142,family_000780,u_000780,2026-W26,ТС5,939.80,17.65,8
r_00016143,family_000780,u_000780,2026-W26,ТС5,787.08,45.76,5
r_00016144,family_000780,u_000780,2026-W27,ТС5,719.70,93.82,7
r_00016145,family_000780,u_000780,2026-W27,ТС5,791.51,15.50,9
r_00016146,family_000780,u_000780,2026-W27,ТС5,539.04,41.88,7
r_00016147,family_000780,u_000780,2026-W28,ТС5,711.76,10.05,6
r_00016148,family_000780,u_000780,2026-W28,ТС5,664.98,0.00,7
r_00016149,family_000780,u_000780,2026-W29,ТС5,635.99,80.09,11
r_00016150,family_000780,u_000780,2026-W29,ТС5,598.12,17.16,8
r_00016151,family_000780,u_000780,2026-W29,ТС5,536.76,24.54,11
r_00016152,family_000780,u_000780,2026-W30,ТС5,590.45,16.50,5
r_00016153,family_000780,u_000780,2026-W30,ТС5,748.03,47.35,7
r_00016154,family_000780,u_000780,2026-W30,ТС5,1067.28,20.54,5
r_00016155,family_000780,u_000780,2026-W31,ТС5,563.09,22.16,6
r_00016156,family_000780,u_000780,2026-W31,ТС5,791.66,75.90,9
r_00016157,family_000780,u_000780,2026-W31,ТС5,872.45,47.24,6
r_00016158,family_000780,u_000780,2026-W32,ТС5,887.16,0.00,6
r_00016159,family_000780,u_000780,2026-W32,ТС5,667.81,39.96,7
r_00016160,family_000780,u_000780,2026-W32,ТС5,770.04,0.00,6
r_00016161,family_000780,u_000780,2026-W33,ТС5,739.10,75.50,9
r_00016162,family_000780,u_000780,2026-W33,ТС5,764.28,37.61,9
r_00016163,family_000780,u_000780,2026-W33,ТС5,544.68,37.65,10
r_00016164,family_000780,u_000780,2026-W34,ТС5,656.65,0.00,8
r_00016165,family_000780,u_000780,2026-W34,ТС5,742.74,56.54,5
r_00016166,family_000780,u_000780,2026-W34,ТС5,592.13,42.85,7
r_00016167,family_000780,u_000780,2026-W35,ТС5,553.79,55.00,5
r_00016168,family_000780,u_000780,2026-W35,ТС5,670.08,18.01,9
r_00016169,family_000780,u_000780,2026-W35,ТС5,791.82,81.79,10
r_00016170,family_000780,u_000780,2026-W36,ТС5,658.54,32.21,5
r_00016171,family_000780,u_000780,2026-W36,ТС5,749.67,48.69,9
r_00016510,family_000800,u_000800,2026-W25,ТС5,613.26,42.57,11
r_00016511,family_000800,u_000800,2026-W25,ТС5,666.16,61.23,9
r_00016512,family_000800,u_000800,2026-W25,ТС5,696.01,0.00,6
r_00016513,family_000800,u_000800,2026-W26,ТС5,668.44,34.70,7
r_00016514,family_000800,u_000800,2026-W26,ТС5,705.15,58.51,6
r_00016515,family_000800,u_000800,2026-W26,ТС5,620.43,41.81,6
r_00016516,family_000800,u_000800,2026-W27,ТС5,738.86,131.96,5
r_00016517,family_000800,u_000800,2026-W27,ТС5,763.06,12.73,7
r_00016518,family_000800,u_000800,2026-W28,ТС5,579.37,26.45,9
r_00016519,family_000800,u_000800,2026-W28,ТС5,742.67,89.37,10
r_00016520,family_000800,u_000800,2026-W29,ТС5,669.61,7.43,11
r_00016521,family_000800,u_000800,2026-W29,ТС5,804.69,140.40,7
r_00016522,family_000800,u_000800,2026-W29,ТС5,672.56,31.56,9
r_00016523,family_000800,u_000800,2026-W30,ТС5,665.33,36.78,5
r_00016524,family_000800,u_000800,2026-W30,ТС5,758.75,0.00,5
r_00016525,family_000800,u_000800,2026-W30,ТС5,680.45,51.68,8
r_00016526,family_000800,u_000800,2026-W31,ТС5,676.62,7.34,11
r_00016527,family_000800,u_000800,2026-W31,ТС5,757.03,13.34,7
r_00016528,family_000800,u_000800,2026-W31,ТС5,603.12,37.93,8
r_00016529,family_000800,u_000800,2026-W32,ТС5,512.11,87.50,7
r_00016530,family_000800,u_000800,2026-W32,ТС5,715.80,23.38,8
r_00016531,family_000800,u_000800,2026-W33,ТС5,668.81,32.50,10
r_00016532,family_000800,u_000800,2026-W33,ТС5,528.90,30.40,7
r_00016533,family_000800,u_000800,2026-W34,ТС5,670.83,6.55,8
r_00016534,family_000800,u_000800,2026-W34,ТС5,460.96,14.34,8
r_00016535,family_000800,u_000800,2026-W35,ТС5,634.46,19.66,10
r_00016536,family_000800,u_000800,2026-W35,ТС5,669.72,0.00,10
r_00016537,family_000800,u_000800,2026-W36,ТС5,585.41,93.91,5
r_00016538,family_000800,u_000800,2026-W36,ТС5,747.05,58.40,9
r_00016576,family_000802,u_000802,2026-W25,ТС5,560.87,50.29,9
r_00016577,family_000802,u_000802,2026-W25,ТС5,642.56,96.84,6
r_00016578,family_000802,u_000802,2026-W25,ТС5,457.13,53.66,6
r_00016579,family_000802,u_000802,2026-W25,ТС5,652.94,124.25,8
r_00016580,family_000802,u_000802,2026-W26,ТС5,628.17,77.89,6
r_00016581,family_000802,u_000802,2026-W26,ТС5,539.92,88.89,5
r_00016582,family_000802,u_000802,2026-W27,ТС5,548.31,59.09,8
r_00016583,family_000802,u_000802,2026-W27,ТС5,560.62,99.28,11
r_00016584,family_000802,u_000802,2026-W27,ТС5,421.89,21.60,11
r_00016585,family_000802,u_000802,2026-W28,ТС5,634.10,73.03,5
r_00016586,family_000802,u_000802,2026-W28,ТС5,662.51,49.10,10
r_00016587,family_000802,u_000802,2026-W29,ТС5,668.07,71.36,10
r_00016588,family_000802,u_000802,2026-W29,ТС5,465.65,111.96,9
r_00016589,family_000802,u_000802,2026-W29,ТС5,473.81,41.30,11
r_00016590,family_000802,u_000802,2026-W30,ТС5,717.57,54.97,10
r_00016591,family_000802,u_000802,2026-W30,ТС5,728.79,103.75,9
r_00016592,family_000802,u_000802,2026-W30,ТС5,647.21,57.43,9
r_00016593,family_000802,u_000802,2026-W31,ТС5,614.59,105.22,7
r_00016594,family_000802,u_000802,2026-W31,ТС5,662.78,68.44,9
r_00016595,family_000802,u_000802,2026-W31,ТС5,544.41,148.95,7
r_00016596,family_000802,u_000802,2026-W32,ТС5,479.96,46.98,9
r_00016597,family_000802,u_000802,2026-W32,ТС5,659.98,90.55,6
r_00016598,family_000802,u_000802,2026-W32,ТС5,636.94,67.90,8
r_00016599,family_000802,u_000802,2026-W33,ТС5,577.32,47.88,8
r_00016600,family_000802,u_000802,2026-W33,ТС5,678.27,113.90,11
r_00016601,family_000802,u_000802,2026-W33,ТС5,493.00,31.24,8
r_00016602,family_000802,u_000802,2026-W34,ТС5,649.89,65.13,6
r_00016603,family_000802,u_000802,2026-W34,ТС5,571.27,68.11,11
r_00016604,family_000802,u_000802,2026-W34,ТС5,585.02,45.09,10
r_00016605,family_000802,u_000802,2026-W34,ТС5,725.63,77.23,9
r_00016606,family_000802,u_000802,2026-W35,ТС5,650.06,203.75,5
r_00016607,family_000802,u_000802,2026-W35,ТС5,505.01,73.93,10
r_00016608,family_000802,u_000802,2026-W35,ТС5,716.57,99.03,9
r_00016609,family_000802,u_000802,2026-W36,ТС5,597.85,44.81,8
r_00016610,family_000802,u_000802,2026-W36,ТС5,654.01,10.06,7
r_00016611,family_000802,u_000802,2026-W36,ТС5,440.10,47.69,8
r_00016889,family_000817,u_000817,2026-W25,ТС5,438.04,13.87,9
r_00016890,family_000817,u_000817,2026-W25,ТС5,577.49,27.91,11
r_00016891,family_000817,u_000817,2026-W25,ТС5,619.28,86.11,11
r_00016892,family_000817,u_000817,2026-W26,ТС5,605.93,0.00,5
r_00016893,family_000817,u_000817,2026-W26,ТС5,498.05,49.49,8
r_00016894,family_000817,u_000817,2026-W26,ТС5,599.48,71.59,8
r_00016895,family_000817,u_000817,2026-W27,ТС5,774.70,21.40,8
r_00016896,family_000817,u_000817,2026-W27,ТС5,730.32,19.98,10
r_00016897,family_000817,u_000817,2026-W28,ТС5,777.18,44.27,7
r_00016898,family_000817,u_000817,2026-W28,ТС5,626.18,33.10,7
r_00016899,family_000817,u_000817,2026-W29,ТС5,446.31,42.74,10
r_00016900,family_000817,u_000817,2026-W29,ТС5,428.93,41.68,10
r_00016901,family_000817,u_000817,2026-W30,ТС5,665.97,22.24,10
r_00016902,family_000817,u_000817,2026-W30,ТС5,352.24,19.70,7
r_00016903,family_000817,u_000817,2026-W31,ТС5,685.70,50.98,8
r_00016904,family_000817,u_000817,2026-W31,ТС5,746.63,57.72,11
r_00016905,family_000817,u_000817,2026-W32,ТС5,611.36,66.66,9
r_00016906,family_000817,u_000817,2026-W32,ТС5,702.57,38.80,11
r_00016907,family_000817,u_000817,2026-W32,ТС5,653.41,14.69,6
r_00016908,family_000817,u_000817,2026-W33,ТС5,793.66,40.68,11
r_00016909,family_000817,u_000817,2026-W33,ТС5,712.58,0.00,6
r_00016910,family_000817,u_000817,2026-W33,ТС5,683.75,33.43,11
r_00016911,family_000817,u_000817,2026-W34,ТС5,531.30,17.74,9
r_00016912,family_000817,u_000817,2026-W34,ТС5,484.12,25.91,8
r_00016913,family_000817,u_000817,2026-W35,ТС5,375.28,22.11,11
r_00016914,family_000817,u_000817,2026-W35,ТС5,515.74,18.64,7
r_00016915,family_000817,u_000817,2026-W36,ТС5,529.35,42.81,7
r_00016916,family_000817,u_000817,2026-W36,ТС5,681.70,55.92,9
r_00016917,family_000818,u_000818,2026-W25,ТС5,610.14,48.42,11
r_00016918,family_000818,u_000818,2026-W25,ТС5,611.58,55.98,9
r_00016919,family_000818,u_000818,2026-W25,ТС5,536.98,34.32,8
r_00016920,family_000818,u_000818,2026-W26,ТС5,687.03,21.51,11
r_00016921,family_000818,u_000818,2026-W26,ТС5,619.08,34.52,11
r_00016922,family_000818,u_000818,2026-W27,ТС5,667.44,79.44,5
r_00016923,family_000818,u_000818,2026-W28,ТС5,781.93,69.34,6
r_00016924,family_000818,u_000818,2026-W28,ТС5,695.10,66.91,11
r_00016925,family_000818,u_000818,2026-W29,ТС5,525.78,64.69,10
r_00016926,family_000818,u_000818,2026-W29,ТС5,655.10,38.72,11
r_00016927,family_000818,u_000818,2026-W30,ТС5,858.57,133.78,6
r_00016928,family_000818,u_000818,2026-W30,ТС5,701.04,91.35,5
r_00016929,family_000818,u_000818,2026-W31,ТС5,537.91,74.13,5
r_00016930,family_000818,u_000818,2026-W32,ТС5,554.66,75.94,7
r_00016931,family_000818,u_000818,2026-W32,ТС5,772.24,82.42,6
r_00016932,family_000818,u_000818,2026-W32,ТС5,427.15,57.19,10
r_00016933,family_000818,u_000818,2026-W33,ТС5,541.73,76.63,11
r_00016934,family_000818,u_000818,2026-W33,ТС5,613.41,60.10,7
r_00016935,family_000818,u_000818,2026-W34,ТС5,477.68,67.66,9
r_00016936,family_000818,u_000818,2026-W34,ТС5,435.95,95.92,7
r_00016937,family_000818,u_000818,2026-W35,ТС5,622.12,62.07,8
r_00016938,family_000818,u_000818,2026-W35,ТС5,599.27,50.72,5
r_00016939,family_000818,u_000818,2026-W36,ТС5,868.15,61.96,7
r_00016940,family_000818,u_000818,2026-W36,ТС5,309.13,25.77,7
r_00016954,family_000821,u_000821,2026-W25,ТС5,449.52,19.78,6
r_00016955,family_000821,u_000821,2026-W25,ТС5,667.79,56.20,5
r_00016956,family_000821,u_000821,2026-W26,ТС5,721.59,37.91,5
r_00016957,family_000821,u_000821,2026-W26,ТС5,744.30,83.16,7
r_00016958,family_000821,u_000821,2026-W26,ТС5,643.02,64.58,5
r_00016959,family_000821,u_000821,2026-W27,ТС5,584.46,13.65,10
r_00016960,family_000821,u_000821,2026-W27,ТС5,604.23,23.65,11
r_00016961,family_000821,u_000821,2026-W27,ТС5,622.92,77.01,7
r_00016962,family_000821,u_000821,2026-W28,ТС5,869.60,98.17,9
r_00016963,family_000821,u_000821,2026-W28,ТС5,757.57,19.22,7
r_00016964,family_000821,u_000821,2026-W29,ТС5,707.54,104.68,5
r_00016965,family_000821,u_000821,2026-W29,ТС5,786.36,19.47,9
r_00016966,family_000821,u_000821,2026-W30,ТС5,438.87,7.44,8
r_00016967,family_000821,u_000821,2026-W30,ТС5,468.38,10.11,9
r_00016968,family_000821,u_000821,2026-W30,ТС5,816.54,22.98,10
r_00016969,family_000821,u_000821,2026-W30,ТС5,478.20,48.40,9
r_00016970,family_000821,u_000821,2026-W31,ТС5,647.36,28.78,10
r_00016971,family_000821,u_000821,2026-W31,ТС5,627.57,38.04,11
r_00016972,family_000821,u_000821,2026-W32,ТС5,772.55,107.80,8
r_00016973,family_000821,u_000821,2026-W32,ТС5,708.65,19.02,10
r_00016974,family_000821,u_000821,2026-W32,ТС5,411.90,40.72,5
r_00016975,family_000821,u_000821,2026-W33,ТС5,517.13,24.87,9
r_00016976,family_000821,u_000821,2026-W33,ТС5,741.03,22.32,6
r_00016977,family_000821,u_000821,2026-W34,ТС5,698.70,35.68,5
r_00016978,family_000821,u_000821,2026-W34,ТС5,712.19,66.59,11
r_00016979,family_000821,u_000821,2026-W35,ТС5,623.10,50.93,9
r_00016980,family_000821,u_000821,2026-W35,ТС5,656.63,0.00,10
r_00016981,family_000821,u_000821,2026-W36,ТС5,787.85,79.37,11
r_00016982,family_000821,u_000821,2026-W36,ТС5,821.36,18.35,9
r_00017211,family_000835,u_000835,2026-W25,ТС5,615.43,39.13,8
r_00017212,family_000835,u_000835,2026-W25,ТС5,626.96,90.65,5
r_00017213,family_000835,u_000835,2026-W26,ТС5,599.90,34.51,8
r_00017214,family_000835,u_000835,2026-W26,ТС5,576.52,22.66,10
r_00017215,family_000835,u_000835,2026-W26,ТС5,681.67,45.54,7
r_00017216,family_000835,u_000835,2026-W27,ТС5,361.85,32.47,10
r_00017217,family_000835,u_000835,2026-W27,ТС5,668.99,37.70,8
r_00017218,family_000835,u_000835,2026-W27,ТС5,639.48,41.05,5
r_00017219,family_000835,u_000835,2026-W28,ТС5,505.12,174.89,6
r_00017220,family_000835,u_000835,2026-W28,ТС5,871.71,22.21,8
r_00017221,family_000835,u_000835,2026-W28,ТС5,500.46,0.00,6
r_00017222,family_000835,u_000835,2026-W29,ТС5,761.04,29.55,6
r_00017223,family_000835,u_000835,2026-W29,ТС5,708.94,92.52,6
r_00017224,family_000835,u_000835,2026-W29,ТС5,593.20,56.08,7
r_00017225,family_000835,u_000835,2026-W30,ТС5,714.29,65.48,7
r_00017226,family_000835,u_000835,2026-W30,ТС5,802.03,43.58,7
r_00017227,family_000835,u_000835,2026-W31,ТС5,685.21,47.57,9
r_00017228,family_000835,u_000835,2026-W31,ТС5,556.64,29.02,8
r_00017229,family_000835,u_000835,2026-W31,ТС5,677.80,27.03,8
r_00017230,family_000835,u_000835,2026-W32,ТС5,632.95,50.14,11
r_00017231,family_000835,u_000835,2026-W32,ТС5,570.77,54.05,9
r_00017232,family_000835,u_000835,2026-W32,ТС5,621.66,28.91,9
r_00017233,family_000835,u_000835,2026-W33,ТС5,697.89,88.00,5
r_00017234,family_000835,u_000835,2026-W33,ТС5,350.86,43.14,10
r_00017235,family_000835,u_000835,2026-W34,ТС5,663.90,0.00,6
r_00017236,family_000835,u_000835,2026-W34,ТС5,466.20,27.72,8
r_00017237,family_000835,u_000835,2026-W35,ТС5,746.31,68.53,9
r_00017238,family_000835,u_000835,2026-W35,ТС5,499.17,35.86,8
r_00017239,family_000835,u_000835,2026-W36,ТС5,680.53,12.56,10
r_00017240,family_000835,u_000835,2026-W36,ТС5,523.83,66.77,5
r_00017241,family_000836,u_000836,2026-W25,ТСЧ,831.82,58.91,7
r_00017242,family_000836,u_000836,2026-W25,ТСЧ,813.57,53.40,5
r_00017243,family_000836,u_000836,2026-W26,ТСЧ,817.49,81.13,11
r_00017244,family_000836,u_000836,2026-W26,ТСЧ,1065.86,98.12,6
r_00017245,family_000836,u_000836,2026-W27,ТСЧ,701.60,19.68,11
r_00017246,family_000836,u_000836,2026-W27,ТСЧ,836.97,75.83,9
r_00017247,family_000836,u_000836,2026-W28,ТСЧ,978.30,109.25,9
r_00017248,family_000836,u_000836,2026-W29,ТСЧ,832.74,17.63,8
r_00017249,family_000836,u_000836,2026-W29,ТСЧ,523.07,0.00,11
r_00017250,family_000836,u_000836,2026-W30,ТСЧ,893.97,61.75,6
r_00017251,family_000836,u_000836,2026-W30,ТСЧ,587.68,22.95,7
r_00017252,family_000836,u_000836,2026-W30,ТСЧ,792.62,0.00,6
r_00017253,family_000836,u_000836,2026-W31,ТСЧ,730.69,9.03,10
r_00017254,family_000836,u_000836,2026-W31,ТСЧ,783.77,11.04,11
r_00017255,family_000836,u_000836,2026-W32,ТСЧ,881.80,38.79,7
r_00017256,family_000836,u_000836,2026-W32,ТСЧ,1141.26,102.60,11
r_00017257,family_000836,u_000836,2026-W32,ТСЧ,981.37,39.75,8
r_00017258,family_000836,u_000836,2026-W33,ТСЧ,841.30,0.00,8
r_00017259,family_000836,u_000836,2026-W33,ТСЧ,1011.15,69.38,9
r_00017260,family_000836,u_000836,2026-W34,ТСЧ,689.48,48.44,11
r_00017261,family_000836,u_000836,2026-W34,ТСЧ,799.99,38.19,10
r_00017262,family_000836,u_000836,2026-W35,ТСЧ,671.54,40.77,5
r_00017263,family_000836,u_000836,2026-W35,ТСЧ,973.23,37.29,7
r_00017264,family_000836,u_000836,2026-W36,ТСЧ,804.18,34.24,10
r_00017265,family_000836,u_000836,2026-W36,ТСЧ,939.66,50.37,8
r_00017277,family_000838,u_000838,2026-W25,ТС5,446.18,41.92,11
r_00017278,family_000838,u_000838,2026-W25,ТС5,546.17,52.74,9
r_00017279,family_000838,u_000838,2026-W26,ТС5,770.21,33.05,9
r_00017280,family_000838,u_000838,2026-W26,ТС5,616.38,6.91,9
r_00017281,family_000838,u_000838,2026-W27,ТС5,778.72,30.07,8
r_00017282,family_000838,u_000838,2026-W27,ТС5,437.61,20.66,5
r_00017283,family_000838,u_000838,2026-W28,ТС5,425.11,42.94,8
r_00017284,family_000838,u_000838,2026-W28,ТС5,579.23,22.91,10
r_00017285,family_000838,u_000838,2026-W29,ТС5,642.87,13.24,11
r_00017286,family_000838,u_000838,2026-W29,ТС5,786.96,36.29,11
r_00017287,family_000838,u_000838,2026-W30,ТС5,573.04,11.33,5
r_00017288,family_000838,u_000838,2026-W30,ТС5,646.56,41.37,11
r_00017289,family_000838,u_000838,2026-W31,ТС5,558.50,5.51,9
r_00017290,family_000838,u_000838,2026-W31,ТС5,649.51,46.12,9
r_00017291,family_000838,u_000838,2026-W32,ТС5,629.23,72.96,7
r_00017292,family_000838,u_000838,2026-W32,ТС5,475.96,54.21,10
r_00017293,family_000838,u_000838,2026-W33,ТС5,443.16,33.33,8
r_00017294,family_000838,u_000838,2026-W33,ТС5,589.82,0.00,5
r_00017295,family_000838,u_000838,2026-W33,ТС5,612.19,19.89,11
r_00017296,family_000838,u_000838,2026-W34,ТС5,715.27,36.86,11
r_00017297,family_000838,u_000838,2026-W34,ТС5,817.21,93.33,11
r_00017298,family_000838,u_000838,2026-W35,ТС5,710.00,8.23,5
r_00017299,family_000838,u_000838,2026-W35,ТС5,528.11,12.78,5
r_00017300,family_000838,u_000838,2026-W36,ТС5,764.24,19.24,10
r_00017301,family_000838,u_000838,2026-W36,ТС5,769.73,47.02,5
r_00017302,family_000838,u_000838,2026-W36,ТС5,556.59,37.94,8
r_00017322,family_000841,u_000841,2026-W25,ТС5,791.62,46.13,10
r_00017323,family_000841,u_000841,2026-W25,ТС5,746.84,49.75,10
r_00017324,family_000841,u_000841,2026-W25,ТС5,695.75,64.80,7
r_00017325,family_000841,u_000841,2026-W26,ТС5,665.55,112.34,8
r_00017326,family_000841,u_000841,2026-W27,ТС5,458.40,13.75,9
r_00017327,family_000841,u_000841,2026-W27,ТС5,446.33,19.67,10
r_00017328,family_000841,u_000841,2026-W28,ТС5,670.92,26.58,10
r_00017329,family_000841,u_000841,2026-W29,ТС5,750.12,18.92,6
r_00017330,family_000841,u_000841,2026-W29,ТС5,877.40,60.96,11
r_00017331,family_000841,u_000841,2026-W29,ТС5,478.70,70.79,7
r_00017332,family_000841,u_000841,2026-W30,ТС5,636.05,29.77,7
r_00017333,family_000841,u_000841,2026-W31,ТС5,638.28,22.30,10
r_00017334,family_000841,u_000841,2026-W31,ТС5,876.40,25.51,9
r_00017335,family_000841,u_000841,2026-W32,ТС5,768.90,48.42,11
r_00017336,family_000841,u_000841,2026-W33,ТС5,681.17,37.89,9
r_00017337,family_000841,u_000841,2026-W33,ТС5,839.26,52.67,5
r_00017338,family_000841,u_000841,2026-W34,ТС5,578.81,44.10,11
r_00017339,family_000841,u_000841,2026-W34,ТС5,717.63,29.58,9
r_00017340,family_000841,u_000841,2026-W34,ТС5,639.12,9.05,7
r_00017341,family_000841,u_000841,2026-W35,ТС5,472.18,31.00,8
r_00017342,family_000841,u_000841,2026-W35,ТС5,757.17,36.77,5
r_00017343,family_000841,u_000841,2026-W35,ТС5,836.40,47.35,7
r_00017344,family_000841,u_000841,2026-W36,ТС5,703.88,54.53,5
r_00017369,family_000843,u_000843,2026-W25,ТСХ,619.53,54.04,7
r_00017370,family_000843,u_000843,2026-W25,ТСХ,991.53,74.93,8
r_00017371,family_000843,u_000843,2026-W25,ТСХ,1038.21,75.68,6
r_00017372,family_000843,u_000843,2026-W26,ТСХ,1073.23,79.97,10
r_00017373,family_000843,u_000843,2026-W26,ТСХ,502.12,51.97,8
r_00017374,family_000843,u_000843,2026-W26,ТСХ,1017.64,91.84,10
r_00017375,family_000843,u_000843,2026-W27,ТСХ,856.80,79.14,8
r_00017376,family_000843,u_000843,2026-W27,ТСХ,763.12,116.67,8
r_00017377,family_000843,u_000843,2026-W28,ТСХ,1142.03,49.37,5
r_00017378,family_000843,u_000843,2026-W28,ТСХ,837.04,34.65,6
r_00017379,family_000843,u_000843,2026-W28,ТСХ,1108.66,130.83,11
r_00017380,family_000843,u_000843,2026-W29,ТСХ,771.23,121.88,11
r_00017381,family_000843,u_000843,2026-W29,ТСХ,930.05,69.20,6
r_00017382,family_000843,u_000843,2026-W29,ТСХ,836.27,106.29,9
r_00017383,family_000843,u_000843,2026-W30,ТСХ,839.99,151.16,10
r_00017384,family_000843,u_000843,2026-W30,ТСХ,973.57,50.97,5
r_00017385,family_000843,u_000843,2026-W31,ТСХ,937.28,121.91,10
r_00017386,family_000843,u_000843,2026-W31,ТСХ,626.47,63.78,7
r_00017387,family_000843,u_000843,2026-W31,ТСХ,861.55,154.47,10
r_00017388,family_000843,u_000843,2026-W32,ТСХ,731.33,148.67,11
r_00017389,family_000843,u_000843,2026-W32,ТСХ,1030.10,196.94,5
r_00017390,family_000843,u_000843,2026-W32,ТСХ,703.71,158.67,5
r_00017391,family_000843,u_000843,2026-W33,ТСХ,690.71,66.61,9
r_00017392,family_000843,u_000843,2026-W33,ТСХ,1387.56,97.53,10
r_00017393,family_000843,u_000843,2026-W34,ТСХ,808.92,159.47,5
r_00017394,family_000843,u_000843,2026-W34,ТСХ,892.05,145.49,10
r_00017395,family_000843,u_000843,2026-W34,ТСХ,889.06,125.73,9
r_00017396,family_000843,u_000843,2026-W35,ТСХ,1037.45,97.41,9
r_00017397,family_000843,u_000843,2026-W35,ТСХ,881.84,69.29,10
r_00017398,family_000843,u_000843,2026-W35,ТСХ,711.25,107.94,5
r_00017399,family_000843,u_000843,2026-W36,ТСХ,962.74,97.26,10
r_00017400,family_000843,u_000843,2026-W36,ТСХ,1445.18,75.66,8
r_00017453,family_000846,u_000846,2026-W25,ТС5,613.42,39.07,5
r_00017454,family_000846,u_000846,2026-W25,ТС5,761.11,9.25,5
r_00017455,family_000846,u_000846,2026-W25,ТС5,442.60,27.40,10
r_00017456,family_000846,u_000846,2026-W26,ТС5,576.62,19.81,6
r_00017457,family_000846,u_000846,2026-W26,ТС5,715.97,35.80,5
r_00017458,family_000846,u_000846,2026-W26,ТС5,738.12,30.25,9
r_00017459,family_000846,u_000846,2026-W27,ТС5,381.69,5.24,10
r_00017460,family_000846,u_000846,2026-W27,ТС5,564.02,55.49,8
r_00017461,family_000846,u_000846,2026-W27,ТС5,596.97,32.50,5
r_00017462,family_000846,u_000846,2026-W28,ТС5,813.16,69.53,5
r_00017463,family_000846,u_000846,2026-W28,ТС5,656.27,53.85,8
r_00017464,family_000846,u_000846,2026-W28,ТС5,747.83,22.36,10
r_00017465,family_000846,u_000846,2026-W29,ТС5,690.74,8.82,7
r_00017466,family_000846,u_000846,2026-W29,ТС5,635.95,49.00,8
r_00017467,family_000846,u_000846,2026-W29,ТС5,632.32,58.73,8
r_00017468,family_000846,u_000846,2026-W30,ТС5,527.87,32.59,10
r_00017469,family_000846,u_000846,2026-W30,ТС5,556.79,39.99,9
r_00017470,family_000846,u_000846,2026-W30,ТС5,381.55,3.89,7
r_00017471,family_000846,u_000846,2026-W31,ТС5,777.24,22.94,8
r_00017472,family_000846,u_000846,2026-W31,ТС5,394.41,47.54,7
r_00017473,family_000846,u_000846,2026-W31,ТС5,693.41,27.96,8
r_00017474,family_000846,u_000846,2026-W32,ТС5,530.65,25.00,7
r_00017475,family_000846,u_000846,2026-W32,ТС5,582.04,44.31,7
r_00017476,family_000846,u_000846,2026-W32,ТС5,901.44,52.65,9
r_00017477,family_000846,u_000846,2026-W33,ТС5,960.67,0.00,7
r_00017478,family_000846,u_000846,2026-W33,ТС5,496.04,20.14,10
r_00017479,family_000846,u_000846,2026-W33,ТС5,666.59,17.91,8
r_00017480,family_000846,u_000846,2026-W34,ТС5,734.94,66.69,6
r_00017481,family_000846,u_000846,2026-W34,ТС5,962.00,0.00,5
r_00017482,family_000846,u_000846,2026-W34,ТС5,702.63,36.55,9
r_00017483,family_000846,u_000846,2026-W35,ТС5,661.84,58.40,8
r_00017484,family_000846,u_000846,2026-W35,ТС5,415.03,36.56,8
r_00017485,family_000846,u_000846,2026-W35,ТС5,815.96,32.52,8
r_00017486,family_000846,u_000846,2026-W36,ТС5,537.34,32.56,11
r_00017487,family_000846,u_000846,2026-W36,ТС5,519.49,25.90,7
r_00017488,family_000846,u_000846,2026-W36,ТС5,648.73,31.64,10
r_00017499,family_000848,u_000848,2026-W25,ТС5,505.18,58.08,8
r_00017500,family_000848,u_000848,2026-W26,ТС5,741.83,11.12,8
r_00017501,family_000848,u_000848,2026-W26,ТС5,520.21,9.48,11
r_00017502,family_000848,u_000848,2026-W27,ТС5,640.54,47.57,9
r_00017503,family_000848,u_000848,2026-W27,ТС5,833.76,50.86,6
r_00017504,family_000848,u_000848,2026-W28,ТС5,479.00,22.60,7
r_00017505,family_000848,u_000848,2026-W28,ТС5,673.08,17.04,10
r_00017506,family_000848,u_000848,2026-W30,ТС5,761.95,34.08,8
r_00017507,family_000848,u_000848,2026-W30,ТС5,611.42,18.64,9
r_00017508,family_000848,u_000848,2026-W31,ТС5,807.88,28.97,5
r_00017509,family_000848,u_000848,2026-W31,ТС5,511.31,44.20,5
r_00017510,family_000848,u_000848,2026-W32,ТС5,761.85,74.74,8
r_00017511,family_000848,u_000848,2026-W32,ТС5,488.84,21.57,5
r_00017512,family_000848,u_000848,2026-W32,ТС5,670.46,48.99,10
r_00017513,family_000848,u_000848,2026-W33,ТС5,754.68,59.40,5
r_00017514,family_000848,u_000848,2026-W34,ТС5,563.26,33.82,6
r_00017515,family_000848,u_000848,2026-W36,ТС5,740.28,0.00,7
r_00017516,family_000849,u_000849,2026-W25,ТС5,526.70,51.35,11
r_00017517,family_000849,u_000849,2026-W25,ТС5,724.02,86.03,5
r_00017518,family_000849,u_000849,2026-W25,ТС5,593.44,32.09,7
r_00017519,family_000849,u_000849,2026-W26,ТС5,951.63,82.10,11
r_00017520,family_000849,u_000849,2026-W26,ТС5,656.89,0.00,9
r_00017521,family_000849,u_000849,2026-W27,ТС5,521.37,6.70,6
r_00017522,family_000849,u_000849,2026-W27,ТС5,520.69,25.33,7
r_00017523,family_000849,u_000849,2026-W28,ТС5,610.87,18.60,11
r_00017524,family_000849,u_000849,2026-W28,ТС5,684.97,13.81,8
r_00017525,family_000849,u_000849,2026-W28,ТС5,668.82,51.93,10
r_00017526,family_000849,u_000849,2026-W28,ТС5,600.84,79.92,9
r_00017527,family_000849,u_000849,2026-W29,ТС5,649.60,21.32,7
r_00017528,family_000849,u_000849,2026-W29,ТС5,547.96,25.40,6
r_00017529,family_000849,u_000849,2026-W29,ТС5,559.82,15.13,11
r_00017530,family_000849,u_000849,2026-W30,ТС5,694.99,14.41,8
r_00017531,family_000849,u_000849,2026-W30,ТС5,538.52,50.95,10
r_00017532,family_000849,u_000849,2026-W31,ТС5,583.94,35.74,9
r_00017533,family_000849,u_000849,2026-W31,ТС5,760.38,90.02,8
r_00017534,family_000849,u_000849,2026-W32,ТС5,532.69,15.42,9
r_00017535,family_000849,u_000849,2026-W32,ТС5,714.43,45.91,5
r_00017536,family_000849,u_000849,2026-W33,ТС5,471.12,64.38,8
r_00017537,family_000849,u_000849,2026-W33,ТС5,649.70,15.15,11
r_00017538,family_000849,u_000849,2026-W34,ТС5,685.82,46.33,5
r_00017539,family_000849,u_000849,2026-W34,ТС5,676.76,15.91,5
r_00017540,family_000849,u_000849,2026-W35,ТС5,861.32,31.40,10
r_00017541,family_000849,u_000849,2026-W35,ТС5,700.66,36.24,8
r_00017542,family_000849,u_000849,2026-W36,ТС5,628.26,33.47,6
r_00017543,family_000849,u_000849,2026-W36,ТС5,645.65,69.31,10
r_00017616,family_000853,u_000853,2026-W25,ТС5,580.12,132.94,5
r_00017617,family_000853,u_000853,2026-W25,ТС5,708.46,71.78,8
r_00017618,family_000853,u_000853,2026-W26,ТС5,609.49,79.07,9
r_00017619,family_000853,u_000853,2026-W26,ТС5,793.08,127.30,8
r_00017620,family_000853,u_000853,2026-W27,ТС5,698.45,160.60,5
r_00017621,family_000853,u_000853,2026-W27,ТС5,586.08,63.24,11
r_00017622,family_000853,u_000853,2026-W27,ТС5,603.54,33.26,7
r_00017623,family_000853,u_000853,2026-W28,ТС5,528.40,64.27,5
r_00017624,family_000853,u_000853,2026-W28,ТС5,661.16,99.78,8
r_00017625,family_000853,u_000853,2026-W29,ТС5,432.59,49.27,7
r_00017626,family_000853,u_000853,2026-W30,ТС5,521.42,52.94,5
r_00017627,family_000853,u_000853,2026-W30,ТС5,474.68,43.85,10
r_00017628,family_000853,u_000853,2026-W31,ТС5,677.26,91.52,10
r_00017629,family_000853,u_000853,2026-W31,ТС5,551.67,105.17,9
r_00017630,family_000853,u_000853,2026-W32,ТС5,696.52,67.59,5
r_00017631,family_000853,u_000853,2026-W32,ТС5,757.36,107.33,9
r_00017632,family_000853,u_000853,2026-W33,ТС5,547.82,10.82,6
r_00017633,family_000853,u_000853,2026-W34,ТС5,559.11,98.03,7
r_00017634,family_000853,u_000853,2026-W34,ТС5,594.61,0.00,7
r_00017635,family_000853,u_000853,2026-W35,ТС5,527.13,100.46,9
r_00017636,family_000853,u_000853,2026-W35,ТС5,532.29,52.28,11
r_00017637,family_000853,u_000853,2026-W36,ТС5,695.95,34.06,5
r_00017638,family_000853,u_000853,2026-W36,ТС5,678.52,36.26,7
r_00017664,family_000856,u_000856,2026-W25,ТСЧ,940.93,103.87,5
r_00017665,family_000856,u_000856,2026-W25,ТСЧ,913.39,75.82,6
r_00017666,family_000856,u_000856,2026-W26,ТСЧ,784.88,42.24,11
r_00017667,family_000856,u_000856,2026-W26,ТСЧ,781.22,51.56,11
r_00017668,family_000856,u_000856,2026-W27,ТСЧ,936.43,66.35,7
r_00017669,family_000856,u_000856,2026-W27,ТСЧ,804.96,28.68,7
r_00017670,family_000856,u_000856,2026-W28,ТСЧ,782.03,66.16,9
r_00017671,family_000856,u_000856,2026-W28,ТСЧ,626.45,56.94,6
r_00017672,family_000856,u_000856,2026-W29,ТСЧ,740.44,33.95,7
r_00017673,family_000856,u_000856,2026-W29,ТСЧ,796.38,58.82,8
r_00017674,family_000856,u_000856,2026-W30,ТСЧ,985.55,20.26,10
r_00017675,family_000856,u_000856,2026-W30,ТСЧ,633.24,41.17,8
r_00017676,family_000856,u_000856,2026-W31,ТСЧ,919.04,75.35,10
r_00017677,family_000856,u_000856,2026-W31,ТСЧ,582.64,77.65,11
r_00017678,family_000856,u_000856,2026-W32,ТСЧ,775.51,47.05,11
r_00017679,family_000856,u_000856,2026-W32,ТСЧ,540.38,59.41,8
r_00017680,family_000856,u_000856,2026-W32,ТСЧ,907.59,71.85,11
r_00017681,family_000856,u_000856,2026-W33,ТСЧ,701.03,10.79,5
r_00017682,family_000856,u_000856,2026-W33,ТСЧ,1012.08,26.68,5
r_00017683,family_000856,u_000856,2026-W34,ТСЧ,938.08,78.18,5
r_00017684,family_000856,u_000856,2026-W34,ТСЧ,810.02,18.57,5
r_00017685,family_000856,u_000856,2026-W34,ТСЧ,862.69,14.46,8
r_00017686,family_000856,u_000856,2026-W35,ТСЧ,933.10,118.29,6
r_00017687,family_000856,u_000856,2026-W36,ТСЧ,1019.93,48.64,9
r_00017748,family_000862,u_000862,2026-W25,ТС5,709.23,65.94,8
r_00017749,family_000862,u_000862,2026-W25,ТС5,631.34,112.94,5
r_00017750,family_000862,u_000862,2026-W25,ТС5,740.89,89.03,8
r_00017751,family_000862,u_000862,2026-W26,ТС5,499.78,83.18,8
r_00017752,family_000862,u_000862,2026-W26,ТС5,609.15,65.68,7
r_00017753,family_000862,u_000862,2026-W26,ТС5,614.46,69.86,8
r_00017754,family_000862,u_000862,2026-W27,ТС5,485.08,32.62,11
r_00017755,family_000862,u_000862,2026-W27,ТС5,545.82,90.36,10
r_00017756,family_000862,u_000862,2026-W27,ТС5,576.25,96.70,6
r_00017757,family_000862,u_000862,2026-W28,ТС5,688.18,61.12,5
r_00017758,family_000862,u_000862,2026-W28,ТС5,673.28,77.61,8
r_00017759,family_000862,u_000862,2026-W28,ТС5,542.65,113.45,8
r_00017760,family_000862,u_000862,2026-W28,ТС5,635.24,37.07,11
r_00017761,family_000862,u_000862,2026-W29,ТС5,714.68,77.16,11
r_00017762,family_000862,u_000862,2026-W29,ТС5,540.43,59.51,9
r_00017763,family_000862,u_000862,2026-W29,ТС5,660.46,16.22,5
r_00017764,family_000862,u_000862,2026-W30,ТС5,778.06,90.73,9
r_00017765,family_000862,u_000862,2026-W30,ТС5,665.78,142.23,6
r_00017766,family_000862,u_000862,2026-W30,ТС5,437.05,63.03,11
r_00017767,family_000862,u_000862,2026-W31,ТС5,607.80,60.59,7
r_00017768,family_000862,u_000862,2026-W31,ТС5,604.05,80.21,9
r_00017769,family_000862,u_000862,2026-W32,ТС5,864.83,67.52,11
r_00017770,family_000862,u_000862,2026-W32,ТС5,547.35,82.62,9
r_00017771,family_000862,u_000862,2026-W32,ТС5,619.40,87.13,9
r_00017772,family_000862,u_000862,2026-W33,ТС5,585.88,120.45,7
r_00017773,family_000862,u_000862,2026-W33,ТС5,747.89,85.28,8
r_00017774,family_000862,u_000862,2026-W33,ТС5,559.41,29.75,5
r_00017775,family_000862,u_000862,2026-W34,ТС5,616.74,54.57,8
r_00017776,family_000862,u_000862,2026-W34,ТС5,589.85,82.42,9
r_00017777,family_000862,u_000862,2026-W35,ТС5,601.31,54.91,9
r_00017778,family_000862,u_000862,2026-W35,ТС5,592.87,29.44,10
r_00017779,family_000862,u_000862,2026-W36,ТС5,608.08,88.86,11
r_00017780,family_000862,u_000862,2026-W36,ТС5,486.94,48.79,8
r_00017781,family_000862,u_000862,2026-W36,ТС5,475.93,42.23,10
r_00017829,family_000867,u_000867,2026-W25,ТС5,673.04,29.47,10
r_00017830,family_000867,u_000867,2026-W25,ТС5,613.17,32.54,8
r_00017831,family_000867,u_000867,2026-W25,ТС5,596.97,92.03,10
r_00017832,family_000867,u_000867,2026-W26,ТС5,493.12,15.53,9
r_00017833,family_000867,u_000867,2026-W26,ТС5,495.83,51.75,7
r_00017834,family_000867,u_000867,2026-W26,ТС5,370.61,66.46,8
r_00017835,family_000867,u_000867,2026-W27,ТС5,677.25,60.14,6
r_00017836,family_000867,u_000867,2026-W27,ТС5,810.88,32.78,11
r_00017837,family_000867,u_000867,2026-W27,ТС5,580.54,23.74,8
r_00017838,family_000867,u_000867,2026-W28,ТС5,540.06,45.72,8
r_00017839,family_000867,u_000867,2026-W28,ТС5,711.99,9.02,9
r_00017840,family_000867,u_000867,2026-W28,ТС5,631.82,53.41,10
r_00017841,family_000867,u_000867,2026-W29,ТС5,655.79,34.74,11
r_00017842,family_000867,u_000867,2026-W29,ТС5,524.28,29.44,10
r_00017843,family_000867,u_000867,2026-W30,ТС5,420.51,0.00,5
r_00017844,family_000867,u_000867,2026-W30,ТС5,564.21,58.56,9
r_00017845,family_000867,u_000867,2026-W30,ТС5,711.94,54.64,9
r_00017846,family_000867,u_000867,2026-W31,ТС5,413.48,18.86,7
r_00017847,family_000867,u_000867,2026-W31,ТС5,673.12,26.53,6
r_00017848,family_000867,u_000867,2026-W32,ТС5,609.80,52.99,11
r_00017849,family_000867,u_000867,2026-W32,ТС5,757.07,10.40,6
r_00017850,family_000867,u_000867,2026-W32,ТС5,740.22,84.32,7
r_00017851,family_000867,u_000867,2026-W33,ТС5,526.50,91.37,6
r_00017852,family_000867,u_000867,2026-W33,ТС5,689.55,27.41,11
r_00017853,family_000867,u_000867,2026-W33,ТС5,661.84,55.52,8
r_00017854,family_000867,u_000867,2026-W33,ТС5,718.69,41.01,8
r_00017855,family_000867,u_000867,2026-W34,ТС5,570.16,85.26,9
r_00017856,family_000867,u_000867,2026-W34,ТС5,639.80,6.19,10
r_00017857,family_000867,u_000867,2026-W34,ТС5,404.36,11.00,6
r_00017858,family_000867,u_000867,2026-W35,ТС5,602.49,5.27,6
r_00017859,family_000867,u_000867,2026-W35,ТС5,549.29,24.28,9
r_00017860,family_000867,u_000867,2026-W35,ТС5,579.69,38.55,8
r_00017861,family_000867,u_000867,2026-W36,ТС5,629.43,22.81,7
r_00017862,family_000867,u_000867,2026-W36,ТС5,624.57,32.65,7
r_00017863,family_000867,u_000867,2026-W36,ТС5,582.01,51.84,9
r_00017877,family_000869,u_000869,2026-W25,ТС5,566.74,23.97,8
r_00017878,family_000869,u_000869,2026-W25,ТС5,458.28,83.28,10
r_00017879,family_000869,u_000869,2026-W26,ТС5,647.19,26.14,10
r_00017880,family_000869,u_000869,2026-W27,ТС5,618.00,21.81,6
r_00017881,family_000869,u_000869,2026-W27,ТС5,673.05,78.98,11
r_00017882,family_000869,u_000869,2026-W28,ТС5,648.65,144.13,8
r_00017883,family_000869,u_000869,2026-W28,ТС5,702.37,171.89,8
r_00017884,family_000869,u_000869,2026-W29,ТС5,588.48,89.32,9
r_00017885,family_000869,u_000869,2026-W29,ТС5,581.56,87.87,10
r_00017886,family_000869,u_000869,2026-W29,ТС5,582.27,85.92,11
r_00017887,family_000869,u_000869,2026-W29,ТС5,546.12,36.04,10
r_00017888,family_000869,u_000869,2026-W30,ТС5,604.88,34.47,8
r_00017889,family_000869,u_000869,2026-W30,ТС5,568.66,62.94,9
r_00017890,family_000869,u_000869,2026-W30,ТС5,431.62,66.62,5
r_00017891,family_000869,u_000869,2026-W31,ТС5,679.53,37.62,5
r_00017892,family_000869,u_000869,2026-W31,ТС5,785.68,92.98,10
r_00017893,family_000869,u_000869,2026-W32,ТС5,718.27,94.77,5
r_00017894,family_000869,u_000869,2026-W32,ТС5,359.59,12.56,11
r_00017895,family_000869,u_000869,2026-W33,ТС5,756.56,98.37,10
r_00017896,family_000869,u_000869,2026-W33,ТС5,450.14,70.12,11
r_00017897,family_000869,u_000869,2026-W33,ТС5,583.32,55.70,5
r_00017898,family_000869,u_000869,2026-W34,ТС5,700.59,129.10,10
r_00017899,family_000869,u_000869,2026-W34,ТС5,578.85,107.58,6
r_00017900,family_000869,u_000869,2026-W35,ТС5,645.40,181.33,5
r_00017901,family_000869,u_000869,2026-W35,ТС5,549.51,121.68,10
r_00017902,family_000869,u_000869,2026-W36,ТС5,472.22,43.79,7
r_00017903,family_000869,u_000869,2026-W36,ТС5,534.57,77.67,5
r_00017904,family_000869,u_000869,2026-W36,ТС5,637.13,70.49,7
r_00017984,family_000874,u_000874,2026-W25,ТС5,627.07,15.93,9
r_00017985,family_000874,u_000874,2026-W25,ТС5,563.77,28.91,11
r_00017986,family_000874,u_000874,2026-W25,ТС5,694.20,29.02,6
r_00017987,family_000874,u_000874,2026-W26,ТС5,511.29,14.34,10
r_00017988,family_000874,u_000874,2026-W26,ТС5,583.18,84.51,7
r_00017989,family_000874,u_000874,2026-W26,ТС5,704.79,29.95,11
r_00017990,family_000874,u_000874,2026-W26,ТС5,623.39,15.05,7
r_00017991,family_000874,u_000874,2026-W27,ТС5,639.81,36.47,7
r_00017992,family_000874,u_000874,2026-W27,ТС5,699.90,29.87,8
r_00017993,family_000874,u_000874,2026-W27,ТС5,449.09,12.19,10
r_00017994,family_000874,u_000874,2026-W28,ТС5,633.41,0.00,6
r_00017995,family_000874,u_000874,2026-W28,ТС5,694.84,14.84,6
r_00017996,family_000874,u_000874,2026-W28,ТС5,544.34,30.55,6
r_00017997,family_000874,u_000874,2026-W29,ТС5,630.53,32.74,9
r_00017998,family_000874,u_000874,2026-W29,ТС5,696.25,155.55,9
r_00017999,family_000874,u_000874,2026-W29,ТС5,621.82,17.96,11
r_00018000,family_000874,u_000874,2026-W30,ТС5,408.54,20.07,8
r_00018001,family_000874,u_000874,2026-W30,ТС5,973.45,0.00,5
r_00018002,family_000874,u_000874,2026-W30,ТС5,599.04,15.11,5
r_00018003,family_000874,u_000874,2026-W31,ТС5,428.56,24.14,8
r_00018004,family_000874,u_000874,2026-W31,ТС5,655.06,8.42,9
r_00018005,family_000874,u_000874,2026-W31,ТС5,790.62,0.00,6
r_00018006,family_000874,u_000874,2026-W32,ТС5,481.29,11.18,10
r_00018007,family_000874,u_000874,2026-W32,ТС5,638.71,69.89,9
r_00018008,family_000874,u_000874,2026-W32,ТС5,709.90,21.67,8
r_00018009,family_000874,u_000874,2026-W33,ТС5,755.42,35.67,6
r_00018010,family_000874,u_000874,2026-W33,ТС5,801.32,30.26,6
r_00018011,family_000874,u_000874,2026-W33,ТС5,640.34,36.13,5
r_00018012,family_000874,u_000874,2026-W34,ТС5,601.73,46.61,6
r_00018013,family_000874,u_000874,2026-W34,ТС5,505.60,48.91,11
r_00018014,family_000874,u_000874,2026-W34,ТС5,603.87,55.78,10
r_00018015,family_000874,u_000874,2026-W35,ТС5,761.88,72.71,11
r_00018016,family_000874,u_000874,2026-W35,ТС5,688.88,11.58,11
r_00018017,family_000874,u_000874,2026-W35,ТС5,650.39,0.00,5
r_00018018,family_000874,u_000874,2026-W36,ТС5,680.59,23.90,5
r_00018019,family_000874,u_000874,2026-W36,ТС5,587.14,0.00,6
r_00018020,family_000874,u_000874,2026-W36,ТС5,565.40,46.39,10
r_00018021,family_000875,u_000875,2026-W25,ТС5,553.80,60.84,6
r_00018022,family_000875,u_000875,2026-W25,ТС5,537.60,88.27,10
r_00018023,family_000875,u_000875,2026-W26,ТС5,950.40,115.42,8
r_00018024,family_000875,u_000875,2026-W26,ТС5,693.74,152.11,7
r_00018025,family_000875,u_000875,2026-W27,ТС5,311.73,47.34,9
r_00018026,family_000875,u_000875,2026-W27,ТС5,562.69,21.29,6
r_00018027,family_000875,u_000875,2026-W28,ТС5,717.24,126.97,8
r_00018028,family_000875,u_000875,2026-W29,ТС5,503.41,66.27,7
r_00018029,family_000875,u_000875,2026-W29,ТС5,792.59,76.43,5
r_00018030,family_000875,u_000875,2026-W30,ТС5,442.45,78.20,9
r_00018031,family_000875,u_000875,2026-W30,ТС5,802.20,44.94,6
r_00018032,family_000875,u_000875,2026-W31,ТС5,528.90,42.15,8
r_00018033,family_000875,u_000875,2026-W31,ТС5,593.41,103.62,9
r_00018034,family_000875,u_000875,2026-W31,ТС5,580.47,76.73,10
r_00018035,family_000875,u_000875,2026-W32,ТС5,612.68,95.89,5
r_00018036,family_000875,u_000875,2026-W32,ТС5,592.61,78.39,9
r_00018037,family_000875,u_000875,2026-W32,ТС5,708.16,61.02,8
r_00018038,family_000875,u_000875,2026-W33,ТС5,665.50,146.21,6
r_00018039,family_000875,u_000875,2026-W33,ТС5,665.17,150.33,8
r_00018040,family_000875,u_000875,2026-W34,ТС5,300.67,12.57,9
r_00018041,family_000875,u_000875,2026-W34,ТС5,423.06,66.94,9
r_00018042,family_000875,u_000875,2026-W35,ТС5,658.24,89.34,5
r_00018043,family_000875,u_000875,2026-W35,ТС5,679.55,59.52,10
r_00018044,family_000875,u_000875,2026-W36,ТС5,489.74,94.40,10
r_00018045,family_000875,u_000875,2026-W36,ТС5,676.31,127.11,11
r_00018062,family_000877,u_000877,2026-W25,ТСЧ,779.80,28.73,7
r_00018063,family_000877,u_000877,2026-W25,ТСЧ,559.44,67.54,5
r_00018064,family_000877,u_000877,2026-W26,ТСЧ,952.68,106.15,5
r_00018065,family_000877,u_000877,2026-W26,ТСЧ,930.57,31.95,10
r_00018066,family_000877,u_000877,2026-W27,ТСЧ,713.02,69.81,9
r_00018067,family_000877,u_000877,2026-W27,ТСЧ,914.05,69.52,9
r_00018068,family_000877,u_000877,2026-W27,ТСЧ,550.11,101.79,9
r_00018069,family_000877,u_000877,2026-W28,ТСЧ,1095.34,24.92,11
r_00018070,family_000877,u_000877,2026-W28,ТСЧ,1004.85,67.40,7
r_00018071,family_000877,u_000877,2026-W29,ТСЧ,726.07,32.91,7
r_00018072,family_000877,u_000877,2026-W29,ТСЧ,1059.86,92.48,8
r_00018073,family_000877,u_000877,2026-W29,ТСЧ,668.35,16.40,7
r_00018074,family_000877,u_000877,2026-W30,ТСЧ,934.09,57.14,8
r_00018075,family_000877,u_000877,2026-W30,ТСЧ,622.33,21.84,9
r_00018076,family_000877,u_000877,2026-W31,ТСЧ,674.73,47.49,11
r_00018077,family_000877,u_000877,2026-W31,ТСЧ,770.52,54.77,11
r_00018078,family_000877,u_000877,2026-W32,ТСЧ,767.04,52.69,8
r_00018079,family_000877,u_000877,2026-W32,ТСЧ,1053.93,89.90,11
r_00018080,family_000877,u_000877,2026-W33,ТСЧ,542.61,23.41,8
r_00018081,family_000877,u_000877,2026-W33,ТСЧ,649.67,51.55,10
r_00018082,family_000877,u_000877,2026-W33,ТСЧ,664.59,35.36,8
r_00018083,family_000877,u_000877,2026-W34,ТСЧ,666.17,66.52,8
r_00018084,family_000877,u_000877,2026-W34,ТСЧ,859.60,43.56,9
r_00018085,family_000877,u_000877,2026-W35,ТСЧ,642.41,8.01,10
r_00018086,family_000877,u_000877,2026-W35,ТСЧ,900.53,54.67,9
r_00018087,family_000877,u_000877,2026-W36,ТСЧ,810.39,23.61,10
r_00018088,family_000877,u_000877,2026-W36,ТСЧ,1137.14,28.76,9
r_00018089,family_000878,u_000878,2026-W25,ТСХ,895.84,52.87,9
r_00018090,family_000878,u_000878,2026-W25,ТСХ,1077.69,44.55,7
r_00018091,family_000878,u_000878,2026-W26,ТСХ,778.72,65.51,11
r_00018092,family_000878,u_000878,2026-W26,ТСХ,1010.89,29.60,8
r_00018093,family_000878,u_000878,2026-W27,ТСХ,1103.40,91.04,9
r_00018094,family_000878,u_000878,2026-W27,ТСХ,940.88,81.57,9
r_00018095,family_000878,u_000878,2026-W28,ТСХ,952.13,57.75,6
r_00018096,family_000878,u_000878,2026-W28,ТСХ,1093.83,0.00,5
r_00018097,family_000878,u_000878,2026-W29,ТСХ,835.54,181.57,5
r_00018098,family_000878,u_000878,2026-W29,ТСХ,807.64,73.56,5
r_00018099,family_000878,u_000878,2026-W29,ТСХ,1011.56,50.73,10
r_00018100,family_000878,u_000878,2026-W30,ТСХ,1458.61,45.73,7
r_00018101,family_000878,u_000878,2026-W30,ТСХ,857.41,71.32,9
r_00018102,family_000878,u_000878,2026-W30,ТСХ,1048.82,52.65,10
r_00018103,family_000878,u_000878,2026-W31,ТСХ,824.42,0.00,9
r_00018104,family_000878,u_000878,2026-W31,ТСХ,1019.19,88.85,8
r_00018105,family_000878,u_000878,2026-W32,ТСХ,898.46,83.46,6
r_00018106,family_000878,u_000878,2026-W32,ТСХ,888.24,87.49,11
r_00018107,family_000878,u_000878,2026-W33,ТСХ,1226.35,67.74,9
r_00018108,family_000878,u_000878,2026-W33,ТСХ,990.47,54.05,11
r_00018109,family_000878,u_000878,2026-W33,ТСХ,1281.67,0.00,8
r_00018110,family_000878,u_000878,2026-W34,ТСХ,1087.02,138.78,8
r_00018111,family_000878,u_000878,2026-W34,ТСХ,1006.83,62.79,8
r_00018112,family_000878,u_000878,2026-W35,ТСХ,733.64,47.47,9
r_00018113,family_000878,u_000878,2026-W35,ТСХ,857.13,124.39,5
r_00018114,family_000878,u_000878,2026-W36,ТСХ,1029.61,130.37,5
r_00018115,family_000878,u_000878,2026-W36,ТСХ,1007.14,45.82,11
r_00018208,family_000883,u_000883,2026-W25,ТС5,588.97,34.33,8
r_00018209,family_000883,u_000883,2026-W25,ТС5,682.92,29.17,9
r_00018210,family_000883,u_000883,2026-W26,ТС5,574.93,38.72,9
r_00018211,family_000883,u_000883,2026-W26,ТС5,686.51,13.90,5
r_00018212,family_000883,u_000883,2026-W26,ТС5,765.76,68.16,9
r_00018213,family_000883,u_000883,2026-W27,ТС5,611.67,13.31,5
r_00018214,family_000883,u_000883,2026-W27,ТС5,463.94,13.64,9
r_00018215,family_000883,u_000883,2026-W27,ТС5,581.35,37.58,6
r_00018216,family_000883,u_000883,2026-W27,ТС5,652.29,71.31,5
r_00018217,family_000883,u_000883,2026-W28,ТС5,579.86,26.65,9
r_00018218,family_000883,u_000883,2026-W28,ТС5,385.77,7.39,9
r_00018219,family_000883,u_000883,2026-W28,ТС5,389.43,37.66,6
r_00018220,family_000883,u_000883,2026-W29,ТС5,707.14,34.15,11
r_00018221,family_000883,u_000883,2026-W29,ТС5,902.46,21.01,9
r_00018222,family_000883,u_000883,2026-W29,ТС5,667.21,62.66,9
r_00018223,family_000883,u_000883,2026-W30,ТС5,581.33,32.27,7
r_00018224,family_000883,u_000883,2026-W30,ТС5,557.15,49.98,7
r_00018225,family_000883,u_000883,2026-W30,ТС5,653.42,43.67,9
r_00018226,family_000883,u_000883,2026-W31,ТС5,531.00,30.32,9
r_00018227,family_000883,u_000883,2026-W31,ТС5,551.88,0.00,11
r_00018228,family_000883,u_000883,2026-W31,ТС5,830.98,49.49,11
r_00018229,family_000883,u_000883,2026-W32,ТС5,532.09,19.75,5
r_00018230,family_000883,u_000883,2026-W32,ТС5,755.95,81.97,9
r_00018231,family_000883,u_000883,2026-W32,ТС5,605.32,6.18,9
r_00018232,family_000883,u_000883,2026-W33,ТС5,644.12,53.24,8
r_00018233,family_000883,u_000883,2026-W33,ТС5,526.17,24.96,11
r_00018234,family_000883,u_000883,2026-W34,ТС5,699.41,46.60,7
r_00018235,family_000883,u_000883,2026-W34,ТС5,484.10,7.05,8
r_00018236,family_000883,u_000883,2026-W34,ТС5,664.92,0.00,7
r_00018237,family_000883,u_000883,2026-W34,ТС5,697.49,21.74,10
r_00018238,family_000883,u_000883,2026-W35,ТС5,580.70,43.05,5
r_00018239,family_000883,u_000883,2026-W35,ТС5,510.76,76.67,7
r_00018240,family_000883,u_000883,2026-W36,ТС5,570.98,0.00,5
r_00018241,family_000883,u_000883,2026-W36,ТС5,595.65,0.00,5
r_00018242,family_000883,u_000883,2026-W36,ТС5,708.00,53.06,10
r_00018260,family_000885,u_000885,2026-W25,ТС5,484.98,14.41,9
r_00018261,family_000885,u_000885,2026-W25,ТС5,680.92,22.56,11
r_00018262,family_000885,u_000885,2026-W25,ТС5,443.90,7.28,11
r_00018263,family_000885,u_000885,2026-W26,ТС5,694.51,78.81,9
r_00018264,family_000885,u_000885,2026-W26,ТС5,652.97,14.85,6
r_00018265,family_000885,u_000885,2026-W27,ТС5,436.52,38.68,10
r_00018266,family_000885,u_000885,2026-W27,ТС5,704.86,32.44,7
r_00018267,family_000885,u_000885,2026-W27,ТС5,747.90,49.98,10
r_00018268,family_000885,u_000885,2026-W28,ТС5,829.65,53.77,6
r_00018269,family_000885,u_000885,2026-W28,ТС5,600.45,15.07,5
r_00018270,family_000885,u_000885,2026-W28,ТС5,723.92,28.42,10
r_00018271,family_000885,u_000885,2026-W29,ТС5,582.38,65.49,6
r_00018272,family_000885,u_000885,2026-W29,ТС5,798.29,86.89,6
r_00018273,family_000885,u_000885,2026-W29,ТС5,694.27,17.28,5
r_00018274,family_000885,u_000885,2026-W30,ТС5,577.55,86.03,5
r_00018275,family_000885,u_000885,2026-W30,ТС5,598.86,35.00,11
r_00018276,family_000885,u_000885,2026-W30,ТС5,542.59,14.52,9
r_00018277,family_000885,u_000885,2026-W31,ТС5,791.54,33.77,5
r_00018278,family_000885,u_000885,2026-W31,ТС5,649.01,21.06,7
r_00018279,family_000885,u_000885,2026-W31,ТС5,575.50,58.63,7
r_00018280,family_000885,u_000885,2026-W32,ТС5,912.10,0.00,7
r_00018281,family_000885,u_000885,2026-W32,ТС5,853.60,30.28,6
r_00018282,family_000885,u_000885,2026-W32,ТС5,634.27,18.98,9
r_00018283,family_000885,u_000885,2026-W33,ТС5,606.21,38.90,9
r_00018284,family_000885,u_000885,2026-W33,ТС5,635.94,0.00,5
r_00018285,family_000885,u_000885,2026-W33,ТС5,621.27,24.09,5
r_00018286,family_000885,u_000885,2026-W34,ТС5,461.92,6.08,11
r_00018287,family_000885,u_000885,2026-W34,ТС5,405.20,44.02,7
r_00018288,family_000885,u_000885,2026-W34,ТС5,561.89,13.55,11
r_00018289,family_000885,u_000885,2026-W35,ТС5,464.25,17.81,10
r_00018290,family_000885,u_000885,2026-W35,ТС5,824.92,38.37,9
r_00018291,family_000885,u_000885,2026-W35,ТС5,810.17,34.90,5
r_00018292,family_000885,u_000885,2026-W36,ТС5,549.94,19.64,11
r_00018293,family_000885,u_000885,2026-W36,ТС5,558.90,44.69,9
r_00018294,family_000885,u_000885,2026-W36,ТС5,555.57,11.68,11
r_00018295,family_000886,u_000886,2026-W25,ТС5,697.41,39.33,9
r_00018296,family_000886,u_000886,2026-W25,ТС5,687.58,11.20,7
r_00018297,family_000886,u_000886,2026-W25,ТС5,671.18,23.55,8
r_00018298,family_000886,u_000886,2026-W26,ТС5,816.71,52.84,11
r_00018299,family_000886,u_000886,2026-W26,ТС5,496.79,18.87,8
r_00018300,family_000886,u_000886,2026-W26,ТС5,683.88,23.51,8
r_00018301,family_000886,u_000886,2026-W27,ТС5,502.52,58.42,6
r_00018302,family_000886,u_000886,2026-W27,ТС5,629.05,35.48,9
r_00018303,family_000886,u_000886,2026-W28,ТС5,598.54,13.29,7
r_00018304,family_000886,u_000886,2026-W28,ТС5,441.35,34.49,7
r_00018305,family_000886,u_000886,2026-W28,ТС5,676.43,39.64,7
r_00018306,family_000886,u_000886,2026-W29,ТС5,789.74,36.66,8
r_00018307,family_000886,u_000886,2026-W29,ТС5,732.71,12.40,5
r_00018308,family_000886,u_000886,2026-W30,ТС5,725.97,62.82,6
r_00018309,family_000886,u_000886,2026-W30,ТС5,508.70,40.62,7
r_00018310,family_000886,u_000886,2026-W30,ТС5,630.81,101.34,7
r_00018311,family_000886,u_000886,2026-W31,ТС5,535.63,17.83,5
r_00018312,family_000886,u_000886,2026-W31,ТС5,675.37,69.26,10
r_00018313,family_000886,u_000886,2026-W32,ТС5,580.85,43.62,6
r_00018314,family_000886,u_000886,2026-W32,ТС5,642.35,63.23,6
r_00018315,family_000886,u_000886,2026-W32,ТС5,650.15,23.17,6
r_00018316,family_000886,u_000886,2026-W33,ТС5,521.56,56.22,9
r_00018317,family_000886,u_000886,2026-W33,ТС5,561.25,19.35,11
r_00018318,family_000886,u_000886,2026-W34,ТС5,632.79,73.07,11
r_00018319,family_000886,u_000886,2026-W34,ТС5,641.03,15.37,8
r_00018320,family_000886,u_000886,2026-W34,ТС5,601.19,34.37,10
r_00018321,family_000886,u_000886,2026-W35,ТС5,576.80,14.29,8
r_00018322,family_000886,u_000886,2026-W35,ТС5,659.62,30.13,5
r_00018323,family_000886,u_000886,2026-W36,ТС5,447.72,19.33,9
r_00018324,family_000886,u_000886,2026-W36,ТС5,702.96,56.78,5
r_00018366,family_000889,u_000889,2026-W25,ТС5,642.65,132.47,6
r_00018367,family_000889,u_000889,2026-W25,ТС5,523.72,59.96,10
r_00018368,family_000889,u_000889,2026-W25,ТС5,491.81,70.38,6
r_00018369,family_000889,u_000889,2026-W26,ТС5,782.59,122.55,8
r_00018370,family_000889,u_000889,2026-W26,ТС5,579.70,101.76,7
r_00018371,family_000889,u_000889,2026-W26,ТС5,682.71,96.87,7
r_00018372,family_000889,u_000889,2026-W27,ТС5,779.90,71.06,10
r_00018373,family_000889,u_000889,2026-W27,ТС5,540.64,118.87,10
r_00018374,family_000889,u_000889,2026-W27,ТС5,471.30,76.74,11
r_00018375,family_000889,u_000889,2026-W28,ТС5,644.62,45.12,7
r_00018376,family_000889,u_000889,2026-W28,ТС5,656.30,80.85,7
r_00018377,family_000889,u_000889,2026-W29,ТС5,518.21,75.04,11
r_00018378,family_000889,u_000889,2026-W29,ТС5,583.28,150.09,11
r_00018379,family_000889,u_000889,2026-W30,ТС5,378.69,52.35,7
r_00018380,family_000889,u_000889,2026-W30,ТС5,714.96,39.20,7
r_00018381,family_000889,u_000889,2026-W31,ТС5,666.85,15.20,5
r_00018382,family_000889,u_000889,2026-W31,ТС5,526.51,111.98,7
r_00018383,family_000889,u_000889,2026-W31,ТС5,527.04,135.30,9
r_00018384,family_000889,u_000889,2026-W32,ТС5,714.71,67.02,8
r_00018385,family_000889,u_000889,2026-W32,ТС5,535.76,75.60,8
r_00018386,family_000889,u_000889,2026-W33,ТС5,594.38,84.77,7
r_00018387,family_000889,u_000889,2026-W33,ТС5,369.13,32.54,8
r_00018388,family_000889,u_000889,2026-W33,ТС5,577.75,52.45,8
r_00018389,family_000889,u_000889,2026-W33,ТС5,576.02,158.44,6
r_00018390,family_000889,u_000889,2026-W34,ТС5,708.11,116.30,11
r_00018391,family_000889,u_000889,2026-W34,ТС5,491.47,89.07,6
r_00018392,family_000889,u_000889,2026-W34,ТС5,776.89,15.96,9
r_00018393,family_000889,u_000889,2026-W35,ТС5,514.58,63.11,9
r_00018394,family_000889,u_000889,2026-W35,ТС5,585.56,39.05,6
r_00018395,family_000889,u_000889,2026-W35,ТС5,778.73,54.83,5
r_00018396,family_000889,u_000889,2026-W35,ТС5,710.37,64.88,6
r_00018397,family_000889,u_000889,2026-W36,ТС5,651.18,74.02,11
r_00018398,family_000889,u_000889,2026-W36,ТС5,555.22,64.20,9
r_00018399,family_000889,u_000889,2026-W36,ТС5,599.62,113.50,6
r_00018453,family_000893,u_000893,2026-W25,ТСЧ,846.57,32.13,11
r_00018454,family_000893,u_000893,2026-W25,ТСЧ,761.58,61.66,8
r_00018455,family_000893,u_000893,2026-W25,ТСЧ,670.76,46.15,5
r_00018456,family_000893,u_000893,2026-W26,ТСЧ,455.01,46.04,8
r_00018457,family_000893,u_000893,2026-W26,ТСЧ,791.90,0.00,5
r_00018458,family_000893,u_000893,2026-W26,ТСЧ,634.37,82.28,10
r_00018459,family_000893,u_000893,2026-W27,ТСЧ,889.45,34.41,5
r_00018460,family_000893,u_000893,2026-W27,ТСЧ,837.65,31.47,8
r_00018461,family_000893,u_000893,2026-W28,ТСЧ,658.48,23.41,5
r_00018462,family_000893,u_000893,2026-W28,ТСЧ,917.91,114.09,5
r_00018463,family_000893,u_000893,2026-W29,ТСЧ,585.37,50.82,8
r_00018464,family_000893,u_000893,2026-W29,ТСЧ,768.94,17.75,6
r_00018465,family_000893,u_000893,2026-W30,ТСЧ,725.67,86.17,7
r_00018466,family_000893,u_000893,2026-W30,ТСЧ,1035.44,90.85,7
r_00018467,family_000893,u_000893,2026-W31,ТСЧ,669.43,29.96,5
r_00018468,family_000893,u_000893,2026-W32,ТСЧ,1052.26,28.99,9
r_00018469,family_000893,u_000893,2026-W32,ТСЧ,699.82,23.91,10
r_00018470,family_000893,u_000893,2026-W33,ТСЧ,672.24,52.40,5
r_00018471,family_000893,u_000893,2026-W33,ТСЧ,646.67,97.31,11
r_00018472,family_000893,u_000893,2026-W34,ТСЧ,646.05,29.97,11
r_00018473,family_000893,u_000893,2026-W34,ТСЧ,698.87,25.40,10
r_00018474,family_000893,u_000893,2026-W35,ТСЧ,1028.84,47.96,11
r_00018475,family_000893,u_000893,2026-W35,ТСЧ,729.64,24.25,7
r_00018476,family_000893,u_000893,2026-W36,ТСЧ,707.06,69.61,10
r_00018477,family_000893,u_000893,2026-W36,ТСЧ,750.68,68.98,9
r_00018507,family_000896,u_000896,2026-W25,ТС5,600.68,12.05,9
r_00018508,family_000896,u_000896,2026-W25,ТС5,613.49,27.64,10
r_00018509,family_000896,u_000896,2026-W25,ТС5,759.80,25.84,8
r_00018510,family_000896,u_000896,2026-W26,ТС5,758.16,0.00,7
r_00018511,family_000896,u_000896,2026-W26,ТС5,652.96,0.00,5
r_00018512,family_000896,u_000896,2026-W27,ТС5,676.97,0.00,8
r_00018513,family_000896,u_000896,2026-W27,ТС5,466.55,16.33,6
r_00018514,family_000896,u_000896,2026-W27,ТС5,555.85,28.56,6
r_00018515,family_000896,u_000896,2026-W28,ТС5,593.37,62.17,11
r_00018516,family_000896,u_000896,2026-W28,ТС5,661.86,40.26,6
r_00018517,family_000896,u_000896,2026-W28,ТС5,708.37,21.35,6
r_00018518,family_000896,u_000896,2026-W28,ТС5,541.96,25.52,6
r_00018519,family_000896,u_000896,2026-W29,ТС5,648.21,20.59,5
r_00018520,family_000896,u_000896,2026-W29,ТС5,578.92,25.08,9
r_00018521,family_000896,u_000896,2026-W30,ТС5,874.57,55.28,10
r_00018522,family_000896,u_000896,2026-W30,ТС5,713.92,10.79,8
r_00018523,family_000896,u_000896,2026-W30,ТС5,603.73,29.72,7
r_00018524,family_000896,u_000896,2026-W31,ТС5,672.24,22.38,9
r_00018525,family_000896,u_000896,2026-W31,ТС5,806.01,30.57,5
r_00018526,family_000896,u_000896,2026-W31,ТС5,731.00,0.00,7
r_00018527,family_000896,u_000896,2026-W32,ТС5,429.71,15.78,6
r_00018528,family_000896,u_000896,2026-W32,ТС5,447.33,7.06,7
r_00018529,family_000896,u_000896,2026-W33,ТС5,717.85,24.94,5
r_00018530,family_000896,u_000896,2026-W33,ТС5,486.20,35.09,10
r_00018531,family_000896,u_000896,2026-W34,ТС5,662.25,36.75,10
r_00018532,family_000896,u_000896,2026-W34,ТС5,850.10,30.74,11
r_00018533,family_000896,u_000896,2026-W35,ТС5,514.31,78.39,5
r_00018534,family_000896,u_000896,2026-W36,ТС5,862.35,72.49,10
r_00018535,family_000896,u_000896,2026-W36,ТС5,809.67,55.47,5
r_00018536,family_000897,u_000897,2026-W25,ТС5,692.98,16.15,11
r_00018537,family_000897,u_000897,2026-W25,ТС5,713.08,7.19,6
r_00018538,family_000897,u_000897,2026-W25,ТС5,583.39,38.08,11
r_00018539,family_000897,u_000897,2026-W26,ТС5,847.18,41.05,6
r_00018540,family_000897,u_000897,2026-W26,ТС5,427.14,28.81,9
r_00018541,family_000897,u_000897,2026-W27,ТС5,555.94,26.40,7
r_00018542,family_000897,u_000897,2026-W27,ТС5,701.72,22.66,10
r_00018543,family_000897,u_000897,2026-W27,ТС5,299.13,43.19,8
r_00018544,family_000897,u_000897,2026-W28,ТС5,709.42,55.49,11
r_00018545,family_000897,u_000897,2026-W28,ТС5,665.49,67.29,7
r_00018546,family_000897,u_000897,2026-W28,ТС5,778.62,34.76,10
r_00018547,family_000897,u_000897,2026-W28,ТС5,719.12,52.07,10
r_00018548,family_000897,u_000897,2026-W29,ТС5,511.32,19.20,7
r_00018549,family_000897,u_000897,2026-W29,ТС5,472.41,20.10,8
r_00018550,family_000897,u_000897,2026-W29,ТС5,544.83,69.78,9
r_00018551,family_000897,u_000897,2026-W30,ТС5,798.04,18.02,11
r_00018552,family_000897,u_000897,2026-W30,ТС5,660.57,66.96,7
r_00018553,family_000897,u_000897,2026-W30,ТС5,599.29,12.69,9
r_00018554,family_000897,u_000897,2026-W31,ТС5,788.08,66.57,9
r_00018555,family_000897,u_000897,2026-W31,ТС5,603.24,17.27,6
r_00018556,family_000897,u_000897,2026-W31,ТС5,475.48,45.02,10
r_00018557,family_000897,u_000897,2026-W31,ТС5,561.24,5.66,6
r_00018558,family_000897,u_000897,2026-W32,ТС5,568.19,6.13,11
r_00018559,family_000897,u_000897,2026-W32,ТС5,727.59,14.07,5
r_00018560,family_000897,u_000897,2026-W32,ТС5,686.32,14.90,7
r_00018561,family_000897,u_000897,2026-W33,ТС5,883.15,43.38,11
r_00018562,family_000897,u_000897,2026-W33,ТС5,778.66,16.78,7
r_00018563,family_000897,u_000897,2026-W33,ТС5,466.18,24.80,11
r_00018564,family_000897,u_000897,2026-W34,ТС5,611.65,31.33,11
r_00018565,family_000897,u_000897,2026-W34,ТС5,603.30,63.62,10
r_00018566,family_000897,u_000897,2026-W34,ТС5,487.70,56.73,6
r_00018567,family_000897,u_000897,2026-W35,ТС5,610.85,16.73,9
r_00018568,family_000897,u_000897,2026-W35,ТС5,854.83,51.77,11
r_00018569,family_000897,u_000897,2026-W35,ТС5,762.17,39.61,6
r_00018570,family_000897,u_000897,2026-W36,ТС5,579.66,21.93,7
r_00018571,family_000897,u_000897,2026-W36,ТС5,697.35,40.27,10
r_00018572,family_000897,u_000897,2026-W36,ТС5,507.94,28.87,10
r_00018753,family_000908,u_000908,2026-W25,ТС5,747.33,48.23,11
r_00018754,family_000908,u_000908,2026-W26,ТС5,715.81,0.00,5
r_00018755,family_000908,u_000908,2026-W26,ТС5,866.89,0.00,8
r_00018756,family_000908,u_000908,2026-W27,ТС5,458.64,24.02,5
r_00018757,family_000908,u_000908,2026-W28,ТС5,803.79,80.32,5
r_00018758,family_000908,u_000908,2026-W28,ТС5,355.11,13.07,5
r_00018759,family_000908,u_000908,2026-W29,ТС5,754.23,34.91,6
r_00018760,family_000908,u_000908,2026-W29,ТС5,688.86,42.08,11
r_00018761,family_000908,u_000908,2026-W30,ТС5,688.02,11.09,7
r_00018762,family_000908,u_000908,2026-W31,ТС5,788.98,76.22,5
r_00018763,family_000908,u_000908,2026-W32,ТС5,629.43,45.22,9
r_00018764,family_000908,u_000908,2026-W32,ТС5,573.31,56.25,9
r_00018765,family_000908,u_000908,2026-W33,ТС5,536.35,45.35,6
r_00018766,family_000908,u_000908,2026-W33,ТС5,685.00,18.73,7
r_00018767,family_000908,u_000908,2026-W34,ТС5,550.25,56.86,11
r_00018768,family_000908,u_000908,2026-W34,ТС5,692.57,56.29,6
r_00018769,family_000908,u_000908,2026-W35,ТС5,784.71,28.14,7
r_00018770,family_000908,u_000908,2026-W35,ТС5,663.11,37.00,7
r_00018771,family_000908,u_000908,2026-W36,ТС5,463.38,43.62,10
r_00018791,family_000910,u_000910,2026-W25,ТСЧ,608.27,20.38,9
r_00018792,family_000910,u_000910,2026-W25,ТСЧ,733.25,13.95,8
r_00018793,family_000910,u_000910,2026-W25,ТСЧ,1058.72,9.42,8
r_00018794,family_000910,u_000910,2026-W26,ТСЧ,822.26,62.09,6
r_00018795,family_000910,u_000910,2026-W26,ТСЧ,976.98,51.69,8
r_00018796,family_000910,u_000910,2026-W26,ТСЧ,812.77,13.07,6
r_00018797,family_000910,u_000910,2026-W27,ТСЧ,857.96,90.69,11
r_00018798,family_000910,u_000910,2026-W27,ТСЧ,909.13,78.67,8
r_00018799,family_000910,u_000910,2026-W27,ТСЧ,781.01,57.92,8
r_00018800,family_000910,u_000910,2026-W27,ТСЧ,581.59,23.90,6
r_00018801,family_000910,u_000910,2026-W28,ТСЧ,831.06,28.35,7
r_00018802,family_000910,u_000910,2026-W28,ТСЧ,442.26,28.74,10
r_00018803,family_000910,u_000910,2026-W28,ТСЧ,626.55,16.55,8
r_00018804,family_000910,u_000910,2026-W29,ТСЧ,736.02,35.24,11
r_00018805,family_000910,u_000910,2026-W29,ТСЧ,754.79,36.56,9
r_00018806,family_000910,u_000910,2026-W29,ТСЧ,1025.60,79.57,8
r_00018807,family_000910,u_000910,2026-W30,ТСЧ,784.04,0.00,5
r_00018808,family_000910,u_000910,2026-W30,ТСЧ,906.88,74.86,8
r_00018809,family_000910,u_000910,2026-W30,ТСЧ,888.37,50.34,6
r_00018810,family_000910,u_000910,2026-W31,ТСЧ,592.89,0.00,10
r_00018811,family_000910,u_000910,2026-W31,ТСЧ,519.79,0.00,5
r_00018812,family_000910,u_000910,2026-W31,ТСЧ,664.50,30.21,8
r_00018813,family_000910,u_000910,2026-W32,ТСЧ,729.10,17.33,7
r_00018814,family_000910,u_000910,2026-W32,ТСЧ,755.12,61.86,7
r_00018815,family_000910,u_000910,2026-W32,ТСЧ,740.51,43.44,7
r_00018816,family_000910,u_000910,2026-W33,ТСЧ,491.38,30.21,5
r_00018817,family_000910,u_000910,2026-W33,ТСЧ,1098.88,42.10,9
r_00018818,family_000910,u_000910,2026-W33,ТСЧ,996.03,80.04,5
r_00018819,family_000910,u_000910,2026-W34,ТСЧ,691.33,16.65,7
r_00018820,family_000910,u_000910,2026-W34,ТСЧ,786.70,77.33,9
r_00018821,family_000910,u_000910,2026-W34,ТСЧ,692.77,39.63,6
r_00018822,family_000910,u_000910,2026-W34,ТСЧ,1094.75,54.91,5
r_00018823,family_000910,u_000910,2026-W35,ТСЧ,831.66,69.15,7
r_00018824,family_000910,u_000910,2026-W35,ТСЧ,472.97,9.74,5
r_00018825,family_000910,u_000910,2026-W35,ТСЧ,687.13,102.76,10
r_00018826,family_000910,u_000910,2026-W36,ТСЧ,881.82,16.90,9
r_00018827,family_000910,u_000910,2026-W36,ТСЧ,848.00,27.31,11
r_00018828,family_000910,u_000910,2026-W36,ТСЧ,552.13,43.00,6
r_00018829,family_000911,u_000911,2026-W25,ТСХ,1184.85,74.83,7
r_00018830,family_000911,u_000911,2026-W25,ТСХ,1214.62,65.61,10
r_00018831,family_000911,u_000911,2026-W25,ТСХ,838.82,86.39,7
r_00018832,family_000911,u_000911,2026-W26,ТСХ,1290.72,24.72,8
r_00018833,family_000911,u_000911,2026-W26,ТСХ,1131.02,36.73,9
r_00018834,family_000911,u_000911,2026-W27,ТСХ,715.15,64.41,11
r_00018835,family_000911,u_000911,2026-W27,ТСХ,1210.55,33.34,10
r_00018836,family_000911,u_000911,2026-W27,ТСХ,1269.67,53.78,8
r_00018837,family_000911,u_000911,2026-W28,ТСХ,961.26,27.15,10
r_00018838,family_000911,u_000911,2026-W28,ТСХ,1012.53,58.83,11
r_00018839,family_000911,u_000911,2026-W28,ТСХ,1492.49,77.85,6
r_00018840,family_000911,u_000911,2026-W29,ТСХ,1185.79,56.47,10
r_00018841,family_000911,u_000911,2026-W29,ТСХ,1189.47,23.23,7
r_00018842,family_000911,u_000911,2026-W29,ТСХ,685.19,63.66,6
r_00018843,family_000911,u_000911,2026-W30,ТСХ,886.66,46.61,7
r_00018844,family_000911,u_000911,2026-W30,ТСХ,979.27,51.32,8
r_00018845,family_000911,u_000911,2026-W30,ТСХ,1090.31,44.31,9
r_00018846,family_000911,u_000911,2026-W31,ТСХ,793.34,105.45,6
r_00018847,family_000911,u_000911,2026-W31,ТСХ,861.41,17.47,5
r_00018848,family_000911,u_000911,2026-W31,ТСХ,1188.48,88.60,6
r_00018849,family_000911,u_000911,2026-W32,ТСХ,972.18,92.79,9
r_00018850,family_000911,u_000911,2026-W32,ТСХ,827.93,58.12,7
r_00018851,family_000911,u_000911,2026-W32,ТСХ,1219.52,38.15,11
r_00018852,family_000911,u_000911,2026-W33,ТСХ,820.54,6.14,7
r_00018853,family_000911,u_000911,2026-W34,ТСХ,823.04,32.91,5
r_00018854,family_000911,u_000911,2026-W34,ТСХ,1162.25,20.30,9
r_00018855,family_000911,u_000911,2026-W35,ТСХ,877.80,87.49,6
r_00018856,family_000911,u_000911,2026-W35,ТСХ,979.51,39.45,9
r_00018857,family_000911,u_000911,2026-W35,ТСХ,1039.69,51.12,10
r_00018858,family_000911,u_000911,2026-W36,ТСХ,1004.71,52.66,9
r_00018859,family_000911,u_000911,2026-W36,ТСХ,782.75,35.46,11
r_00018860,family_000911,u_000911,2026-W36,ТСХ,910.96,28.81,11
r_00018861,family_000912,u_000912,2026-W25,ТС5,392.49,34.61,11
r_00018862,family_000912,u_000912,2026-W25,ТС5,517.28,48.10,6
r_00018863,family_000912,u_000912,2026-W25,ТС5,769.58,94.95,9
r_00018864,family_000912,u_000912,2026-W26,ТС5,694.21,43.05,8
r_00018865,family_000912,u_000912,2026-W26,ТС5,574.94,23.95,10
r_00018866,family_000912,u_000912,2026-W27,ТС5,645.46,30.34,10
r_00018867,family_000912,u_000912,2026-W28,ТС5,445.21,13.11,9
r_00018868,family_000912,u_000912,2026-W28,ТС5,495.45,38.20,9
r_00018869,family_000912,u_000912,2026-W29,ТС5,489.31,25.13,11
r_00018870,family_000912,u_000912,2026-W29,ТС5,821.03,39.31,9
r_00018871,family_000912,u_000912,2026-W30,ТС5,512.42,56.91,5
r_00018872,family_000912,u_000912,2026-W31,ТС5,633.66,45.61,6
r_00018873,family_000912,u_000912,2026-W31,ТС5,728.33,23.00,11
r_00018874,family_000912,u_000912,2026-W32,ТС5,792.26,38.16,9
r_00018875,family_000912,u_000912,2026-W32,ТС5,682.84,28.85,10
r_00018876,family_000912,u_000912,2026-W33,ТС5,589.34,31.78,8
r_00018877,family_000912,u_000912,2026-W33,ТС5,753.45,23.48,5
r_00018878,family_000912,u_000912,2026-W34,ТС5,720.24,41.51,6
r_00018879,family_000912,u_000912,2026-W34,ТС5,650.27,26.24,11
r_00018880,family_000912,u_000912,2026-W35,ТС5,584.43,38.50,5
r_00018881,family_000912,u_000912,2026-W35,ТС5,794.78,8.12,11
r_00018882,family_000912,u_000912,2026-W35,ТС5,511.28,37.94,9
r_00018883,family_000912,u_000912,2026-W36,ТС5,734.22,15.77,11
r_00018884,family_000912,u_000912,2026-W36,ТС5,905.53,9.42,8
r_00018940,family_000915,u_000915,2026-W25,ТС5,788.34,21.22,8
r_00018941,family_000915,u_000915,2026-W25,ТС5,650.08,99.66,8
r_00018942,family_000915,u_000915,2026-W25,ТС5,428.99,30.00,10
r_00018943,family_000915,u_000915,2026-W26,ТС5,590.87,72.88,6
r_00018944,family_000915,u_000915,2026-W26,ТС5,506.28,56.33,11
r_00018945,family_000915,u_000915,2026-W26,ТС5,664.82,82.32,8
r_00018946,family_000915,u_000915,2026-W27,ТС5,852.44,13.38,8
r_00018947,family_000915,u_000915,2026-W27,ТС5,754.59,46.75,9
r_00018948,family_000915,u_000915,2026-W27,ТС5,397.57,66.18,6
r_00018949,family_000915,u_000915,2026-W28,ТС5,639.54,101.01,6
r_00018950,family_000915,u_000915,2026-W28,ТС5,770.99,29.00,7
r_00018951,family_000915,u_000915,2026-W28,ТС5,599.09,94.81,11
r_00018952,family_000915,u_000915,2026-W29,ТС5,434.92,54.08,6
r_00018953,family_000915,u_000915,2026-W29,ТС5,255.07,42.59,9
r_00018954,family_000915,u_000915,2026-W29,ТС5,600.81,56.14,6
r_00018955,family_000915,u_000915,2026-W29,ТС5,554.14,34.00,7
r_00018956,family_000915,u_000915,2026-W30,ТС5,709.12,104.10,11
r_00018957,family_000915,u_000915,2026-W30,ТС5,428.85,72.93,6
r_00018958,family_000915,u_000915,2026-W31,ТС5,730.47,64.43,5
r_00018959,family_000915,u_000915,2026-W32,ТС5,600.89,125.21,11
r_00018960,family_000915,u_000915,2026-W32,ТС5,573.35,58.18,8
r_00018961,family_000915,u_000915,2026-W33,ТС5,704.19,142.14,6
r_00018962,family_000915,u_000915,2026-W33,ТС5,627.40,84.68,11
r_00018963,family_000915,u_000915,2026-W33,ТС5,509.82,51.24,11
r_00018964,family_000915,u_000915,2026-W34,ТС5,556.12,57.46,10
r_00018965,family_000915,u_000915,2026-W34,ТС5,563.09,43.06,8
r_00018966,family_000915,u_000915,2026-W35,ТС5,407.29,63.45,8
r_00018967,family_000915,u_000915,2026-W35,ТС5,454.79,36.42,10
r_00018968,family_000915,u_000915,2026-W36,ТС5,508.73,32.77,8
r_00018969,family_000915,u_000915,2026-W36,ТС5,356.05,42.02,6
r_00018970,family_000915,u_000915,2026-W36,ТС5,671.24,50.11,9
r_00018971,family_000916,u_000916,2026-W25,ТС5,587.05,91.16,5
r_00018972,family_000916,u_000916,2026-W25,ТС5,618.58,27.75,8
r_00018973,family_000916,u_000916,2026-W26,ТС5,286.59,22.78,6
r_00018974,family_000916,u_000916,2026-W27,ТС5,456.51,38.34,9
r_00018975,family_000916,u_000916,2026-W27,ТС5,720.66,111.65,7
r_00018976,family_000916,u_000916,2026-W28,ТС5,562.16,63.49,9
r_00018977,family_000916,u_000916,2026-W29,ТС5,726.64,50.70,8
r_00018978,family_000916,u_000916,2026-W29,ТС5,379.59,20.24,11
r_00018979,family_000916,u_000916,2026-W30,ТС5,559.93,54.26,10
r_00018980,family_000916,u_000916,2026-W31,ТС5,755.26,47.03,11
r_00018981,family_000916,u_000916,2026-W32,ТС5,490.63,72.45,6
r_00018982,family_000916,u_000916,2026-W32,ТС5,747.71,51.07,10
r_00018983,family_000916,u_000916,2026-W33,ТС5,610.51,51.18,11
r_00018984,family_000916,u_000916,2026-W33,ТС5,703.55,32.75,11
r_00018985,family_000916,u_000916,2026-W34,ТС5,622.84,50.72,5
r_00018986,family_000916,u_000916,2026-W34,ТС5,723.17,44.65,11
r_00018987,family_000916,u_000916,2026-W35,ТС5,623.34,34.07,10
r_00018988,family_000916,u_000916,2026-W35,ТС5,538.10,29.51,11
r_00019088,family_000923,u_000923,2026-W25,ТС5,550.34,32.61,9
r_00019089,family_000923,u_000923,2026-W25,ТС5,683.79,27.74,7
r_00019090,family_000923,u_000923,2026-W26,ТС5,720.27,12.32,11
r_00019091,family_000923,u_000923,2026-W26,ТС5,718.91,33.86,11
r_00019092,family_000923,u_000923,2026-W27,ТС5,603.47,39.53,9
r_00019093,family_000923,u_000923,2026-W27,ТС5,607.76,25.01,5
r_00019094,family_000923,u_000923,2026-W27,ТС5,471.28,0.00,5
r_00019095,family_000923,u_000923,2026-W28,ТС5,518.67,30.10,5
r_00019096,family_000923,u_000923,2026-W28,ТС5,790.63,12.65,10
r_00019097,family_000923,u_000923,2026-W28,ТС5,544.91,0.00,8
r_00019098,family_000923,u_000923,2026-W29,ТС5,803.59,20.00,7
r_00019099,family_000923,u_000923,2026-W29,ТС5,586.99,17.18,11
r_00019100,family_000923,u_000923,2026-W30,ТС5,562.90,38.63,7
r_00019101,family_000923,u_000923,2026-W30,ТС5,697.19,30.08,10
r_00019102,family_000923,u_000923,2026-W31,ТС5,847.80,30.35,5
r_00019103,family_000923,u_000923,2026-W31,ТС5,718.97,54.77,10
r_00019104,family_000923,u_000923,2026-W31,ТС5,494.50,37.49,5
r_00019105,family_000923,u_000923,2026-W32,ТС5,548.97,14.70,9
r_00019106,family_000923,u_000923,2026-W32,ТС5,641.04,42.26,9
r_00019107,family_000923,u_000923,2026-W33,ТС5,742.15,10.69,5
r_00019108,family_000923,u_000923,2026-W33,ТС5,741.91,35.65,10
r_00019109,family_000923,u_000923,2026-W34,ТС5,580.22,0.00,8
r_00019110,family_000923,u_000923,2026-W34,ТС5,593.04,24.04,10
r_00019111,family_000923,u_000923,2026-W35,ТС5,619.65,17.73,8
r_00019112,family_000923,u_000923,2026-W35,ТС5,722.60,20.18,6
r_00019113,family_000923,u_000923,2026-W36,ТС5,601.66,22.81,8
r_00019114,family_000923,u_000923,2026-W36,ТС5,735.89,18.69,7
r_00019129,family_000925,u_000925,2026-W25,ТСХ,981.53,74.90,9
r_00019130,family_000925,u_000925,2026-W25,ТСХ,937.59,102.36,10
r_00019131,family_000925,u_000925,2026-W25,ТСХ,943.70,102.36,11
r_00019132,family_000925,u_000925,2026-W26,ТСХ,1141.25,174.80,5
r_00019133,family_000925,u_000925,2026-W26,ТСХ,1182.21,72.87,8
r_00019134,family_000925,u_000925,2026-W27,ТСХ,514.92,84.59,9
r_00019135,family_000925,u_000925,2026-W27,ТСХ,817.08,141.70,9
r_00019136,family_000925,u_000925,2026-W28,ТСХ,1019.74,179.51,7
r_00019137,family_000925,u_000925,2026-W28,ТСХ,1006.32,192.82,9
r_00019138,family_000925,u_000925,2026-W28,ТСХ,1239.31,112.72,10
r_00019139,family_000925,u_000925,2026-W28,ТСХ,1043.67,192.64,9
r_00019140,family_000925,u_000925,2026-W29,ТСХ,872.55,67.62,6
r_00019141,family_000925,u_000925,2026-W29,ТСХ,1069.46,107.04,10
r_00019142,family_000925,u_000925,2026-W30,ТСХ,512.78,119.46,6
r_00019143,family_000925,u_000925,2026-W30,ТСХ,995.51,71.00,5
r_00019144,family_000925,u_000925,2026-W30,ТСХ,1154.97,160.50,7
r_00019145,family_000925,u_000925,2026-W31,ТСХ,716.65,127.28,11
r_00019146,family_000925,u_000925,2026-W31,ТСХ,841.92,92.02,11
r_00019147,family_000925,u_000925,2026-W32,ТСХ,1332.36,48.96,7
r_00019148,family_000925,u_000925,2026-W32,ТСХ,1048.21,205.11,8
r_00019149,family_000925,u_000925,2026-W32,ТСХ,729.23,117.74,7
r_00019150,family_000925,u_000925,2026-W33,ТСХ,740.84,108.01,9
r_00019151,family_000925,u_000925,2026-W33,ТСХ,1092.15,57.70,5
r_00019152,family_000925,u_000925,2026-W33,ТСХ,1004.10,167.03,8
r_00019153,family_000925,u_000925,2026-W34,ТСХ,754.74,109.55,8
r_00019154,family_000925,u_000925,2026-W34,ТСХ,965.94,92.89,9
r_00019155,family_000925,u_000925,2026-W35,ТСХ,1072.82,82.32,6
r_00019156,family_000925,u_000925,2026-W35,ТСХ,1050.09,141.77,9
r_00019157,family_000925,u_000925,2026-W36,ТСХ,851.47,53.43,7
r_00019158,family_000925,u_000925,2026-W36,ТСХ,779.18,76.92,6
r_00019159,family_000925,u_000925,2026-W36,ТСХ,1104.62,98.94,9
r_00019185,family_000927,u_000927,2026-W25,ТС5,933.78,19.84,8
r_00019186,family_000927,u_000927,2026-W25,ТС5,529.29,120.50,5
r_00019187,family_000927,u_000927,2026-W25,ТС5,725.57,37.09,11
r_00019188,family_000927,u_000927,2026-W26,ТС5,410.91,25.29,11
r_00019189,family_000927,u_000927,2026-W26,ТС5,603.61,63.65,6
r_00019190,family_000927,u_000927,2026-W26,ТС5,469.60,47.13,11
r_00019191,family_000927,u_000927,2026-W27,ТС5,525.03,132.86,9
r_00019192,family_000927,u_000927,2026-W27,ТС5,746.41,128.50,8
r_00019193,family_000927,u_000927,2026-W27,ТС5,524.19,99.77,6
r_00019194,family_000927,u_000927,2026-W28,ТС5,629.46,42.14,5
r_00019195,family_000927,u_000927,2026-W28,ТС5,553.52,68.69,5
r_00019196,family_000927,u_000927,2026-W29,ТС5,600.21,56.10,10
r_00019197,family_000927,u_000927,2026-W29,ТС5,545.79,203.84,5
r_00019198,family_000927,u_000927,2026-W30,ТС5,398.29,12.99,11
r_00019199,family_000927,u_000927,2026-W30,ТС5,691.07,54.02,5
r_00019200,family_000927,u_000927,2026-W30,ТС5,740.33,78.68,8
r_00019201,family_000927,u_000927,2026-W31,ТС5,525.24,56.82,7
r_00019202,family_000927,u_000927,2026-W31,ТС5,670.96,65.14,8
r_00019203,family_000927,u_000927,2026-W31,ТС5,567.02,41.68,5
r_00019204,family_000927,u_000927,2026-W32,ТС5,487.07,126.35,8
r_00019205,family_000927,u_000927,2026-W32,ТС5,581.28,64.32,10
r_00019206,family_000927,u_000927,2026-W33,ТС5,572.65,75.11,7
r_00019207,family_000927,u_000927,2026-W33,ТС5,491.51,61.84,8
r_00019208,family_000927,u_000927,2026-W34,ТС5,738.54,45.30,6
r_00019209,family_000927,u_000927,2026-W34,ТС5,622.15,72.98,9
r_00019210,family_000927,u_000927,2026-W34,ТС5,501.76,85.23,6
r_00019211,family_000927,u_000927,2026-W35,ТС5,637.20,88.07,6
r_00019212,family_000927,u_000927,2026-W35,ТС5,708.75,195.90,7
r_00019213,family_000927,u_000927,2026-W35,ТС5,477.38,51.31,10
r_00019214,family_000927,u_000927,2026-W36,ТС5,546.91,32.00,5
r_00019215,family_000927,u_000927,2026-W36,ТС5,501.27,112.07,9
r_00019400,family_000937,u_000937,2026-W25,ТС5,717.27,46.71,7
r_00019401,family_000937,u_000937,2026-W25,ТС5,649.59,54.20,11
r_00019402,family_000937,u_000937,2026-W26,ТС5,533.20,38.97,10
r_00019403,family_000937,u_000937,2026-W26,ТС5,741.87,44.35,10
r_00019404,family_000937,u_000937,2026-W27,ТС5,637.40,28.84,10
r_00019405,family_000937,u_000937,2026-W27,ТС5,703.52,63.19,11
r_00019406,family_000937,u_000937,2026-W28,ТС5,778.81,43.92,10
r_00019407,family_000937,u_000937,2026-W28,ТС5,714.43,42.66,6
r_00019408,family_000937,u_000937,2026-W29,ТС5,809.28,22.33,8
r_00019409,family_000937,u_000937,2026-W29,ТС5,597.38,49.55,10
r_00019410,family_000937,u_000937,2026-W30,ТС5,701.08,70.26,10
r_00019411,family_000937,u_000937,2026-W30,ТС5,633.97,48.89,8
r_00019412,family_000937,u_000937,2026-W31,ТС5,607.73,54.06,6
r_00019413,family_000937,u_000937,2026-W31,ТС5,805.30,8.27,9
r_00019414,family_000937,u_000937,2026-W32,ТС5,847.37,0.00,6
r_00019415,family_000937,u_000937,2026-W32,ТС5,511.30,47.04,5
r_00019416,family_000937,u_000937,2026-W32,ТС5,669.37,0.00,6
r_00019417,family_000937,u_000937,2026-W33,ТС5,625.92,9.52,9
r_00019418,family_000937,u_000937,2026-W33,ТС5,637.74,26.20,9
r_00019419,family_000937,u_000937,2026-W34,ТС5,485.73,41.28,9
r_00019420,family_000937,u_000937,2026-W34,ТС5,593.76,79.70,7
r_00019421,family_000937,u_000937,2026-W34,ТС5,684.47,25.93,11
r_00019422,family_000937,u_000937,2026-W35,ТС5,620.09,9.22,7
r_00019423,family_000937,u_000937,2026-W35,ТС5,529.08,16.26,8
r_00019424,family_000937,u_000937,2026-W35,ТС5,820.36,74.84,5
r_00019425,family_000937,u_000937,2026-W36,ТС5,498.56,32.73,5
r_00019426,family_000937,u_000937,2026-W36,ТС5,476.24,19.51,8
r_00019493,family_000943,u_000943,2026-W25,ТС5,733.88,34.48,8
r_00019494,family_000943,u_000943,2026-W25,ТС5,608.36,18.56,5
r_00019495,family_000943,u_000943,2026-W26,ТС5,602.68,35.93,11
r_00019496,family_000943,u_000943,2026-W26,ТС5,629.42,41.19,10
r_00019497,family_000943,u_000943,2026-W27,ТС5,662.12,20.22,8
r_00019498,family_000943,u_000943,2026-W27,ТС5,491.42,25.15,7
r_00019499,family_000943,u_000943,2026-W27,ТС5,812.73,13.99,10
r_00019500,family_000943,u_000943,2026-W28,ТС5,469.55,100.51,6
r_00019501,family_000943,u_000943,2026-W28,ТС5,406.63,8.14,9
r_00019502,family_000943,u_000943,2026-W28,ТС5,691.69,46.24,5
r_00019503,family_000943,u_000943,2026-W29,ТС5,813.69,21.41,8
r_00019504,family_000943,u_000943,2026-W29,ТС5,683.62,46.54,10
r_00019505,family_000943,u_000943,2026-W29,ТС5,490.23,35.16,11
r_00019506,family_000943,u_000943,2026-W30,ТС5,808.71,66.46,10
r_00019507,family_000943,u_000943,2026-W30,ТС5,734.63,56.38,7
r_00019508,family_000943,u_000943,2026-W31,ТС5,674.28,50.70,6
r_00019509,family_000943,u_000943,2026-W31,ТС5,559.55,26.24,8
r_00019510,family_000943,u_000943,2026-W31,ТС5,661.70,61.21,6
r_00019511,family_000943,u_000943,2026-W32,ТС5,621.01,48.28,10
r_00019512,family_000943,u_000943,2026-W32,ТС5,617.18,18.25,9
r_00019513,family_000943,u_000943,2026-W32,ТС5,555.90,55.11,10
r_00019514,family_000943,u_000943,2026-W33,ТС5,621.88,5.57,10
r_00019515,family_000943,u_000943,2026-W33,ТС5,567.78,57.32,8
r_00019516,family_000943,u_000943,2026-W33,ТС5,748.61,0.00,5
r_00019517,family_000943,u_000943,2026-W34,ТС5,704.13,55.86,10
r_00019518,family_000943,u_000943,2026-W34,ТС5,518.55,38.89,9
r_00019519,family_000943,u_000943,2026-W35,ТС5,474.59,52.52,10
r_00019520,family_000943,u_000943,2026-W35,ТС5,566.53,28.39,9
r_00019521,family_000943,u_000943,2026-W35,ТС5,680.70,54.24,10
r_00019522,family_000943,u_000943,2026-W36,ТС5,673.28,25.56,11
r_00019523,family_000943,u_000943,2026-W36,ТС5,699.45,0.00,5
r_00019535,family_000945,u_000945,2026-W25,ТС5,567.22,20.66,5
r_00019536,family_000945,u_000945,2026-W25,ТС5,703.79,82.17,5
r_00019537,family_000945,u_000945,2026-W26,ТС5,449.70,29.46,10
r_00019538,family_000945,u_000945,2026-W26,ТС5,743.45,53.31,6
r_00019539,family_000945,u_000945,2026-W27,ТС5,597.91,46.21,11
r_00019540,family_000945,u_000945,2026-W28,ТС5,874.92,83.33,6
r_00019541,family_000945,u_000945,2026-W28,ТС5,664.47,9.63,8
r_00019542,family_000945,u_000945,2026-W29,ТС5,650.97,41.00,11
r_00019543,family_000945,u_000945,2026-W29,ТС5,565.82,7.74,10
r_00019544,family_000945,u_000945,2026-W29,ТС5,765.60,14.51,7
r_00019545,family_000945,u_000945,2026-W29,ТС5,562.67,31.43,10
r_00019546,family_000945,u_000945,2026-W30,ТС5,757.33,46.44,8
r_00019547,family_000945,u_000945,2026-W30,ТС5,836.88,6.25,7
r_00019548,family_000945,u_000945,2026-W31,ТС5,545.14,42.61,9
r_00019549,family_000945,u_000945,2026-W31,ТС5,593.84,24.16,9
r_00019550,family_000945,u_000945,2026-W32,ТС5,607.29,25.58,7
r_00019551,family_000945,u_000945,2026-W32,ТС5,757.82,42.49,11
r_00019552,family_000945,u_000945,2026-W33,ТС5,651.63,48.86,10
r_00019553,family_000945,u_000945,2026-W33,ТС5,791.23,101.70,5
r_00019554,family_000945,u_000945,2026-W34,ТС5,941.76,39.52,10
r_00019555,family_000945,u_000945,2026-W34,ТС5,733.99,34.41,7
r_00019556,family_000945,u_000945,2026-W34,ТС5,604.72,40.90,8
r_00019557,family_000945,u_000945,2026-W35,ТС5,699.73,21.68,10
r_00019558,family_000945,u_000945,2026-W35,ТС5,623.47,31.11,8
r_00019559,family_000945,u_000945,2026-W36,ТС5,709.22,40.46,5
r_00019560,family_000945,u_000945,2026-W36,ТС5,645.53,4.72,8
r_00019577,family_000947,u_000947,2026-W25,ТС5,615.29,10.51,8
r_00019578,family_000947,u_000947,2026-W25,ТС5,839.19,97.88,5
r_00019579,family_000947,u_000947,2026-W25,ТС5,568.03,89.93,10
r_00019580,family_000947,u_000947,2026-W26,ТС5,430.07,110.65,6
r_00019581,family_000947,u_000947,2026-W26,ТС5,550.00,109.87,7
r_00019582,family_000947,u_000947,2026-W27,ТС5,440.86,14.21,10
r_00019583,family_000947,u_000947,2026-W27,ТС5,716.93,31.96,9
r_00019584,family_000947,u_000947,2026-W28,ТС5,397.50,59.39,9
r_00019585,family_000947,u_000947,2026-W28,ТС5,734.11,30.34,7
r_00019586,family_000947,u_000947,2026-W28,ТС5,338.42,53.45,6
r_00019587,family_000947,u_000947,2026-W29,ТС5,678.90,205.12,5
r_00019588,family_000947,u_000947,2026-W29,ТС5,440.52,68.05,9
r_00019589,family_000947,u_000947,2026-W30,ТС5,599.42,23.24,11
r_00019590,family_000947,u_000947,2026-W30,ТС5,488.23,41.44,10
r_00019591,family_000947,u_000947,2026-W31,ТС5,557.42,88.66,5
r_00019592,family_000947,u_000947,2026-W31,ТС5,485.93,78.98,10
r_00019593,family_000947,u_000947,2026-W31,ТС5,737.06,36.24,7
r_00019594,family_000947,u_000947,2026-W32,ТС5,532.56,99.48,10
r_00019595,family_000947,u_000947,2026-W32,ТС5,740.55,107.19,10
r_00019596,family_000947,u_000947,2026-W32,ТС5,579.08,68.55,7
r_00019597,family_000947,u_000947,2026-W33,ТС5,450.74,51.41,5
r_00019598,family_000947,u_000947,2026-W33,ТС5,697.05,70.63,7
r_00019599,family_000947,u_000947,2026-W33,ТС5,569.26,125.58,7
r_00019600,family_000947,u_000947,2026-W34,ТС5,601.58,5.99,8
r_00019601,family_000947,u_000947,2026-W34,ТС5,565.92,51.58,11
r_00019602,family_000947,u_000947,2026-W35,ТС5,435.92,101.12,5
r_00019603,family_000947,u_000947,2026-W35,ТС5,562.75,67.15,9
r_00019604,family_000947,u_000947,2026-W35,ТС5,560.90,104.21,5
r_00019605,family_000947,u_000947,2026-W36,ТС5,557.57,106.43,8
r_00019606,family_000947,u_000947,2026-W36,ТС5,575.41,33.04,9
r_00019628,family_000949,u_000949,2026-W25,ТСЧ,501.22,100.90,6
r_00019629,family_000949,u_000949,2026-W25,ТСЧ,807.07,86.20,8
r_00019630,family_000949,u_000949,2026-W26,ТСЧ,826.61,86.85,10
r_00019631,family_000949,u_000949,2026-W26,ТСЧ,555.55,94.04,5
r_00019632,family_000949,u_000949,2026-W26,ТСЧ,701.40,59.01,10
r_00019633,family_000949,u_000949,2026-W27,ТСЧ,446.63,148.91,6
r_00019634,family_000949,u_000949,2026-W27,ТСЧ,598.36,22.26,7
r_00019635,family_000949,u_000949,2026-W28,ТСЧ,950.89,12.12,7
r_00019636,family_000949,u_000949,2026-W28,ТСЧ,1001.00,49.26,8
r_00019637,family_000949,u_000949,2026-W29,ТСЧ,832.37,47.15,8
r_00019638,family_000949,u_000949,2026-W29,ТСЧ,926.38,150.73,11
r_00019639,family_000949,u_000949,2026-W30,ТСЧ,1021.67,100.65,8
r_00019640,family_000949,u_000949,2026-W30,ТСЧ,619.60,103.20,5
r_00019641,family_000949,u_000949,2026-W30,ТСЧ,527.75,66.57,9
r_00019642,family_000949,u_000949,2026-W31,ТСЧ,1077.71,127.71,5
r_00019643,family_000949,u_000949,2026-W31,ТСЧ,644.79,81.93,7
r_00019644,family_000949,u_000949,2026-W32,ТСЧ,687.07,149.89,8
r_00019645,family_000949,u_000949,2026-W32,ТСЧ,758.24,36.08,9
r_00019646,family_000949,u_000949,2026-W33,ТСЧ,803.45,81.13,7
r_00019647,family_000949,u_000949,2026-W33,ТСЧ,1064.92,175.42,9
r_00019648,family_000949,u_000949,2026-W33,ТСЧ,822.05,86.05,7
r_00019649,family_000949,u_000949,2026-W34,ТСЧ,597.96,71.40,6
r_00019650,family_000949,u_000949,2026-W34,ТСЧ,780.23,68.27,5
r_00019651,family_000949,u_000949,2026-W35,ТСЧ,712.60,105.73,6
r_00019652,family_000949,u_000949,2026-W35,ТСЧ,865.96,110.01,9
r_00019653,family_000949,u_000949,2026-W36,ТСЧ,567.41,26.97,6
r_00019654,family_000949,u_000949,2026-W36,ТСЧ,913.12,90.13,7
r_00019744,family_000956,u_000956,2026-W25,ТС5,556.09,81.37,10
r_00019745,family_000956,u_000956,2026-W25,ТС5,692.59,46.82,9
r_00019746,family_000956,u_000956,2026-W25,ТС5,524.12,51.51,7
r_00019747,family_000956,u_000956,2026-W26,ТС5,595.60,71.55,9
r_00019748,family_000956,u_000956,2026-W26,ТС5,605.27,33.07,7
r_00019749,family_000956,u_000956,2026-W27,ТС5,501.68,31.91,11
r_00019750,family_000956,u_000956,2026-W27,ТС5,651.41,52.09,7
r_00019751,family_000956,u_000956,2026-W27,ТС5,503.72,107.20,6
r_00019752,family_000956,u_000956,2026-W28,ТС5,454.07,37.04,5
r_00019753,family_000956,u_000956,2026-W28,ТС5,656.01,66.72,8
r_00019754,family_000956,u_000956,2026-W28,ТС5,842.77,56.04,6
r_00019755,family_000956,u_000956,2026-W29,ТС5,706.26,43.95,8
r_00019756,family_000956,u_000956,2026-W29,ТС5,630.84,17.91,7
r_00019757,family_000956,u_000956,2026-W30,ТС5,680.68,69.95,7
r_00019758,family_000956,u_000956,2026-W30,ТС5,771.73,38.33,7
r_00019759,family_000956,u_000956,2026-W31,ТС5,560.65,12.76,9
r_00019760,family_000956,u_000956,2026-W31,ТС5,641.92,28.34,11
r_00019761,family_000956,u_000956,2026-W32,ТС5,718.67,63.91,6
r_00019762,family_000956,u_000956,2026-W32,ТС5,705.82,52.20,11
r_00019763,family_000956,u_000956,2026-W33,ТС5,622.28,14.95,5
r_00019764,family_000956,u_000956,2026-W33,ТС5,611.41,38.54,8
r_00019765,family_000956,u_000956,2026-W34,ТС5,603.76,10.36,9
r_00019766,family_000956,u_000956,2026-W34,ТС5,600.34,15.97,8
r_00019767,family_000956,u_000956,2026-W35,ТС5,660.57,79.98,6
r_00019768,family_000956,u_000956,2026-W35,ТС5,723.44,37.01,9
r_00019769,family_000956,u_000956,2026-W35,ТС5,539.76,21.71,11
r_00019770,family_000956,u_000956,2026-W36,ТС5,573.59,50.97,5
r_00019771,family_000956,u_000956,2026-W36,ТС5,716.53,13.32,6
r_00019772,family_000956,u_000956,2026-W36,ТС5,425.45,23.54,11
r_00019773,family_000957,u_000957,2026-W25,ТСХ,908.35,223.54,6
r_00019774,family_000957,u_000957,2026-W25,ТСХ,880.24,82.74,9
r_00019775,family_000957,u_000957,2026-W26,ТСХ,994.06,41.99,8
r_00019776,family_000957,u_000957,2026-W26,ТСХ,902.23,147.69,10
r_00019777,family_000957,u_000957,2026-W26,ТСХ,1092.39,148.00,6
r_00019778,family_000957,u_000957,2026-W27,ТСХ,1009.50,93.88,9
r_00019779,family_000957,u_000957,2026-W27,ТСХ,1061.61,112.48,10
r_00019780,family_000957,u_000957,2026-W28,ТСХ,898.66,53.38,6
r_00019781,family_000957,u_000957,2026-W28,ТСХ,880.78,56.70,7
r_00019782,family_000957,u_000957,2026-W29,ТСХ,940.20,32.01,6
r_00019783,family_000957,u_000957,2026-W29,ТСХ,1118.47,166.84,6
r_00019784,family_000957,u_000957,2026-W30,ТСХ,1023.93,107.15,10
r_00019785,family_000957,u_000957,2026-W30,ТСХ,1336.75,102.94,10
r_00019786,family_000957,u_000957,2026-W31,ТСХ,1169.98,139.51,11
r_00019787,family_000957,u_000957,2026-W31,ТСХ,857.95,98.94,5
r_00019788,family_000957,u_000957,2026-W32,ТСХ,865.84,21.91,6
r_00019789,family_000957,u_000957,2026-W32,ТСХ,796.56,188.53,5
r_00019790,family_000957,u_000957,2026-W33,ТСХ,723.77,136.08,11
r_00019791,family_000957,u_000957,2026-W33,ТСХ,979.93,180.13,10
r_00019792,family_000957,u_000957,2026-W34,ТСХ,1058.47,232.31,11
r_00019793,family_000957,u_000957,2026-W34,ТСХ,928.54,80.66,7
r_00019794,family_000957,u_000957,2026-W35,ТСХ,843.50,99.89,9
r_00019795,family_000957,u_000957,2026-W35,ТСХ,680.96,89.01,7
r_00019796,family_000957,u_000957,2026-W36,ТСХ,750.58,83.69,6
r_00019797,family_000957,u_000957,2026-W36,ТСХ,911.65,137.85,8
r_00019818,family_000960,u_000960,2026-W25,ТС5,548.39,34.50,9
r_00019819,family_000960,u_000960,2026-W25,ТС5,709.69,18.08,9
r_00019820,family_000960,u_000960,2026-W25,ТС5,734.77,63.36,9
r_00019821,family_000960,u_000960,2026-W26,ТС5,666.73,109.11,6
r_00019822,family_000960,u_000960,2026-W26,ТС5,795.53,40.69,6
r_00019823,family_000960,u_000960,2026-W26,ТС5,578.31,48.20,11
r_00019824,family_000960,u_000960,2026-W27,ТС5,836.86,9.03,10
r_00019825,family_000960,u_000960,2026-W27,ТС5,800.92,49.99,6
r_00019826,family_000960,u_000960,2026-W28,ТС5,722.82,26.14,8
r_00019827,family_000960,u_000960,2026-W28,ТС5,693.77,71.67,8
r_00019828,family_000960,u_000960,2026-W28,ТС5,614.64,31.05,11
r_00019829,family_000960,u_000960,2026-W29,ТС5,618.87,52.45,5
r_00019830,family_000960,u_000960,2026-W29,ТС5,672.06,72.65,9
r_00019831,family_000960,u_000960,2026-W29,ТС5,600.80,70.19,10
r_00019832,family_000960,u_000960,2026-W30,ТС5,664.17,33.04,11
r_00019833,family_000960,u_000960,2026-W30,ТС5,675.70,7.97,10
r_00019834,family_000960,u_000960,2026-W30,ТС5,438.43,34.70,5
r_00019835,family_000960,u_000960,2026-W31,ТС5,705.45,28.31,7
r_00019836,family_000960,u_000960,2026-W31,ТС5,725.41,16.37,9
r_00019837,family_000960,u_000960,2026-W31,ТС5,636.57,25.31,10
r_00019838,family_000960,u_000960,2026-W31,ТС5,499.53,37.96,5
r_00019839,family_000960,u_000960,2026-W32,ТС5,635.96,68.16,8
r_00019840,family_000960,u_000960,2026-W32,ТС5,613.06,0.00,5
r_00019841,family_000960,u_000960,2026-W32,ТС5,400.80,59.57,5
r_00019842,family_000960,u_000960,2026-W33,ТС5,684.03,25.06,8
r_00019843,family_000960,u_000960,2026-W33,ТС5,632.20,51.33,6
r_00019844,family_000960,u_000960,2026-W33,ТС5,723.74,23.24,10
r_00019845,family_000960,u_000960,2026-W34,ТС5,598.29,22.71,10
r_00019846,family_000960,u_000960,2026-W34,ТС5,541.30,18.18,10
r_00019847,family_000960,u_000960,2026-W34,ТС5,591.13,35.64,7
r_00019848,family_000960,u_000960,2026-W35,ТС5,557.30,39.03,9
r_00019849,family_000960,u_000960,2026-W35,ТС5,738.92,30.12,10
r_00019850,family_000960,u_000960,2026-W35,ТС5,694.72,49.43,9
r_00019851,family_000960,u_000960,2026-W36,ТС5,555.07,25.48,10
r_00019852,family_000960,u_000960,2026-W36,ТС5,822.44,42.03,9
r_00019898,family_000963,u_000963,2026-W25,ТСХ,937.64,34.40,8
r_00019899,family_000963,u_000963,2026-W25,ТСХ,773.55,145.80,10
r_00019900,family_000963,u_000963,2026-W26,ТСХ,951.54,126.90,8
r_00019901,family_000963,u_000963,2026-W27,ТСХ,1185.19,224.85,8
r_00019902,family_000963,u_000963,2026-W27,ТСХ,1074.39,236.37,10
r_00019903,family_000963,u_000963,2026-W28,ТСХ,1371.20,38.21,10
r_00019904,family_000963,u_000963,2026-W28,ТСХ,466.83,110.64,7
r_00019905,family_000963,u_000963,2026-W29,ТСХ,923.54,65.80,7
r_00019906,family_000963,u_000963,2026-W29,ТСХ,851.56,76.14,9
r_00019907,family_000963,u_000963,2026-W29,ТСХ,673.58,78.36,5
r_00019908,family_000963,u_000963,2026-W30,ТСХ,956.65,91.20,9
r_00019909,family_000963,u_000963,2026-W31,ТСХ,994.56,78.81,10
r_00019910,family_000963,u_000963,2026-W32,ТСХ,819.21,76.20,8
r_00019911,family_000963,u_000963,2026-W32,ТСХ,733.78,167.60,11
r_00019912,family_000963,u_000963,2026-W33,ТСХ,924.34,145.29,6
r_00019913,family_000963,u_000963,2026-W33,ТСХ,746.53,213.60,5
r_00019914,family_000963,u_000963,2026-W34,ТСХ,1328.85,28.15,9
r_00019915,family_000963,u_000963,2026-W35,ТСХ,498.61,145.47,5
r_00019916,family_000963,u_000963,2026-W35,ТСХ,942.28,138.48,8
r_00019917,family_000963,u_000963,2026-W36,ТСХ,760.51,69.06,9
r_00019918,family_000963,u_000963,2026-W36,ТСХ,1238.73,227.97,10
r_00019956,family_000967,u_000967,2026-W25,ТС5,474.90,20.31,11
r_00019957,family_000967,u_000967,2026-W25,ТС5,552.86,8.22,9
r_00019958,family_000967,u_000967,2026-W26,ТС5,682.17,43.91,7
r_00019959,family_000967,u_000967,2026-W26,ТС5,661.20,38.99,10
r_00019960,family_000967,u_000967,2026-W26,ТС5,606.68,84.38,5
r_00019961,family_000967,u_000967,2026-W27,ТС5,583.29,12.19,6
r_00019962,family_000967,u_000967,2026-W27,ТС5,723.17,15.13,9
r_00019963,family_000967,u_000967,2026-W27,ТС5,684.49,85.08,8
r_00019964,family_000967,u_000967,2026-W28,ТС5,573.69,45.53,8
r_00019965,family_000967,u_000967,2026-W28,ТС5,584.28,27.67,10
r_00019966,family_000967,u_000967,2026-W28,ТС5,751.31,101.49,11
r_00019967,family_000967,u_000967,2026-W29,ТС5,574.19,16.84,9
r_00019968,family_000967,u_000967,2026-W29,ТС5,791.91,54.49,11
r_00019969,family_000967,u_000967,2026-W29,ТС5,752.77,15.65,10
r_00019970,family_000967,u_000967,2026-W30,ТС5,364.30,0.00,6
r_00019971,family_000967,u_000967,2026-W30,ТС5,483.02,23.10,6
r_00019972,family_000967,u_000967,2026-W30,ТС5,650.62,55.95,6
r_00019973,family_000967,u_000967,2026-W31,ТС5,514.62,58.57,8
r_00019974,family_000967,u_000967,2026-W31,ТС5,462.33,47.97,6
r_00019975,family_000967,u_000967,2026-W31,ТС5,653.80,53.63,6
r_00019976,family_000967,u_000967,2026-W32,ТС5,593.19,27.17,8
r_00019977,family_000967,u_000967,2026-W32,ТС5,779.49,23.96,6
r_00019978,family_000967,u_000967,2026-W32,ТС5,529.10,33.18,8
r_00019979,family_000967,u_000967,2026-W33,ТС5,375.60,41.22,8
r_00019980,family_000967,u_000967,2026-W33,ТС5,641.62,11.94,10
r_00019981,family_000967,u_000967,2026-W33,ТС5,539.74,29.47,7
r_00019982,family_000967,u_000967,2026-W34,ТС5,698.85,33.87,9
r_00019983,family_000967,u_000967,2026-W34,ТС5,822.20,54.77,11
r_00019984,family_000967,u_000967,2026-W34,ТС5,585.11,83.88,6
r_00019985,family_000967,u_000967,2026-W35,ТС5,685.62,84.53,10
r_00019986,family_000967,u_000967,2026-W35,ТС5,707.68,80.69,11
r_00019987,family_000967,u_000967,2026-W35,ТС5,581.56,114.72,5
r_00019988,family_000967,u_000967,2026-W36,ТС5,636.73,13.63,7
r_00019989,family_000967,u_000967,2026-W36,ТС5,400.08,36.43,8
r_00019990,family_000967,u_000967,2026-W36,ТС5,741.25,43.12,7
r_00020114,family_000976,u_000976,2026-W25,ТС5,712.35,87.02,8
r_00020115,family_000976,u_000976,2026-W25,ТС5,612.96,24.45,7
r_00020116,family_000976,u_000976,2026-W26,ТС5,696.85,75.01,8
r_00020117,family_000976,u_000976,2026-W26,ТС5,655.13,21.58,10
r_00020118,family_000976,u_000976,2026-W27,ТС5,578.06,47.06,5
r_00020119,family_000976,u_000976,2026-W27,ТС5,777.42,17.80,7
r_00020120,family_000976,u_000976,2026-W28,ТС5,794.32,8.40,9
r_00020121,family_000976,u_000976,2026-W28,ТС5,681.14,0.00,6
r_00020122,family_000976,u_000976,2026-W29,ТС5,642.90,80.32,5
r_00020123,family_000976,u_000976,2026-W29,ТС5,507.43,35.21,10
r_00020124,family_000976,u_000976,2026-W30,ТС5,572.32,80.51,9
r_00020125,family_000976,u_000976,2026-W30,ТС5,921.41,0.00,9
r_00020126,family_000976,u_000976,2026-W31,ТС5,637.53,62.96,7
r_00020127,family_000976,u_000976,2026-W31,ТС5,834.52,50.56,8
r_00020128,family_000976,u_000976,2026-W32,ТС5,522.62,16.86,5
r_00020129,family_000976,u_000976,2026-W32,ТС5,826.35,32.49,10
r_00020130,family_000976,u_000976,2026-W33,ТС5,661.86,43.60,10
r_00020131,family_000976,u_000976,2026-W33,ТС5,398.57,6.72,9
r_00020132,family_000976,u_000976,2026-W34,ТС5,835.66,22.34,10
r_00020133,family_000976,u_000976,2026-W34,ТС5,625.96,49.40,7
r_00020134,family_000976,u_000976,2026-W35,ТС5,491.33,52.27,6
r_00020135,family_000976,u_000976,2026-W35,ТС5,510.36,0.00,5
r_00020136,family_000976,u_000976,2026-W36,ТС5,571.18,76.06,10
r_00020137,family_000976,u_000976,2026-W36,ТС5,687.93,46.75,9
r_00020211,family_000981,u_000981,2026-W25,ТС5,410.18,47.89,11
r_00020212,family_000981,u_000981,2026-W25,ТС5,491.78,10.28,10
r_00020213,family_000981,u_000981,2026-W26,ТС5,635.73,16.49,9
r_00020214,family_000981,u_000981,2026-W26,ТС5,617.49,22.94,7
r_00020215,family_000981,u_000981,2026-W26,ТС5,645.95,34.78,9
r_00020216,family_000981,u_000981,2026-W27,ТС5,564.00,40.55,8
r_00020217,family_000981,u_000981,2026-W27,ТС5,898.70,10.96,9
r_00020218,family_000981,u_000981,2026-W27,ТС5,515.89,45.50,9
r_00020219,family_000981,u_000981,2026-W28,ТС5,594.82,21.28,9
r_00020220,family_000981,u_000981,2026-W28,ТС5,718.15,101.27,8
r_00020221,family_000981,u_000981,2026-W28,ТС5,682.80,11.07,8
r_00020222,family_000981,u_000981,2026-W29,ТС5,676.12,39.48,5
r_00020223,family_000981,u_000981,2026-W29,ТС5,618.80,9.28,6
r_00020224,family_000981,u_000981,2026-W29,ТС5,467.79,15.13,6
r_00020225,family_000981,u_000981,2026-W30,ТС5,613.28,16.67,6
r_00020226,family_000981,u_000981,2026-W30,ТС5,630.10,18.01,5
r_00020227,family_000981,u_000981,2026-W30,ТС5,663.50,30.32,7
r_00020228,family_000981,u_000981,2026-W31,ТС5,757.59,29.72,11
r_00020229,family_000981,u_000981,2026-W31,ТС5,718.16,52.45,7
r_00020230,family_000981,u_000981,2026-W32,ТС5,510.09,27.79,7
r_00020231,family_000981,u_000981,2026-W32,ТС5,608.63,64.33,5
r_00020232,family_000981,u_000981,2026-W32,ТС5,547.45,57.08,9
r_00020233,family_000981,u_000981,2026-W33,ТС5,590.88,37.52,6
r_00020234,family_000981,u_000981,2026-W33,ТС5,731.53,29.29,11
r_00020235,family_000981,u_000981,2026-W33,ТС5,527.94,57.43,9
r_00020236,family_000981,u_000981,2026-W34,ТС5,644.36,22.44,7
r_00020237,family_000981,u_000981,2026-W34,ТС5,714.52,13.20,5
r_00020238,family_000981,u_000981,2026-W34,ТС5,378.22,15.53,9
r_00020239,family_000981,u_000981,2026-W35,ТС5,509.76,32.47,11
r_00020240,family_000981,u_000981,2026-W35,ТС5,741.67,0.00,5
r_00020241,family_000981,u_000981,2026-W35,ТС5,447.32,9.10,8
r_00020242,family_000981,u_000981,2026-W36,ТС5,851.43,22.46,8
r_00020243,family_000981,u_000981,2026-W36,ТС5,601.82,49.88,11
r_00020244,family_000981,u_000981,2026-W36,ТС5,764.85,52.91,6
r_00020299,family_000984,u_000984,2026-W25,ТС5,607.40,36.97,5
r_00020300,family_000984,u_000984,2026-W25,ТС5,544.78,55.12,7
r_00020301,family_000984,u_000984,2026-W26,ТС5,569.09,15.30,8
r_00020302,family_000984,u_000984,2026-W26,ТС5,691.06,70.72,7
r_00020303,family_000984,u_000984,2026-W27,ТС5,660.09,39.70,10
r_00020304,family_000984,u_000984,2026-W27,ТС5,448.55,13.95,5
r_00020305,family_000984,u_000984,2026-W28,ТС5,555.85,25.95,7
r_00020306,family_000984,u_000984,2026-W29,ТС5,684.74,37.74,8
r_00020307,family_000984,u_000984,2026-W30,ТС5,770.45,18.76,9
r_00020308,family_000984,u_000984,2026-W31,ТС5,730.00,8.44,11
r_00020309,family_000984,u_000984,2026-W31,ТС5,809.61,22.73,5
r_00020310,family_000984,u_000984,2026-W32,ТС5,726.33,36.59,7
r_00020311,family_000984,u_000984,2026-W32,ТС5,668.45,58.07,9
r_00020312,family_000984,u_000984,2026-W33,ТС5,612.97,77.83,10
r_00020313,family_000984,u_000984,2026-W33,ТС5,638.68,42.94,7
r_00020314,family_000984,u_000984,2026-W34,ТС5,849.03,16.48,7
r_00020315,family_000984,u_000984,2026-W34,ТС5,853.60,40.78,10
r_00020316,family_000984,u_000984,2026-W35,ТС5,726.80,49.09,9
r_00020317,family_000984,u_000984,2026-W35,ТС5,192.23,20.77,8
r_00020318,family_000984,u_000984,2026-W36,ТС5,694.71,26.94,11
r_00020319,family_000984,u_000984,2026-W36,ТС5,644.35,9.58,11
r_00020320,family_000985,u_000985,2026-W25,ТС5,733.99,36.37,5
r_00020321,family_000985,u_000985,2026-W25,ТС5,864.66,111.06,11
r_00020322,family_000985,u_000985,2026-W26,ТС5,386.31,44.27,5
r_00020323,family_000985,u_000985,2026-W26,ТС5,598.75,58.84,10
r_00020324,family_000985,u_000985,2026-W27,ТС5,632.33,78.89,11
r_00020325,family_000985,u_000985,2026-W27,ТС5,764.09,30.96,5
r_00020326,family_000985,u_000985,2026-W28,ТС5,617.44,92.90,9
r_00020327,family_000985,u_000985,2026-W28,ТС5,490.09,56.87,11
r_00020328,family_000985,u_000985,2026-W29,ТС5,446.88,40.51,10
r_00020329,family_000985,u_000985,2026-W29,ТС5,708.34,84.57,10
r_00020330,family_000985,u_000985,2026-W30,ТС5,712.33,105.97,10
r_00020331,family_000985,u_000985,2026-W32,ТС5,606.94,41.56,9
r_00020332,family_000985,u_000985,2026-W32,ТС5,552.46,47.57,7
r_00020333,family_000985,u_000985,2026-W33,ТС5,535.37,50.11,6
r_00020334,family_000985,u_000985,2026-W34,ТС5,604.54,72.69,5
r_00020335,family_000985,u_000985,2026-W35,ТС5,600.37,78.02,9
r_00020336,family_000985,u_000985,2026-W36,ТС5,696.10,38.10,6
r_00020337,family_000985,u_000985,2026-W36,ТС5,651.23,92.62,7
r_00020556,family_001002,u_001002,2026-W25,ТСХ,1223.55,94.25,9
r_00020557,family_001002,u_001002,2026-W25,ТСХ,1037.42,68.54,11
r_00020558,family_001002,u_001002,2026-W26,ТСХ,905.76,121.41,5
r_00020559,family_001002,u_001002,2026-W26,ТСХ,1108.04,12.00,9
r_00020560,family_001002,u_001002,2026-W26,ТСХ,773.33,33.26,7
r_00020561,family_001002,u_001002,2026-W27,ТСХ,901.10,158.78,6
r_00020562,family_001002,u_001002,2026-W27,ТСХ,1038.70,10.88,10
r_00020563,family_001002,u_001002,2026-W27,ТСХ,1247.44,118.14,8
r_00020564,family_001002,u_001002,2026-W28,ТСХ,937.00,55.55,8
r_00020565,family_001002,u_001002,2026-W28,ТСХ,1035.11,130.16,8
r_00020566,family_001002,u_001002,2026-W28,ТСХ,1082.91,25.95,8
r_00020567,family_001002,u_001002,2026-W29,ТСХ,1248.37,0.00,11
r_00020568,family_001002,u_001002,2026-W29,ТСХ,1120.45,22.94,5
r_00020569,family_001002,u_001002,2026-W29,ТСХ,833.47,50.31,9
r_00020570,family_001002,u_001002,2026-W30,ТСХ,1107.06,104.74,9
r_00020571,family_001002,u_001002,2026-W30,ТСХ,747.26,35.03,10
r_00020572,family_001002,u_001002,2026-W30,ТСХ,911.04,96.80,6
r_00020573,family_001002,u_001002,2026-W31,ТСХ,714.84,66.53,9
r_00020574,family_001002,u_001002,2026-W31,ТСХ,740.52,29.61,10
r_00020575,family_001002,u_001002,2026-W31,ТСХ,1439.46,78.94,11
r_00020576,family_001002,u_001002,2026-W32,ТСХ,1015.26,39.33,10
r_00020577,family_001002,u_001002,2026-W32,ТСХ,1179.81,13.28,10
r_00020578,family_001002,u_001002,2026-W32,ТСХ,1256.20,86.07,6
r_00020579,family_001002,u_001002,2026-W33,ТСХ,1120.92,60.98,9
r_00020580,family_001002,u_001002,2026-W33,ТСХ,730.94,9.67,9
r_00020581,family_001002,u_001002,2026-W33,ТСХ,830.45,50.89,11
r_00020582,family_001002,u_001002,2026-W34,ТСХ,881.29,43.37,7
r_00020583,family_001002,u_001002,2026-W34,ТСХ,865.54,32.83,6
r_00020584,family_001002,u_001002,2026-W34,ТСХ,1060.91,143.49,10
r_00020585,family_001002,u_001002,2026-W35,ТСХ,1025.02,100.14,10
r_00020586,family_001002,u_001002,2026-W35,ТСХ,939.75,52.87,11
r_00020587,family_001002,u_001002,2026-W35,ТСХ,785.39,78.02,11
r_00020588,family_001002,u_001002,2026-W36,ТСХ,962.86,37.45,5
r_00020589,family_001002,u_001002,2026-W36,ТСХ,858.13,96.56,5
r_00020590,family_001002,u_001002,2026-W36,ТСХ,1123.42,63.40,5
r_00020591,family_001003,u_001003,2026-W25,ТСЧ,940.57,80.22,9
r_00020592,family_001003,u_001003,2026-W25,ТСЧ,1022.93,201.82,8
r_00020593,family_001003,u_001003,2026-W26,ТСЧ,565.47,19.66,5
r_00020594,family_001003,u_001003,2026-W27,ТСЧ,1110.78,30.10,8
r_00020595,family_001003,u_001003,2026-W28,ТСЧ,547.77,28.73,8
r_00020596,family_001003,u_001003,2026-W28,ТСЧ,929.32,62.11,9
r_00020597,family_001003,u_001003,2026-W29,ТСЧ,1133.34,0.00,5
r_00020598,family_001003,u_001003,2026-W30,ТСЧ,898.34,60.09,11
r_00020599,family_001003,u_001003,2026-W30,ТСЧ,545.90,40.69,6
r_00020600,family_001003,u_001003,2026-W31,ТСЧ,917.84,22.09,10
r_00020601,family_001003,u_001003,2026-W32,ТСЧ,685.57,66.89,6
r_00020602,family_001003,u_001003,2026-W32,ТСЧ,815.60,19.40,7
r_00020603,family_001003,u_001003,2026-W33,ТСЧ,656.23,27.35,11
r_00020604,family_001003,u_001003,2026-W33,ТСЧ,944.24,34.62,11
r_00020605,family_001003,u_001003,2026-W34,ТСЧ,712.87,69.09,8
r_00020606,family_001003,u_001003,2026-W34,ТСЧ,746.57,56.99,10
r_00020607,family_001003,u_001003,2026-W35,ТСЧ,968.21,0.00,6
r_00020608,family_001003,u_001003,2026-W35,ТСЧ,583.08,137.98,5
r_00020609,family_001003,u_001003,2026-W36,ТСЧ,753.06,25.04,5
r_00020610,family_001003,u_001003,2026-W36,ТСЧ,549.79,49.75,11
r_00020618,family_001005,u_001005,2026-W25,ТСХ,781.89,51.89,11
r_00020619,family_001005,u_001005,2026-W25,ТСХ,1097.67,16.24,7
r_00020620,family_001005,u_001005,2026-W25,ТСХ,999.33,55.98,10
r_00020621,family_001005,u_001005,2026-W26,ТСХ,920.55,15.05,6
r_00020622,family_001005,u_001005,2026-W26,ТСХ,1195.78,0.00,5
r_00020623,family_001005,u_001005,2026-W26,ТСХ,916.58,97.03,11
r_00020624,family_001005,u_001005,2026-W27,ТСХ,926.47,42.41,11
r_00020625,family_001005,u_001005,2026-W27,ТСХ,906.92,54.32,9
r_00020626,family_001005,u_001005,2026-W27,ТСХ,1167.01,38.22,10
r_00020627,family_001005,u_001005,2026-W28,ТСХ,1254.80,64.64,10
r_00020628,family_001005,u_001005,2026-W28,ТСХ,1255.36,21.21,9
r_00020629,family_001005,u_001005,2026-W29,ТСХ,1193.58,41.31,10
r_00020630,family_001005,u_001005,2026-W29,ТСХ,846.54,36.99,6
r_00020631,family_001005,u_001005,2026-W30,ТСХ,719.48,96.51,6
r_00020632,family_001005,u_001005,2026-W30,ТСХ,868.95,60.56,5
r_00020633,family_001005,u_001005,2026-W31,ТСХ,1074.15,16.65,6
r_00020634,family_001005,u_001005,2026-W31,ТСХ,1077.22,21.18,9
r_00020635,family_001005,u_001005,2026-W31,ТСХ,978.39,107.38,9
r_00020636,family_001005,u_001005,2026-W32,ТСХ,884.67,66.86,6
r_00020637,family_001005,u_001005,2026-W32,ТСХ,882.83,63.47,5
r_00020638,family_001005,u_001005,2026-W32,ТСХ,1309.93,44.49,11
r_00020639,family_001005,u_001005,2026-W33,ТСХ,843.95,24.98,7
r_00020640,family_001005,u_001005,2026-W33,ТСХ,1040.22,33.10,11
r_00020641,family_001005,u_001005,2026-W34,ТСХ,1032.10,86.85,11
r_00020642,family_001005,u_001005,2026-W34,ТСХ,1086.71,87.56,8
r_00020643,family_001005,u_001005,2026-W34,ТСХ,1180.86,98.82,10
r_00020644,family_001005,u_001005,2026-W35,ТСХ,794.47,22.71,6
r_00020645,family_001005,u_001005,2026-W35,ТСХ,1069.57,63.37,10
r_00020646,family_001005,u_001005,2026-W36,ТСХ,1108.09,26.69,7
r_00020647,family_001005,u_001005,2026-W36,ТСХ,768.28,111.35,7
r_00020648,family_001006,u_001006,2026-W25,ТСЧ,755.14,66.06,5
r_00020649,family_001006,u_001006,2026-W26,ТСЧ,667.84,56.06,8
r_00020650,family_001006,u_001006,2026-W26,ТСЧ,977.37,37.16,9
r_00020651,family_001006,u_001006,2026-W27,ТСЧ,922.99,132.45,5
r_00020652,family_001006,u_001006,2026-W27,ТСЧ,933.16,0.00,6
r_00020653,family_001006,u_001006,2026-W27,ТСЧ,957.73,75.07,9
r_00020654,family_001006,u_001006,2026-W28,ТСЧ,850.82,54.17,5
r_00020655,family_001006,u_001006,2026-W28,ТСЧ,856.38,86.14,8
r_00020656,family_001006,u_001006,2026-W29,ТСЧ,698.14,6.70,7
r_00020657,family_001006,u_001006,2026-W29,ТСЧ,734.99,42.65,8
r_00020658,family_001006,u_001006,2026-W30,ТСЧ,1045.79,48.87,8
r_00020659,family_001006,u_001006,2026-W30,ТСЧ,801.89,41.97,8
r_00020660,family_001006,u_001006,2026-W31,ТСЧ,626.27,13.35,10
r_00020661,family_001006,u_001006,2026-W31,ТСЧ,876.58,0.00,6
r_00020662,family_001006,u_001006,2026-W32,ТСЧ,597.44,0.00,5
r_00020663,family_001006,u_001006,2026-W32,ТСЧ,708.44,70.58,11
r_00020664,family_001006,u_001006,2026-W33,ТСЧ,799.04,31.39,9
r_00020665,family_001006,u_001006,2026-W33,ТСЧ,1057.93,46.94,11
r_00020666,family_001006,u_001006,2026-W33,ТСЧ,642.81,28.46,10
r_00020667,family_001006,u_001006,2026-W34,ТСЧ,836.53,18.92,6
r_00020668,family_001006,u_001006,2026-W34,ТСЧ,1125.40,57.14,10
r_00020669,family_001006,u_001006,2026-W35,ТСЧ,956.13,59.85,5
r_00020670,family_001006,u_001006,2026-W35,ТСЧ,736.01,66.30,5
r_00020671,family_001006,u_001006,2026-W36,ТСЧ,769.48,45.66,10
r_00020672,family_001006,u_001006,2026-W36,ТСЧ,781.52,17.69,8
r_00020696,family_001009,u_001009,2026-W25,ТС5,644.49,64.87,11
r_00020697,family_001009,u_001009,2026-W26,ТС5,649.42,66.94,8
r_00020698,family_001009,u_001009,2026-W26,ТС5,624.98,44.33,11
r_00020699,family_001009,u_001009,2026-W27,ТС5,569.45,135.09,5
r_00020700,family_001009,u_001009,2026-W28,ТС5,592.19,85.38,5
r_00020701,family_001009,u_001009,2026-W29,ТС5,541.68,47.17,5
r_00020702,family_001009,u_001009,2026-W30,ТС5,521.53,62.65,11
r_00020703,family_001009,u_001009,2026-W30,ТС5,661.26,23.81,8
r_00020704,family_001009,u_001009,2026-W30,ТС5,789.54,41.83,8
r_00020705,family_001009,u_001009,2026-W31,ТС5,647.93,40.96,8
r_00020706,family_001009,u_001009,2026-W31,ТС5,700.54,83.25,9
r_00020707,family_001009,u_001009,2026-W32,ТС5,599.71,37.19,6
r_00020708,family_001009,u_001009,2026-W32,ТС5,956.12,37.70,7
r_00020709,family_001009,u_001009,2026-W32,ТС5,613.94,125.65,8
r_00020710,family_001009,u_001009,2026-W33,ТС5,335.34,49.58,10
r_00020711,family_001009,u_001009,2026-W33,ТС5,443.11,46.21,11
r_00020712,family_001009,u_001009,2026-W34,ТС5,690.78,150.90,11
r_00020713,family_001009,u_001009,2026-W35,ТС5,552.08,65.40,6
r_00020714,family_001009,u_001009,2026-W35,ТС5,567.82,77.19,8
r_00020715,family_001009,u_001009,2026-W36,ТС5,541.88,95.24,5
r_00020809,family_001015,u_001015,2026-W25,ТС5,676.01,108.78,6
r_00020810,family_001015,u_001015,2026-W25,ТС5,363.55,108.77,5
r_00020811,family_001015,u_001015,2026-W25,ТС5,726.23,88.87,6
r_00020812,family_001015,u_001015,2026-W26,ТС5,503.06,129.92,7
r_00020813,family_001015,u_001015,2026-W26,ТС5,721.31,169.81,9
r_00020814,family_001015,u_001015,2026-W26,ТС5,553.52,118.90,7
r_00020815,family_001015,u_001015,2026-W27,ТС5,449.89,151.85,6
r_00020816,family_001015,u_001015,2026-W27,ТС5,585.85,105.03,5
r_00020817,family_001015,u_001015,2026-W27,ТС5,611.35,32.34,7
r_00020818,family_001015,u_001015,2026-W28,ТС5,734.10,67.10,5
r_00020819,family_001015,u_001015,2026-W28,ТС5,646.32,56.16,5
r_00020820,family_001015,u_001015,2026-W28,ТС5,746.33,91.88,10
r_00020821,family_001015,u_001015,2026-W29,ТС5,709.80,90.68,7
r_00020822,family_001015,u_001015,2026-W29,ТС5,642.80,63.01,6
r_00020823,family_001015,u_001015,2026-W29,ТС5,528.68,123.90,8
r_00020824,family_001015,u_001015,2026-W30,ТС5,671.23,79.65,11
r_00020825,family_001015,u_001015,2026-W30,ТС5,542.62,45.63,5
r_00020826,family_001015,u_001015,2026-W31,ТС5,580.08,104.37,7
r_00020827,family_001015,u_001015,2026-W31,ТС5,692.20,34.49,6
r_00020828,family_001015,u_001015,2026-W31,ТС5,615.24,116.29,11
r_00020829,family_001015,u_001015,2026-W32,ТС5,772.84,0.00,5
r_00020830,family_001015,u_001015,2026-W32,ТС5,670.95,98.06,6
r_00020831,family_001015,u_001015,2026-W33,ТС5,735.87,88.90,11
r_00020832,family_001015,u_001015,2026-W33,ТС5,526.89,122.56,8
r_00020833,family_001015,u_001015,2026-W34,ТС5,584.87,151.13,7
r_00020834,family_001015,u_001015,2026-W34,ТС5,647.45,7.22,7
r_00020835,family_001015,u_001015,2026-W34,ТС5,765.90,134.52,8
r_00020836,family_001015,u_001015,2026-W35,ТС5,619.87,150.35,7
r_00020837,family_001015,u_001015,2026-W35,ТС5,803.12,10.51,8
r_00020838,family_001015,u_001015,2026-W35,ТС5,579.11,93.01,11
r_00020839,family_001015,u_001015,2026-W36,ТС5,608.43,127.94,10
r_00020840,family_001015,u_001015,2026-W36,ТС5,599.73,50.41,8
r_00020841,family_001015,u_001015,2026-W36,ТС5,709.97,77.44,8
r_00020842,family_001016,u_001016,2026-W25,ТС5,764.96,46.26,11
r_00020843,family_001016,u_001016,2026-W25,ТС5,646.98,90.91,8
r_00020844,family_001016,u_001016,2026-W26,ТС5,390.62,25.26,9
r_00020845,family_001016,u_001016,2026-W26,ТС5,431.16,123.09,5
r_00020846,family_001016,u_001016,2026-W27,ТС5,752.65,21.25,7
r_00020847,family_001016,u_001016,2026-W27,ТС5,594.29,83.36,6
r_00020848,family_001016,u_001016,2026-W28,ТС5,742.47,63.90,9
r_00020849,family_001016,u_001016,2026-W29,ТС5,456.79,78.16,11
r_00020850,family_001016,u_001016,2026-W30,ТС5,609.45,98.64,11
r_00020851,family_001016,u_001016,2026-W30,ТС5,551.98,105.36,7
r_00020852,family_001016,u_001016,2026-W31,ТС5,821.84,65.32,11
r_00020853,family_001016,u_001016,2026-W31,ТС5,536.13,50.64,10
r_00020854,family_001016,u_001016,2026-W32,ТС5,613.77,62.37,10
r_00020855,family_001016,u_001016,2026-W33,ТС5,547.24,102.31,7
r_00020856,family_001016,u_001016,2026-W33,ТС5,656.88,63.21,7
r_00020857,family_001016,u_001016,2026-W34,ТС5,768.30,36.07,5
r_00020858,family_001016,u_001016,2026-W34,ТС5,443.82,51.10,11
r_00020859,family_001016,u_001016,2026-W35,ТС5,582.36,102.74,10
r_00020860,family_001016,u_001016,2026-W36,ТС5,652.39,116.65,9
r_00020861,family_001016,u_001016,2026-W36,ТС5,614.42,66.75,8
r_00020957,family_001020,u_001020,2026-W25,ТС5,559.99,20.43,8
r_00020958,family_001020,u_001020,2026-W25,ТС5,702.40,25.60,6
r_00020959,family_001020,u_001020,2026-W26,ТС5,587.21,27.63,9
r_00020960,family_001020,u_001020,2026-W27,ТС5,488.88,37.99,10
r_00020961,family_001020,u_001020,2026-W27,ТС5,580.95,41.50,5
r_00020962,family_001020,u_001020,2026-W28,ТС5,649.71,0.00,5
r_00020963,family_001020,u_001020,2026-W28,ТС5,720.42,42.89,10
r_00020964,family_001020,u_001020,2026-W29,ТС5,674.67,14.89,9
r_00020965,family_001020,u_001020,2026-W29,ТС5,774.77,60.81,5
r_00020966,family_001020,u_001020,2026-W30,ТС5,732.01,64.56,10
r_00020967,family_001020,u_001020,2026-W30,ТС5,603.07,42.62,7
r_00020968,family_001020,u_001020,2026-W31,ТС5,605.86,39.73,5
r_00020969,family_001020,u_001020,2026-W31,ТС5,729.28,26.83,5
r_00020970,family_001020,u_001020,2026-W32,ТС5,681.08,76.19,10
r_00020971,family_001020,u_001020,2026-W32,ТС5,368.09,11.43,10
r_00020972,family_001020,u_001020,2026-W33,ТС5,651.10,37.20,6
r_00020973,family_001020,u_001020,2026-W33,ТС5,747.03,40.20,6
r_00020974,family_001020,u_001020,2026-W34,ТС5,600.65,16.84,5
r_00020975,family_001020,u_001020,2026-W34,ТС5,612.50,89.54,5
r_00020976,family_001020,u_001020,2026-W35,ТС5,686.81,18.72,7
r_00020977,family_001020,u_001020,2026-W35,ТС5,558.78,31.80,10
r_00020978,family_001020,u_001020,2026-W36,ТС5,654.09,40.32,8
r_00020979,family_001020,u_001020,2026-W36,ТС5,455.12,44.06,7
r_00021050,family_001024,u_001024,2026-W25,ТС5,743.04,56.23,7
r_00021051,family_001024,u_001024,2026-W25,ТС5,591.02,57.13,7
r_00021052,family_001024,u_001024,2026-W26,ТС5,714.01,35.99,6
r_00021053,family_001024,u_001024,2026-W26,ТС5,554.63,49.94,11
r_00021054,family_001024,u_001024,2026-W27,ТС5,790.97,50.87,6
r_00021055,family_001024,u_001024,2026-W27,ТС5,599.90,11.05,9
r_00021056,family_001024,u_001024,2026-W28,ТС5,647.86,0.00,5
r_00021057,family_001024,u_001024,2026-W28,ТС5,685.22,52.75,11
r_00021058,family_001024,u_001024,2026-W29,ТС5,566.73,9.53,6
r_00021059,family_001024,u_001024,2026-W29,ТС5,720.35,93.60,5
r_00021060,family_001024,u_001024,2026-W30,ТС5,536.65,40.68,8
r_00021061,family_001024,u_001024,2026-W30,ТС5,640.50,47.78,5
r_00021062,family_001024,u_001024,2026-W31,ТС5,623.54,80.36,11
r_00021063,family_001024,u_001024,2026-W31,ТС5,710.32,62.32,11
r_00021064,family_001024,u_001024,2026-W32,ТС5,528.80,51.69,10
r_00021065,family_001024,u_001024,2026-W32,ТС5,928.76,10.64,7
r_00021066,family_001024,u_001024,2026-W33,ТС5,664.13,39.36,9
r_00021067,family_001024,u_001024,2026-W33,ТС5,640.45,7.51,7
r_00021068,family_001024,u_001024,2026-W33,ТС5,542.79,74.67,6
r_00021069,family_001024,u_001024,2026-W34,ТС5,732.96,0.00,8
r_00021070,family_001024,u_001024,2026-W34,ТС5,639.81,18.51,5
r_00021071,family_001024,u_001024,2026-W35,ТС5,499.05,28.20,11
r_00021072,family_001024,u_001024,2026-W35,ТС5,627.02,32.28,9
r_00021073,family_001024,u_001024,2026-W36,ТС5,823.05,38.91,7
r_00021074,family_001024,u_001024,2026-W36,ТС5,780.03,5.30,8
r_00021212,family_001034,u_001034,2026-W25,ТС5,606.31,129.04,6
r_00021213,family_001034,u_001034,2026-W25,ТС5,557.85,0.00,7
r_00021214,family_001034,u_001034,2026-W25,ТС5,586.37,48.67,6
r_00021215,family_001034,u_001034,2026-W26,ТС5,702.93,38.38,5
r_00021216,family_001034,u_001034,2026-W26,ТС5,541.67,92.93,7
r_00021217,family_001034,u_001034,2026-W26,ТС5,733.31,30.91,9
r_00021218,family_001034,u_001034,2026-W27,ТС5,890.88,102.44,7
r_00021219,family_001034,u_001034,2026-W27,ТС5,502.85,32.59,5
r_00021220,family_001034,u_001034,2026-W28,ТС5,528.71,61.19,7
r_00021221,family_001034,u_001034,2026-W28,ТС5,688.35,61.81,9
r_00021222,family_001034,u_001034,2026-W29,ТС5,373.76,38.97,11
r_00021223,family_001034,u_001034,2026-W29,ТС5,734.82,72.98,11
r_00021224,family_001034,u_001034,2026-W30,ТС5,637.28,28.06,6
r_00021225,family_001034,u_001034,2026-W30,ТС5,639.55,41.12,5
r_00021226,family_001034,u_001034,2026-W31,ТС5,783.38,84.41,11
r_00021227,family_001034,u_001034,2026-W31,ТС5,665.83,87.40,7
r_00021228,family_001034,u_001034,2026-W32,ТС5,610.82,82.39,10
r_00021229,family_001034,u_001034,2026-W32,ТС5,635.55,80.72,10
r_00021230,family_001034,u_001034,2026-W33,ТС5,329.61,53.43,7
r_00021231,family_001034,u_001034,2026-W33,ТС5,487.05,80.01,8
r_00021232,family_001034,u_001034,2026-W34,ТС5,649.61,78.13,10
r_00021233,family_001034,u_001034,2026-W34,ТС5,665.82,56.83,9
r_00021234,family_001034,u_001034,2026-W35,ТС5,647.05,89.20,8
r_00021235,family_001034,u_001034,2026-W35,ТС5,616.15,56.91,7
r_00021236,family_001034,u_001034,2026-W36,ТС5,403.43,70.62,10
r_00021237,family_001034,u_001034,2026-W36,ТС5,447.30,130.17,5
r_00021255,family_001036,u_001036,2026-W25,ТС5,736.88,82.01,11
r_00021256,family_001036,u_001036,2026-W25,ТС5,764.32,36.86,5
r_00021257,family_001036,u_001036,2026-W26,ТС5,873.84,10.30,10
r_00021258,family_001036,u_001036,2026-W26,ТС5,590.34,57.77,5
r_00021259,family_001036,u_001036,2026-W26,ТС5,602.29,0.00,5
r_00021260,family_001036,u_001036,2026-W27,ТС5,670.18,41.94,10
r_00021261,family_001036,u_001036,2026-W27,ТС5,550.24,115.90,5
r_00021262,family_001036,u_001036,2026-W28,ТС5,653.63,45.34,8
r_00021263,family_001036,u_001036,2026-W28,ТС5,658.50,0.00,5
r_00021264,family_001036,u_001036,2026-W29,ТС5,814.36,42.02,8
r_00021265,family_001036,u_001036,2026-W29,ТС5,615.30,78.64,6
r_00021266,family_001036,u_001036,2026-W30,ТС5,678.87,83.44,5
r_00021267,family_001036,u_001036,2026-W30,ТС5,800.78,62.47,5
r_00021268,family_001036,u_001036,2026-W31,ТС5,699.58,74.81,9
r_00021269,family_001036,u_001036,2026-W31,ТС5,675.22,57.30,6
r_00021270,family_001036,u_001036,2026-W32,ТС5,734.79,158.82,11
r_00021271,family_001036,u_001036,2026-W32,ТС5,494.08,55.06,11
r_00021272,family_001036,u_001036,2026-W33,ТС5,637.43,74.66,9
r_00021273,family_001036,u_001036,2026-W33,ТС5,461.94,135.83,6
r_00021274,family_001036,u_001036,2026-W34,ТС5,513.42,107.02,11
r_00021275,family_001036,u_001036,2026-W34,ТС5,724.74,34.37,5
r_00021276,family_001036,u_001036,2026-W35,ТС5,656.91,187.36,6
r_00021277,family_001036,u_001036,2026-W35,ТС5,621.09,46.92,9
r_00021278,family_001036,u_001036,2026-W36,ТС5,632.31,113.52,8
r_00021279,family_001036,u_001036,2026-W36,ТС5,437.46,59.99,8
r_00021389,family_001043,u_001043,2026-W25,ТС5,664.35,18.39,9
r_00021390,family_001043,u_001043,2026-W25,ТС5,491.44,53.81,6
r_00021391,family_001043,u_001043,2026-W26,ТС5,682.30,65.52,9
r_00021392,family_001043,u_001043,2026-W26,ТС5,464.16,112.11,5
r_00021393,family_001043,u_001043,2026-W27,ТС5,565.33,75.35,11
r_00021394,family_001043,u_001043,2026-W27,ТС5,661.17,70.56,8
r_00021395,family_001043,u_001043,2026-W28,ТС5,475.27,22.68,8
r_00021396,family_001043,u_001043,2026-W28,ТС5,421.46,44.83,9
r_00021397,family_001043,u_001043,2026-W29,ТС5,723.28,51.26,10
r_00021398,family_001043,u_001043,2026-W29,ТС5,696.50,20.90,8
r_00021399,family_001043,u_001043,2026-W30,ТС5,562.56,59.49,9
r_00021400,family_001043,u_001043,2026-W30,ТС5,656.73,96.39,8
r_00021401,family_001043,u_001043,2026-W30,ТС5,674.88,92.59,10
r_00021402,family_001043,u_001043,2026-W31,ТС5,531.17,78.19,6
r_00021403,family_001043,u_001043,2026-W31,ТС5,680.92,79.51,6
r_00021404,family_001043,u_001043,2026-W32,ТС5,603.55,147.55,5
r_00021405,family_001043,u_001043,2026-W32,ТС5,637.95,64.29,5
r_00021406,family_001043,u_001043,2026-W32,ТС5,630.41,28.54,5
r_00021407,family_001043,u_001043,2026-W33,ТС5,640.84,16.73,9
r_00021408,family_001043,u_001043,2026-W33,ТС5,819.07,122.57,8
r_00021409,family_001043,u_001043,2026-W34,ТС5,612.56,45.41,5
r_00021410,family_001043,u_001043,2026-W34,ТС5,678.14,99.34,5
r_00021411,family_001043,u_001043,2026-W35,ТС5,492.36,104.56,8
r_00021412,family_001043,u_001043,2026-W35,ТС5,552.15,92.33,5
r_00021413,family_001043,u_001043,2026-W36,ТС5,615.43,0.00,6
r_00021414,family_001043,u_001043,2026-W36,ТС5,646.61,38.18,7
r_00021430,family_001045,u_001045,2026-W25,ТСХ,1262.65,23.99,9
r_00021431,family_001045,u_001045,2026-W26,ТСХ,904.42,7.75,10
r_00021432,family_001045,u_001045,2026-W26,ТСХ,1038.44,38.69,9
r_00021433,family_001045,u_001045,2026-W27,ТСХ,1181.31,21.66,10
r_00021434,family_001045,u_001045,2026-W27,ТСХ,1004.94,19.31,5
r_00021435,family_001045,u_001045,2026-W28,ТСХ,1059.49,59.05,10
r_00021436,family_001045,u_001045,2026-W28,ТСХ,1133.91,27.91,10
r_00021437,family_001045,u_001045,2026-W29,ТСХ,919.63,88.74,11
r_00021438,family_001045,u_001045,2026-W29,ТСХ,1039.61,100.21,7
r_00021439,family_001045,u_001045,2026-W29,ТСХ,1131.63,22.47,6
r_00021440,family_001045,u_001045,2026-W30,ТСХ,1197.48,94.96,10
r_00021441,family_001045,u_001045,2026-W30,ТСХ,938.09,68.55,5
r_00021442,family_001045,u_001045,2026-W31,ТСХ,774.86,64.41,8
r_00021443,family_001045,u_001045,2026-W31,ТСХ,1083.47,87.12,8
r_00021444,family_001045,u_001045,2026-W32,ТСХ,870.30,104.60,10
r_00021445,family_001045,u_001045,2026-W32,ТСХ,1238.76,104.46,5
r_00021446,family_001045,u_001045,2026-W33,ТСХ,1114.18,59.84,11
r_00021447,family_001045,u_001045,2026-W34,ТСХ,933.31,17.11,5
r_00021448,family_001045,u_001045,2026-W34,ТСХ,995.40,50.70,11
r_00021449,family_001045,u_001045,2026-W35,ТСХ,1153.33,78.77,6
r_00021450,family_001045,u_001045,2026-W35,ТСХ,1090.29,59.96,6
r_00021451,family_001045,u_001045,2026-W36,ТСХ,905.45,30.48,9
r_00021452,family_001045,u_001045,2026-W36,ТСХ,777.52,34.02,5
r_00021684,family_001057,u_001057,2026-W25,ТС5,655.75,62.67,9
r_00021685,family_001057,u_001057,2026-W25,ТС5,737.71,56.30,10
r_00021686,family_001057,u_001057,2026-W26,ТС5,872.50,33.13,10
r_00021687,family_001057,u_001057,2026-W26,ТС5,664.88,51.93,10
r_00021688,family_001057,u_001057,2026-W27,ТС5,591.47,10.27,5
r_00021689,family_001057,u_001057,2026-W28,ТС5,596.38,23.39,5
r_00021690,family_001057,u_001057,2026-W28,ТС5,788.74,35.91,5
r_00021691,family_001057,u_001057,2026-W29,ТС5,770.27,13.23,11
r_00021692,family_001057,u_001057,2026-W29,ТС5,546.41,6.76,8
r_00021693,family_001057,u_001057,2026-W30,ТС5,543.16,35.72,5
r_00021694,family_001057,u_001057,2026-W30,ТС5,653.45,41.22,6
r_00021695,family_001057,u_001057,2026-W31,ТС5,846.49,49.21,6
r_00021696,family_001057,u_001057,2026-W31,ТС5,511.98,29.21,10
r_00021697,family_001057,u_001057,2026-W32,ТС5,626.05,8.76,10
r_00021698,family_001057,u_001057,2026-W32,ТС5,520.76,60.76,8
r_00021699,family_001057,u_001057,2026-W33,ТС5,632.75,30.50,10
r_00021700,family_001057,u_001057,2026-W34,ТС5,611.06,12.87,8
r_00021701,family_001057,u_001057,2026-W34,ТС5,577.71,28.59,5
r_00021702,family_001057,u_001057,2026-W35,ТС5,551.55,18.20,11
r_00021703,family_001057,u_001057,2026-W35,ТС5,673.46,62.80,6
r_00021704,family_001057,u_001057,2026-W36,ТС5,557.46,22.01,6
r_00021705,family_001057,u_001057,2026-W36,ТС5,589.84,33.63,6
r_00021982,family_001074,u_001074,2026-W25,ТС5,591.29,42.99,5
r_00021983,family_001074,u_001074,2026-W25,ТС5,768.93,47.79,11
r_00021984,family_001074,u_001074,2026-W25,ТС5,415.16,64.47,10
r_00021985,family_001074,u_001074,2026-W26,ТС5,565.83,50.62,5
r_00021986,family_001074,u_001074,2026-W26,ТС5,621.70,48.32,6
r_00021987,family_001074,u_001074,2026-W26,ТС5,710.54,199.76,8
r_00021988,family_001074,u_001074,2026-W27,ТС5,602.63,68.50,8
r_00021989,family_001074,u_001074,2026-W27,ТС5,719.31,173.12,7
r_00021990,family_001074,u_001074,2026-W27,ТС5,515.51,71.23,6
r_00021991,family_001074,u_001074,2026-W28,ТС5,687.83,40.13,7
r_00021992,family_001074,u_001074,2026-W28,ТС5,604.58,61.29,9
r_00021993,family_001074,u_001074,2026-W28,ТС5,664.19,89.72,10
r_00021994,family_001074,u_001074,2026-W28,ТС5,602.23,50.22,5
r_00021995,family_001074,u_001074,2026-W29,ТС5,598.93,82.70,11
r_00021996,family_001074,u_001074,2026-W29,ТС5,871.46,33.78,7
r_00021997,family_001074,u_001074,2026-W29,ТС5,597.40,125.89,11
r_00021998,family_001074,u_001074,2026-W30,ТС5,819.93,0.00,5
r_00021999,family_001074,u_001074,2026-W30,ТС5,383.17,128.43,6
r_00022000,family_001074,u_001074,2026-W30,ТС5,599.67,123.84,11
r_00022001,family_001074,u_001074,2026-W31,ТС5,595.78,0.00,5
r_00022002,family_001074,u_001074,2026-W31,ТС5,812.30,73.05,9
r_00022003,family_001074,u_001074,2026-W31,ТС5,499.92,24.85,8
r_00022004,family_001074,u_001074,2026-W32,ТС5,545.86,69.99,10
r_00022005,family_001074,u_001074,2026-W32,ТС5,913.15,40.45,8
r_00022006,family_001074,u_001074,2026-W32,ТС5,475.09,86.57,9
r_00022007,family_001074,u_001074,2026-W33,ТС5,768.41,96.14,7
r_00022008,family_001074,u_001074,2026-W33,ТС5,729.63,56.41,5
r_00022009,family_001074,u_001074,2026-W33,ТС5,738.44,193.89,5
r_00022010,family_001074,u_001074,2026-W34,ТС5,598.09,21.29,9
r_00022011,family_001074,u_001074,2026-W34,ТС5,302.00,25.09,6
r_00022012,family_001074,u_001074,2026-W34,ТС5,639.68,49.32,10
r_00022013,family_001074,u_001074,2026-W35,ТС5,654.73,12.57,7
r_00022014,family_001074,u_001074,2026-W35,ТС5,510.33,86.39,11
r_00022015,family_001074,u_001074,2026-W35,ТС5,712.91,0.00,5
r_00022016,family_001074,u_001074,2026-W36,ТС5,533.34,34.55,11
r_00022017,family_001074,u_001074,2026-W36,ТС5,482.68,70.01,7
r_00022018,family_001074,u_001074,2026-W36,ТС5,731.62,70.47,10
r_00022072,family_001078,u_001078,2026-W25,ТСХ,1135.48,44.84,8
r_00022073,family_001078,u_001078,2026-W26,ТСХ,1105.05,46.26,9
r_00022074,family_001078,u_001078,2026-W26,ТСХ,877.11,102.90,6
r_00022075,family_001078,u_001078,2026-W27,ТСХ,996.65,145.97,7
r_00022076,family_001078,u_001078,2026-W27,ТСХ,857.80,21.67,8
r_00022077,family_001078,u_001078,2026-W28,ТСХ,931.68,317.73,8
r_00022078,family_001078,u_001078,2026-W28,ТСХ,1181.50,109.21,6
r_00022079,family_001078,u_001078,2026-W29,ТСХ,862.37,57.64,10
r_00022080,family_001078,u_001078,2026-W29,ТСХ,918.31,108.13,7
r_00022081,family_001078,u_001078,2026-W30,ТСХ,668.44,152.72,7
r_00022082,family_001078,u_001078,2026-W30,ТСХ,796.74,32.48,8
r_00022083,family_001078,u_001078,2026-W30,ТСХ,891.92,82.71,9
r_00022084,family_001078,u_001078,2026-W31,ТСХ,906.66,46.39,6
r_00022085,family_001078,u_001078,2026-W31,ТСХ,955.51,133.33,11
r_00022086,family_001078,u_001078,2026-W32,ТСХ,845.50,79.15,5
r_00022087,family_001078,u_001078,2026-W32,ТСХ,789.34,66.72,8
r_00022088,family_001078,u_001078,2026-W33,ТСХ,1244.98,11.16,8
r_00022089,family_001078,u_001078,2026-W33,ТСХ,1077.89,254.73,5
r_00022090,family_001078,u_001078,2026-W34,ТСХ,639.55,84.26,8
r_00022091,family_001078,u_001078,2026-W34,ТСХ,857.44,297.95,6
r_00022092,family_001078,u_001078,2026-W35,ТСХ,950.24,0.00,7
r_00022093,family_001078,u_001078,2026-W35,ТСХ,957.34,62.56,8
r_00022094,family_001078,u_001078,2026-W35,ТСХ,961.95,131.88,10
r_00022095,family_001078,u_001078,2026-W36,ТСХ,975.58,172.51,8
r_00022146,family_001083,u_001083,2026-W25,ТС5,530.02,48.23,7
r_00022147,family_001083,u_001083,2026-W25,ТС5,748.13,41.55,5
r_00022148,family_001083,u_001083,2026-W25,ТС5,542.54,27.65,10
r_00022149,family_001083,u_001083,2026-W26,ТС5,642.35,67.61,11
r_00022150,family_001083,u_001083,2026-W26,ТС5,620.68,46.63,10
r_00022151,family_001083,u_001083,2026-W27,ТС5,687.11,5.96,8
r_00022152,family_001083,u_001083,2026-W27,ТС5,766.41,12.35,11
r_00022153,family_001083,u_001083,2026-W27,ТС5,755.04,22.44,11
r_00022154,family_001083,u_001083,2026-W28,ТС5,661.38,52.64,7
r_00022155,family_001083,u_001083,2026-W28,ТС5,457.81,21.19,8
r_00022156,family_001083,u_001083,2026-W28,ТС5,696.22,71.08,5
r_00022157,family_001083,u_001083,2026-W29,ТС5,623.13,58.70,5
r_00022158,family_001083,u_001083,2026-W29,ТС5,672.75,109.80,11
r_00022159,family_001083,u_001083,2026-W30,ТС5,713.22,43.45,6
r_00022160,family_001083,u_001083,2026-W30,ТС5,572.15,25.02,9
r_00022161,family_001083,u_001083,2026-W30,ТС5,613.94,68.95,11
r_00022162,family_001083,u_001083,2026-W31,ТС5,526.78,32.78,8
r_00022163,family_001083,u_001083,2026-W31,ТС5,581.41,67.26,7
r_00022164,family_001083,u_001083,2026-W31,ТС5,632.27,37.46,9
r_00022165,family_001083,u_001083,2026-W32,ТС5,629.66,71.59,11
r_00022166,family_001083,u_001083,2026-W32,ТС5,695.11,24.15,9
r_00022167,family_001083,u_001083,2026-W32,ТС5,715.07,33.82,11
r_00022168,family_001083,u_001083,2026-W33,ТС5,727.71,31.62,8
r_00022169,family_001083,u_001083,2026-W33,ТС5,594.48,31.26,11
r_00022170,family_001083,u_001083,2026-W34,ТС5,556.40,41.46,7
r_00022171,family_001083,u_001083,2026-W34,ТС5,720.08,0.00,6
r_00022172,family_001083,u_001083,2026-W35,ТС5,901.45,59.07,10
r_00022173,family_001083,u_001083,2026-W35,ТС5,634.40,49.20,10
r_00022174,family_001083,u_001083,2026-W36,ТС5,552.06,30.18,11
r_00022175,family_001083,u_001083,2026-W36,ТС5,486.38,14.43,8
r_00022176,family_001083,u_001083,2026-W36,ТС5,613.91,19.00,7
r_00022186,family_001085,u_001085,2026-W25,ТС5,489.00,32.46,8
r_00022187,family_001085,u_001085,2026-W25,ТС5,620.21,72.41,10
r_00022188,family_001085,u_001085,2026-W26,ТС5,813.12,21.98,5
r_00022189,family_001085,u_001085,2026-W26,ТС5,599.34,92.04,11
r_00022190,family_001085,u_001085,2026-W27,ТС5,423.18,71.20,9
r_00022191,family_001085,u_001085,2026-W27,ТС5,565.69,70.60,7
r_00022192,family_001085,u_001085,2026-W28,ТС5,858.87,41.13,6
r_00022193,family_001085,u_001085,2026-W28,ТС5,749.59,86.36,9
r_00022194,family_001085,u_001085,2026-W29,ТС5,764.01,39.32,5
r_00022195,family_001085,u_001085,2026-W29,ТС5,692.19,91.00,10
r_00022196,family_001085,u_001085,2026-W30,ТС5,580.98,88.99,11
r_00022197,family_001085,u_001085,2026-W30,ТС5,649.49,52.57,7
r_00022198,family_001085,u_001085,2026-W31,ТС5,511.66,83.85,11
r_00022199,family_001085,u_001085,2026-W31,ТС5,561.00,51.75,8
r_00022200,family_001085,u_001085,2026-W32,ТС5,676.53,73.81,11
r_00022201,family_001085,u_001085,2026-W32,ТС5,509.02,30.00,7
r_00022202,family_001085,u_001085,2026-W33,ТС5,515.13,57.71,6
r_00022203,family_001085,u_001085,2026-W33,ТС5,722.47,56.36,8
r_00022204,family_001085,u_001085,2026-W34,ТС5,612.64,62.11,6
r_00022205,family_001085,u_001085,2026-W34,ТС5,529.34,66.66,8
r_00022206,family_001085,u_001085,2026-W35,ТС5,483.78,51.45,6
r_00022207,family_001085,u_001085,2026-W35,ТС5,726.33,87.24,7
r_00022208,family_001085,u_001085,2026-W36,ТС5,597.70,171.11,11
r_00022209,family_001085,u_001085,2026-W36,ТС5,620.40,33.56,7
r_00022210,family_001086,u_001086,2026-W25,ТС5,472.55,120.80,5
r_00022211,family_001086,u_001086,2026-W25,ТС5,615.11,77.93,8
r_00022212,family_001086,u_001086,2026-W26,ТС5,579.17,73.04,10
r_00022213,family_001086,u_001086,2026-W26,ТС5,411.42,28.63,10
r_00022214,family_001086,u_001086,2026-W27,ТС5,752.08,103.43,10
r_00022215,family_001086,u_001086,2026-W27,ТС5,574.92,56.10,10
r_00022216,family_001086,u_001086,2026-W28,ТС5,702.20,28.77,8
r_00022217,family_001086,u_001086,2026-W28,ТС5,971.96,51.23,8
r_00022218,family_001086,u_001086,2026-W29,ТС5,545.34,81.18,9
r_00022219,family_001086,u_001086,2026-W29,ТС5,514.03,81.22,6
r_00022220,family_001086,u_001086,2026-W30,ТС5,818.54,66.47,9
r_00022221,family_001086,u_001086,2026-W30,ТС5,512.04,70.70,9
r_00022222,family_001086,u_001086,2026-W30,ТС5,551.48,134.77,8
r_00022223,family_001086,u_001086,2026-W31,ТС5,761.93,177.88,7
r_00022224,family_001086,u_001086,2026-W31,ТС5,579.08,60.04,5
r_00022225,family_001086,u_001086,2026-W32,ТС5,544.22,72.32,9
r_00022226,family_001086,u_001086,2026-W32,ТС5,798.03,49.13,5
r_00022227,family_001086,u_001086,2026-W33,ТС5,786.69,110.99,6
r_00022228,family_001086,u_001086,2026-W33,ТС5,750.82,113.57,11
r_00022229,family_001086,u_001086,2026-W34,ТС5,729.14,49.08,11
r_00022230,family_001086,u_001086,2026-W34,ТС5,466.22,33.56,7
r_00022231,family_001086,u_001086,2026-W35,ТС5,449.23,46.53,9
r_00022232,family_001086,u_001086,2026-W35,ТС5,433.30,41.41,8
r_00022233,family_001086,u_001086,2026-W36,ТС5,612.22,65.55,7
r_00022234,family_001086,u_001086,2026-W36,ТС5,588.75,94.39,9
r_00022251,family_001088,u_001088,2026-W25,ТС5,538.96,38.21,9
r_00022252,family_001088,u_001088,2026-W25,ТС5,573.55,92.96,9
r_00022253,family_001088,u_001088,2026-W26,ТС5,540.85,32.16,6
r_00022254,family_001088,u_001088,2026-W26,ТС5,563.18,116.16,11
r_00022255,family_001088,u_001088,2026-W27,ТС5,543.90,45.92,10
r_00022256,family_001088,u_001088,2026-W27,ТС5,603.34,34.01,6
r_00022257,family_001088,u_001088,2026-W27,ТС5,507.55,61.68,11
r_00022258,family_001088,u_001088,2026-W28,ТС5,588.42,62.58,9
r_00022259,family_001088,u_001088,2026-W28,ТС5,633.65,58.47,9
r_00022260,family_001088,u_001088,2026-W29,ТС5,623.49,120.83,11
r_00022261,family_001088,u_001088,2026-W29,ТС5,772.56,17.37,5
r_00022262,family_001088,u_001088,2026-W29,ТС5,368.33,44.72,8
r_00022263,family_001088,u_001088,2026-W30,ТС5,740.04,58.30,11
r_00022264,family_001088,u_001088,2026-W30,ТС5,658.09,56.23,9
r_00022265,family_001088,u_001088,2026-W30,ТС5,878.84,54.18,8
r_00022266,family_001088,u_001088,2026-W31,ТС5,468.06,51.11,11
r_00022267,family_001088,u_001088,2026-W31,ТС5,436.72,111.50,10
r_00022268,family_001088,u_001088,2026-W32,ТС5,606.55,101.25,11
r_00022269,family_001088,u_001088,2026-W32,ТС5,510.86,23.81,7
r_00022270,family_001088,u_001088,2026-W33,ТС5,491.65,46.52,9
r_00022271,family_001088,u_001088,2026-W33,ТС5,526.18,68.42,5
r_00022272,family_001088,u_001088,2026-W33,ТС5,730.92,43.58,9
r_00022273,family_001088,u_001088,2026-W34,ТС5,611.93,37.95,6
r_00022274,family_001088,u_001088,2026-W34,ТС5,684.49,54.71,8
r_00022275,family_001088,u_001088,2026-W34,ТС5,601.32,113.22,11
r_00022276,family_001088,u_001088,2026-W35,ТС5,582.83,95.94,8
r_00022277,family_001088,u_001088,2026-W35,ТС5,535.50,99.95,10
r_00022278,family_001088,u_001088,2026-W35,ТС5,617.12,50.92,10
r_00022279,family_001088,u_001088,2026-W36,ТС5,575.90,110.35,10
r_00022280,family_001088,u_001088,2026-W36,ТС5,819.88,52.96,9
r_00022314,family_001091,u_001091,2026-W25,ТС5,476.51,9.39,5
r_00022315,family_001091,u_001091,2026-W25,ТС5,643.51,0.00,9
r_00022316,family_001091,u_001091,2026-W25,ТС5,698.55,47.51,8
r_00022317,family_001091,u_001091,2026-W26,ТС5,443.59,19.64,11
r_00022318,family_001091,u_001091,2026-W26,ТС5,793.18,12.88,9
r_00022319,family_001091,u_001091,2026-W26,ТС5,607.72,0.00,6
r_00022320,family_001091,u_001091,2026-W27,ТС5,747.09,10.78,6
r_00022321,family_001091,u_001091,2026-W27,ТС5,677.21,49.90,9
r_00022322,family_001091,u_001091,2026-W27,ТС5,649.63,20.55,8
r_00022323,family_001091,u_001091,2026-W28,ТС5,586.17,78.17,7
r_00022324,family_001091,u_001091,2026-W28,ТС5,650.51,24.53,9
r_00022325,family_001091,u_001091,2026-W28,ТС5,457.24,12.41,10
r_00022326,family_001091,u_001091,2026-W29,ТС5,453.90,0.00,7
r_00022327,family_001091,u_001091,2026-W29,ТС5,665.27,0.00,6
r_00022328,family_001091,u_001091,2026-W30,ТС5,484.65,20.47,9
r_00022329,family_001091,u_001091,2026-W30,ТС5,722.26,50.85,11
r_00022330,family_001091,u_001091,2026-W30,ТС5,793.25,28.86,7
r_00022331,family_001091,u_001091,2026-W31,ТС5,517.49,38.63,10
r_00022332,family_001091,u_001091,2026-W31,ТС5,659.88,34.21,9
r_00022333,family_001091,u_001091,2026-W31,ТС5,871.01,23.21,6
r_00022334,family_001091,u_001091,2026-W32,ТС5,438.54,67.85,6
r_00022335,family_001091,u_001091,2026-W32,ТС5,585.49,39.92,8
r_00022336,family_001091,u_001091,2026-W32,ТС5,650.74,7.24,9
r_00022337,family_001091,u_001091,2026-W32,ТС5,569.09,40.88,6
r_00022338,family_001091,u_001091,2026-W33,ТС5,602.82,38.49,9
r_00022339,family_001091,u_001091,2026-W33,ТС5,609.12,21.56,6
r_00022340,family_001091,u_001091,2026-W33,ТС5,427.75,0.00,6
r_00022341,family_001091,u_001091,2026-W34,ТС5,684.89,58.04,9
r_00022342,family_001091,u_001091,2026-W34,ТС5,528.46,8.54,6
r_00022343,family_001091,u_001091,2026-W34,ТС5,415.50,35.49,8
r_00022344,family_001091,u_001091,2026-W35,ТС5,572.36,37.43,11
r_00022345,family_001091,u_001091,2026-W35,ТС5,567.85,24.72,10
r_00022346,family_001091,u_001091,2026-W35,ТС5,606.60,51.71,8
r_00022347,family_001091,u_001091,2026-W35,ТС5,796.39,46.81,8
r_00022348,family_001091,u_001091,2026-W36,ТС5,649.25,18.73,9
r_00022349,family_001091,u_001091,2026-W36,ТС5,797.97,90.58,8
r_00022350,family_001091,u_001091,2026-W36,ТС5,623.83,44.22,6
r_00022447,family_001096,u_001096,2026-W25,ТС5,758.30,30.02,11
r_00022448,family_001096,u_001096,2026-W25,ТС5,530.27,14.72,9
r_00022449,family_001096,u_001096,2026-W26,ТС5,719.20,30.26,11
r_00022450,family_001096,u_001096,2026-W26,ТС5,671.32,41.44,6
r_00022451,family_001096,u_001096,2026-W26,ТС5,673.64,40.62,11
r_00022452,family_001096,u_001096,2026-W27,ТС5,752.48,61.28,11
r_00022453,family_001096,u_001096,2026-W27,ТС5,655.28,33.13,10
r_00022454,family_001096,u_001096,2026-W28,ТС5,753.97,18.93,10
r_00022455,family_001096,u_001096,2026-W28,ТС5,693.95,59.13,6
r_00022456,family_001096,u_001096,2026-W29,ТС5,700.25,41.25,8
r_00022457,family_001096,u_001096,2026-W29,ТС5,722.45,58.18,8
r_00022458,family_001096,u_001096,2026-W29,ТС5,807.26,0.00,5
r_00022459,family_001096,u_001096,2026-W30,ТС5,754.98,15.25,5
r_00022460,family_001096,u_001096,2026-W30,ТС5,738.07,28.86,6
r_00022461,family_001096,u_001096,2026-W31,ТС5,734.26,29.95,9
r_00022462,family_001096,u_001096,2026-W31,ТС5,749.30,44.11,6
r_00022463,family_001096,u_001096,2026-W31,ТС5,623.72,39.26,10
r_00022464,family_001096,u_001096,2026-W31,ТС5,659.14,22.88,11
r_00022465,family_001096,u_001096,2026-W32,ТС5,801.69,71.49,8
r_00022466,family_001096,u_001096,2026-W32,ТС5,922.87,53.09,9
r_00022467,family_001096,u_001096,2026-W33,ТС5,617.71,16.48,7
r_00022468,family_001096,u_001096,2026-W33,ТС5,763.58,30.43,5
r_00022469,family_001096,u_001096,2026-W33,ТС5,402.47,11.42,8
r_00022470,family_001096,u_001096,2026-W34,ТС5,784.66,29.28,8
r_00022471,family_001096,u_001096,2026-W34,ТС5,595.10,48.10,9
r_00022472,family_001096,u_001096,2026-W34,ТС5,706.25,60.79,11
r_00022473,family_001096,u_001096,2026-W35,ТС5,529.52,6.25,6
r_00022474,family_001096,u_001096,2026-W35,ТС5,619.73,50.50,6
r_00022475,family_001096,u_001096,2026-W36,ТС5,999.56,0.00,6
r_00022476,family_001096,u_001096,2026-W36,ТС5,674.08,21.60,7
r_00022477,family_001096,u_001096,2026-W36,ТС5,623.73,45.79,8
r_00022478,family_001096,u_001096,2026-W36,ТС5,557.06,32.84,11
r_00022550,family_001100,u_001100,2026-W25,ТСХ,1018.03,128.24,11
r_00022551,family_001100,u_001100,2026-W25,ТСХ,948.81,145.44,10
r_00022552,family_001100,u_001100,2026-W25,ТСХ,921.77,61.46,10
r_00022553,family_001100,u_001100,2026-W26,ТСХ,1146.31,216.46,10
r_00022554,family_001100,u_001100,2026-W26,ТСХ,826.50,129.62,6
r_00022555,family_001100,u_001100,2026-W27,ТСХ,933.58,79.40,6
r_00022556,family_001100,u_001100,2026-W27,ТСХ,591.21,85.14,11
r_00022557,family_001100,u_001100,2026-W28,ТСХ,1254.26,134.02,7
r_00022558,family_001100,u_001100,2026-W28,ТСХ,941.51,89.68,9
r_00022559,family_001100,u_001100,2026-W28,ТСХ,1120.45,158.86,7
r_00022560,family_001100,u_001100,2026-W29,ТСХ,974.07,105.02,5
r_00022561,family_001100,u_001100,2026-W29,ТСХ,1074.02,133.53,6
r_00022562,family_001100,u_001100,2026-W30,ТСХ,676.60,100.40,8
r_00022563,family_001100,u_001100,2026-W30,ТСХ,916.20,111.25,8
r_00022564,family_001100,u_001100,2026-W30,ТСХ,1142.36,95.36,6
r_00022565,family_001100,u_001100,2026-W31,ТСХ,976.02,153.27,10
r_00022566,family_001100,u_001100,2026-W31,ТСХ,983.65,65.51,8
r_00022567,family_001100,u_001100,2026-W32,ТСХ,1061.45,65.11,9
r_00022568,family_001100,u_001100,2026-W32,ТСХ,1209.51,113.43,6
r_00022569,family_001100,u_001100,2026-W32,ТСХ,854.15,161.38,9
r_00022570,family_001100,u_001100,2026-W33,ТСХ,713.49,70.77,6
r_00022571,family_001100,u_001100,2026-W33,ТСХ,795.38,82.75,7
r_00022572,family_001100,u_001100,2026-W33,ТСХ,907.71,102.16,10
r_00022573,family_001100,u_001100,2026-W34,ТСХ,949.62,68.20,8
r_00022574,family_001100,u_001100,2026-W34,ТСХ,997.97,37.71,5
r_00022575,family_001100,u_001100,2026-W34,ТСХ,864.48,103.42,7
r_00022576,family_001100,u_001100,2026-W35,ТСХ,1482.54,22.44,7
r_00022577,family_001100,u_001100,2026-W35,ТСХ,753.84,42.55,11
r_00022578,family_001100,u_001100,2026-W35,ТСХ,1063.86,182.54,11
r_00022579,family_001100,u_001100,2026-W36,ТСХ,997.45,144.99,5
r_00022580,family_001100,u_001100,2026-W36,ТСХ,1013.82,132.87,9
r_00022581,family_001100,u_001100,2026-W36,ТСХ,1054.64,236.95,11
r_00022582,family_001101,u_001101,2026-W25,ТС5,496.91,80.75,7
r_00022583,family_001101,u_001101,2026-W25,ТС5,489.47,28.71,9
r_00022584,family_001101,u_001101,2026-W26,ТС5,616.08,76.56,11
r_00022585,family_001101,u_001101,2026-W26,ТС5,393.01,37.27,6
r_00022586,family_001101,u_001101,2026-W27,ТС5,496.14,35.30,9
r_00022587,family_001101,u_001101,2026-W27,ТС5,817.01,58.10,6
r_00022588,family_001101,u_001101,2026-W27,ТС5,540.45,65.12,11
r_00022589,family_001101,u_001101,2026-W28,ТС5,629.20,96.96,9
r_00022590,family_001101,u_001101,2026-W28,ТС5,651.15,135.61,7
r_00022591,family_001101,u_001101,2026-W29,ТС5,507.04,56.50,9
r_00022592,family_001101,u_001101,2026-W29,ТС5,549.32,65.66,8
r_00022593,family_001101,u_001101,2026-W29,ТС5,632.81,42.84,10
r_00022594,family_001101,u_001101,2026-W30,ТС5,505.71,101.68,7
r_00022595,family_001101,u_001101,2026-W30,ТС5,643.74,72.45,7
r_00022596,family_001101,u_001101,2026-W30,ТС5,442.95,78.00,7
r_00022597,family_001101,u_001101,2026-W31,ТС5,667.75,76.66,11
r_00022598,family_001101,u_001101,2026-W31,ТС5,570.58,53.30,10
r_00022599,family_001101,u_001101,2026-W32,ТС5,581.16,90.36,11
r_00022600,family_001101,u_001101,2026-W32,ТС5,705.20,60.30,6
r_00022601,family_001101,u_001101,2026-W33,ТС5,517.57,60.01,7
r_00022602,family_001101,u_001101,2026-W33,ТС5,558.05,181.41,5
r_00022603,family_001101,u_001101,2026-W33,ТС5,700.26,62.58,11
r_00022604,family_001101,u_001101,2026-W34,ТС5,758.35,100.83,11
r_00022605,family_001101,u_001101,2026-W34,ТС5,722.92,67.18,9
r_00022606,family_001101,u_001101,2026-W34,ТС5,839.78,0.00,5
r_00022607,family_001101,u_001101,2026-W35,ТС5,428.22,81.76,8
r_00022608,family_001101,u_001101,2026-W35,ТС5,555.72,135.22,5
r_00022609,family_001101,u_001101,2026-W35,ТС5,629.48,39.64,5
r_00022610,family_001101,u_001101,2026-W36,ТС5,461.53,76.60,7
r_00022611,family_001101,u_001101,2026-W36,ТС5,573.07,165.75,6
r_00022612,family_001101,u_001101,2026-W36,ТС5,445.65,65.65,5
r_00022613,family_001101,u_001101,2026-W36,ТС5,499.08,43.54,10
r_00022614,family_001102,u_001102,2026-W25,ТС5,848.66,131.82,7
r_00022615,family_001102,u_001102,2026-W25,ТС5,643.54,62.07,7
r_00022616,family_001102,u_001102,2026-W26,ТС5,775.24,65.56,11
r_00022617,family_001102,u_001102,2026-W26,ТС5,633.23,33.05,10
r_00022618,family_001102,u_001102,2026-W26,ТС5,484.71,28.63,8
r_00022619,family_001102,u_001102,2026-W27,ТС5,648.71,112.02,8
r_00022620,family_001102,u_001102,2026-W28,ТС5,384.22,48.62,6
r_00022621,family_001102,u_001102,2026-W28,ТС5,369.02,54.46,8
r_00022622,family_001102,u_001102,2026-W29,ТС5,623.93,80.31,9
r_00022623,family_001102,u_001102,2026-W29,ТС5,545.53,79.60,9
r_00022624,family_001102,u_001102,2026-W29,ТС5,754.96,31.78,8
r_00022625,family_001102,u_001102,2026-W30,ТС5,431.84,70.54,11
r_00022626,family_001102,u_001102,2026-W30,ТС5,604.91,0.00,6
r_00022627,family_001102,u_001102,2026-W31,ТС5,480.49,107.51,8
r_00022628,family_001102,u_001102,2026-W32,ТС5,560.58,199.80,9
r_00022629,family_001102,u_001102,2026-W32,ТС5,685.75,51.21,8
r_00022630,family_001102,u_001102,2026-W33,ТС5,440.06,74.22,11
r_00022631,family_001102,u_001102,2026-W33,ТС5,477.76,58.47,9
r_00022632,family_001102,u_001102,2026-W34,ТС5,490.96,117.77,5
r_00022633,family_001102,u_001102,2026-W34,ТС5,622.60,105.70,7
r_00022634,family_001102,u_001102,2026-W35,ТС5,518.75,55.95,8
r_00022635,family_001102,u_001102,2026-W35,ТС5,761.69,162.06,7
r_00022636,family_001102,u_001102,2026-W36,ТС5,547.12,68.60,10
r_00022637,family_001103,u_001103,2026-W25,ТС5,588.30,82.26,6
r_00022638,family_001103,u_001103,2026-W25,ТС5,683.58,65.77,10
r_00022639,family_001103,u_001103,2026-W26,ТС5,752.43,45.04,11
r_00022640,family_001103,u_001103,2026-W26,ТС5,333.73,12.39,6
r_00022641,family_001103,u_001103,2026-W27,ТС5,789.91,62.76,5
r_00022642,family_001103,u_001103,2026-W28,ТС5,818.19,16.58,6
r_00022643,family_001103,u_001103,2026-W28,ТС5,534.02,43.06,9
r_00022644,family_001103,u_001103,2026-W29,ТС5,605.11,37.89,10
r_00022645,family_001103,u_001103,2026-W30,ТС5,561.08,43.88,8
r_00022646,family_001103,u_001103,2026-W30,ТС5,672.62,17.87,11
r_00022647,family_001103,u_001103,2026-W30,ТС5,507.67,44.48,11
r_00022648,family_001103,u_001103,2026-W31,ТС5,708.58,48.58,11
r_00022649,family_001103,u_001103,2026-W31,ТС5,431.76,47.42,6
r_00022650,family_001103,u_001103,2026-W32,ТС5,466.74,41.42,10
r_00022651,family_001103,u_001103,2026-W32,ТС5,722.18,64.68,8
r_00022652,family_001103,u_001103,2026-W33,ТС5,493.52,30.04,7
r_00022653,family_001103,u_001103,2026-W33,ТС5,646.59,85.91,9
r_00022654,family_001103,u_001103,2026-W34,ТС5,877.01,44.85,7
r_00022655,family_001103,u_001103,2026-W34,ТС5,752.15,71.91,11
r_00022656,family_001103,u_001103,2026-W35,ТС5,667.52,0.00,6
r_00022657,family_001103,u_001103,2026-W36,ТС5,555.70,0.00,7
r_00022658,family_001103,u_001103,2026-W36,ТС5,673.69,110.56,5
r_00022673,family_001105,u_001105,2026-W25,ТС5,639.09,58.92,6
r_00022674,family_001105,u_001105,2026-W26,ТС5,524.20,6.61,7
r_00022675,family_001105,u_001105,2026-W26,ТС5,867.27,41.08,6
r_00022676,family_001105,u_001105,2026-W27,ТС5,728.13,48.26,11
r_00022677,family_001105,u_001105,2026-W27,ТС5,721.52,38.65,11
r_00022678,family_001105,u_001105,2026-W28,ТС5,743.53,43.02,9
r_00022679,family_001105,u_001105,2026-W28,ТС5,628.81,36.03,11
r_00022680,family_001105,u_001105,2026-W29,ТС5,630.20,27.10,5
r_00022681,family_001105,u_001105,2026-W29,ТС5,696.23,44.14,10
r_00022682,family_001105,u_001105,2026-W30,ТС5,625.48,52.65,8
r_00022683,family_001105,u_001105,2026-W30,ТС5,727.86,0.00,6
r_00022684,family_001105,u_001105,2026-W31,ТС5,625.88,55.57,6
r_00022685,family_001105,u_001105,2026-W32,ТС5,378.62,31.23,8
r_00022686,family_001105,u_001105,2026-W32,ТС5,565.19,7.14,10
r_00022687,family_001105,u_001105,2026-W33,ТС5,585.92,19.45,9
r_00022688,family_001105,u_001105,2026-W33,ТС5,648.56,42.03,11
r_00022689,family_001105,u_001105,2026-W34,ТС5,670.21,59.49,9
r_00022690,family_001105,u_001105,2026-W35,ТС5,434.81,16.66,6
r_00022691,family_001105,u_001105,2026-W35,ТС5,779.70,33.12,5
r_00022692,family_001105,u_001105,2026-W36,ТС5,446.28,90.14,6
r_00022693,family_001105,u_001105,2026-W36,ТС5,431.38,38.47,9
r_00022803,family_001110,u_001110,2026-W25,ТС5,650.34,43.21,9
r_00022804,family_001110,u_001110,2026-W25,ТС5,710.75,68.69,5
r_00022805,family_001110,u_001110,2026-W26,ТС5,462.67,57.29,11
r_00022806,family_001110,u_001110,2026-W26,ТС5,539.03,27.72,8
r_00022807,family_001110,u_001110,2026-W27,ТС5,603.85,48.86,10
r_00022808,family_001110,u_001110,2026-W27,ТС5,695.52,32.45,8
r_00022809,family_001110,u_001110,2026-W28,ТС5,757.22,14.56,9
r_00022810,family_001110,u_001110,2026-W28,ТС5,694.90,21.17,8
r_00022811,family_001110,u_001110,2026-W29,ТС5,586.47,22.72,6
r_00022812,family_001110,u_001110,2026-W29,ТС5,672.64,44.91,5
r_00022813,family_001110,u_001110,2026-W30,ТС5,543.81,11.86,6
r_00022814,family_001110,u_001110,2026-W31,ТС5,480.84,6.27,8
r_00022815,family_001110,u_001110,2026-W31,ТС5,571.13,14.08,9
r_00022816,family_001110,u_001110,2026-W32,ТС5,710.31,29.39,8
r_00022817,family_001110,u_001110,2026-W32,ТС5,948.20,29.10,9
r_00022818,family_001110,u_001110,2026-W33,ТС5,846.06,42.65,6
r_00022819,family_001110,u_001110,2026-W34,ТС5,845.56,37.24,11
r_00022820,family_001110,u_001110,2026-W34,ТС5,845.13,23.75,8
r_00022821,family_001110,u_001110,2026-W35,ТС5,600.69,44.44,9
r_00022822,family_001110,u_001110,2026-W35,ТС5,648.58,57.30,5
r_00022823,family_001110,u_001110,2026-W36,ТС5,611.64,46.45,9
r_00022879,family_001113,u_001113,2026-W25,ТС5,646.49,54.56,7
r_00022880,family_001113,u_001113,2026-W26,ТС5,724.73,0.00,9
r_00022881,family_001113,u_001113,2026-W26,ТС5,495.96,45.24,8
r_00022882,family_001113,u_001113,2026-W27,ТС5,576.80,22.73,11
r_00022883,family_001113,u_001113,2026-W28,ТС5,700.31,26.50,9
r_00022884,family_001113,u_001113,2026-W28,ТС5,589.69,35.97,5
r_00022885,family_001113,u_001113,2026-W29,ТС5,698.21,0.00,9
r_00022886,family_001113,u_001113,2026-W29,ТС5,715.68,14.65,6
r_00022887,family_001113,u_001113,2026-W30,ТС5,451.18,18.06,10
r_00022888,family_001113,u_001113,2026-W30,ТС5,707.94,29.45,10
r_00022889,family_001113,u_001113,2026-W31,ТС5,540.25,93.64,7
r_00022890,family_001113,u_001113,2026-W31,ТС5,583.50,16.47,8
r_00022891,family_001113,u_001113,2026-W32,ТС5,665.39,126.69,8
r_00022892,family_001113,u_001113,2026-W32,ТС5,679.69,12.34,6
r_00022893,family_001113,u_001113,2026-W33,ТС5,762.71,10.59,10
r_00022894,family_001113,u_001113,2026-W33,ТС5,549.75,15.53,8
r_00022895,family_001113,u_001113,2026-W34,ТС5,623.65,51.27,9
r_00022896,family_001113,u_001113,2026-W34,ТС5,700.21,0.00,6
r_00022897,family_001113,u_001113,2026-W35,ТС5,707.38,51.16,5
r_00022898,family_001113,u_001113,2026-W35,ТС5,917.95,12.78,11
r_00022899,family_001113,u_001113,2026-W36,ТС5,774.88,121.02,7
r_00022900,family_001113,u_001113,2026-W36,ТС5,761.08,39.81,5
r_00023027,family_001121,u_001121,2026-W25,ТС5,568.48,46.32,10
r_00023028,family_001121,u_001121,2026-W25,ТС5,542.70,49.75,6
r_00023029,family_001121,u_001121,2026-W26,ТС5,464.62,22.38,9
r_00023030,family_001121,u_001121,2026-W26,ТС5,658.22,59.44,8
r_00023031,family_001121,u_001121,2026-W27,ТС5,564.96,40.49,10
r_00023032,family_001121,u_001121,2026-W28,ТС5,533.35,50.75,8
r_00023033,family_001121,u_001121,2026-W28,ТС5,667.67,19.76,7
r_00023034,family_001121,u_001121,2026-W29,ТС5,636.46,55.59,8
r_00023035,family_001121,u_001121,2026-W29,ТС5,478.97,71.98,10
r_00023036,family_001121,u_001121,2026-W30,ТС5,503.79,54.24,7
r_00023037,family_001121,u_001121,2026-W30,ТС5,728.64,67.00,6
r_00023038,family_001121,u_001121,2026-W30,ТС5,722.27,13.56,9
r_00023039,family_001121,u_001121,2026-W31,ТС5,561.57,36.64,10
r_00023040,family_001121,u_001121,2026-W31,ТС5,668.71,44.43,10
r_00023041,family_001121,u_001121,2026-W32,ТС5,853.76,74.93,7
r_00023042,family_001121,u_001121,2026-W33,ТС5,789.55,42.79,8
r_00023043,family_001121,u_001121,2026-W33,ТС5,786.35,0.00,6
r_00023044,family_001121,u_001121,2026-W34,ТС5,698.11,35.38,9
r_00023045,family_001121,u_001121,2026-W34,ТС5,665.86,105.19,8
r_00023046,family_001121,u_001121,2026-W35,ТС5,831.68,104.06,11
r_00023047,family_001121,u_001121,2026-W35,ТС5,501.57,61.26,9
r_00023048,family_001121,u_001121,2026-W36,ТС5,515.30,31.79,11
r_00023049,family_001121,u_001121,2026-W36,ТС5,641.61,25.09,10
r_00023094,family_001123,u_001123,2026-W25,ТС5,411.79,38.97,10
r_00023095,family_001123,u_001123,2026-W25,ТС5,592.71,48.31,6
r_00023096,family_001123,u_001123,2026-W26,ТС5,594.90,41.27,10
r_00023097,family_001123,u_001123,2026-W26,ТС5,646.81,35.45,10
r_00023098,family_001123,u_001123,2026-W26,ТС5,654.31,21.63,6
r_00023099,family_001123,u_001123,2026-W26,ТС5,596.22,34.78,7
r_00023100,family_001123,u_001123,2026-W27,ТС5,625.25,33.12,6
r_00023101,family_001123,u_001123,2026-W27,ТС5,375.40,34.46,9
r_00023102,family_001123,u_001123,2026-W27,ТС5,701.93,87.27,10
r_00023103,family_001123,u_001123,2026-W28,ТС5,425.31,25.67,7
r_00023104,family_001123,u_001123,2026-W28,ТС5,402.96,19.11,11
r_00023105,family_001123,u_001123,2026-W28,ТС5,664.48,54.28,8
r_00023106,family_001123,u_001123,2026-W29,ТС5,769.18,57.25,9
r_00023107,family_001123,u_001123,2026-W29,ТС5,638.20,69.64,5
r_00023108,family_001123,u_001123,2026-W30,ТС5,750.91,52.52,9
r_00023109,family_001123,u_001123,2026-W30,ТС5,600.87,33.82,8
r_00023110,family_001123,u_001123,2026-W31,ТС5,583.30,30.56,10
r_00023111,family_001123,u_001123,2026-W31,ТС5,688.78,70.96,5
r_00023112,family_001123,u_001123,2026-W31,ТС5,677.58,7.97,9
r_00023113,family_001123,u_001123,2026-W32,ТС5,451.65,21.99,9
r_00023114,family_001123,u_001123,2026-W32,ТС5,715.86,32.55,6
r_00023115,family_001123,u_001123,2026-W32,ТС5,338.87,47.70,10
r_00023116,family_001123,u_001123,2026-W33,ТС5,597.14,20.65,11
r_00023117,family_001123,u_001123,2026-W33,ТС5,659.58,51.21,5
r_00023118,family_001123,u_001123,2026-W33,ТС5,627.59,19.19,6
r_00023119,family_001123,u_001123,2026-W34,ТС5,634.82,23.81,11
r_00023120,family_001123,u_001123,2026-W34,ТС5,494.62,17.09,9
r_00023121,family_001123,u_001123,2026-W34,ТС5,729.11,63.66,8
r_00023122,family_001123,u_001123,2026-W35,ТС5,679.26,13.19,8
r_00023123,family_001123,u_001123,2026-W35,ТС5,713.97,35.83,6
r_00023124,family_001123,u_001123,2026-W35,ТС5,631.67,14.47,11
r_00023125,family_001123,u_001123,2026-W36,ТС5,575.22,20.12,6
r_00023272,family_001130,u_001130,2026-W25,ТС5,581.03,64.25,5
r_00023273,family_001130,u_001130,2026-W25,ТС5,577.67,126.26,6
r_00023274,family_001130,u_001130,2026-W26,ТС5,664.30,84.22,5
r_00023275,family_001130,u_001130,2026-W26,ТС5,620.17,44.55,8
r_00023276,family_001130,u_001130,2026-W27,ТС5,478.79,62.37,9
r_00023277,family_001130,u_001130,2026-W27,ТС5,426.72,68.77,10
r_00023278,family_001130,u_001130,2026-W27,ТС5,596.79,29.85,10
r_00023279,family_001130,u_001130,2026-W28,ТС5,570.91,126.22,7
r_00023280,family_001130,u_001130,2026-W28,ТС5,596.47,120.37,5
r_00023281,family_001130,u_001130,2026-W28,ТС5,628.95,93.48,10
r_00023282,family_001130,u_001130,2026-W29,ТС5,598.34,43.79,7
r_00023283,family_001130,u_001130,2026-W29,ТС5,667.68,22.03,10
r_00023284,family_001130,u_001130,2026-W30,ТС5,499.88,40.57,7
r_00023285,family_001130,u_001130,2026-W30,ТС5,631.33,64.71,11
r_00023286,family_001130,u_001130,2026-W31,ТС5,603.54,120.08,6
r_00023287,family_001130,u_001130,2026-W32,ТС5,491.55,74.07,6
r_00023288,family_001130,u_001130,2026-W32,ТС5,562.09,82.22,9
r_00023289,family_001130,u_001130,2026-W32,ТС5,590.00,43.82,11
r_00023290,family_001130,u_001130,2026-W33,ТС5,466.28,25.95,11
r_00023291,family_001130,u_001130,2026-W33,ТС5,586.86,45.52,8
r_00023292,family_001130,u_001130,2026-W33,ТС5,447.03,107.81,11
r_00023293,family_001130,u_001130,2026-W34,ТС5,572.66,53.54,7
r_00023294,family_001130,u_001130,2026-W34,ТС5,552.39,113.94,11
r_00023295,family_001130,u_001130,2026-W34,ТС5,546.35,95.05,7
r_00023296,family_001130,u_001130,2026-W35,ТС5,579.28,97.86,5
r_00023297,family_001130,u_001130,2026-W35,ТС5,586.72,155.91,7
r_00023298,family_001130,u_001130,2026-W36,ТС5,549.31,12.63,5
r_00023299,family_001130,u_001130,2026-W36,ТС5,758.78,57.20,9
r_00023362,family_001135,u_001135,2026-W25,ТС5,451.95,0.00,5
r_00023363,family_001135,u_001135,2026-W25,ТС5,630.43,15.76,5
r_00023364,family_001135,u_001135,2026-W26,ТС5,627.57,11.24,11
r_00023365,family_001135,u_001135,2026-W26,ТС5,675.83,27.78,5
r_00023366,family_001135,u_001135,2026-W26,ТС5,630.78,20.12,10
r_00023367,family_001135,u_001135,2026-W26,ТС5,553.90,40.37,9
r_00023368,family_001135,u_001135,2026-W27,ТС5,849.03,18.97,10
r_00023369,family_001135,u_001135,2026-W27,ТС5,775.75,11.10,9
r_00023370,family_001135,u_001135,2026-W27,ТС5,581.02,30.64,5
r_00023371,family_001135,u_001135,2026-W28,ТС5,469.98,27.44,11
r_00023372,family_001135,u_001135,2026-W28,ТС5,652.39,16.18,11
r_00023373,family_001135,u_001135,2026-W28,ТС5,813.82,36.35,5
r_00023374,family_001135,u_001135,2026-W29,ТС5,645.12,23.11,11
r_00023375,family_001135,u_001135,2026-W29,ТС5,519.71,57.47,8
r_00023376,family_001135,u_001135,2026-W29,ТС5,667.08,9.56,10
r_00023377,family_001135,u_001135,2026-W30,ТС5,600.66,21.27,10
r_00023378,family_001135,u_001135,2026-W30,ТС5,674.39,42.56,11
r_00023379,family_001135,u_001135,2026-W31,ТС5,566.65,17.66,6
r_00023380,family_001135,u_001135,2026-W31,ТС5,694.20,55.25,7
r_00023381,family_001135,u_001135,2026-W32,ТС5,573.28,25.93,10
r_00023382,family_001135,u_001135,2026-W32,ТС5,514.86,26.62,10
r_00023383,family_001135,u_001135,2026-W32,ТС5,638.95,45.55,10
r_00023384,family_001135,u_001135,2026-W33,ТС5,581.48,93.60,7
r_00023385,family_001135,u_001135,2026-W33,ТС5,529.11,0.00,6
r_00023386,family_001135,u_001135,2026-W33,ТС5,687.10,36.11,5
r_00023387,family_001135,u_001135,2026-W34,ТС5,611.39,22.84,7
r_00023388,family_001135,u_001135,2026-W34,ТС5,685.81,11.47,8
r_00023389,family_001135,u_001135,2026-W34,ТС5,478.91,32.74,5
r_00023390,family_001135,u_001135,2026-W35,ТС5,365.35,32.80,5
r_00023391,family_001135,u_001135,2026-W35,ТС5,662.20,50.72,5
r_00023392,family_001135,u_001135,2026-W35,ТС5,750.74,42.04,11
r_00023393,family_001135,u_001135,2026-W36,ТС5,660.07,47.02,7
r_00023394,family_001135,u_001135,2026-W36,ТС5,465.37,12.13,5
r_00023395,family_001135,u_001135,2026-W36,ТС5,709.56,42.77,9
r_00023396,family_001135,u_001135,2026-W36,ТС5,669.02,46.29,6
r_00023397,family_001136,u_001136,2026-W25,ТС5,726.36,33.26,8
r_00023398,family_001136,u_001136,2026-W25,ТС5,443.03,11.78,9
r_00023399,family_001136,u_001136,2026-W26,ТС5,753.24,23.82,9
r_00023400,family_001136,u_001136,2026-W26,ТС5,636.78,40.00,6
r_00023401,family_001136,u_001136,2026-W27,ТС5,699.82,74.98,10
r_00023402,family_001136,u_001136,2026-W27,ТС5,680.89,49.42,11
r_00023403,family_001136,u_001136,2026-W28,ТС5,686.81,28.57,9
r_00023404,family_001136,u_001136,2026-W28,ТС5,759.36,98.09,11
r_00023405,family_001136,u_001136,2026-W29,ТС5,540.93,41.42,5
r_00023406,family_001136,u_001136,2026-W29,ТС5,771.62,118.45,7
r_00023407,family_001136,u_001136,2026-W30,ТС5,665.83,0.00,7
r_00023408,family_001136,u_001136,2026-W30,ТС5,494.96,26.28,10
r_00023409,family_001136,u_001136,2026-W31,ТС5,671.27,13.64,5
r_00023410,family_001136,u_001136,2026-W31,ТС5,771.46,32.24,7
r_00023411,family_001136,u_001136,2026-W32,ТС5,650.99,41.80,11
r_00023412,family_001136,u_001136,2026-W32,ТС5,637.27,66.39,5
r_00023413,family_001136,u_001136,2026-W33,ТС5,602.95,35.03,6
r_00023414,family_001136,u_001136,2026-W33,ТС5,692.97,36.10,11
r_00023415,family_001136,u_001136,2026-W34,ТС5,556.36,10.12,7
r_00023416,family_001136,u_001136,2026-W34,ТС5,533.39,26.36,6
r_00023417,family_001136,u_001136,2026-W34,ТС5,882.20,0.00,7
r_00023418,family_001136,u_001136,2026-W35,ТС5,564.89,53.84,8
r_00023419,family_001136,u_001136,2026-W35,ТС5,722.26,20.29,7
r_00023420,family_001136,u_001136,2026-W36,ТС5,666.24,35.22,7
r_00023421,family_001136,u_001136,2026-W36,ТС5,599.72,0.00,10
r_00023422,family_001136,u_001136,2026-W36,ТС5,402.59,37.08,8
r_00023478,family_001141,u_001141,2026-W25,ТСЧ,871.05,81.24,11
r_00023479,family_001141,u_001141,2026-W25,ТСЧ,875.26,77.35,6
r_00023480,family_001141,u_001141,2026-W25,ТСЧ,710.67,113.90,6
r_00023481,family_001141,u_001141,2026-W26,ТСЧ,639.29,55.81,6
r_00023482,family_001141,u_001141,2026-W26,ТСЧ,711.77,103.91,5
r_00023483,family_001141,u_001141,2026-W27,ТСЧ,646.61,116.71,7
r_00023484,family_001141,u_001141,2026-W27,ТСЧ,723.14,43.74,8
r_00023485,family_001141,u_001141,2026-W28,ТСЧ,789.84,44.98,8
r_00023486,family_001141,u_001141,2026-W28,ТСЧ,841.87,17.40,10
r_00023487,family_001141,u_001141,2026-W29,ТСЧ,1029.76,162.72,5
r_00023488,family_001141,u_001141,2026-W29,ТСЧ,702.98,71.36,5
r_00023489,family_001141,u_001141,2026-W29,ТСЧ,661.65,90.01,7
r_00023490,family_001141,u_001141,2026-W30,ТСЧ,1172.56,58.54,7
r_00023491,family_001141,u_001141,2026-W30,ТСЧ,940.00,29.73,7
r_00023492,family_001141,u_001141,2026-W30,ТСЧ,627.18,36.49,6
r_00023493,family_001141,u_001141,2026-W31,ТСЧ,888.11,122.23,10
r_00023494,family_001141,u_001141,2026-W31,ТСЧ,906.96,64.43,11
r_00023495,family_001141,u_001141,2026-W32,ТСЧ,733.46,34.04,9
r_00023496,family_001141,u_001141,2026-W32,ТСЧ,608.92,89.88,11
r_00023497,family_001141,u_001141,2026-W32,ТСЧ,685.26,158.90,5
r_00023498,family_001141,u_001141,2026-W32,ТСЧ,709.12,76.93,7
r_00023499,family_001141,u_001141,2026-W33,ТСЧ,1104.90,47.01,9
r_00023500,family_001141,u_001141,2026-W33,ТСЧ,875.48,69.39,10
r_00023501,family_001141,u_001141,2026-W33,ТСЧ,940.60,76.87,10
r_00023502,family_001141,u_001141,2026-W34,ТСЧ,841.87,99.53,11
r_00023503,family_001141,u_001141,2026-W34,ТСЧ,1018.63,151.80,9
r_00023504,family_001141,u_001141,2026-W34,ТСЧ,978.24,41.44,10
r_00023505,family_001141,u_001141,2026-W35,ТСЧ,868.98,161.59,6
r_00023506,family_001141,u_001141,2026-W35,ТСЧ,615.67,70.22,9
r_00023507,family_001141,u_001141,2026-W35,ТСЧ,1081.19,123.42,11
r_00023508,family_001141,u_001141,2026-W36,ТСЧ,741.92,115.24,11
r_00023509,family_001141,u_001141,2026-W36,ТСЧ,537.66,58.91,9
r_00023510,family_001141,u_001141,2026-W36,ТСЧ,838.37,78.17,10
r_00023523,family_001143,u_001143,2026-W25,ТС5,647.29,20.60,5
r_00023524,family_001143,u_001143,2026-W25,ТС5,613.78,33.02,6
r_00023525,family_001143,u_001143,2026-W26,ТС5,537.22,5.08,10
r_00023526,family_001143,u_001143,2026-W26,ТС5,619.34,27.23,8
r_00023527,family_001143,u_001143,2026-W26,ТС5,464.29,56.93,5
r_00023528,family_001143,u_001143,2026-W27,ТС5,422.37,0.00,6
r_00023529,family_001143,u_001143,2026-W27,ТС5,533.21,21.27,5
r_00023530,family_001143,u_001143,2026-W27,ТС5,446.12,5.61,7
r_00023531,family_001143,u_001143,2026-W28,ТС5,890.13,60.23,5
r_00023532,family_001143,u_001143,2026-W28,ТС5,720.43,40.83,8
r_00023533,family_001143,u_001143,2026-W28,ТС5,574.59,74.40,9
r_00023534,family_001143,u_001143,2026-W29,ТС5,638.44,5.18,7
r_00023535,family_001143,u_001143,2026-W29,ТС5,607.20,33.25,5
r_00023536,family_001143,u_001143,2026-W29,ТС5,669.22,15.80,9
r_00023537,family_001143,u_001143,2026-W30,ТС5,805.77,42.60,11
r_00023538,family_001143,u_001143,2026-W30,ТС5,729.56,43.18,9
r_00023539,family_001143,u_001143,2026-W31,ТС5,694.37,8.41,10
r_00023540,family_001143,u_001143,2026-W31,ТС5,434.62,15.52,10
r_00023541,family_001143,u_001143,2026-W31,ТС5,636.70,64.87,10
r_00023542,family_001143,u_001143,2026-W32,ТС5,537.77,29.45,9
r_00023543,family_001143,u_001143,2026-W32,ТС5,644.64,70.73,6
r_00023544,family_001143,u_001143,2026-W33,ТС5,1009.49,0.00,8
r_00023545,family_001143,u_001143,2026-W33,ТС5,570.92,14.14,9
r_00023546,family_001143,u_001143,2026-W33,ТС5,731.45,34.05,6
r_00023547,family_001143,u_001143,2026-W34,ТС5,592.20,41.78,8
r_00023548,family_001143,u_001143,2026-W34,ТС5,742.46,18.71,9
r_00023549,family_001143,u_001143,2026-W34,ТС5,623.33,30.05,6
r_00023550,family_001143,u_001143,2026-W35,ТС5,599.50,79.62,5
r_00023551,family_001143,u_001143,2026-W35,ТС5,702.56,72.08,5
r_00023552,family_001143,u_001143,2026-W35,ТС5,604.40,30.36,7
r_00023553,family_001143,u_001143,2026-W36,ТС5,600.21,13.90,10
r_00023554,family_001143,u_001143,2026-W36,ТС5,810.84,26.26,11
r_00023555,family_001143,u_001143,2026-W36,ТС5,717.09,53.32,5
r_00023556,family_001144,u_001144,2026-W25,ТС5,722.81,32.45,11
r_00023557,family_001144,u_001144,2026-W25,ТС5,528.73,60.66,9
r_00023558,family_001144,u_001144,2026-W26,ТС5,873.48,86.18,8
r_00023559,family_001144,u_001144,2026-W27,ТС5,877.99,32.16,5
r_00023560,family_001144,u_001144,2026-W29,ТС5,674.50,27.62,8
r_00023561,family_001144,u_001144,2026-W29,ТС5,522.88,29.19,5
r_00023562,family_001144,u_001144,2026-W30,ТС5,710.42,21.20,6
r_00023563,family_001144,u_001144,2026-W30,ТС5,703.18,82.03,10
r_00023564,family_001144,u_001144,2026-W31,ТС5,629.94,14.36,5
r_00023565,family_001144,u_001144,2026-W31,ТС5,736.96,16.30,8
r_00023566,family_001144,u_001144,2026-W32,ТС5,588.26,28.30,7
r_00023567,family_001144,u_001144,2026-W32,ТС5,599.41,38.69,7
r_00023568,family_001144,u_001144,2026-W33,ТС5,569.83,16.51,9
r_00023569,family_001144,u_001144,2026-W33,ТС5,397.30,49.75,9
r_00023570,family_001144,u_001144,2026-W34,ТС5,750.18,28.54,11
r_00023571,family_001144,u_001144,2026-W34,ТС5,815.13,64.13,9
r_00023572,family_001144,u_001144,2026-W35,ТС5,545.71,20.30,8
r_00023573,family_001144,u_001144,2026-W35,ТС5,543.24,14.15,10
r_00023574,family_001144,u_001144,2026-W36,ТС5,542.12,68.51,6
r_00023575,family_001144,u_001144,2026-W36,ТС5,807.99,50.85,5
r_00023576,family_001145,u_001145,2026-W25,ТС5,659.88,82.60,10
r_00023577,family_001145,u_001145,2026-W25,ТС5,716.00,12.39,6
r_00023578,family_001145,u_001145,2026-W26,ТС5,530.24,76.54,11
r_00023579,family_001145,u_001145,2026-W26,ТС5,555.99,53.42,11
r_00023580,family_001145,u_001145,2026-W26,ТС5,733.13,0.00,8
r_00023581,family_001145,u_001145,2026-W27,ТС5,543.20,12.39,5
r_00023582,family_001145,u_001145,2026-W27,ТС5,645.43,20.72,5
r_00023583,family_001145,u_001145,2026-W27,ТС5,538.70,33.89,7
r_00023584,family_001145,u_001145,2026-W28,ТС5,584.95,32.27,10
r_00023585,family_001145,u_001145,2026-W28,ТС5,723.69,57.34,8
r_00023586,family_001145,u_001145,2026-W28,ТС5,863.74,26.52,9
r_00023587,family_001145,u_001145,2026-W29,ТС5,689.52,30.34,10
r_00023588,family_001145,u_001145,2026-W29,ТС5,462.15,56.69,11
r_00023589,family_001145,u_001145,2026-W29,ТС5,607.09,0.00,11
r_00023590,family_001145,u_001145,2026-W30,ТС5,581.36,19.82,8
r_00023591,family_001145,u_001145,2026-W30,ТС5,734.67,31.95,9
r_00023592,family_001145,u_001145,2026-W30,ТС5,608.92,28.68,11
r_00023593,family_001145,u_001145,2026-W31,ТС5,548.55,75.61,7
r_00023594,family_001145,u_001145,2026-W32,ТС5,506.96,13.56,10
r_00023595,family_001145,u_001145,2026-W32,ТС5,632.43,82.60,5
r_00023596,family_001145,u_001145,2026-W32,ТС5,774.90,37.70,9
r_00023597,family_001145,u_001145,2026-W33,ТС5,593.91,42.87,11
r_00023598,family_001145,u_001145,2026-W33,ТС5,702.71,73.64,11
r_00023599,family_001145,u_001145,2026-W33,ТС5,669.42,35.94,11
r_00023600,family_001145,u_001145,2026-W33,ТС5,515.08,8.36,5
r_00023601,family_001145,u_001145,2026-W34,ТС5,687.41,39.62,9
r_00023602,family_001145,u_001145,2026-W34,ТС5,612.92,13.07,10
r_00023603,family_001145,u_001145,2026-W34,ТС5,843.75,25.57,7
r_00023604,family_001145,u_001145,2026-W35,ТС5,517.81,54.44,11
r_00023605,family_001145,u_001145,2026-W35,ТС5,671.93,43.65,8
r_00023606,family_001145,u_001145,2026-W35,ТС5,676.95,58.66,11
r_00023607,family_001145,u_001145,2026-W36,ТС5,618.44,17.73,6
r_00023608,family_001145,u_001145,2026-W36,ТС5,603.70,24.05,10
r_00023609,family_001146,u_001146,2026-W25,ТСХ,1488.82,0.00,6
r_00023610,family_001146,u_001146,2026-W25,ТСХ,790.07,37.35,5
r_00023611,family_001146,u_001146,2026-W26,ТСХ,999.72,98.67,9
r_00023612,family_001146,u_001146,2026-W26,ТСХ,645.60,17.52,6
r_00023613,family_001146,u_001146,2026-W27,ТСХ,926.28,87.06,6
r_00023614,family_001146,u_001146,2026-W27,ТСХ,864.71,32.95,8
r_00023615,family_001146,u_001146,2026-W27,ТСХ,1148.38,25.70,5
r_00023616,family_001146,u_001146,2026-W28,ТСХ,690.63,30.36,11
r_00023617,family_001146,u_001146,2026-W28,ТСХ,1067.73,52.44,7
r_00023618,family_001146,u_001146,2026-W29,ТСХ,1174.84,31.83,6
r_00023619,family_001146,u_001146,2026-W29,ТСХ,914.94,59.80,8
r_00023620,family_001146,u_001146,2026-W30,ТСХ,1012.09,46.48,6
r_00023621,family_001146,u_001146,2026-W30,ТСХ,1085.45,47.16,5
r_00023622,family_001146,u_001146,2026-W30,ТСХ,1104.35,27.23,10
r_00023623,family_001146,u_001146,2026-W31,ТСХ,1079.99,53.08,9
r_00023624,family_001146,u_001146,2026-W31,ТСХ,1186.87,22.49,5
r_00023625,family_001146,u_001146,2026-W32,ТСХ,1021.53,49.74,9
r_00023626,family_001146,u_001146,2026-W32,ТСХ,1064.96,32.25,8
r_00023627,family_001146,u_001146,2026-W33,ТСХ,813.88,45.74,11
r_00023628,family_001146,u_001146,2026-W33,ТСХ,957.37,147.51,6
r_00023629,family_001146,u_001146,2026-W34,ТСХ,853.92,22.70,6
r_00023630,family_001146,u_001146,2026-W34,ТСХ,1173.69,48.96,8
r_00023631,family_001146,u_001146,2026-W35,ТСХ,1163.45,43.14,10
r_00023632,family_001146,u_001146,2026-W35,ТСХ,926.29,51.94,8
r_00023633,family_001146,u_001146,2026-W35,ТСХ,1238.37,51.06,11
r_00023634,family_001146,u_001146,2026-W36,ТСХ,882.40,32.72,11
r_00023681,family_001149,u_001149,2026-W25,ТС5,762.61,27.89,5
r_00023682,family_001149,u_001149,2026-W25,ТС5,532.38,61.82,11
r_00023683,family_001149,u_001149,2026-W25,ТС5,729.61,89.65,5
r_00023684,family_001149,u_001149,2026-W26,ТС5,496.81,59.67,5
r_00023685,family_001149,u_001149,2026-W26,ТС5,677.20,60.21,10
r_00023686,family_001149,u_001149,2026-W26,ТС5,655.62,126.66,6
r_00023687,family_001149,u_001149,2026-W27,ТС5,438.14,93.10,7
r_00023688,family_001149,u_001149,2026-W27,ТС5,704.94,57.58,9
r_00023689,family_001149,u_001149,2026-W27,ТС5,469.35,67.08,11
r_00023690,family_001149,u_001149,2026-W28,ТС5,590.33,53.35,5
r_00023691,family_001149,u_001149,2026-W28,ТС5,552.60,39.04,7
r_00023692,family_001149,u_001149,2026-W29,ТС5,639.84,63.39,5
r_00023693,family_001149,u_001149,2026-W29,ТС5,591.38,114.18,9
r_00023694,family_001149,u_001149,2026-W29,ТС5,455.93,68.84,7
r_00023695,family_001149,u_001149,2026-W30,ТС5,606.97,46.01,7
r_00023696,family_001149,u_001149,2026-W30,ТС5,433.89,36.38,11
r_00023697,family_001149,u_001149,2026-W30,ТС5,566.28,94.84,9
r_00023698,family_001149,u_001149,2026-W30,ТС5,737.50,40.96,10
r_00023699,family_001149,u_001149,2026-W31,ТС5,578.76,127.09,7
r_00023700,family_001149,u_001149,2026-W31,ТС5,680.15,118.09,8
r_00023701,family_001149,u_001149,2026-W31,ТС5,546.44,94.34,10
r_00023702,family_001149,u_001149,2026-W32,ТС5,595.59,25.60,7
r_00023703,family_001149,u_001149,2026-W32,ТС5,587.62,112.04,9
r_00023704,family_001149,u_001149,2026-W32,ТС5,625.05,136.95,10
r_00023705,family_001149,u_001149,2026-W33,ТС5,715.34,117.86,5
r_00023706,family_001149,u_001149,2026-W33,ТС5,603.40,103.40,7
r_00023707,family_001149,u_001149,2026-W34,ТС5,719.57,81.06,10
r_00023708,family_001149,u_001149,2026-W34,ТС5,623.23,98.01,6
r_00023709,family_001149,u_001149,2026-W34,ТС5,793.60,19.45,9
r_00023710,family_001149,u_001149,2026-W35,ТС5,595.66,51.49,6
r_00023711,family_001149,u_001149,2026-W35,ТС5,733.84,32.09,6
r_00023712,family_001149,u_001149,2026-W35,ТС5,412.39,25.73,7
r_00023713,family_001149,u_001149,2026-W36,ТС5,632.47,78.43,7
r_00023714,family_001149,u_001149,2026-W36,ТС5,656.56,67.80,9
r_00023715,family_001149,u_001149,2026-W36,ТС5,735.22,137.60,8
r_00023790,family_001153,u_001153,2026-W25,ТС5,665.16,55.04,7
r_00023791,family_001153,u_001153,2026-W25,ТС5,764.78,0.00,8
r_00023792,family_001153,u_001153,2026-W26,ТС5,541.53,26.19,6
r_00023793,family_001153,u_001153,2026-W26,ТС5,497.25,30.16,10
r_00023794,family_001153,u_001153,2026-W26,ТС5,554.88,27.89,11
r_00023795,family_001153,u_001153,2026-W27,ТС5,321.67,16.27,11
r_00023796,family_001153,u_001153,2026-W27,ТС5,746.49,13.79,9
r_00023797,family_001153,u_001153,2026-W27,ТС5,749.18,64.38,9
r_00023798,family_001153,u_001153,2026-W28,ТС5,756.79,24.60,6
r_00023799,family_001153,u_001153,2026-W28,ТС5,599.36,51.17,11
r_00023800,family_001153,u_001153,2026-W28,ТС5,490.85,8.54,7
r_00023801,family_001153,u_001153,2026-W29,ТС5,667.90,17.20,8
r_00023802,family_001153,u_001153,2026-W29,ТС5,834.84,29.04,6
r_00023803,family_001153,u_001153,2026-W29,ТС5,844.32,57.60,10
r_00023804,family_001153,u_001153,2026-W30,ТС5,692.30,12.16,5
r_00023805,family_001153,u_001153,2026-W30,ТС5,726.60,46.80,8
r_00023806,family_001153,u_001153,2026-W30,ТС5,605.07,37.74,8
r_00023807,family_001153,u_001153,2026-W31,ТС5,574.40,10.03,7
r_00023808,family_001153,u_001153,2026-W31,ТС5,770.79,43.23,9
r_00023809,family_001153,u_001153,2026-W32,ТС5,631.19,8.57,7
r_00023810,family_001153,u_001153,2026-W32,ТС5,623.69,20.75,10
r_00023811,family_001153,u_001153,2026-W32,ТС5,709.41,40.87,11
r_00023812,family_001153,u_001153,2026-W33,ТС5,566.46,46.92,10
r_00023813,family_001153,u_001153,2026-W33,ТС5,781.56,19.98,7
r_00023814,family_001153,u_001153,2026-W33,ТС5,944.47,0.00,10
r_00023815,family_001153,u_001153,2026-W34,ТС5,810.60,21.34,5
r_00023816,family_001153,u_001153,2026-W34,ТС5,519.53,10.61,5
r_00023817,family_001153,u_001153,2026-W34,ТС5,706.23,8.38,6
r_00023818,family_001153,u_001153,2026-W35,ТС5,640.32,93.98,10
r_00023819,family_001153,u_001153,2026-W35,ТС5,601.75,48.83,10
r_00023820,family_001153,u_001153,2026-W35,ТС5,564.82,25.84,10
r_00023821,family_001153,u_001153,2026-W36,ТС5,663.41,38.16,10
r_00023822,family_001153,u_001153,2026-W36,ТС5,549.63,46.72,8
r_00023823,family_001153,u_001153,2026-W36,ТС5,785.39,15.99,5
r_00023991,family_001163,u_001163,2026-W25,ТС5,706.69,47.79,10
r_00023992,family_001163,u_001163,2026-W26,ТС5,268.78,8.49,10
r_00023993,family_001163,u_001163,2026-W27,ТС5,566.45,21.65,6
r_00023994,family_001163,u_001163,2026-W27,ТС5,567.64,6.47,10
r_00023995,family_001163,u_001163,2026-W28,ТС5,630.62,32.75,8
r_00023996,family_001163,u_001163,2026-W28,ТС5,331.96,20.40,5
r_00023997,family_001163,u_001163,2026-W29,ТС5,774.37,106.19,5
r_00023998,family_001163,u_001163,2026-W29,ТС5,468.04,19.54,10
r_00023999,family_001163,u_001163,2026-W30,ТС5,634.05,5.48,10
r_00024000,family_001163,u_001163,2026-W31,ТС5,791.74,25.90,7
r_00024001,family_001163,u_001163,2026-W31,ТС5,386.17,39.73,6
r_00024002,family_001163,u_001163,2026-W32,ТС5,870.72,0.00,8
r_00024003,family_001163,u_001163,2026-W34,ТС5,529.75,23.81,6
r_00024004,family_001163,u_001163,2026-W34,ТС5,476.11,68.04,8
r_00024005,family_001163,u_001163,2026-W35,ТС5,918.43,35.68,7
r_00024006,family_001163,u_001163,2026-W35,ТС5,611.53,15.18,8
r_00024007,family_001163,u_001163,2026-W36,ТС5,964.56,60.67,8
r_00024008,family_001163,u_001163,2026-W36,ТС5,458.96,34.24,6
r_00024079,family_001167,u_001167,2026-W25,ТС5,690.15,16.59,5
r_00024080,family_001167,u_001167,2026-W25,ТС5,484.95,28.23,7
r_00024081,family_001167,u_001167,2026-W26,ТС5,294.53,19.37,5
r_00024082,family_001167,u_001167,2026-W26,ТС5,787.72,92.11,7
r_00024083,family_001167,u_001167,2026-W27,ТС5,645.32,6.20,10
r_00024084,family_001167,u_001167,2026-W27,ТС5,865.87,27.15,9
r_00024085,family_001167,u_001167,2026-W28,ТС5,553.78,24.17,6
r_00024086,family_001167,u_001167,2026-W28,ТС5,625.73,68.94,11
r_00024087,family_001167,u_001167,2026-W29,ТС5,532.20,38.01,6
r_00024088,family_001167,u_001167,2026-W29,ТС5,598.55,0.00,7
r_00024089,family_001167,u_001167,2026-W29,ТС5,583.99,65.73,7
r_00024090,family_001167,u_001167,2026-W30,ТС5,619.30,43.01,5
r_00024091,family_001167,u_001167,2026-W30,ТС5,476.22,27.83,5
r_00024092,family_001167,u_001167,2026-W31,ТС5,580.21,39.33,10
r_00024093,family_001167,u_001167,2026-W31,ТС5,551.80,0.00,10
r_00024094,family_001167,u_001167,2026-W31,ТС5,625.75,54.41,5
r_00024095,family_001167,u_001167,2026-W32,ТС5,627.29,8.67,6
r_00024096,family_001167,u_001167,2026-W32,ТС5,943.89,85.08,10
r_00024097,family_001167,u_001167,2026-W33,ТС5,661.67,65.50,10
r_00024098,family_001167,u_001167,2026-W33,ТС5,823.51,139.27,11
r_00024099,family_001167,u_001167,2026-W33,ТС5,575.59,18.48,10
r_00024100,family_001167,u_001167,2026-W34,ТС5,772.84,43.54,7
r_00024101,family_001167,u_001167,2026-W34,ТС5,750.89,105.44,8
r_00024102,family_001167,u_001167,2026-W35,ТС5,462.19,60.39,8
r_00024103,family_001167,u_001167,2026-W35,ТС5,772.24,56.97,6
r_00024104,family_001167,u_001167,2026-W35,ТС5,723.88,23.68,6
r_00024105,family_001167,u_001167,2026-W36,ТС5,630.62,26.08,8
r_00024106,family_001167,u_001167,2026-W36,ТС5,726.10,18.41,8
r_00024107,family_001167,u_001167,2026-W36,ТС5,769.47,21.24,8
r_00024149,family_001170,u_001170,2026-W25,ТСЧ,651.53,72.44,8
r_00024150,family_001170,u_001170,2026-W25,ТСЧ,676.97,62.23,5
r_00024151,family_001170,u_001170,2026-W26,ТСЧ,803.90,73.38,8
r_00024152,family_001170,u_001170,2026-W26,ТСЧ,907.04,10.83,8
r_00024153,family_001170,u_001170,2026-W26,ТСЧ,772.58,62.01,10
r_00024154,family_001170,u_001170,2026-W27,ТСЧ,1096.42,48.99,9
r_00024155,family_001170,u_001170,2026-W27,ТСЧ,710.99,12.41,7
r_00024156,family_001170,u_001170,2026-W27,ТСЧ,831.56,89.88,10
r_00024157,family_001170,u_001170,2026-W28,ТСЧ,608.38,56.89,8
r_00024158,family_001170,u_001170,2026-W28,ТСЧ,893.20,52.82,11
r_00024159,family_001170,u_001170,2026-W29,ТСЧ,657.25,32.71,10
r_00024160,family_001170,u_001170,2026-W29,ТСЧ,953.30,160.01,6
r_00024161,family_001170,u_001170,2026-W30,ТСЧ,857.57,84.94,7
r_00024162,family_001170,u_001170,2026-W31,ТСЧ,943.71,37.25,5
r_00024163,family_001170,u_001170,2026-W31,ТСЧ,779.67,66.09,11
r_00024164,family_001170,u_001170,2026-W31,ТСЧ,861.38,24.87,7
r_00024165,family_001170,u_001170,2026-W32,ТСЧ,901.38,58.16,11
r_00024166,family_001170,u_001170,2026-W32,ТСЧ,1032.90,72.04,6
r_00024167,family_001170,u_001170,2026-W33,ТСЧ,702.43,98.59,10
r_00024168,family_001170,u_001170,2026-W33,ТСЧ,530.53,114.93,7
r_00024169,family_001170,u_001170,2026-W34,ТСЧ,665.66,17.31,10
r_00024170,family_001170,u_001170,2026-W34,ТСЧ,915.68,66.77,9
r_00024171,family_001170,u_001170,2026-W35,ТСЧ,841.76,7.01,9
r_00024172,family_001170,u_001170,2026-W35,ТСЧ,674.65,63.30,5
r_00024173,family_001170,u_001170,2026-W36,ТСЧ,897.89,66.94,10
r_00024174,family_001170,u_001170,2026-W36,ТСЧ,758.61,38.46,11
r_00024214,family_001175,u_001175,2026-W25,ТСЧ,897.67,80.10,9
r_00024215,family_001175,u_001175,2026-W25,ТСЧ,901.86,39.70,8
r_00024216,family_001175,u_001175,2026-W26,ТСЧ,1074.70,0.00,11
r_00024217,family_001175,u_001175,2026-W27,ТСЧ,1002.81,40.86,10
r_00024218,family_001175,u_001175,2026-W28,ТСЧ,732.90,26.72,10
r_00024219,family_001175,u_001175,2026-W29,ТСЧ,707.98,23.31,10
r_00024220,family_001175,u_001175,2026-W30,ТСЧ,715.39,48.47,8
r_00024221,family_001175,u_001175,2026-W30,ТСЧ,750.11,51.29,7
r_00024222,family_001175,u_001175,2026-W31,ТСЧ,595.19,17.32,5
r_00024223,family_001175,u_001175,2026-W31,ТСЧ,715.03,68.70,8
r_00024224,family_001175,u_001175,2026-W32,ТСЧ,780.86,70.37,10
r_00024225,family_001175,u_001175,2026-W32,ТСЧ,754.56,25.78,11
r_00024226,family_001175,u_001175,2026-W33,ТСЧ,902.13,82.51,5
r_00024227,family_001175,u_001175,2026-W33,ТСЧ,647.58,26.99,5
r_00024228,family_001175,u_001175,2026-W34,ТСЧ,723.45,160.81,7
r_00024229,family_001175,u_001175,2026-W35,ТСЧ,851.70,17.71,5
r_00024230,family_001175,u_001175,2026-W35,ТСЧ,848.33,24.56,10
r_00024231,family_001175,u_001175,2026-W36,ТСЧ,881.93,56.30,7
r_00024232,family_001175,u_001175,2026-W36,ТСЧ,813.43,29.94,7
r_00024233,family_001176,u_001176,2026-W25,ТС5,650.77,67.34,8
r_00024234,family_001176,u_001176,2026-W25,ТС5,823.32,19.59,11
r_00024235,family_001176,u_001176,2026-W26,ТС5,596.02,44.49,8
r_00024236,family_001176,u_001176,2026-W26,ТС5,568.29,53.29,10
r_00024237,family_001176,u_001176,2026-W27,ТС5,662.66,24.19,7
r_00024238,family_001176,u_001176,2026-W27,ТС5,553.48,4.44,10
r_00024239,family_001176,u_001176,2026-W28,ТС5,769.17,24.27,10
r_00024240,family_001176,u_001176,2026-W28,ТС5,650.22,18.23,8
r_00024241,family_001176,u_001176,2026-W29,ТС5,610.18,34.48,9
r_00024242,family_001176,u_001176,2026-W29,ТС5,768.80,35.19,9
r_00024243,family_001176,u_001176,2026-W30,ТС5,845.55,39.75,11
r_00024244,family_001176,u_001176,2026-W30,ТС5,671.99,15.84,7
r_00024245,family_001176,u_001176,2026-W31,ТС5,833.22,66.03,10
r_00024246,family_001176,u_001176,2026-W31,ТС5,844.58,45.68,9
r_00024247,family_001176,u_001176,2026-W31,ТС5,858.55,64.93,8
r_00024248,family_001176,u_001176,2026-W32,ТС5,691.18,33.58,11
r_00024249,family_001176,u_001176,2026-W32,ТС5,537.93,0.00,6
r_00024250,family_001176,u_001176,2026-W32,ТС5,514.14,26.03,10
r_00024251,family_001176,u_001176,2026-W33,ТС5,648.79,38.23,5
r_00024252,family_001176,u_001176,2026-W33,ТС5,456.58,29.08,11
r_00024253,family_001176,u_001176,2026-W34,ТС5,531.84,27.29,9
r_00024254,family_001176,u_001176,2026-W34,ТС5,589.40,41.75,5
r_00024255,family_001176,u_001176,2026-W34,ТС5,453.88,32.87,10
r_00024256,family_001176,u_001176,2026-W35,ТС5,689.18,48.56,8
r_00024257,family_001176,u_001176,2026-W35,ТС5,519.20,41.04,10
r_00024258,family_001176,u_001176,2026-W35,ТС5,577.78,58.11,5
r_00024259,family_001176,u_001176,2026-W36,ТС5,679.57,14.88,6
r_00024260,family_001176,u_001176,2026-W36,ТС5,541.60,93.56,5
r_00024261,family_001176,u_001176,2026-W36,ТС5,687.67,41.70,6
r_00024275,family_001178,u_001178,2026-W25,ТС5,720.00,16.30,10
r_00024276,family_001178,u_001178,2026-W25,ТС5,485.08,26.11,11
r_00024277,family_001178,u_001178,2026-W26,ТС5,856.74,0.00,10
r_00024278,family_001178,u_001178,2026-W26,ТС5,806.28,86.94,5
r_00024279,family_001178,u_001178,2026-W26,ТС5,676.43,92.63,7
r_00024280,family_001178,u_001178,2026-W27,ТС5,741.74,70.94,11
r_00024281,family_001178,u_001178,2026-W27,ТС5,701.82,13.25,7
r_00024282,family_001178,u_001178,2026-W28,ТС5,936.19,54.51,8
r_00024283,family_001178,u_001178,2026-W28,ТС5,904.40,60.23,8
r_00024284,family_001178,u_001178,2026-W29,ТС5,710.84,38.52,11
r_00024285,family_001178,u_001178,2026-W29,ТС5,812.44,0.00,6
r_00024286,family_001178,u_001178,2026-W30,ТС5,722.50,88.90,6
r_00024287,family_001178,u_001178,2026-W30,ТС5,747.32,31.65,10
r_00024288,family_001178,u_001178,2026-W31,ТС5,693.97,36.15,11
r_00024289,family_001178,u_001178,2026-W31,ТС5,538.89,32.88,8
r_00024290,family_001178,u_001178,2026-W32,ТС5,795.42,78.20,9
r_00024291,family_001178,u_001178,2026-W32,ТС5,658.16,44.30,5
r_00024292,family_001178,u_001178,2026-W32,ТС5,768.95,36.45,10
r_00024293,family_001178,u_001178,2026-W33,ТС5,661.58,36.87,11
r_00024294,family_001178,u_001178,2026-W34,ТС5,581.59,0.00,7
r_00024295,family_001178,u_001178,2026-W34,ТС5,817.22,21.44,11
r_00024296,family_001178,u_001178,2026-W35,ТС5,742.81,11.47,10
r_00024297,family_001178,u_001178,2026-W35,ТС5,746.28,95.87,10
r_00024298,family_001178,u_001178,2026-W35,ТС5,618.37,12.86,11
r_00024299,family_001178,u_001178,2026-W36,ТС5,578.14,92.17,9
r_00024300,family_001178,u_001178,2026-W36,ТС5,304.84,22.40,7
r_00024301,family_001179,u_001179,2026-W25,ТС5,608.66,14.21,6
r_00024302,family_001179,u_001179,2026-W25,ТС5,661.70,16.04,5
r_00024303,family_001179,u_001179,2026-W26,ТС5,616.25,16.24,10
r_00024304,family_001179,u_001179,2026-W26,ТС5,681.04,18.73,9
r_00024305,family_001179,u_001179,2026-W27,ТС5,588.29,56.62,10
r_00024306,family_001179,u_001179,2026-W27,ТС5,447.16,26.67,9
r_00024307,family_001179,u_001179,2026-W27,ТС5,526.58,56.18,7
r_00024308,family_001179,u_001179,2026-W28,ТС5,726.41,7.65,9
r_00024309,family_001179,u_001179,2026-W28,ТС5,520.74,25.32,10
r_00024310,family_001179,u_001179,2026-W28,ТС5,647.56,63.62,11
r_00024311,family_001179,u_001179,2026-W29,ТС5,720.05,60.45,7
r_00024312,family_001179,u_001179,2026-W29,ТС5,566.48,36.98,11
r_00024313,family_001179,u_001179,2026-W30,ТС5,757.02,30.30,7
r_00024314,family_001179,u_001179,2026-W30,ТС5,809.55,16.31,9
r_00024315,family_001179,u_001179,2026-W31,ТС5,527.75,36.11,7
r_00024316,family_001179,u_001179,2026-W31,ТС5,791.30,16.03,8
r_00024317,family_001179,u_001179,2026-W32,ТС5,626.94,10.95,9
r_00024318,family_001179,u_001179,2026-W32,ТС5,649.50,0.00,5
r_00024319,family_001179,u_001179,2026-W33,ТС5,788.52,63.24,5
r_00024320,family_001179,u_001179,2026-W33,ТС5,621.60,54.84,5
r_00024321,family_001179,u_001179,2026-W34,ТС5,554.72,81.18,5
r_00024322,family_001179,u_001179,2026-W34,ТС5,684.95,46.43,7
r_00024323,family_001179,u_001179,2026-W35,ТС5,621.72,13.92,11
r_00024324,family_001179,u_001179,2026-W35,ТС5,552.81,15.14,5
r_00024325,family_001179,u_001179,2026-W36,ТС5,427.13,36.08,11
r_00024326,family_001179,u_001179,2026-W36,ТС5,578.42,59.46,5
r_00024389,family_001183,u_001183,2026-W25,ТСХ,630.91,32.18,9
r_00024390,family_001183,u_001183,2026-W25,ТСХ,896.90,16.70,11
r_00024391,family_001183,u_001183,2026-W25,ТСХ,726.65,38.89,10
r_00024392,family_001183,u_001183,2026-W26,ТСХ,1205.90,120.33,6
r_00024393,family_001183,u_001183,2026-W26,ТСХ,1190.20,52.22,7
r_00024394,family_001183,u_001183,2026-W27,ТСХ,1315.17,86.76,5
r_00024395,family_001183,u_001183,2026-W27,ТСХ,921.41,67.72,9
r_00024396,family_001183,u_001183,2026-W28,ТСХ,1043.08,0.00,9
r_00024397,family_001183,u_001183,2026-W28,ТСХ,1002.31,83.81,9
r_00024398,family_001183,u_001183,2026-W29,ТСХ,1005.18,62.85,11
r_00024399,family_001183,u_001183,2026-W29,ТСХ,949.70,72.52,7
r_00024400,family_001183,u_001183,2026-W30,ТСХ,1403.19,77.89,8
r_00024401,family_001183,u_001183,2026-W30,ТСХ,1073.36,32.62,8
r_00024402,family_001183,u_001183,2026-W31,ТСХ,1061.87,0.00,8
r_00024403,family_001183,u_001183,2026-W31,ТСХ,619.99,35.76,8
r_00024404,family_001183,u_001183,2026-W31,ТСХ,1071.61,13.99,11
r_00024405,family_001183,u_001183,2026-W32,ТСХ,1123.20,85.51,9
r_00024406,family_001183,u_001183,2026-W32,ТСХ,975.88,30.96,9
r_00024407,family_001183,u_001183,2026-W33,ТСХ,971.14,69.02,7
r_00024408,family_001183,u_001183,2026-W33,ТСХ,1009.30,0.00,10
r_00024409,family_001183,u_001183,2026-W34,ТСХ,1055.43,36.06,9
r_00024410,family_001183,u_001183,2026-W35,ТСХ,724.72,68.27,5
r_00024411,family_001183,u_001183,2026-W35,ТСХ,1021.04,28.42,9
r_00024412,family_001183,u_001183,2026-W36,ТСХ,822.24,79.24,9
r_00024413,family_001183,u_001183,2026-W36,ТСХ,1065.33,46.34,9
r_00024430,family_001185,u_001185,2026-W25,ТС5,716.54,9.88,10
r_00024431,family_001185,u_001185,2026-W25,ТС5,546.13,51.47,9
r_00024432,family_001185,u_001185,2026-W26,ТС5,593.25,14.69,6
r_00024433,family_001185,u_001185,2026-W26,ТС5,535.30,54.11,9
r_00024434,family_001185,u_001185,2026-W26,ТС5,741.89,28.80,8
r_00024435,family_001185,u_001185,2026-W27,ТС5,562.58,35.40,11
r_00024436,family_001185,u_001185,2026-W27,ТС5,692.06,10.57,9
r_00024437,family_001185,u_001185,2026-W28,ТС5,636.84,45.74,7
r_00024438,family_001185,u_001185,2026-W29,ТС5,491.77,0.00,7
r_00024439,family_001185,u_001185,2026-W30,ТС5,710.46,39.54,10
r_00024440,family_001185,u_001185,2026-W30,ТС5,608.10,23.31,11
r_00024441,family_001185,u_001185,2026-W31,ТС5,795.80,0.00,8
r_00024442,family_001185,u_001185,2026-W31,ТС5,718.25,20.83,5
r_00024443,family_001185,u_001185,2026-W32,ТС5,636.97,27.28,10
r_00024444,family_001185,u_001185,2026-W32,ТС5,757.57,46.76,11
r_00024445,family_001185,u_001185,2026-W33,ТС5,755.90,29.51,5
r_00024446,family_001185,u_001185,2026-W33,ТС5,612.51,53.59,11
r_00024447,family_001185,u_001185,2026-W34,ТС5,504.25,11.39,5
r_00024448,family_001185,u_001185,2026-W34,ТС5,731.75,39.87,11
r_00024449,family_001185,u_001185,2026-W35,ТС5,676.69,19.32,11
r_00024450,family_001185,u_001185,2026-W36,ТС5,750.18,20.29,10
r_00024517,family_001189,u_001189,2026-W25,ТС5,633.81,21.17,9
r_00024518,family_001189,u_001189,2026-W25,ТС5,631.86,111.57,8
r_00024519,family_001189,u_001189,2026-W25,ТС5,604.13,33.41,11
r_00024520,family_001189,u_001189,2026-W26,ТС5,471.16,23.45,10
r_00024521,family_001189,u_001189,2026-W26,ТС5,596.66,28.21,8
r_00024522,family_001189,u_001189,2026-W27,ТС5,743.46,13.23,5
r_00024523,family_001189,u_001189,2026-W27,ТС5,756.61,35.88,11
r_00024524,family_001189,u_001189,2026-W27,ТС5,589.34,8.35,9
r_00024525,family_001189,u_001189,2026-W28,ТС5,647.53,0.00,6
r_00024526,family_001189,u_001189,2026-W28,ТС5,575.84,37.41,9
r_00024527,family_001189,u_001189,2026-W29,ТС5,731.71,0.00,8
r_00024528,family_001189,u_001189,2026-W29,ТС5,626.22,48.91,7
r_00024529,family_001189,u_001189,2026-W29,ТС5,722.89,7.40,11
r_00024530,family_001189,u_001189,2026-W30,ТС5,725.58,81.98,6
r_00024531,family_001189,u_001189,2026-W30,ТС5,750.78,0.00,7
r_00024532,family_001189,u_001189,2026-W31,ТС5,488.18,26.31,9
r_00024533,family_001189,u_001189,2026-W31,ТС5,700.09,34.74,9
r_00024534,family_001189,u_001189,2026-W32,ТС5,519.49,11.52,7
r_00024535,family_001189,u_001189,2026-W32,ТС5,764.23,23.01,8
r_00024536,family_001189,u_001189,2026-W32,ТС5,463.41,23.47,11
r_00024537,family_001189,u_001189,2026-W33,ТС5,446.69,36.53,10
r_00024538,family_001189,u_001189,2026-W33,ТС5,749.64,0.00,11
r_00024539,family_001189,u_001189,2026-W33,ТС5,515.98,28.00,7
r_00024540,family_001189,u_001189,2026-W34,ТС5,659.82,12.01,7
r_00024541,family_001189,u_001189,2026-W34,ТС5,655.99,18.12,9
r_00024542,family_001189,u_001189,2026-W34,ТС5,597.95,18.98,5
r_00024543,family_001189,u_001189,2026-W35,ТС5,708.41,39.05,7
r_00024544,family_001189,u_001189,2026-W35,ТС5,708.36,59.86,7
r_00024545,family_001189,u_001189,2026-W35,ТС5,548.60,44.21,9
r_00024546,family_001189,u_001189,2026-W36,ТС5,823.29,16.99,5
r_00024547,family_001189,u_001189,2026-W36,ТС5,745.41,72.91,9
r_00024548,family_001189,u_001189,2026-W36,ТС5,785.95,16.09,9
r_00024549,family_001190,u_001190,2026-W25,ТС5,489.32,47.34,10
r_00024550,family_001190,u_001190,2026-W25,ТС5,431.34,7.98,9
r_00024551,family_001190,u_001190,2026-W25,ТС5,537.62,14.49,8
r_00024552,family_001190,u_001190,2026-W26,ТС5,683.83,63.28,6
r_00024553,family_001190,u_001190,2026-W26,ТС5,825.07,0.00,9
r_00024554,family_001190,u_001190,2026-W26,ТС5,656.68,20.54,9
r_00024555,family_001190,u_001190,2026-W27,ТС5,863.24,59.00,8
r_00024556,family_001190,u_001190,2026-W27,ТС5,570.19,0.00,5
r_00024557,family_001190,u_001190,2026-W27,ТС5,591.08,12.55,11
r_00024558,family_001190,u_001190,2026-W28,ТС5,650.41,52.86,11
r_00024559,family_001190,u_001190,2026-W28,ТС5,789.19,39.75,11
r_00024560,family_001190,u_001190,2026-W29,ТС5,474.97,31.76,11
r_00024561,family_001190,u_001190,2026-W29,ТС5,498.19,49.74,10
r_00024562,family_001190,u_001190,2026-W29,ТС5,552.33,12.32,11
r_00024563,family_001190,u_001190,2026-W30,ТС5,806.92,60.43,5
r_00024564,family_001190,u_001190,2026-W30,ТС5,850.72,40.84,11
r_00024565,family_001190,u_001190,2026-W31,ТС5,708.77,85.63,7
r_00024566,family_001190,u_001190,2026-W31,ТС5,543.55,44.38,7
r_00024567,family_001190,u_001190,2026-W31,ТС5,542.01,35.95,9
r_00024568,family_001190,u_001190,2026-W32,ТС5,602.44,31.97,10
r_00024569,family_001190,u_001190,2026-W32,ТС5,651.11,43.83,6
r_00024570,family_001190,u_001190,2026-W32,ТС5,778.60,41.02,5
r_00024571,family_001190,u_001190,2026-W33,ТС5,546.39,44.01,11
r_00024572,family_001190,u_001190,2026-W33,ТС5,683.23,48.57,6
r_00024573,family_001190,u_001190,2026-W33,ТС5,663.48,56.59,9
r_00024574,family_001190,u_001190,2026-W34,ТС5,789.03,20.20,6
r_00024575,family_001190,u_001190,2026-W34,ТС5,724.14,50.16,7
r_00024576,family_001190,u_001190,2026-W35,ТС5,402.85,22.00,7
r_00024577,family_001190,u_001190,2026-W35,ТС5,491.03,7.92,6
r_00024578,family_001190,u_001190,2026-W35,ТС5,554.10,24.36,10
r_00024579,family_001190,u_001190,2026-W36,ТС5,680.82,42.92,11
r_00024580,family_001190,u_001190,2026-W36,ТС5,788.50,8.36,11
r_00024581,family_001190,u_001190,2026-W36,ТС5,722.71,0.00,5
r_00024649,family_001195,u_001195,2026-W25,ТС5,731.09,108.54,11
r_00024650,family_001195,u_001195,2026-W25,ТС5,676.62,8.92,11
r_00024651,family_001195,u_001195,2026-W26,ТС5,824.24,46.95,7
r_00024652,family_001195,u_001195,2026-W26,ТС5,534.96,42.90,8
r_00024653,family_001195,u_001195,2026-W27,ТС5,620.39,28.30,7
r_00024654,family_001195,u_001195,2026-W27,ТС5,483.63,22.31,9
r_00024655,family_001195,u_001195,2026-W28,ТС5,736.60,62.63,11
r_00024656,family_001195,u_001195,2026-W28,ТС5,594.01,12.35,11
r_00024657,family_001195,u_001195,2026-W29,ТС5,702.80,45.65,6
r_00024658,family_001195,u_001195,2026-W30,ТС5,771.53,76.30,6
r_00024659,family_001195,u_001195,2026-W30,ТС5,632.75,52.92,11
r_00024660,family_001195,u_001195,2026-W31,ТС5,801.14,16.21,9
r_00024661,family_001195,u_001195,2026-W31,ТС5,613.48,36.54,10
r_00024662,family_001195,u_001195,2026-W32,ТС5,690.77,57.15,10
r_00024663,family_001195,u_001195,2026-W33,ТС5,655.26,33.00,6
r_00024664,family_001195,u_001195,2026-W33,ТС5,681.17,21.82,11
r_00024665,family_001195,u_001195,2026-W34,ТС5,756.82,47.34,8
r_00024666,family_001195,u_001195,2026-W34,ТС5,462.40,8.80,10
r_00024667,family_001195,u_001195,2026-W35,ТС5,668.88,22.52,8
r_00024668,family_001195,u_001195,2026-W35,ТС5,729.95,103.21,6
r_00024669,family_001195,u_001195,2026-W36,ТС5,587.34,78.34,11
r_00024670,family_001195,u_001195,2026-W36,ТС5,597.73,37.09,9
r_00024847,family_001204,u_001204,2026-W25,ТС5,668.99,45.18,10
r_00024848,family_001204,u_001204,2026-W25,ТС5,491.47,46.20,9
r_00024849,family_001204,u_001204,2026-W25,ТС5,903.39,63.48,8
r_00024850,family_001204,u_001204,2026-W26,ТС5,593.43,63.45,6
r_00024851,family_001204,u_001204,2026-W26,ТС5,536.18,12.87,9
r_00024852,family_001204,u_001204,2026-W26,ТС5,582.44,34.59,5
r_00024853,family_001204,u_001204,2026-W27,ТС5,544.79,26.08,10
r_00024854,family_001204,u_001204,2026-W27,ТС5,588.47,39.11,10
r_00024855,family_001204,u_001204,2026-W28,ТС5,586.07,29.14,6
r_00024856,family_001204,u_001204,2026-W28,ТС5,441.25,28.04,6
r_00024857,family_001204,u_001204,2026-W29,ТС5,611.20,14.30,6
r_00024858,family_001204,u_001204,2026-W29,ТС5,781.52,25.73,11
r_00024859,family_001204,u_001204,2026-W29,ТС5,840.58,44.16,11
r_00024860,family_001204,u_001204,2026-W30,ТС5,828.50,0.00,5
r_00024861,family_001204,u_001204,2026-W30,ТС5,543.18,18.90,6
r_00024862,family_001204,u_001204,2026-W31,ТС5,764.33,40.08,7
r_00024863,family_001204,u_001204,2026-W31,ТС5,690.82,59.42,9
r_00024864,family_001204,u_001204,2026-W31,ТС5,622.15,20.09,9
r_00024865,family_001204,u_001204,2026-W32,ТС5,606.51,58.31,5
r_00024866,family_001204,u_001204,2026-W32,ТС5,478.06,19.11,9
r_00024867,family_001204,u_001204,2026-W32,ТС5,853.00,22.30,8
r_00024868,family_001204,u_001204,2026-W33,ТС5,561.92,32.60,10
r_00024869,family_001204,u_001204,2026-W33,ТС5,601.50,18.50,6
r_00024870,family_001204,u_001204,2026-W34,ТС5,539.82,48.90,9
r_00024871,family_001204,u_001204,2026-W34,ТС5,681.08,74.19,7
r_00024872,family_001204,u_001204,2026-W34,ТС5,684.65,32.41,8
r_00024873,family_001204,u_001204,2026-W35,ТС5,619.69,11.57,6
r_00024874,family_001204,u_001204,2026-W35,ТС5,604.51,20.93,11
r_00024875,family_001204,u_001204,2026-W36,ТС5,598.87,50.04,7
r_00024876,family_001204,u_001204,2026-W36,ТС5,826.68,18.99,9
r_00024877,family_001204,u_001204,2026-W36,ТС5,780.30,51.25,9
r_00024915,family_001207,u_001207,2026-W25,ТС5,634.26,20.99,8
r_00024916,family_001207,u_001207,2026-W25,ТС5,758.89,22.77,11
r_00024917,family_001207,u_001207,2026-W26,ТС5,492.87,27.65,7
r_00024918,family_001207,u_001207,2026-W26,ТС5,623.27,106.76,5
r_00024919,family_001207,u_001207,2026-W26,ТС5,408.22,37.47,11
r_00024920,family_001207,u_001207,2026-W27,ТС5,521.94,22.67,10
r_00024921,family_001207,u_001207,2026-W27,ТС5,634.43,0.00,5
r_00024922,family_001207,u_001207,2026-W28,ТС5,766.36,28.45,11
r_00024923,family_001207,u_001207,2026-W28,ТС5,440.82,7.20,10
r_00024924,family_001207,u_001207,2026-W28,ТС5,658.74,23.16,5
r_00024925,family_001207,u_001207,2026-W29,ТС5,676.25,19.63,11
r_00024926,family_001207,u_001207,2026-W29,ТС5,651.19,34.74,10
r_00024927,family_001207,u_001207,2026-W29,ТС5,664.07,0.00,7
r_00024928,family_001207,u_001207,2026-W30,ТС5,456.55,17.37,6
r_00024929,family_001207,u_001207,2026-W30,ТС5,525.04,24.98,8
r_00024930,family_001207,u_001207,2026-W31,ТС5,449.56,30.09,11
r_00024931,family_001207,u_001207,2026-W31,ТС5,630.97,62.17,7
r_00024932,family_001207,u_001207,2026-W31,ТС5,648.88,17.74,8
r_00024933,family_001207,u_001207,2026-W32,ТС5,597.11,32.21,5
r_00024934,family_001207,u_001207,2026-W32,ТС5,511.47,16.04,10
r_00024935,family_001207,u_001207,2026-W32,ТС5,798.44,79.05,5
r_00024936,family_001207,u_001207,2026-W33,ТС5,615.24,28.25,9
r_00024937,family_001207,u_001207,2026-W33,ТС5,536.20,43.71,11
r_00024938,family_001207,u_001207,2026-W33,ТС5,665.83,0.00,5
r_00024939,family_001207,u_001207,2026-W34,ТС5,905.47,25.47,9
r_00024940,family_001207,u_001207,2026-W34,ТС5,760.91,70.05,5
r_00024941,family_001207,u_001207,2026-W34,ТС5,447.36,11.56,8
r_00024942,family_001207,u_001207,2026-W35,ТС5,654.94,10.88,8
r_00024943,family_001207,u_001207,2026-W35,ТС5,674.44,28.33,9
r_00024944,family_001207,u_001207,2026-W36,ТС5,525.68,7.85,11
r_00024945,family_001207,u_001207,2026-W36,ТС5,389.20,27.51,10
r_00024946,family_001207,u_001207,2026-W36,ТС5,714.29,82.44,6
r_00024947,family_001208,u_001208,2026-W25,ТС5,584.02,39.33,11
r_00024948,family_001208,u_001208,2026-W25,ТС5,647.00,57.53,11
r_00024949,family_001208,u_001208,2026-W26,ТС5,421.60,3.66,9
r_00024950,family_001208,u_001208,2026-W26,ТС5,654.70,23.64,8
r_00024951,family_001208,u_001208,2026-W26,ТС5,550.86,16.51,9
r_00024952,family_001208,u_001208,2026-W27,ТС5,798.49,51.15,7
r_00024953,family_001208,u_001208,2026-W27,ТС5,629.98,51.38,11
r_00024954,family_001208,u_001208,2026-W28,ТС5,634.26,28.39,9
r_00024955,family_001208,u_001208,2026-W28,ТС5,577.36,35.17,10
r_00024956,family_001208,u_001208,2026-W29,ТС5,852.71,10.70,10
r_00024957,family_001208,u_001208,2026-W29,ТС5,677.99,42.07,9
r_00024958,family_001208,u_001208,2026-W30,ТС5,713.75,22.58,9
r_00024959,family_001208,u_001208,2026-W30,ТС5,663.65,48.17,10
r_00024960,family_001208,u_001208,2026-W31,ТС5,657.94,11.44,10
r_00024961,family_001208,u_001208,2026-W32,ТС5,798.28,11.67,6
r_00024962,family_001208,u_001208,2026-W33,ТС5,538.21,4.19,11
r_00024963,family_001208,u_001208,2026-W33,ТС5,734.68,0.00,9
r_00024964,family_001208,u_001208,2026-W34,ТС5,473.35,23.32,9
r_00024965,family_001208,u_001208,2026-W34,ТС5,528.59,14.72,9
r_00024966,family_001208,u_001208,2026-W36,ТС5,493.84,28.27,11
r_00025002,family_001211,u_001211,2026-W25,ТС5,616.33,82.99,11
r_00025003,family_001211,u_001211,2026-W25,ТС5,665.54,0.00,6
r_00025004,family_001211,u_001211,2026-W26,ТС5,779.52,22.26,7
r_00025005,family_001211,u_001211,2026-W26,ТС5,785.86,15.40,9
r_00025006,family_001211,u_001211,2026-W27,ТС5,755.72,26.24,6
r_00025007,family_001211,u_001211,2026-W27,ТС5,534.36,19.80,5
r_00025008,family_001211,u_001211,2026-W28,ТС5,709.30,6.50,11
r_00025009,family_001211,u_001211,2026-W28,ТС5,414.74,18.37,10
r_00025010,family_001211,u_001211,2026-W29,ТС5,555.86,72.96,5
r_00025011,family_001211,u_001211,2026-W29,ТС5,720.46,30.77,5
r_00025012,family_001211,u_001211,2026-W30,ТС5,805.89,35.30,8
r_00025013,family_001211,u_001211,2026-W30,ТС5,517.82,44.76,7
r_00025014,family_001211,u_001211,2026-W31,ТС5,683.14,130.93,6
r_00025015,family_001211,u_001211,2026-W31,ТС5,352.31,17.96,6
r_00025016,family_001211,u_001211,2026-W32,ТС5,709.78,35.77,5
r_00025017,family_001211,u_001211,2026-W33,ТС5,729.52,44.08,8
r_00025018,family_001211,u_001211,2026-W33,ТС5,539.48,48.64,7
r_00025019,family_001211,u_001211,2026-W34,ТС5,917.80,0.00,5
r_00025020,family_001211,u_001211,2026-W35,ТС5,667.52,12.08,6
r_00025021,family_001211,u_001211,2026-W35,ТС5,574.52,51.53,11
r_00025022,family_001211,u_001211,2026-W36,ТС5,766.20,54.37,5
r_00025023,family_001211,u_001211,2026-W36,ТС5,493.10,56.01,5
r_00025150,family_001217,u_001217,2026-W25,ТСЧ,759.55,69.43,10
r_00025151,family_001217,u_001217,2026-W25,ТСЧ,726.90,81.20,5
r_00025152,family_001217,u_001217,2026-W26,ТСЧ,995.34,77.49,5
r_00025153,family_001217,u_001217,2026-W26,ТСЧ,876.26,57.36,9
r_00025154,family_001217,u_001217,2026-W27,ТСЧ,676.67,98.88,7
r_00025155,family_001217,u_001217,2026-W27,ТСЧ,694.39,136.59,8
r_00025156,family_001217,u_001217,2026-W28,ТСЧ,852.18,66.17,11
r_00025157,family_001217,u_001217,2026-W28,ТСЧ,684.97,72.98,11
r_00025158,family_001217,u_001217,2026-W28,ТСЧ,756.94,149.40,11
r_00025159,family_001217,u_001217,2026-W29,ТСЧ,833.62,61.53,5
r_00025160,family_001217,u_001217,2026-W29,ТСЧ,580.30,47.22,5
r_00025161,family_001217,u_001217,2026-W30,ТСЧ,866.43,155.68,8
r_00025162,family_001217,u_001217,2026-W30,ТСЧ,907.13,87.82,7
r_00025163,family_001217,u_001217,2026-W30,ТСЧ,847.50,75.45,6
r_00025164,family_001217,u_001217,2026-W31,ТСЧ,750.68,88.60,10
r_00025165,family_001217,u_001217,2026-W31,ТСЧ,1103.05,47.84,11
r_00025166,family_001217,u_001217,2026-W32,ТСЧ,754.56,115.04,11
r_00025167,family_001217,u_001217,2026-W33,ТСЧ,757.86,134.39,7
r_00025168,family_001217,u_001217,2026-W33,ТСЧ,1019.19,127.36,11
r_00025169,family_001217,u_001217,2026-W34,ТСЧ,814.40,53.62,9
r_00025170,family_001217,u_001217,2026-W34,ТСЧ,910.28,71.31,9
r_00025171,family_001217,u_001217,2026-W35,ТСЧ,775.37,118.35,8
r_00025172,family_001217,u_001217,2026-W35,ТСЧ,498.77,146.42,8
r_00025173,family_001217,u_001217,2026-W36,ТСЧ,829.07,74.25,6
r_00025174,family_001217,u_001217,2026-W36,ТСЧ,935.14,71.35,6
r_00025196,family_001219,u_001219,2026-W25,ТСЧ,666.96,53.62,6
r_00025197,family_001219,u_001219,2026-W25,ТСЧ,841.77,64.70,7
r_00025198,family_001219,u_001219,2026-W25,ТСЧ,731.86,23.85,10
r_00025199,family_001219,u_001219,2026-W26,ТСЧ,512.62,21.63,6
r_00025200,family_001219,u_001219,2026-W26,ТСЧ,705.61,33.71,8
r_00025201,family_001219,u_001219,2026-W26,ТСЧ,614.27,30.71,6
r_00025202,family_001219,u_001219,2026-W27,ТСЧ,984.27,29.46,11
r_00025203,family_001219,u_001219,2026-W27,ТСЧ,777.45,47.61,7
r_00025204,family_001219,u_001219,2026-W27,ТСЧ,560.83,0.00,7
r_00025205,family_001219,u_001219,2026-W28,ТСЧ,988.29,50.57,8
r_00025206,family_001219,u_001219,2026-W28,ТСЧ,946.91,42.27,11
r_00025207,family_001219,u_001219,2026-W28,ТСЧ,836.75,12.00,6
r_00025208,family_001219,u_001219,2026-W29,ТСЧ,711.75,32.97,10
r_00025209,family_001219,u_001219,2026-W29,ТСЧ,865.93,18.90,9
r_00025210,family_001219,u_001219,2026-W29,ТСЧ,781.36,54.88,8
r_00025211,family_001219,u_001219,2026-W30,ТСЧ,958.12,11.81,6
r_00025212,family_001219,u_001219,2026-W30,ТСЧ,1029.41,65.25,9
r_00025213,family_001219,u_001219,2026-W30,ТСЧ,1091.09,21.38,8
r_00025214,family_001219,u_001219,2026-W31,ТСЧ,998.59,41.74,7
r_00025215,family_001219,u_001219,2026-W31,ТСЧ,809.26,56.76,11
r_00025216,family_001219,u_001219,2026-W32,ТСЧ,771.90,19.33,7
r_00025217,family_001219,u_001219,2026-W32,ТСЧ,713.97,100.34,10
r_00025218,family_001219,u_001219,2026-W32,ТСЧ,1052.89,0.00,9
r_00025219,family_001219,u_001219,2026-W33,ТСЧ,722.95,0.00,8
r_00025220,family_001219,u_001219,2026-W33,ТСЧ,1006.99,38.65,11
r_00025221,family_001219,u_001219,2026-W33,ТСЧ,522.64,35.94,10
r_00025222,family_001219,u_001219,2026-W34,ТСЧ,576.89,31.56,9
r_00025223,family_001219,u_001219,2026-W34,ТСЧ,1009.04,36.02,10
r_00025224,family_001219,u_001219,2026-W34,ТСЧ,827.11,99.96,8
r_00025225,family_001219,u_001219,2026-W35,ТСЧ,680.54,47.03,5
r_00025226,family_001219,u_001219,2026-W35,ТСЧ,1078.30,13.16,5
r_00025227,family_001219,u_001219,2026-W35,ТСЧ,604.47,34.63,10
r_00025228,family_001219,u_001219,2026-W36,ТСЧ,851.90,17.51,10
r_00025229,family_001219,u_001219,2026-W36,ТСЧ,755.57,29.06,10
r_00025230,family_001219,u_001219,2026-W36,ТСЧ,970.47,21.32,7
r_00025231,family_001219,u_001219,2026-W36,ТСЧ,925.57,12.62,8
r_00025242,family_001221,u_001221,2026-W25,ТС5,693.22,74.52,11
r_00025243,family_001221,u_001221,2026-W25,ТС5,659.12,21.89,10
r_00025244,family_001221,u_001221,2026-W26,ТС5,477.05,54.25,8
r_00025245,family_001221,u_001221,2026-W26,ТС5,891.54,53.68,7
r_00025246,family_001221,u_001221,2026-W27,ТС5,769.85,41.18,10
r_00025247,family_001221,u_001221,2026-W27,ТС5,593.40,17.00,11
r_00025248,family_001221,u_001221,2026-W28,ТС5,573.78,54.10,7
r_00025249,family_001221,u_001221,2026-W28,ТС5,729.04,0.00,5
r_00025250,family_001221,u_001221,2026-W29,ТС5,599.43,10.75,6
r_00025251,family_001221,u_001221,2026-W29,ТС5,694.92,64.61,6
r_00025252,family_001221,u_001221,2026-W30,ТС5,557.30,48.43,8
r_00025253,family_001221,u_001221,2026-W30,ТС5,573.46,12.05,7
r_00025254,family_001221,u_001221,2026-W31,ТС5,565.58,59.67,5
r_00025255,family_001221,u_001221,2026-W31,ТС5,644.94,9.71,8
r_00025256,family_001221,u_001221,2026-W32,ТС5,434.50,29.72,10
r_00025257,family_001221,u_001221,2026-W32,ТС5,451.61,20.14,8
r_00025258,family_001221,u_001221,2026-W33,ТС5,671.79,7.67,10
r_00025259,family_001221,u_001221,2026-W34,ТС5,683.52,0.00,5
r_00025260,family_001221,u_001221,2026-W35,ТС5,574.76,73.96,11
r_00025261,family_001221,u_001221,2026-W35,ТС5,570.59,47.51,9
r_00025262,family_001221,u_001221,2026-W36,ТС5,597.79,14.68,9
r_00025263,family_001221,u_001221,2026-W36,ТС5,642.36,14.18,11
r_00025323,family_001225,u_001225,2026-W25,ТС5,639.80,91.10,8
r_00025324,family_001225,u_001225,2026-W25,ТС5,532.72,75.63,5
r_00025325,family_001225,u_001225,2026-W26,ТС5,627.43,70.91,6
r_00025326,family_001225,u_001225,2026-W26,ТС5,697.27,99.79,8
r_00025327,family_001225,u_001225,2026-W27,ТС5,376.97,71.85,5
r_00025328,family_001225,u_001225,2026-W27,ТС5,546.09,19.81,11
r_00025329,family_001225,u_001225,2026-W28,ТС5,502.04,102.97,11
r_00025330,family_001225,u_001225,2026-W28,ТС5,476.77,65.92,10
r_00025331,family_001225,u_001225,2026-W29,ТС5,657.36,69.86,10
r_00025332,family_001225,u_001225,2026-W29,ТС5,533.77,86.08,9
r_00025333,family_001225,u_001225,2026-W30,ТС5,533.31,79.00,6
r_00025334,family_001225,u_001225,2026-W30,ТС5,735.16,0.00,7
r_00025335,family_001225,u_001225,2026-W31,ТС5,725.35,97.71,11
r_00025336,family_001225,u_001225,2026-W31,ТС5,597.03,83.54,5
r_00025337,family_001225,u_001225,2026-W32,ТС5,569.46,39.80,10
r_00025338,family_001225,u_001225,2026-W33,ТС5,686.91,18.86,5
r_00025339,family_001225,u_001225,2026-W33,ТС5,516.27,86.60,10
r_00025340,family_001225,u_001225,2026-W34,ТС5,587.63,92.98,7
r_00025341,family_001225,u_001225,2026-W34,ТС5,451.43,90.34,11
r_00025342,family_001225,u_001225,2026-W35,ТС5,749.64,45.06,7
r_00025343,family_001225,u_001225,2026-W36,ТС5,677.62,53.09,9
r_00025344,family_001225,u_001225,2026-W36,ТС5,503.66,35.67,7
r_00025352,family_001227,u_001227,2026-W25,ТС5,602.79,34.94,11
r_00025353,family_001227,u_001227,2026-W26,ТС5,823.38,70.30,5
r_00025354,family_001227,u_001227,2026-W26,ТС5,800.94,54.66,6
r_00025355,family_001227,u_001227,2026-W27,ТС5,517.09,21.09,11
r_00025356,family_001227,u_001227,2026-W27,ТС5,567.53,0.00,5
r_00025357,family_001227,u_001227,2026-W28,ТС5,628.50,12.93,10
r_00025358,family_001227,u_001227,2026-W29,ТС5,696.31,9.20,7
r_00025359,family_001227,u_001227,2026-W29,ТС5,738.12,35.52,7
r_00025360,family_001227,u_001227,2026-W29,ТС5,733.10,48.76,10
r_00025361,family_001227,u_001227,2026-W30,ТС5,779.49,16.33,10
r_00025362,family_001227,u_001227,2026-W30,ТС5,731.11,90.97,6
r_00025363,family_001227,u_001227,2026-W31,ТС5,710.61,72.35,7
r_00025364,family_001227,u_001227,2026-W32,ТС5,726.52,25.53,10
r_00025365,family_001227,u_001227,2026-W32,ТС5,434.29,76.36,8
r_00025366,family_001227,u_001227,2026-W33,ТС5,664.67,32.73,9
r_00025367,family_001227,u_001227,2026-W33,ТС5,981.15,26.06,5
r_00025368,family_001227,u_001227,2026-W34,ТС5,808.75,21.61,11
r_00025369,family_001227,u_001227,2026-W34,ТС5,624.67,40.06,6
r_00025370,family_001227,u_001227,2026-W35,ТС5,368.09,33.94,6
r_00025371,family_001227,u_001227,2026-W35,ТС5,657.68,86.96,9
r_00025372,family_001227,u_001227,2026-W36,ТС5,769.77,56.45,9
r_00025373,family_001227,u_001227,2026-W36,ТС5,690.23,17.66,11
r_00025413,family_001230,u_001230,2026-W25,ТС5,628.16,30.02,5
r_00025414,family_001230,u_001230,2026-W25,ТС5,484.31,5.32,10
r_00025415,family_001230,u_001230,2026-W25,ТС5,684.50,25.22,5
r_00025416,family_001230,u_001230,2026-W26,ТС5,645.45,24.42,7
r_00025417,family_001230,u_001230,2026-W26,ТС5,685.72,16.66,8
r_00025418,family_001230,u_001230,2026-W27,ТС5,941.64,18.14,8
r_00025419,family_001230,u_001230,2026-W27,ТС5,641.81,69.95,5
r_00025420,family_001230,u_001230,2026-W28,ТС5,674.19,34.38,8
r_00025421,family_001230,u_001230,2026-W28,ТС5,471.53,3.61,10
r_00025422,family_001230,u_001230,2026-W29,ТС5,656.18,25.43,5
r_00025423,family_001230,u_001230,2026-W29,ТС5,825.72,72.05,10
r_00025424,family_001230,u_001230,2026-W30,ТС5,528.87,13.48,8
r_00025425,family_001230,u_001230,2026-W30,ТС5,508.44,41.63,6
r_00025426,family_001230,u_001230,2026-W30,ТС5,538.35,107.38,8
r_00025427,family_001230,u_001230,2026-W31,ТС5,673.33,39.47,5
r_00025428,family_001230,u_001230,2026-W31,ТС5,691.89,7.58,9
r_00025429,family_001230,u_001230,2026-W31,ТС5,851.59,17.60,6
r_00025430,family_001230,u_001230,2026-W32,ТС5,372.78,13.29,6
r_00025431,family_001230,u_001230,2026-W32,ТС5,662.16,30.67,6
r_00025432,family_001230,u_001230,2026-W33,ТС5,266.71,5.27,8
r_00025433,family_001230,u_001230,2026-W33,ТС5,645.21,39.62,5
r_00025434,family_001230,u_001230,2026-W34,ТС5,652.22,35.86,7
r_00025435,family_001230,u_001230,2026-W34,ТС5,291.26,2.10,9
r_00025436,family_001230,u_001230,2026-W35,ТС5,813.83,40.30,8
r_00025437,family_001230,u_001230,2026-W35,ТС5,491.26,47.06,9
r_00025438,family_001230,u_001230,2026-W36,ТС5,677.31,16.35,9
r_00025439,family_001230,u_001230,2026-W36,ТС5,876.38,73.02,8
r_00025440,family_001231,u_001231,2026-W25,ТСЧ,802.63,34.93,11
r_00025441,family_001231,u_001231,2026-W26,ТСЧ,890.91,110.39,11
r_00025442,family_001231,u_001231,2026-W26,ТСЧ,1004.25,80.24,7
r_00025443,family_001231,u_001231,2026-W26,ТСЧ,679.24,36.08,7
r_00025444,family_001231,u_001231,2026-W27,ТСЧ,838.40,42.38,8
r_00025445,family_001231,u_001231,2026-W28,ТСЧ,845.82,65.61,11
r_00025446,family_001231,u_001231,2026-W28,ТСЧ,822.45,30.24,9
r_00025447,family_001231,u_001231,2026-W29,ТСЧ,638.28,44.05,9
r_00025448,family_001231,u_001231,2026-W30,ТСЧ,879.07,77.05,5
r_00025449,family_001231,u_001231,2026-W31,ТСЧ,583.91,15.48,5
r_00025450,family_001231,u_001231,2026-W31,ТСЧ,1125.75,0.00,6
r_00025451,family_001231,u_001231,2026-W32,ТСЧ,820.77,31.57,7
r_00025452,family_001231,u_001231,2026-W32,ТСЧ,772.25,44.95,5
r_00025453,family_001231,u_001231,2026-W33,ТСЧ,961.34,25.59,7
r_00025454,family_001231,u_001231,2026-W34,ТСЧ,1021.35,19.28,10
r_00025455,family_001231,u_001231,2026-W34,ТСЧ,928.78,86.57,10
r_00025456,family_001231,u_001231,2026-W35,ТСЧ,678.77,9.40,6
r_00025457,family_001231,u_001231,2026-W36,ТСЧ,926.38,99.96,11
r_00025458,family_001231,u_001231,2026-W36,ТСЧ,795.99,53.84,7
r_00025459,family_001232,u_001232,2026-W25,ТС5,558.65,0.00,7
r_00025460,family_001232,u_001232,2026-W25,ТС5,642.04,5.84,11
r_00025461,family_001232,u_001232,2026-W25,ТС5,543.13,31.65,7
r_00025462,family_001232,u_001232,2026-W26,ТС5,525.88,36.20,6
r_00025463,family_001232,u_001232,2026-W26,ТС5,637.83,49.08,10
r_00025464,family_001232,u_001232,2026-W27,ТС5,649.39,17.05,5
r_00025465,family_001232,u_001232,2026-W27,ТС5,409.78,19.69,6
r_00025466,family_001232,u_001232,2026-W28,ТС5,834.55,40.58,11
r_00025467,family_001232,u_001232,2026-W28,ТС5,723.61,39.76,11
r_00025468,family_001232,u_001232,2026-W29,ТС5,565.52,30.46,8
r_00025469,family_001232,u_001232,2026-W30,ТС5,765.91,52.27,11
r_00025470,family_001232,u_001232,2026-W30,ТС5,661.00,21.47,5
r_00025471,family_001232,u_001232,2026-W31,ТС5,549.80,0.00,7
r_00025472,family_001232,u_001232,2026-W31,ТС5,553.45,0.00,5
r_00025473,family_001232,u_001232,2026-W32,ТС5,609.06,29.98,9
r_00025474,family_001232,u_001232,2026-W32,ТС5,596.09,15.63,11
r_00025475,family_001232,u_001232,2026-W33,ТС5,656.75,0.00,8
r_00025476,family_001232,u_001232,2026-W33,ТС5,657.90,116.67,5
r_00025477,family_001232,u_001232,2026-W33,ТС5,861.43,41.36,7
r_00025478,family_001232,u_001232,2026-W34,ТС5,453.75,24.82,10
r_00025479,family_001232,u_001232,2026-W34,ТС5,494.20,10.83,9
r_00025480,family_001232,u_001232,2026-W34,ТС5,642.42,78.36,10
r_00025481,family_001232,u_001232,2026-W35,ТС5,773.19,41.24,6
r_00025482,family_001232,u_001232,2026-W35,ТС5,648.15,52.45,11
r_00025483,family_001232,u_001232,2026-W36,ТС5,478.97,73.30,6
r_00025484,family_001232,u_001232,2026-W36,ТС5,566.10,17.13,5
r_00025542,family_001237,u_001237,2026-W25,ТС5,654.29,48.11,10
r_00025543,family_001237,u_001237,2026-W25,ТС5,463.23,44.87,11
r_00025544,family_001237,u_001237,2026-W26,ТС5,721.89,0.00,5
r_00025545,family_001237,u_001237,2026-W26,ТС5,749.33,33.57,11
r_00025546,family_001237,u_001237,2026-W27,ТС5,729.31,30.19,7
r_00025547,family_001237,u_001237,2026-W27,ТС5,745.85,17.02,9
r_00025548,family_001237,u_001237,2026-W28,ТС5,559.92,25.63,9
r_00025549,family_001237,u_001237,2026-W28,ТС5,517.25,78.62,7
r_00025550,family_001237,u_001237,2026-W29,ТС5,755.12,13.12,5
r_00025551,family_001237,u_001237,2026-W29,ТС5,553.68,6.15,7
r_00025552,family_001237,u_001237,2026-W30,ТС5,641.35,23.85,8
r_00025553,family_001237,u_001237,2026-W30,ТС5,646.82,44.43,9
r_00025554,family_001237,u_001237,2026-W31,ТС5,731.20,54.69,6
r_00025555,family_001237,u_001237,2026-W32,ТС5,620.51,28.55,10
r_00025556,family_001237,u_001237,2026-W32,ТС5,607.79,0.00,5
r_00025557,family_001237,u_001237,2026-W33,ТС5,567.80,27.37,6
r_00025558,family_001237,u_001237,2026-W33,ТС5,764.28,19.81,5
r_00025559,family_001237,u_001237,2026-W34,ТС5,728.52,48.41,6
r_00025560,family_001237,u_001237,2026-W34,ТС5,558.89,22.36,6
r_00025561,family_001237,u_001237,2026-W35,ТС5,568.63,17.65,10
r_00025562,family_001237,u_001237,2026-W35,ТС5,670.26,37.39,9
r_00025563,family_001237,u_001237,2026-W36,ТС5,691.00,15.31,6
r_00025564,family_001237,u_001237,2026-W36,ТС5,592.13,44.18,6
r_00025565,family_001237,u_001237,2026-W36,ТС5,696.33,43.33,11
r_00025566,family_001238,u_001238,2026-W25,ТСХ,1238.65,31.93,6
r_00025567,family_001238,u_001238,2026-W25,ТСХ,1196.41,50.79,6
r_00025568,family_001238,u_001238,2026-W26,ТСХ,1087.09,15.30,5
r_00025569,family_001238,u_001238,2026-W26,ТСХ,1232.92,59.60,10
r_00025570,family_001238,u_001238,2026-W27,ТСХ,1052.50,27.59,9
r_00025571,family_001238,u_001238,2026-W27,ТСХ,1147.58,115.27,5
r_00025572,family_001238,u_001238,2026-W27,ТСХ,852.67,130.19,5
r_00025573,family_001238,u_001238,2026-W28,ТСХ,1070.94,55.61,9
r_00025574,family_001238,u_001238,2026-W28,ТСХ,980.78,88.91,6
r_00025575,family_001238,u_001238,2026-W28,ТСХ,738.50,64.85,5
r_00025576,family_001238,u_001238,2026-W29,ТСХ,613.23,68.19,7
r_00025577,family_001238,u_001238,2026-W29,ТСХ,595.98,33.94,5
r_00025578,family_001238,u_001238,2026-W30,ТСХ,1059.82,44.35,6
r_00025579,family_001238,u_001238,2026-W30,ТСХ,717.33,54.33,9
r_00025580,family_001238,u_001238,2026-W31,ТСХ,947.15,148.15,11
r_00025581,family_001238,u_001238,2026-W31,ТСХ,765.14,18.45,8
r_00025582,family_001238,u_001238,2026-W31,ТСХ,1149.85,34.87,10
r_00025583,family_001238,u_001238,2026-W32,ТСХ,867.52,51.96,9
r_00025584,family_001238,u_001238,2026-W32,ТСХ,1076.06,0.00,6
r_00025585,family_001238,u_001238,2026-W33,ТСХ,1078.96,34.53,8
r_00025586,family_001238,u_001238,2026-W33,ТСХ,973.67,74.62,7
r_00025587,family_001238,u_001238,2026-W33,ТСХ,1221.01,71.31,10
r_00025588,family_001238,u_001238,2026-W34,ТСХ,906.73,24.39,6
r_00025589,family_001238,u_001238,2026-W34,ТСХ,883.77,83.81,9
r_00025590,family_001238,u_001238,2026-W35,ТСХ,705.51,36.60,11
r_00025591,family_001238,u_001238,2026-W35,ТСХ,740.19,115.23,6
r_00025592,family_001238,u_001238,2026-W36,ТСХ,733.63,66.80,6
r_00025593,family_001238,u_001238,2026-W36,ТСХ,1020.15,60.65,6
r_00025713,family_001245,u_001245,2026-W25,ТС5,508.30,4.55,9
r_00025714,family_001245,u_001245,2026-W25,ТС5,674.11,30.28,11
r_00025715,family_001245,u_001245,2026-W26,ТС5,786.00,22.26,10
r_00025716,family_001245,u_001245,2026-W26,ТС5,593.77,36.08,9
r_00025717,family_001245,u_001245,2026-W27,ТС5,644.41,78.24,5
r_00025718,family_001245,u_001245,2026-W27,ТС5,581.48,19.00,9
r_00025719,family_001245,u_001245,2026-W28,ТС5,684.03,28.73,10
r_00025720,family_001245,u_001245,2026-W28,ТС5,664.96,26.37,9
r_00025721,family_001245,u_001245,2026-W29,ТС5,624.34,23.65,9
r_00025722,family_001245,u_001245,2026-W29,ТС5,524.01,57.52,11
r_00025723,family_001245,u_001245,2026-W29,ТС5,609.68,57.08,8
r_00025724,family_001245,u_001245,2026-W30,ТС5,708.49,53.11,9
r_00025725,family_001245,u_001245,2026-W30,ТС5,602.00,5.51,11
r_00025726,family_001245,u_001245,2026-W31,ТС5,731.57,21.35,9
r_00025727,family_001245,u_001245,2026-W31,ТС5,463.61,9.60,6
r_00025728,family_001245,u_001245,2026-W32,ТС5,691.60,22.14,7
r_00025729,family_001245,u_001245,2026-W32,ТС5,870.44,28.05,11
r_00025730,family_001245,u_001245,2026-W32,ТС5,673.08,32.74,8
r_00025731,family_001245,u_001245,2026-W33,ТС5,623.50,59.76,7
r_00025732,family_001245,u_001245,2026-W33,ТС5,782.93,19.63,5
r_00025733,family_001245,u_001245,2026-W34,ТС5,789.77,13.99,9
r_00025734,family_001245,u_001245,2026-W34,ТС5,786.09,63.12,9
r_00025735,family_001245,u_001245,2026-W35,ТС5,740.96,17.38,5
r_00025736,family_001245,u_001245,2026-W35,ТС5,732.03,69.23,6
r_00025737,family_001245,u_001245,2026-W36,ТС5,750.57,101.28,6
r_00025738,family_001245,u_001245,2026-W36,ТС5,623.36,40.99,10
r_00025804,family_001251,u_001251,2026-W25,ТС5,698.84,28.56,10
r_00025805,family_001251,u_001251,2026-W25,ТС5,553.74,71.05,10
r_00025806,family_001251,u_001251,2026-W25,ТС5,769.48,45.73,8
r_00025807,family_001251,u_001251,2026-W26,ТС5,573.63,23.80,9
r_00025808,family_001251,u_001251,2026-W26,ТС5,582.65,23.92,8
r_00025809,family_001251,u_001251,2026-W26,ТС5,652.44,42.82,5
r_00025810,family_001251,u_001251,2026-W27,ТС5,570.13,42.34,6
r_00025811,family_001251,u_001251,2026-W27,ТС5,589.88,113.06,7
r_00025812,family_001251,u_001251,2026-W27,ТС5,790.66,50.58,9
r_00025813,family_001251,u_001251,2026-W28,ТС5,641.30,60.99,6
r_00025814,family_001251,u_001251,2026-W28,ТС5,692.80,5.98,10
r_00025815,family_001251,u_001251,2026-W28,ТС5,658.55,0.00,7
r_00025816,family_001251,u_001251,2026-W29,ТС5,723.74,27.51,8
r_00025817,family_001251,u_001251,2026-W29,ТС5,754.95,59.99,8
r_00025818,family_001251,u_001251,2026-W29,ТС5,539.71,19.11,5
r_00025819,family_001251,u_001251,2026-W30,ТС5,623.45,42.92,9
r_00025820,family_001251,u_001251,2026-W30,ТС5,634.33,28.34,5
r_00025821,family_001251,u_001251,2026-W31,ТС5,629.95,87.22,8
r_00025822,family_001251,u_001251,2026-W31,ТС5,453.62,19.33,9
r_00025823,family_001251,u_001251,2026-W31,ТС5,712.02,34.02,11
r_00025824,family_001251,u_001251,2026-W32,ТС5,578.65,152.06,6
r_00025825,family_001251,u_001251,2026-W32,ТС5,759.75,35.61,11
r_00025826,family_001251,u_001251,2026-W32,ТС5,776.39,7.01,10
r_00025827,family_001251,u_001251,2026-W33,ТС5,705.38,78.87,9
r_00025828,family_001251,u_001251,2026-W33,ТС5,569.64,49.17,11
r_00025829,family_001251,u_001251,2026-W33,ТС5,493.05,36.57,7
r_00025830,family_001251,u_001251,2026-W34,ТС5,727.41,36.61,11
r_00025831,family_001251,u_001251,2026-W34,ТС5,603.14,22.35,7
r_00025832,family_001251,u_001251,2026-W34,ТС5,675.31,6.48,11
r_00025833,family_001251,u_001251,2026-W35,ТС5,854.23,20.02,11
r_00025834,family_001251,u_001251,2026-W35,ТС5,731.84,26.73,7
r_00025835,family_001251,u_001251,2026-W35,ТС5,640.21,45.84,9
r_00025836,family_001251,u_001251,2026-W36,ТС5,772.90,64.38,10
r_00025837,family_001251,u_001251,2026-W36,ТС5,378.24,0.00,6
r_00025838,family_001251,u_001251,2026-W36,ТС5,715.11,28.16,10
r_00026058,family_001267,u_001267,2026-W25,ТС5,775.64,29.62,9
r_00026059,family_001267,u_001267,2026-W25,ТС5,697.81,18.34,6
r_00026060,family_001267,u_001267,2026-W26,ТС5,763.57,39.11,10
r_00026061,family_001267,u_001267,2026-W26,ТС5,614.67,48.88,8
r_00026062,family_001267,u_001267,2026-W27,ТС5,603.37,0.00,10
r_00026063,family_001267,u_001267,2026-W27,ТС5,809.91,35.89,9
r_00026064,family_001267,u_001267,2026-W28,ТС5,591.27,88.05,5
r_00026065,family_001267,u_001267,2026-W28,ТС5,361.36,17.29,9
r_00026066,family_001267,u_001267,2026-W29,ТС5,612.84,17.86,5
r_00026067,family_001267,u_001267,2026-W29,ТС5,792.54,32.11,6
r_00026068,family_001267,u_001267,2026-W30,ТС5,639.64,62.77,11
r_00026069,family_001267,u_001267,2026-W30,ТС5,595.47,44.05,9
r_00026070,family_001267,u_001267,2026-W31,ТС5,748.80,22.22,10
r_00026071,family_001267,u_001267,2026-W31,ТС5,654.60,25.20,11
r_00026072,family_001267,u_001267,2026-W32,ТС5,575.28,51.54,11
r_00026073,family_001267,u_001267,2026-W32,ТС5,592.91,16.66,7
r_00026074,family_001267,u_001267,2026-W33,ТС5,659.65,16.30,9
r_00026075,family_001267,u_001267,2026-W33,ТС5,647.13,52.34,10
r_00026076,family_001267,u_001267,2026-W34,ТС5,766.82,37.54,7
r_00026077,family_001267,u_001267,2026-W34,ТС5,543.88,16.46,11
r_00026078,family_001267,u_001267,2026-W35,ТС5,626.94,36.87,8
r_00026079,family_001267,u_001267,2026-W35,ТС5,706.23,35.96,8
r_00026080,family_001267,u_001267,2026-W36,ТС5,592.82,7.52,7
r_00026499,family_001291,u_001291,2026-W25,ТС5,331.40,28.15,11
r_00026500,family_001291,u_001291,2026-W25,ТС5,687.50,40.79,10
r_00026501,family_001291,u_001291,2026-W26,ТС5,540.37,37.46,6
r_00026502,family_001291,u_001291,2026-W26,ТС5,680.02,60.51,8
r_00026503,family_001291,u_001291,2026-W26,ТС5,822.52,0.00,5
r_00026504,family_001291,u_001291,2026-W27,ТС5,494.17,15.40,10
r_00026505,family_001291,u_001291,2026-W27,ТС5,590.82,16.84,8
r_00026506,family_001291,u_001291,2026-W27,ТС5,730.75,29.29,9
r_00026507,family_001291,u_001291,2026-W28,ТС5,528.37,51.12,11
r_00026508,family_001291,u_001291,2026-W28,ТС5,661.69,51.90,5
r_00026509,family_001291,u_001291,2026-W28,ТС5,690.75,65.41,9
r_00026510,family_001291,u_001291,2026-W29,ТС5,712.63,34.87,9
r_00026511,family_001291,u_001291,2026-W29,ТС5,469.56,12.11,8
r_00026512,family_001291,u_001291,2026-W30,ТС5,520.31,58.50,10
r_00026513,family_001291,u_001291,2026-W30,ТС5,457.34,31.30,11
r_00026514,family_001291,u_001291,2026-W30,ТС5,384.79,3.94,11
r_00026515,family_001291,u_001291,2026-W31,ТС5,410.36,31.47,11
r_00026516,family_001291,u_001291,2026-W31,ТС5,812.36,83.13,11
r_00026517,family_001291,u_001291,2026-W31,ТС5,603.65,34.57,8
r_00026518,family_001291,u_001291,2026-W31,ТС5,556.90,14.76,7
r_00026519,family_001291,u_001291,2026-W32,ТС5,819.18,48.72,5
r_00026520,family_001291,u_001291,2026-W32,ТС5,755.74,45.44,7
r_00026521,family_001291,u_001291,2026-W32,ТС5,544.13,38.11,8
r_00026522,family_001291,u_001291,2026-W33,ТС5,860.64,34.25,7
r_00026523,family_001291,u_001291,2026-W33,ТС5,520.16,66.48,6
r_00026524,family_001291,u_001291,2026-W33,ТС5,682.00,12.43,8
r_00026525,family_001291,u_001291,2026-W34,ТС5,637.44,33.03,8
r_00026526,family_001291,u_001291,2026-W34,ТС5,650.41,28.05,8
r_00026527,family_001291,u_001291,2026-W34,ТС5,729.81,25.91,11
r_00026528,family_001291,u_001291,2026-W35,ТС5,728.07,65.90,6
r_00026529,family_001291,u_001291,2026-W36,ТС5,451.58,18.00,9
r_00026530,family_001291,u_001291,2026-W36,ТС5,715.17,24.11,11
r_00026531,family_001291,u_001291,2026-W36,ТС5,851.13,22.63,8
r_00026532,family_001291,u_001291,2026-W36,ТС5,551.81,0.00,6
r_00026576,family_001293,u_001293,2026-W25,ТСХ,1098.69,77.50,5
r_00026577,family_001293,u_001293,2026-W25,ТСХ,987.87,159.56,8
r_00026578,family_001293,u_001293,2026-W25,ТСХ,1036.79,52.73,9
r_00026579,family_001293,u_001293,2026-W26,ТСХ,907.03,30.23,6
r_00026580,family_001293,u_001293,2026-W26,ТСХ,887.48,19.68,9
r_00026581,family_001293,u_001293,2026-W27,ТСХ,1281.71,30.47,7
r_00026582,family_001293,u_001293,2026-W27,ТСХ,993.70,88.43,8
r_00026583,family_001293,u_001293,2026-W28,ТСХ,844.64,23.68,5
r_00026584,family_001293,u_001293,2026-W28,ТСХ,820.74,55.18,6
r_00026585,family_001293,u_001293,2026-W29,ТСХ,1060.92,65.58,9
r_00026586,family_001293,u_001293,2026-W29,ТСХ,1053.65,32.27,9
r_00026587,family_001293,u_001293,2026-W30,ТСХ,1230.76,52.35,6
r_00026588,family_001293,u_001293,2026-W30,ТСХ,952.32,13.76,8
r_00026589,family_001293,u_001293,2026-W31,ТСХ,833.58,11.82,9
r_00026590,family_001293,u_001293,2026-W32,ТСХ,955.54,101.59,8
r_00026591,family_001293,u_001293,2026-W32,ТСХ,1064.19,66.46,8
r_00026592,family_001293,u_001293,2026-W33,ТСХ,867.09,79.45,5
r_00026593,family_001293,u_001293,2026-W33,ТСХ,780.61,28.98,10
r_00026594,family_001293,u_001293,2026-W34,ТСХ,871.04,64.13,10
r_00026595,family_001293,u_001293,2026-W34,ТСХ,988.42,129.13,9
r_00026596,family_001293,u_001293,2026-W34,ТСХ,1218.70,80.56,5
r_00026597,family_001293,u_001293,2026-W35,ТСХ,1217.59,95.09,9
r_00026598,family_001293,u_001293,2026-W35,ТСХ,1130.98,24.27,7
r_00026599,family_001293,u_001293,2026-W36,ТСХ,1009.78,28.41,11
r_00026600,family_001293,u_001293,2026-W36,ТСХ,1069.31,166.47,7
r_00026653,family_001297,u_001297,2026-W25,ТСХ,938.58,37.27,5
r_00026654,family_001297,u_001297,2026-W25,ТСХ,810.32,0.00,5
r_00026655,family_001297,u_001297,2026-W26,ТСХ,1030.64,21.92,7
r_00026656,family_001297,u_001297,2026-W26,ТСХ,694.53,0.00,5
r_00026657,family_001297,u_001297,2026-W27,ТСХ,855.59,124.36,5
r_00026658,family_001297,u_001297,2026-W27,ТСХ,830.66,36.36,6
r_00026659,family_001297,u_001297,2026-W28,ТСХ,747.19,16.14,7
r_00026660,family_001297,u_001297,2026-W29,ТСХ,1163.79,18.12,7
r_00026661,family_001297,u_001297,2026-W29,ТСХ,971.26,33.04,7
r_00026662,family_001297,u_001297,2026-W29,ТСХ,1087.54,19.26,7
r_00026663,family_001297,u_001297,2026-W30,ТСХ,864.36,39.04,7
r_00026664,family_001297,u_001297,2026-W30,ТСХ,896.78,101.69,6
r_00026665,family_001297,u_001297,2026-W31,ТСХ,1070.31,56.34,6
r_00026666,family_001297,u_001297,2026-W31,ТСХ,935.53,81.54,5
r_00026667,family_001297,u_001297,2026-W32,ТСХ,769.39,38.26,8
r_00026668,family_001297,u_001297,2026-W32,ТСХ,1374.54,71.39,7
r_00026669,family_001297,u_001297,2026-W33,ТСХ,1104.77,73.54,5
r_00026670,family_001297,u_001297,2026-W33,ТСХ,1026.77,97.29,9
r_00026671,family_001297,u_001297,2026-W34,ТСХ,982.24,24.51,10
r_00026672,family_001297,u_001297,2026-W34,ТСХ,970.59,51.15,11
r_00026673,family_001297,u_001297,2026-W35,ТСХ,1046.70,100.97,10
r_00026674,family_001297,u_001297,2026-W36,ТСХ,1289.73,153.20,10
r_00026675,family_001297,u_001297,2026-W36,ТСХ,812.02,45.04,10
r_00026676,family_001298,u_001298,2026-W25,ТС5,580.12,37.20,9
r_00026677,family_001298,u_001298,2026-W25,ТС5,586.61,0.00,7
r_00026678,family_001298,u_001298,2026-W26,ТС5,620.23,60.08,5
r_00026679,family_001298,u_001298,2026-W26,ТС5,736.54,12.34,9
r_00026680,family_001298,u_001298,2026-W27,ТС5,531.01,13.16,9
r_00026681,family_001298,u_001298,2026-W27,ТС5,698.01,53.04,5
r_00026682,family_001298,u_001298,2026-W27,ТС5,829.72,41.70,7
r_00026683,family_001298,u_001298,2026-W28,ТС5,627.16,44.03,5
r_00026684,family_001298,u_001298,2026-W28,ТС5,761.17,63.61,6
r_00026685,family_001298,u_001298,2026-W29,ТС5,582.97,15.76,11
r_00026686,family_001298,u_001298,2026-W29,ТС5,829.64,6.60,7
r_00026687,family_001298,u_001298,2026-W30,ТС5,880.82,64.82,11
r_00026688,family_001298,u_001298,2026-W30,ТС5,561.56,63.69,8
r_00026689,family_001298,u_001298,2026-W31,ТС5,864.34,37.97,7
r_00026690,family_001298,u_001298,2026-W31,ТС5,677.49,0.00,5
r_00026691,family_001298,u_001298,2026-W32,ТС5,515.90,36.71,6
r_00026692,family_001298,u_001298,2026-W32,ТС5,683.87,14.63,9
r_00026693,family_001298,u_001298,2026-W33,ТС5,486.19,8.95,8
r_00026694,family_001298,u_001298,2026-W33,ТС5,547.25,35.36,10
r_00026695,family_001298,u_001298,2026-W33,ТС5,561.27,25.34,11
r_00026696,family_001298,u_001298,2026-W34,ТС5,671.92,68.27,11
r_00026697,family_001298,u_001298,2026-W34,ТС5,627.00,41.88,7
r_00026698,family_001298,u_001298,2026-W35,ТС5,810.34,21.71,9
r_00026699,family_001298,u_001298,2026-W35,ТС5,753.67,52.13,10
r_00026700,family_001298,u_001298,2026-W36,ТС5,558.62,0.00,8
r_00026701,family_001298,u_001298,2026-W36,ТС5,730.15,22.80,5
r_00026702,family_001298,u_001298,2026-W36,ТС5,665.93,26.84,11
r_00026754,family_001301,u_001301,2026-W25,ТСХ,1030.48,70.88,9
r_00026755,family_001301,u_001301,2026-W25,ТСХ,959.53,109.56,5
r_00026756,family_001301,u_001301,2026-W26,ТСХ,1370.22,21.95,8
r_00026757,family_001301,u_001301,2026-W26,ТСХ,957.95,27.99,9
r_00026758,family_001301,u_001301,2026-W26,ТСХ,1135.92,58.19,9
r_00026759,family_001301,u_001301,2026-W27,ТСХ,990.44,0.00,6
r_00026760,family_001301,u_001301,2026-W27,ТСХ,749.69,47.48,6
r_00026761,family_001301,u_001301,2026-W27,ТСХ,1115.64,53.51,5
r_00026762,family_001301,u_001301,2026-W28,ТСХ,1055.88,67.41,5
r_00026763,family_001301,u_001301,2026-W28,ТСХ,1014.11,33.11,9
r_00026764,family_001301,u_001301,2026-W29,ТСХ,730.90,35.90,11
r_00026765,family_001301,u_001301,2026-W29,ТСХ,935.87,35.86,6
r_00026766,family_001301,u_001301,2026-W29,ТСХ,1163.02,32.02,6
r_00026767,family_001301,u_001301,2026-W30,ТСХ,1111.25,42.89,11
r_00026768,family_001301,u_001301,2026-W30,ТСХ,1048.25,55.19,6
r_00026769,family_001301,u_001301,2026-W30,ТСХ,976.40,64.10,9
r_00026770,family_001301,u_001301,2026-W31,ТСХ,1111.24,64.14,5
r_00026771,family_001301,u_001301,2026-W31,ТСХ,944.43,76.03,8
r_00026772,family_001301,u_001301,2026-W31,ТСХ,1101.05,44.62,8
r_00026773,family_001301,u_001301,2026-W32,ТСХ,1241.06,64.76,5
r_00026774,family_001301,u_001301,2026-W32,ТСХ,979.59,60.04,9
r_00026775,family_001301,u_001301,2026-W32,ТСХ,1082.50,73.79,10
r_00026776,family_001301,u_001301,2026-W32,ТСХ,999.97,34.03,5
r_00026777,family_001301,u_001301,2026-W33,ТСХ,764.08,47.92,6
r_00026778,family_001301,u_001301,2026-W33,ТСХ,1127.44,36.60,6
r_00026779,family_001301,u_001301,2026-W33,ТСХ,687.20,0.00,6
r_00026780,family_001301,u_001301,2026-W34,ТСХ,811.66,26.98,11
r_00026781,family_001301,u_001301,2026-W34,ТСХ,1089.39,61.93,11
r_00026782,family_001301,u_001301,2026-W35,ТСХ,1019.13,39.96,11
r_00026783,family_001301,u_001301,2026-W35,ТСХ,773.28,26.78,11
r_00026784,family_001301,u_001301,2026-W36,ТСХ,1041.74,28.91,9
r_00026785,family_001301,u_001301,2026-W36,ТСХ,955.99,97.51,8
r_00026786,family_001301,u_001301,2026-W36,ТСХ,826.33,37.25,5
r_00026787,family_001302,u_001302,2026-W25,ТС5,604.41,68.74,8
r_00026788,family_001302,u_001302,2026-W25,ТС5,393.55,78.18,10
r_00026789,family_001302,u_001302,2026-W26,ТС5,650.40,33.48,6
r_00026790,family_001302,u_001302,2026-W26,ТС5,605.15,54.04,9
r_00026791,family_001302,u_001302,2026-W27,ТС5,574.67,113.82,11
r_00026792,family_001302,u_001302,2026-W27,ТС5,481.97,68.14,8
r_00026793,family_001302,u_001302,2026-W28,ТС5,449.58,62.26,7
r_00026794,family_001302,u_001302,2026-W28,ТС5,456.23,27.13,6
r_00026795,family_001302,u_001302,2026-W29,ТС5,507.24,69.03,6
r_00026796,family_001302,u_001302,2026-W30,ТС5,587.26,40.60,6
r_00026797,family_001302,u_001302,2026-W30,ТС5,560.11,82.24,9
r_00026798,family_001302,u_001302,2026-W31,ТС5,891.67,74.82,10
r_00026799,family_001302,u_001302,2026-W32,ТС5,600.36,87.88,8
r_00026800,family_001302,u_001302,2026-W32,ТС5,619.46,109.77,8
r_00026801,family_001302,u_001302,2026-W33,ТС5,765.49,108.61,10
r_00026802,family_001302,u_001302,2026-W33,ТС5,618.48,36.30,11
r_00026803,family_001302,u_001302,2026-W34,ТС5,736.27,58.84,8
r_00026804,family_001302,u_001302,2026-W35,ТС5,638.34,94.61,11
r_00026805,family_001302,u_001302,2026-W35,ТС5,384.76,21.69,11
r_00026806,family_001302,u_001302,2026-W35,ТС5,674.85,67.41,7
r_00026807,family_001302,u_001302,2026-W36,ТС5,730.36,91.32,7
r_00026808,family_001302,u_001302,2026-W36,ТС5,533.02,95.17,6
r_00026852,family_001304,u_001304,2026-W25,ТСЧ,869.87,19.88,11
r_00026853,family_001304,u_001304,2026-W25,ТСЧ,874.26,26.99,10
r_00026854,family_001304,u_001304,2026-W25,ТСЧ,639.19,34.37,8
r_00026855,family_001304,u_001304,2026-W26,ТСЧ,743.03,6.92,6
r_00026856,family_001304,u_001304,2026-W26,ТСЧ,874.81,83.85,5
r_00026857,family_001304,u_001304,2026-W26,ТСЧ,868.17,80.65,11
r_00026858,family_001304,u_001304,2026-W26,ТСЧ,507.11,13.69,7
r_00026859,family_001304,u_001304,2026-W27,ТСЧ,970.75,82.76,11
r_00026860,family_001304,u_001304,2026-W27,ТСЧ,765.42,49.33,6
r_00026861,family_001304,u_001304,2026-W27,ТСЧ,815.74,13.70,9
r_00026862,family_001304,u_001304,2026-W28,ТСЧ,770.81,8.97,7
r_00026863,family_001304,u_001304,2026-W28,ТСЧ,742.29,14.31,8
r_00026864,family_001304,u_001304,2026-W28,ТСЧ,836.13,40.10,11
r_00026865,family_001304,u_001304,2026-W29,ТСЧ,418.51,30.20,11
r_00026866,family_001304,u_001304,2026-W29,ТСЧ,832.75,58.83,10
r_00026867,family_001304,u_001304,2026-W29,ТСЧ,892.80,38.45,8
r_00026868,family_001304,u_001304,2026-W30,ТСЧ,874.76,44.51,6
r_00026869,family_001304,u_001304,2026-W30,ТСЧ,721.60,24.31,7
r_00026870,family_001304,u_001304,2026-W30,ТСЧ,615.37,34.08,9
r_00026871,family_001304,u_001304,2026-W31,ТСЧ,807.04,111.50,5
r_00026872,family_001304,u_001304,2026-W31,ТСЧ,854.62,0.00,8
r_00026873,family_001304,u_001304,2026-W31,ТСЧ,780.23,43.11,8
r_00026874,family_001304,u_001304,2026-W32,ТСЧ,794.51,32.84,5
r_00026875,family_001304,u_001304,2026-W32,ТСЧ,870.43,7.90,11
r_00026876,family_001304,u_001304,2026-W32,ТСЧ,749.61,80.15,10
r_00026877,family_001304,u_001304,2026-W33,ТСЧ,935.38,15.55,7
r_00026878,family_001304,u_001304,2026-W33,ТСЧ,727.72,35.26,10
r_00026879,family_001304,u_001304,2026-W33,ТСЧ,924.04,48.20,5
r_00026880,family_001304,u_001304,2026-W34,ТСЧ,880.22,64.26,7
r_00026881,family_001304,u_001304,2026-W34,ТСЧ,748.46,17.16,9
r_00026882,family_001304,u_001304,2026-W34,ТСЧ,732.20,23.70,6
r_00026883,family_001304,u_001304,2026-W34,ТСЧ,988.38,0.00,5
r_00026884,family_001304,u_001304,2026-W35,ТСЧ,957.33,53.51,8
r_00026885,family_001304,u_001304,2026-W35,ТСЧ,713.72,55.66,6
r_00026886,family_001304,u_001304,2026-W35,ТСЧ,726.26,14.83,8
r_00026887,family_001304,u_001304,2026-W36,ТСЧ,1020.27,21.73,8
r_00026888,family_001304,u_001304,2026-W36,ТСЧ,693.64,60.39,6
r_00026889,family_001304,u_001304,2026-W36,ТСЧ,783.92,43.43,8
r_00027005,family_001311,u_001311,2026-W25,ТС5,652.86,112.31,7
r_00027006,family_001311,u_001311,2026-W25,ТС5,538.05,85.80,5
r_00027007,family_001311,u_001311,2026-W25,ТС5,534.98,12.22,5
r_00027008,family_001311,u_001311,2026-W26,ТС5,617.44,14.45,6
r_00027009,family_001311,u_001311,2026-W26,ТС5,665.20,97.61,9
r_00027010,family_001311,u_001311,2026-W27,ТС5,562.05,61.88,7
r_00027011,family_001311,u_001311,2026-W27,ТС5,657.70,173.56,6
r_00027012,family_001311,u_001311,2026-W28,ТС5,638.28,151.15,8
r_00027013,family_001311,u_001311,2026-W28,ТС5,390.44,85.50,11
r_00027014,family_001311,u_001311,2026-W28,ТС5,662.72,140.73,6
r_00027015,family_001311,u_001311,2026-W29,ТС5,412.14,85.77,6
r_00027016,family_001311,u_001311,2026-W29,ТС5,578.37,72.59,11
r_00027017,family_001311,u_001311,2026-W30,ТС5,519.17,70.03,10
r_00027018,family_001311,u_001311,2026-W30,ТС5,536.24,153.34,7
r_00027019,family_001311,u_001311,2026-W31,ТС5,605.14,31.28,6
r_00027020,family_001311,u_001311,2026-W31,ТС5,551.19,82.22,9
r_00027021,family_001311,u_001311,2026-W32,ТС5,651.98,51.19,10
r_00027022,family_001311,u_001311,2026-W32,ТС5,623.94,120.27,5
r_00027023,family_001311,u_001311,2026-W33,ТС5,637.63,155.58,9
r_00027024,family_001311,u_001311,2026-W33,ТС5,582.70,74.90,8
r_00027025,family_001311,u_001311,2026-W34,ТС5,613.71,33.62,11
r_00027026,family_001311,u_001311,2026-W34,ТС5,566.17,84.10,6
r_00027027,family_001311,u_001311,2026-W34,ТС5,622.02,28.95,11
r_00027028,family_001311,u_001311,2026-W35,ТС5,392.15,85.34,10
r_00027029,family_001311,u_001311,2026-W35,ТС5,358.43,117.49,5
r_00027030,family_001311,u_001311,2026-W35,ТС5,623.40,144.60,5
r_00027031,family_001311,u_001311,2026-W36,ТС5,518.24,40.81,10
r_00027032,family_001311,u_001311,2026-W36,ТС5,850.56,51.69,6
r_00027092,family_001315,u_001315,2026-W25,ТС5,670.99,37.63,5
r_00027093,family_001315,u_001315,2026-W25,ТС5,538.06,45.89,9
r_00027094,family_001315,u_001315,2026-W26,ТС5,647.01,45.35,5
r_00027095,family_001315,u_001315,2026-W26,ТС5,626.07,85.25,10
r_00027096,family_001315,u_001315,2026-W26,ТС5,578.17,81.01,10
r_00027097,family_001315,u_001315,2026-W27,ТС5,590.78,62.94,6
r_00027098,family_001315,u_001315,2026-W27,ТС5,508.24,114.37,6
r_00027099,family_001315,u_001315,2026-W27,ТС5,613.33,74.44,7
r_00027100,family_001315,u_001315,2026-W28,ТС5,470.12,30.44,5
r_00027101,family_001315,u_001315,2026-W28,ТС5,655.91,114.18,6
r_00027102,family_001315,u_001315,2026-W28,ТС5,561.17,71.83,6
r_00027103,family_001315,u_001315,2026-W29,ТС5,613.33,55.84,5
r_00027104,family_001315,u_001315,2026-W29,ТС5,362.68,55.55,9
r_00027105,family_001315,u_001315,2026-W29,ТС5,585.54,64.90,8
r_00027106,family_001315,u_001315,2026-W30,ТС5,472.61,46.96,5
r_00027107,family_001315,u_001315,2026-W30,ТС5,557.40,112.17,11
r_00027108,family_001315,u_001315,2026-W30,ТС5,512.00,56.51,11
r_00027109,family_001315,u_001315,2026-W31,ТС5,538.48,27.09,8
r_00027110,family_001315,u_001315,2026-W31,ТС5,645.87,86.60,9
r_00027111,family_001315,u_001315,2026-W32,ТС5,691.75,186.00,6
r_00027112,family_001315,u_001315,2026-W32,ТС5,604.32,69.03,9
r_00027113,family_001315,u_001315,2026-W33,ТС5,585.08,42.21,5
r_00027114,family_001315,u_001315,2026-W33,ТС5,737.38,133.05,5
r_00027115,family_001315,u_001315,2026-W33,ТС5,841.74,92.02,5
r_00027116,family_001315,u_001315,2026-W34,ТС5,602.25,40.14,10
r_00027117,family_001315,u_001315,2026-W34,ТС5,617.68,86.09,9
r_00027118,family_001315,u_001315,2026-W34,ТС5,694.56,65.84,11
r_00027119,family_001315,u_001315,2026-W35,ТС5,561.70,60.36,8
r_00027120,family_001315,u_001315,2026-W35,ТС5,667.77,66.16,7
r_00027121,family_001315,u_001315,2026-W36,ТС5,658.44,110.27,5
r_00027122,family_001315,u_001315,2026-W36,ТС5,438.82,97.60,10
r_00027167,family_001319,u_001319,2026-W25,ТСХ,1370.04,28.49,8
r_00027168,family_001319,u_001319,2026-W25,ТСХ,981.85,25.49,10
r_00027169,family_001319,u_001319,2026-W26,ТСХ,810.65,40.27,10
r_00027170,family_001319,u_001319,2026-W26,ТСХ,856.61,103.81,8
r_00027171,family_001319,u_001319,2026-W27,ТСХ,1109.00,110.56,5
r_00027172,family_001319,u_001319,2026-W28,ТСХ,869.28,70.93,11
r_00027173,family_001319,u_001319,2026-W28,ТСХ,908.19,86.79,6
r_00027174,family_001319,u_001319,2026-W29,ТСХ,757.67,35.79,11
r_00027175,family_001319,u_001319,2026-W29,ТСХ,920.61,63.25,6
r_00027176,family_001319,u_001319,2026-W30,ТСХ,830.77,47.41,8
r_00027177,family_001319,u_001319,2026-W30,ТСХ,1017.16,81.33,7
r_00027178,family_001319,u_001319,2026-W31,ТСХ,941.85,66.76,11
r_00027179,family_001319,u_001319,2026-W31,ТСХ,895.58,13.33,7
r_00027180,family_001319,u_001319,2026-W32,ТСХ,995.54,81.61,10
r_00027181,family_001319,u_001319,2026-W32,ТСХ,847.70,88.37,7
r_00027182,family_001319,u_001319,2026-W32,ТСХ,712.41,35.13,7
r_00027183,family_001319,u_001319,2026-W33,ТСХ,841.36,31.05,9
r_00027184,family_001319,u_001319,2026-W33,ТСХ,923.31,58.45,10
r_00027185,family_001319,u_001319,2026-W34,ТСХ,945.70,77.44,5
r_00027186,family_001319,u_001319,2026-W34,ТСХ,830.65,223.46,5
r_00027187,family_001319,u_001319,2026-W35,ТСХ,1052.98,16.95,5
r_00027188,family_001319,u_001319,2026-W36,ТСХ,936.63,67.39,10
r_00027189,family_001319,u_001319,2026-W36,ТСХ,786.53,24.75,10
r_00027228,family_001322,u_001322,2026-W25,ТСЧ,792.08,97.69,6
r_00027229,family_001322,u_001322,2026-W25,ТСЧ,742.50,23.58,10
r_00027230,family_001322,u_001322,2026-W26,ТСЧ,806.85,85.00,10
r_00027231,family_001322,u_001322,2026-W26,ТСЧ,873.53,18.55,8
r_00027232,family_001322,u_001322,2026-W27,ТСЧ,614.75,25.05,5
r_00027233,family_001322,u_001322,2026-W27,ТСЧ,671.29,98.69,8
r_00027234,family_001322,u_001322,2026-W28,ТСЧ,905.80,10.76,6
r_00027235,family_001322,u_001322,2026-W29,ТСЧ,655.03,74.62,7
r_00027236,family_001322,u_001322,2026-W29,ТСЧ,848.88,15.42,10
r_00027237,family_001322,u_001322,2026-W30,ТСЧ,1156.51,61.54,7
r_00027238,family_001322,u_001322,2026-W30,ТСЧ,1145.45,99.41,6
r_00027239,family_001322,u_001322,2026-W31,ТСЧ,806.55,17.11,8
r_00027240,family_001322,u_001322,2026-W31,ТСЧ,805.14,30.95,10
r_00027241,family_001322,u_001322,2026-W32,ТСЧ,808.31,38.29,10
r_00027242,family_001322,u_001322,2026-W32,ТСЧ,819.99,42.01,9
r_00027243,family_001322,u_001322,2026-W33,ТСЧ,599.48,15.44,10
r_00027244,family_001322,u_001322,2026-W33,ТСЧ,544.64,30.53,11
r_00027245,family_001322,u_001322,2026-W34,ТСЧ,1046.03,18.44,8
r_00027246,family_001322,u_001322,2026-W34,ТСЧ,900.18,129.63,5
r_00027247,family_001322,u_001322,2026-W34,ТСЧ,834.86,7.93,7
r_00027248,family_001322,u_001322,2026-W35,ТСЧ,608.62,67.94,10
r_00027249,family_001322,u_001322,2026-W35,ТСЧ,1253.42,0.00,5
r_00027250,family_001322,u_001322,2026-W35,ТСЧ,719.97,65.43,7
r_00027251,family_001322,u_001322,2026-W36,ТСЧ,798.89,22.35,8
r_00027252,family_001322,u_001322,2026-W36,ТСЧ,843.36,53.08,6
r_00027253,family_001323,u_001323,2026-W25,ТС5,663.40,12.30,10
r_00027254,family_001323,u_001323,2026-W25,ТС5,514.27,42.35,9
r_00027255,family_001323,u_001323,2026-W26,ТС5,523.33,41.53,9
r_00027256,family_001323,u_001323,2026-W26,ТС5,604.88,28.99,9
r_00027257,family_001323,u_001323,2026-W26,ТС5,570.82,11.58,9
r_00027258,family_001323,u_001323,2026-W27,ТС5,621.13,27.54,9
r_00027259,family_001323,u_001323,2026-W27,ТС5,471.65,50.12,11
r_00027260,family_001323,u_001323,2026-W28,ТС5,546.77,91.57,10
r_00027261,family_001323,u_001323,2026-W28,ТС5,695.51,49.44,9
r_00027262,family_001323,u_001323,2026-W29,ТС5,713.38,16.74,11
r_00027263,family_001323,u_001323,2026-W29,ТС5,749.82,29.44,11
r_00027264,family_001323,u_001323,2026-W30,ТС5,608.19,59.46,6
r_00027265,family_001323,u_001323,2026-W30,ТС5,837.12,16.84,7
r_00027266,family_001323,u_001323,2026-W31,ТС5,540.40,30.37,5
r_00027267,family_001323,u_001323,2026-W31,ТС5,605.13,14.82,8
r_00027268,family_001323,u_001323,2026-W32,ТС5,748.24,36.30,8
r_00027269,family_001323,u_001323,2026-W32,ТС5,576.29,49.39,9
r_00027270,family_001323,u_001323,2026-W33,ТС5,511.12,58.11,6
r_00027271,family_001323,u_001323,2026-W33,ТС5,423.03,7.41,7
r_00027272,family_001323,u_001323,2026-W34,ТС5,572.89,47.87,8
r_00027273,family_001323,u_001323,2026-W34,ТС5,721.27,70.80,8
r_00027274,family_001323,u_001323,2026-W35,ТС5,712.76,57.20,9
r_00027275,family_001323,u_001323,2026-W35,ТС5,708.85,27.92,5
r_00027276,family_001323,u_001323,2026-W35,ТС5,756.74,88.37,7
r_00027277,family_001323,u_001323,2026-W36,ТС5,652.25,72.18,7
r_00027332,family_001326,u_001326,2026-W25,ТС5,792.89,14.52,11
r_00027333,family_001326,u_001326,2026-W25,ТС5,821.70,85.57,5
r_00027334,family_001326,u_001326,2026-W26,ТС5,748.88,31.38,7
r_00027335,family_001326,u_001326,2026-W26,ТС5,638.88,44.03,9
r_00027336,family_001326,u_001326,2026-W26,ТС5,465.21,31.57,7
r_00027337,family_001326,u_001326,2026-W27,ТС5,489.48,0.00,5
r_00027338,family_001326,u_001326,2026-W27,ТС5,673.90,11.64,8
r_00027339,family_001326,u_001326,2026-W28,ТС5,850.03,10.93,11
r_00027340,family_001326,u_001326,2026-W28,ТС5,618.22,16.01,5
r_00027341,family_001326,u_001326,2026-W28,ТС5,427.47,0.00,6
r_00027342,family_001326,u_001326,2026-W29,ТС5,478.24,38.21,8
r_00027343,family_001326,u_001326,2026-W29,ТС5,672.68,123.88,6
r_00027344,family_001326,u_001326,2026-W29,ТС5,604.80,41.52,8
r_00027345,family_001326,u_001326,2026-W29,ТС5,600.99,31.31,9
r_00027346,family_001326,u_001326,2026-W30,ТС5,730.21,26.18,7
r_00027347,family_001326,u_001326,2026-W30,ТС5,540.50,40.94,10
r_00027348,family_001326,u_001326,2026-W30,ТС5,605.00,88.27,5
r_00027349,family_001326,u_001326,2026-W31,ТС5,679.93,38.27,9
r_00027350,family_001326,u_001326,2026-W31,ТС5,519.20,49.28,11
r_00027351,family_001326,u_001326,2026-W31,ТС5,581.59,26.13,7
r_00027352,family_001326,u_001326,2026-W32,ТС5,762.16,88.04,5
r_00027353,family_001326,u_001326,2026-W32,ТС5,927.25,99.85,9
r_00027354,family_001326,u_001326,2026-W32,ТС5,722.85,46.59,8
r_00027355,family_001326,u_001326,2026-W33,ТС5,407.05,26.19,11
r_00027356,family_001326,u_001326,2026-W33,ТС5,703.83,79.25,8
r_00027357,family_001326,u_001326,2026-W33,ТС5,691.75,16.82,9
r_00027358,family_001326,u_001326,2026-W34,ТС5,648.70,99.18,11
r_00027359,family_001326,u_001326,2026-W34,ТС5,487.35,26.31,6
r_00027360,family_001326,u_001326,2026-W34,ТС5,507.00,14.04,8
r_00027361,family_001326,u_001326,2026-W35,ТС5,605.37,30.68,10
r_00027362,family_001326,u_001326,2026-W35,ТС5,408.49,24.83,5
r_00027363,family_001326,u_001326,2026-W36,ТС5,913.08,82.19,6
r_00027364,family_001326,u_001326,2026-W36,ТС5,525.59,20.61,9
r_00027473,family_001335,u_001335,2026-W25,ТС5,564.70,99.35,10
r_00027474,family_001335,u_001335,2026-W25,ТС5,643.07,17.55,6
r_00027475,family_001335,u_001335,2026-W26,ТС5,632.04,129.84,6
r_00027476,family_001335,u_001335,2026-W26,ТС5,675.45,40.54,8
r_00027477,family_001335,u_001335,2026-W27,ТС5,622.70,93.17,11
r_00027478,family_001335,u_001335,2026-W27,ТС5,690.85,45.54,10
r_00027479,family_001335,u_001335,2026-W28,ТС5,534.37,67.62,11
r_00027480,family_001335,u_001335,2026-W28,ТС5,452.79,52.34,5
r_00027481,family_001335,u_001335,2026-W29,ТС5,578.20,55.81,10
r_00027482,family_001335,u_001335,2026-W30,ТС5,608.41,48.92,8
r_00027483,family_001335,u_001335,2026-W30,ТС5,596.81,62.57,10
r_00027484,family_001335,u_001335,2026-W31,ТС5,610.18,85.34,11
r_00027485,family_001335,u_001335,2026-W32,ТС5,654.81,112.80,6
r_00027486,family_001335,u_001335,2026-W32,ТС5,458.63,48.31,10
r_00027487,family_001335,u_001335,2026-W33,ТС5,611.04,78.44,8
r_00027488,family_001335,u_001335,2026-W33,ТС5,478.27,108.26,5
r_00027489,family_001335,u_001335,2026-W34,ТС5,631.81,82.82,9
r_00027490,family_001335,u_001335,2026-W34,ТС5,630.39,81.53,11
r_00027491,family_001335,u_001335,2026-W35,ТС5,616.87,80.65,5
r_00027492,family_001335,u_001335,2026-W35,ТС5,322.76,64.15,11
r_00027524,family_001338,u_001338,2026-W25,ТСЧ,824.33,13.32,7
r_00027525,family_001338,u_001338,2026-W26,ТСЧ,578.22,9.39,8
r_00027526,family_001338,u_001338,2026-W26,ТСЧ,815.13,0.00,5
r_00027527,family_001338,u_001338,2026-W27,ТСЧ,837.81,46.85,7
r_00027528,family_001338,u_001338,2026-W27,ТСЧ,840.38,72.05,7
r_00027529,family_001338,u_001338,2026-W28,ТСЧ,665.87,28.86,5
r_00027530,family_001338,u_001338,2026-W28,ТСЧ,726.32,101.39,9
r_00027531,family_001338,u_001338,2026-W29,ТСЧ,593.41,62.57,5
r_00027532,family_001338,u_001338,2026-W29,ТСЧ,998.17,13.38,11
r_00027533,family_001338,u_001338,2026-W29,ТСЧ,735.38,66.55,11
r_00027534,family_001338,u_001338,2026-W30,ТСЧ,928.72,29.62,11
r_00027535,family_001338,u_001338,2026-W30,ТСЧ,798.76,94.08,6
r_00027536,family_001338,u_001338,2026-W31,ТСЧ,844.30,30.16,11
r_00027537,family_001338,u_001338,2026-W31,ТСЧ,939.42,62.55,7
r_00027538,family_001338,u_001338,2026-W32,ТСЧ,1138.62,111.28,7
r_00027539,family_001338,u_001338,2026-W32,ТСЧ,582.48,27.58,6
r_00027540,family_001338,u_001338,2026-W33,ТСЧ,568.80,27.14,10
r_00027541,family_001338,u_001338,2026-W33,ТСЧ,1006.57,38.84,10
r_00027542,family_001338,u_001338,2026-W34,ТСЧ,616.88,15.74,8
r_00027543,family_001338,u_001338,2026-W34,ТСЧ,722.80,39.57,9
r_00027544,family_001338,u_001338,2026-W35,ТСЧ,1003.30,23.42,5
r_00027545,family_001338,u_001338,2026-W35,ТСЧ,713.43,5.60,10
r_00027546,family_001338,u_001338,2026-W36,ТСЧ,961.59,55.55,5
r_00027547,family_001338,u_001338,2026-W36,ТСЧ,689.89,35.32,7
r_00027564,family_001340,u_001340,2026-W25,ТСЧ,823.86,92.05,5
r_00027565,family_001340,u_001340,2026-W25,ТСЧ,1024.75,168.26,7
r_00027566,family_001340,u_001340,2026-W25,ТСЧ,791.06,74.80,8
r_00027567,family_001340,u_001340,2026-W26,ТСЧ,695.31,57.43,8
r_00027568,family_001340,u_001340,2026-W26,ТСЧ,818.77,71.04,8
r_00027569,family_001340,u_001340,2026-W26,ТСЧ,687.36,83.96,7
r_00027570,family_001340,u_001340,2026-W27,ТСЧ,692.47,53.27,10
r_00027571,family_001340,u_001340,2026-W27,ТСЧ,598.38,86.31,7
r_00027572,family_001340,u_001340,2026-W27,ТСЧ,796.27,37.45,6
r_00027573,family_001340,u_001340,2026-W28,ТСЧ,854.80,39.68,9
r_00027574,family_001340,u_001340,2026-W28,ТСЧ,824.24,165.52,6
r_00027575,family_001340,u_001340,2026-W28,ТСЧ,869.20,52.88,11
r_00027576,family_001340,u_001340,2026-W28,ТСЧ,591.72,35.79,6
r_00027577,family_001340,u_001340,2026-W29,ТСЧ,1077.67,20.96,7
r_00027578,family_001340,u_001340,2026-W30,ТСЧ,708.56,30.32,6
r_00027579,family_001340,u_001340,2026-W30,ТСЧ,552.21,117.45,5
r_00027580,family_001340,u_001340,2026-W30,ТСЧ,584.76,48.66,8
r_00027581,family_001340,u_001340,2026-W31,ТСЧ,895.27,95.43,11
r_00027582,family_001340,u_001340,2026-W31,ТСЧ,593.79,113.22,8
r_00027583,family_001340,u_001340,2026-W31,ТСЧ,935.35,72.76,5
r_00027584,family_001340,u_001340,2026-W32,ТСЧ,994.59,178.88,7
r_00027585,family_001340,u_001340,2026-W32,ТСЧ,641.54,96.89,6
r_00027586,family_001340,u_001340,2026-W32,ТСЧ,803.08,116.83,7
r_00027587,family_001340,u_001340,2026-W33,ТСЧ,874.73,108.18,9
r_00027588,family_001340,u_001340,2026-W33,ТСЧ,824.13,86.37,9
r_00027589,family_001340,u_001340,2026-W33,ТСЧ,985.74,110.49,10
r_00027590,family_001340,u_001340,2026-W34,ТСЧ,717.47,131.67,7
r_00027591,family_001340,u_001340,2026-W34,ТСЧ,909.10,70.90,11
r_00027592,family_001340,u_001340,2026-W35,ТСЧ,735.65,123.13,10
r_00027593,family_001340,u_001340,2026-W35,ТСЧ,834.37,80.05,7
r_00027594,family_001340,u_001340,2026-W35,ТСЧ,493.97,80.13,9
r_00027595,family_001340,u_001340,2026-W36,ТСЧ,655.87,52.46,5
r_00027596,family_001340,u_001340,2026-W36,ТСЧ,770.08,174.33,8
r_00027597,family_001340,u_001340,2026-W36,ТСЧ,692.28,55.45,9
r_00027720,family_001349,u_001349,2026-W25,ТСХ,671.26,67.10,7
r_00027721,family_001349,u_001349,2026-W25,ТСХ,1061.11,106.15,5
r_00027722,family_001349,u_001349,2026-W26,ТСХ,1082.66,89.90,5
r_00027723,family_001349,u_001349,2026-W26,ТСХ,1319.93,25.53,8
r_00027724,family_001349,u_001349,2026-W26,ТСХ,978.83,64.94,9
r_00027725,family_001349,u_001349,2026-W27,ТСХ,782.57,23.67,11
r_00027726,family_001349,u_001349,2026-W27,ТСХ,1095.04,106.15,6
r_00027727,family_001349,u_001349,2026-W28,ТСХ,1089.87,42.85,11
r_00027728,family_001349,u_001349,2026-W28,ТСХ,939.32,32.96,9
r_00027729,family_001349,u_001349,2026-W29,ТСХ,950.26,21.31,6
r_00027730,family_001349,u_001349,2026-W29,ТСХ,628.26,61.96,5
r_00027731,family_001349,u_001349,2026-W30,ТСХ,887.65,72.05,11
r_00027732,family_001349,u_001349,2026-W30,ТСХ,951.56,98.51,7
r_00027733,family_001349,u_001349,2026-W31,ТСХ,1049.93,54.10,10
r_00027734,family_001349,u_001349,2026-W31,ТСХ,781.26,0.00,5
r_00027735,family_001349,u_001349,2026-W31,ТСХ,1273.17,32.16,9
r_00027736,family_001349,u_001349,2026-W32,ТСХ,873.72,59.27,10
r_00027737,family_001349,u_001349,2026-W32,ТСХ,975.65,60.58,7
r_00027738,family_001349,u_001349,2026-W33,ТСХ,923.53,63.25,8
r_00027739,family_001349,u_001349,2026-W33,ТСХ,980.36,53.19,10
r_00027740,family_001349,u_001349,2026-W33,ТСХ,1282.12,58.81,5
r_00027741,family_001349,u_001349,2026-W34,ТСХ,1144.49,37.31,11
r_00027742,family_001349,u_001349,2026-W34,ТСХ,792.88,23.07,9
r_00027743,family_001349,u_001349,2026-W34,ТСХ,966.51,21.63,6
r_00027744,family_001349,u_001349,2026-W35,ТСХ,748.29,63.92,5
r_00027745,family_001349,u_001349,2026-W35,ТСХ,1092.37,53.71,11
r_00027746,family_001349,u_001349,2026-W36,ТСХ,732.38,31.43,8
r_00027747,family_001349,u_001349,2026-W36,ТСХ,929.70,47.18,6
r_00027806,family_001354,u_001354,2026-W25,ТС5,471.44,74.05,8
r_00027807,family_001354,u_001354,2026-W25,ТС5,407.13,61.99,10
r_00027808,family_001354,u_001354,2026-W25,ТС5,560.93,84.12,9
r_00027809,family_001354,u_001354,2026-W26,ТС5,547.58,35.29,11
r_00027810,family_001354,u_001354,2026-W26,ТС5,596.68,91.53,11
r_00027811,family_001354,u_001354,2026-W26,ТС5,700.71,64.62,6
r_00027812,family_001354,u_001354,2026-W27,ТС5,755.91,50.90,8
r_00027813,family_001354,u_001354,2026-W27,ТС5,592.71,37.36,8
r_00027814,family_001354,u_001354,2026-W27,ТС5,573.83,108.97,6
r_00027815,family_001354,u_001354,2026-W28,ТС5,601.41,98.96,8
r_00027816,family_001354,u_001354,2026-W28,ТС5,552.96,91.21,7
r_00027817,family_001354,u_001354,2026-W28,ТС5,483.05,71.06,5
r_00027818,family_001354,u_001354,2026-W29,ТС5,560.51,92.52,9
r_00027819,family_001354,u_001354,2026-W29,ТС5,390.95,81.40,5
r_00027820,family_001354,u_001354,2026-W29,ТС5,654.20,106.91,6
r_00027821,family_001354,u_001354,2026-W30,ТС5,467.01,110.33,11
r_00027822,family_001354,u_001354,2026-W30,ТС5,687.38,94.68,10
r_00027823,family_001354,u_001354,2026-W30,ТС5,409.72,65.77,6
r_00027824,family_001354,u_001354,2026-W31,ТС5,481.82,150.71,8
r_00027825,family_001354,u_001354,2026-W31,ТС5,705.82,150.11,9
r_00027826,family_001354,u_001354,2026-W31,ТС5,395.66,106.34,5
r_00027827,family_001354,u_001354,2026-W31,ТС5,466.85,74.69,7
r_00027828,family_001354,u_001354,2026-W32,ТС5,550.30,91.82,7
r_00027829,family_001354,u_001354,2026-W32,ТС5,777.88,102.90,10
r_00027830,family_001354,u_001354,2026-W32,ТС5,466.66,101.80,8
r_00027831,family_001354,u_001354,2026-W33,ТС5,724.79,62.25,6
r_00027832,family_001354,u_001354,2026-W33,ТС5,720.63,38.91,10
r_00027833,family_001354,u_001354,2026-W33,ТС5,478.29,147.51,6
r_00027834,family_001354,u_001354,2026-W34,ТС5,655.30,84.42,9
r_00027835,family_001354,u_001354,2026-W34,ТС5,599.42,105.19,5
r_00027836,family_001354,u_001354,2026-W34,ТС5,408.86,62.39,7
r_00027837,family_001354,u_001354,2026-W35,ТС5,607.25,133.04,8
r_00027838,family_001354,u_001354,2026-W35,ТС5,575.85,47.49,9
r_00027839,family_001354,u_001354,2026-W35,ТС5,587.50,23.67,11
r_00027840,family_001354,u_001354,2026-W35,ТС5,584.85,93.12,5
r_00027841,family_001354,u_001354,2026-W36,ТС5,663.61,56.24,7
r_00027842,family_001354,u_001354,2026-W36,ТС5,495.72,88.99,5
r_00027843,family_001354,u_001354,2026-W36,ТС5,680.95,22.16,7
r_00028051,family_001368,u_001368,2026-W25,ТС5,698.91,43.38,7
r_00028052,family_001368,u_001368,2026-W25,ТС5,553.41,81.34,8
r_00028053,family_001368,u_001368,2026-W25,ТС5,432.08,62.50,11
r_00028054,family_001368,u_001368,2026-W26,ТС5,583.18,18.59,8
r_00028055,family_001368,u_001368,2026-W26,ТС5,479.83,50.92,9
r_00028056,family_001368,u_001368,2026-W26,ТС5,590.00,98.13,10
r_00028057,family_001368,u_001368,2026-W27,ТС5,781.09,41.60,6
r_00028058,family_001368,u_001368,2026-W27,ТС5,646.09,159.37,8
r_00028059,family_001368,u_001368,2026-W27,ТС5,612.36,81.78,6
r_00028060,family_001368,u_001368,2026-W27,ТС5,740.63,75.93,11
r_00028061,family_001368,u_001368,2026-W28,ТС5,560.70,53.37,11
r_00028062,family_001368,u_001368,2026-W28,ТС5,633.74,54.03,6
r_00028063,family_001368,u_001368,2026-W28,ТС5,500.15,106.87,5
r_00028064,family_001368,u_001368,2026-W29,ТС5,716.75,71.66,7
r_00028065,family_001368,u_001368,2026-W29,ТС5,546.57,29.20,8
r_00028066,family_001368,u_001368,2026-W29,ТС5,549.59,61.45,10
r_00028067,family_001368,u_001368,2026-W30,ТС5,395.82,58.43,11
r_00028068,family_001368,u_001368,2026-W30,ТС5,714.09,35.69,8
r_00028069,family_001368,u_001368,2026-W30,ТС5,455.63,44.74,11
r_00028070,family_001368,u_001368,2026-W31,ТС5,533.59,117.86,8
r_00028071,family_001368,u_001368,2026-W31,ТС5,602.13,109.09,8
r_00028072,family_001368,u_001368,2026-W31,ТС5,470.95,76.91,9
r_00028073,family_001368,u_001368,2026-W31,ТС5,614.50,75.81,8
r_00028074,family_001368,u_001368,2026-W32,ТС5,557.27,98.11,11
r_00028075,family_001368,u_001368,2026-W32,ТС5,598.92,93.10,6
r_00028076,family_001368,u_001368,2026-W32,ТС5,693.86,102.10,9
r_00028077,family_001368,u_001368,2026-W33,ТС5,763.20,135.14,11
r_00028078,family_001368,u_001368,2026-W33,ТС5,669.65,63.08,8
r_00028079,family_001368,u_001368,2026-W33,ТС5,589.70,48.21,10
r_00028080,family_001368,u_001368,2026-W34,ТС5,524.63,58.18,6
r_00028081,family_001368,u_001368,2026-W34,ТС5,779.60,172.95,7
r_00028082,family_001368,u_001368,2026-W34,ТС5,458.43,103.40,8
r_00028083,family_001368,u_001368,2026-W35,ТС5,620.73,106.52,7
r_00028084,family_001368,u_001368,2026-W35,ТС5,554.38,90.79,8
r_00028085,family_001368,u_001368,2026-W35,ТС5,619.62,126.73,11
r_00028086,family_001368,u_001368,2026-W36,ТС5,628.03,140.02,5
r_00028087,family_001368,u_001368,2026-W36,ТС5,772.03,79.41,10
r_00028088,family_001368,u_001368,2026-W36,ТС5,592.04,97.18,9
r_00028089,family_001369,u_001369,2026-W25,ТС5,525.37,17.61,10
r_00028090,family_001369,u_001369,2026-W25,ТС5,640.72,27.82,9
r_00028091,family_001369,u_001369,2026-W25,ТС5,646.10,33.83,11
r_00028092,family_001369,u_001369,2026-W26,ТС5,364.26,0.00,9
r_00028093,family_001369,u_001369,2026-W26,ТС5,664.91,47.32,7
r_00028094,family_001369,u_001369,2026-W27,ТС5,722.99,54.36,8
r_00028095,family_001369,u_001369,2026-W27,ТС5,781.68,104.31,8
r_00028096,family_001369,u_001369,2026-W28,ТС5,469.05,33.27,10
r_00028097,family_001369,u_001369,2026-W28,ТС5,492.45,15.02,7
r_00028098,family_001369,u_001369,2026-W28,ТС5,857.60,64.67,8
r_00028099,family_001369,u_001369,2026-W29,ТС5,595.15,92.75,11
r_00028100,family_001369,u_001369,2026-W29,ТС5,518.05,52.74,9
r_00028101,family_001369,u_001369,2026-W29,ТС5,547.53,30.65,6
r_00028102,family_001369,u_001369,2026-W29,ТС5,632.07,20.12,11
r_00028103,family_001369,u_001369,2026-W30,ТС5,347.09,15.21,10
r_00028104,family_001369,u_001369,2026-W30,ТС5,719.24,5.69,8
r_00028105,family_001369,u_001369,2026-W30,ТС5,628.06,62.76,10
r_00028106,family_001369,u_001369,2026-W31,ТС5,687.22,74.46,11
r_00028107,family_001369,u_001369,2026-W31,ТС5,569.58,70.37,10
r_00028108,family_001369,u_001369,2026-W32,ТС5,459.33,28.35,6
r_00028109,family_001369,u_001369,2026-W32,ТС5,688.20,69.74,11
r_00028110,family_001369,u_001369,2026-W32,ТС5,648.24,0.00,8
r_00028111,family_001369,u_001369,2026-W33,ТС5,523.82,34.49,10
r_00028112,family_001369,u_001369,2026-W33,ТС5,662.71,10.88,6
r_00028113,family_001369,u_001369,2026-W33,ТС5,950.20,18.53,8
r_00028114,family_001369,u_001369,2026-W34,ТС5,697.07,17.24,11
r_00028115,family_001369,u_001369,2026-W34,ТС5,590.19,25.28,7
r_00028116,family_001369,u_001369,2026-W34,ТС5,548.66,0.00,5
r_00028117,family_001369,u_001369,2026-W35,ТС5,621.94,14.73,8
r_00028118,family_001369,u_001369,2026-W35,ТС5,550.18,27.75,10
r_00028119,family_001369,u_001369,2026-W36,ТС5,669.29,10.20,5
r_00028120,family_001369,u_001369,2026-W36,ТС5,636.09,5.03,10
r_00028121,family_001369,u_001369,2026-W36,ТС5,688.60,21.75,10
r_00028178,family_001373,u_001373,2026-W25,ТСЧ,626.36,75.99,5
r_00028179,family_001373,u_001373,2026-W25,ТСЧ,844.25,31.88,9
r_00028180,family_001373,u_001373,2026-W26,ТСЧ,767.38,102.13,6
r_00028181,family_001373,u_001373,2026-W26,ТСЧ,981.89,27.20,8
r_00028182,family_001373,u_001373,2026-W26,ТСЧ,818.22,85.56,5
r_00028183,family_001373,u_001373,2026-W27,ТСЧ,811.05,35.76,7
r_00028184,family_001373,u_001373,2026-W27,ТСЧ,994.03,36.89,9
r_00028185,family_001373,u_001373,2026-W28,ТСЧ,869.30,25.98,10
r_00028186,family_001373,u_001373,2026-W28,ТСЧ,978.69,39.16,10
r_00028187,family_001373,u_001373,2026-W29,ТСЧ,931.98,99.50,6
r_00028188,family_001373,u_001373,2026-W29,ТСЧ,852.92,64.03,5
r_00028189,family_001373,u_001373,2026-W30,ТСЧ,1039.60,0.00,7
r_00028190,family_001373,u_001373,2026-W30,ТСЧ,956.11,44.43,5
r_00028191,family_001373,u_001373,2026-W31,ТСЧ,886.08,28.49,7
r_00028192,family_001373,u_001373,2026-W31,ТСЧ,731.02,50.53,5
r_00028193,family_001373,u_001373,2026-W31,ТСЧ,786.80,41.60,9
r_00028194,family_001373,u_001373,2026-W32,ТСЧ,791.29,50.82,10
r_00028195,family_001373,u_001373,2026-W32,ТСЧ,625.36,25.00,6
r_00028196,family_001373,u_001373,2026-W33,ТСЧ,967.36,84.52,6
r_00028197,family_001373,u_001373,2026-W33,ТСЧ,737.33,50.50,10
r_00028198,family_001373,u_001373,2026-W34,ТСЧ,928.75,57.81,6
r_00028199,family_001373,u_001373,2026-W34,ТСЧ,870.61,25.28,6
r_00028200,family_001373,u_001373,2026-W35,ТСЧ,671.31,38.32,5
r_00028201,family_001373,u_001373,2026-W36,ТСЧ,944.18,22.55,6
r_00028342,family_001383,u_001383,2026-W25,ТС5,498.34,48.96,7
r_00028343,family_001383,u_001383,2026-W25,ТС5,584.86,0.00,5
r_00028344,family_001383,u_001383,2026-W26,ТС5,843.97,19.39,7
r_00028345,family_001383,u_001383,2026-W26,ТС5,559.38,53.80,10
r_00028346,family_001383,u_001383,2026-W27,ТС5,488.63,31.65,6
r_00028347,family_001383,u_001383,2026-W27,ТС5,827.74,40.54,7
r_00028348,family_001383,u_001383,2026-W28,ТС5,459.56,43.34,11
r_00028349,family_001383,u_001383,2026-W28,ТС5,553.92,74.02,5
r_00028350,family_001383,u_001383,2026-W29,ТС5,414.85,25.28,8
r_00028351,family_001383,u_001383,2026-W29,ТС5,598.92,14.52,10
r_00028352,family_001383,u_001383,2026-W30,ТС5,644.32,28.06,6
r_00028353,family_001383,u_001383,2026-W30,ТС5,722.71,15.72,10
r_00028354,family_001383,u_001383,2026-W31,ТС5,654.34,36.39,10
r_00028355,family_001383,u_001383,2026-W32,ТС5,666.82,14.53,6
r_00028356,family_001383,u_001383,2026-W32,ТС5,676.27,36.16,9
r_00028357,family_001383,u_001383,2026-W33,ТС5,670.77,11.09,8
r_00028358,family_001383,u_001383,2026-W33,ТС5,628.13,48.50,6
r_00028359,family_001383,u_001383,2026-W34,ТС5,826.36,51.50,6
r_00028360,family_001383,u_001383,2026-W34,ТС5,629.72,19.54,6
r_00028361,family_001383,u_001383,2026-W35,ТС5,667.76,37.39,7
r_00028362,family_001383,u_001383,2026-W35,ТС5,646.94,9.75,9
r_00028363,family_001383,u_001383,2026-W35,ТС5,562.24,12.08,9
r_00028364,family_001383,u_001383,2026-W36,ТС5,764.03,0.00,9
r_00028496,family_001392,u_001392,2026-W25,ТС5,382.56,28.27,6
r_00028497,family_001392,u_001392,2026-W25,ТС5,738.42,75.11,8
r_00028498,family_001392,u_001392,2026-W26,ТС5,590.67,26.98,8
r_00028499,family_001392,u_001392,2026-W26,ТС5,466.07,58.56,11
r_00028500,family_001392,u_001392,2026-W27,ТС5,593.09,59.69,9
r_00028501,family_001392,u_001392,2026-W27,ТС5,555.23,40.55,11
r_00028502,family_001392,u_001392,2026-W28,ТС5,710.74,64.97,8
r_00028503,family_001392,u_001392,2026-W28,ТС5,800.46,64.36,10
r_00028504,family_001392,u_001392,2026-W29,ТС5,718.12,68.26,10
r_00028505,family_001392,u_001392,2026-W29,ТС5,558.98,38.26,6
r_00028506,family_001392,u_001392,2026-W30,ТС5,690.37,6.41,9
r_00028507,family_001392,u_001392,2026-W30,ТС5,626.96,34.13,8
r_00028508,family_001392,u_001392,2026-W31,ТС5,450.44,9.22,5
r_00028509,family_001392,u_001392,2026-W31,ТС5,547.07,26.57,11
r_00028510,family_001392,u_001392,2026-W32,ТС5,674.94,64.24,11
r_00028511,family_001392,u_001392,2026-W32,ТС5,711.68,50.18,7
r_00028512,family_001392,u_001392,2026-W33,ТС5,768.89,42.11,11
r_00028513,family_001392,u_001392,2026-W33,ТС5,530.88,30.29,6
r_00028514,family_001392,u_001392,2026-W34,ТС5,600.48,76.64,11
r_00028515,family_001392,u_001392,2026-W34,ТС5,694.03,31.05,8
r_00028516,family_001392,u_001392,2026-W35,ТС5,578.53,26.34,11
r_00028517,family_001392,u_001392,2026-W35,ТС5,652.55,25.05,8
r_00028518,family_001392,u_001392,2026-W36,ТС5,422.85,44.04,6
r_00028519,family_001392,u_001392,2026-W36,ТС5,695.64,37.82,11
r_00028520,family_001393,u_001393,2026-W25,ТС5,739.27,24.03,9
r_00028521,family_001393,u_001393,2026-W25,ТС5,603.23,41.53,9
r_00028522,family_001393,u_001393,2026-W26,ТС5,732.46,59.58,7
r_00028523,family_001393,u_001393,2026-W26,ТС5,596.22,17.07,8
r_00028524,family_001393,u_001393,2026-W27,ТС5,670.51,9.60,7
r_00028525,family_001393,u_001393,2026-W28,ТС5,613.96,20.89,11
r_00028526,family_001393,u_001393,2026-W29,ТС5,678.03,73.99,7
r_00028527,family_001393,u_001393,2026-W30,ТС5,733.05,22.89,9
r_00028528,family_001393,u_001393,2026-W31,ТС5,685.74,55.22,11
r_00028529,family_001393,u_001393,2026-W32,ТС5,524.27,5.22,11
r_00028530,family_001393,u_001393,2026-W32,ТС5,613.66,35.13,8
r_00028531,family_001393,u_001393,2026-W32,ТС5,640.54,22.44,5
r_00028532,family_001393,u_001393,2026-W33,ТС5,625.20,20.14,9
r_00028533,family_001393,u_001393,2026-W33,ТС5,668.79,30.16,9
r_00028534,family_001393,u_001393,2026-W34,ТС5,602.84,25.61,8
r_00028535,family_001393,u_001393,2026-W34,ТС5,669.61,71.70,8
r_00028536,family_001393,u_001393,2026-W35,ТС5,601.30,52.12,9
r_00028537,family_001393,u_001393,2026-W35,ТС5,658.68,55.23,7
r_00028538,family_001393,u_001393,2026-W36,ТС5,691.98,30.70,9
r_00028539,family_001393,u_001393,2026-W36,ТС5,599.19,75.01,5
r_00028540,family_001394,u_001394,2026-W25,ТСЧ,1077.66,22.31,9
r_00028541,family_001394,u_001394,2026-W25,ТСЧ,849.96,47.40,8
r_00028542,family_001394,u_001394,2026-W26,ТСЧ,767.33,26.36,7
r_00028543,family_001394,u_001394,2026-W26,ТСЧ,959.01,33.24,6
r_00028544,family_001394,u_001394,2026-W26,ТСЧ,789.39,44.86,7
r_00028545,family_001394,u_001394,2026-W27,ТСЧ,918.40,75.16,11
r_00028546,family_001394,u_001394,2026-W27,ТСЧ,551.05,34.58,10
r_00028547,family_001394,u_001394,2026-W27,ТСЧ,842.96,72.77,7
r_00028548,family_001394,u_001394,2026-W28,ТСЧ,611.20,14.57,5
r_00028549,family_001394,u_001394,2026-W28,ТСЧ,938.75,38.85,8
r_00028550,family_001394,u_001394,2026-W29,ТСЧ,651.40,89.57,9
r_00028551,family_001394,u_001394,2026-W29,ТСЧ,785.84,35.82,11
r_00028552,family_001394,u_001394,2026-W30,ТСЧ,920.80,90.01,6
r_00028553,family_001394,u_001394,2026-W30,ТСЧ,835.78,15.95,6
r_00028554,family_001394,u_001394,2026-W31,ТСЧ,647.30,32.86,9
r_00028555,family_001394,u_001394,2026-W31,ТСЧ,852.15,42.99,9
r_00028556,family_001394,u_001394,2026-W31,ТСЧ,728.32,36.50,11
r_00028557,family_001394,u_001394,2026-W32,ТСЧ,935.63,18.37,5
r_00028558,family_001394,u_001394,2026-W32,ТСЧ,811.01,40.68,9
r_00028559,family_001394,u_001394,2026-W33,ТСЧ,572.64,91.99,5
r_00028560,family_001394,u_001394,2026-W33,ТСЧ,923.04,52.16,8
r_00028561,family_001394,u_001394,2026-W34,ТСЧ,753.15,15.70,11
r_00028562,family_001394,u_001394,2026-W34,ТСЧ,1055.05,78.52,9
r_00028563,family_001394,u_001394,2026-W35,ТСЧ,928.43,52.14,9
r_00028564,family_001394,u_001394,2026-W35,ТСЧ,881.92,20.86,11
r_00028565,family_001394,u_001394,2026-W36,ТСЧ,964.24,0.00,5
r_00028566,family_001394,u_001394,2026-W36,ТСЧ,826.20,68.76,8
r_00028567,family_001395,u_001395,2026-W25,ТС5,576.81,19.25,9
r_00028568,family_001395,u_001395,2026-W25,ТС5,375.19,39.69,9
r_00028569,family_001395,u_001395,2026-W26,ТС5,678.52,0.00,6
r_00028570,family_001395,u_001395,2026-W26,ТС5,298.32,8.50,10
r_00028571,family_001395,u_001395,2026-W27,ТС5,663.58,29.49,11
r_00028572,family_001395,u_001395,2026-W27,ТС5,520.81,44.74,6
r_00028573,family_001395,u_001395,2026-W28,ТС5,661.02,59.71,9
r_00028574,family_001395,u_001395,2026-W28,ТС5,529.31,9.57,5
r_00028575,family_001395,u_001395,2026-W29,ТС5,630.87,57.35,7
r_00028576,family_001395,u_001395,2026-W29,ТС5,621.31,11.77,7
r_00028577,family_001395,u_001395,2026-W30,ТС5,683.58,33.04,8
r_00028578,family_001395,u_001395,2026-W30,ТС5,715.01,29.58,8
r_00028579,family_001395,u_001395,2026-W31,ТС5,626.89,10.85,6
r_00028580,family_001395,u_001395,2026-W31,ТС5,638.46,29.35,10
r_00028581,family_001395,u_001395,2026-W32,ТС5,879.75,35.39,9
r_00028582,family_001395,u_001395,2026-W32,ТС5,532.36,13.34,6
r_00028583,family_001395,u_001395,2026-W33,ТС5,503.31,0.00,9
r_00028584,family_001395,u_001395,2026-W34,ТС5,581.89,38.13,9
r_00028585,family_001395,u_001395,2026-W34,ТС5,714.94,44.37,11
r_00028586,family_001395,u_001395,2026-W35,ТС5,635.47,57.96,9
r_00028587,family_001395,u_001395,2026-W35,ТС5,818.51,9.09,9
r_00028588,family_001395,u_001395,2026-W36,ТС5,507.34,16.67,7
r_00028589,family_001395,u_001395,2026-W36,ТС5,755.42,20.92,10
r_00028611,family_001397,u_001397,2026-W25,ТСЧ,783.78,96.57,11
r_00028612,family_001397,u_001397,2026-W25,ТСЧ,474.62,47.34,10
r_00028613,family_001397,u_001397,2026-W25,ТСЧ,577.26,111.52,9
r_00028614,family_001397,u_001397,2026-W26,ТСЧ,783.67,93.92,7
r_00028615,family_001397,u_001397,2026-W26,ТСЧ,697.01,67.47,7
r_00028616,family_001397,u_001397,2026-W26,ТСЧ,733.24,24.79,7
r_00028617,family_001397,u_001397,2026-W27,ТСЧ,1094.60,218.43,7
r_00028618,family_001397,u_001397,2026-W27,ТСЧ,771.17,109.09,7
r_00028619,family_001397,u_001397,2026-W27,ТСЧ,332.22,111.90,5
r_00028620,family_001397,u_001397,2026-W28,ТСЧ,1031.90,42.64,6
r_00028621,family_001397,u_001397,2026-W28,ТСЧ,611.58,112.84,11
r_00028622,family_001397,u_001397,2026-W28,ТСЧ,824.22,101.58,10
r_00028623,family_001397,u_001397,2026-W29,ТСЧ,721.99,109.04,8
r_00028624,family_001397,u_001397,2026-W29,ТСЧ,589.76,52.61,10
r_00028625,family_001397,u_001397,2026-W30,ТСЧ,853.95,102.18,11
r_00028626,family_001397,u_001397,2026-W30,ТСЧ,613.17,26.24,6
r_00028627,family_001397,u_001397,2026-W30,ТСЧ,821.60,57.51,7
r_00028628,family_001397,u_001397,2026-W31,ТСЧ,680.45,124.36,8
r_00028629,family_001397,u_001397,2026-W31,ТСЧ,849.18,170.32,11
r_00028630,family_001397,u_001397,2026-W31,ТСЧ,546.97,175.38,6
r_00028631,family_001397,u_001397,2026-W32,ТСЧ,759.49,154.20,5
r_00028632,family_001397,u_001397,2026-W32,ТСЧ,767.40,54.32,9
r_00028633,family_001397,u_001397,2026-W32,ТСЧ,956.32,127.64,9
r_00028634,family_001397,u_001397,2026-W33,ТСЧ,724.82,71.77,6
r_00028635,family_001397,u_001397,2026-W33,ТСЧ,559.40,90.40,5
r_00028636,family_001397,u_001397,2026-W33,ТСЧ,740.24,182.70,8
r_00028637,family_001397,u_001397,2026-W34,ТСЧ,526.10,95.86,10
r_00028638,family_001397,u_001397,2026-W34,ТСЧ,918.84,26.84,5
r_00028639,family_001397,u_001397,2026-W34,ТСЧ,737.52,74.44,9
r_00028640,family_001397,u_001397,2026-W35,ТСЧ,640.66,103.96,10
r_00028641,family_001397,u_001397,2026-W35,ТСЧ,840.73,86.63,10
r_00028642,family_001397,u_001397,2026-W36,ТСЧ,746.81,95.24,6
r_00028643,family_001397,u_001397,2026-W36,ТСЧ,414.72,55.01,11
r_00028644,family_001397,u_001397,2026-W36,ТСЧ,717.18,255.28,5
r_00028645,family_001397,u_001397,2026-W36,ТСЧ,813.13,163.24,11
r_00028669,family_001399,u_001399,2026-W25,ТС5,679.72,99.81,6
r_00028670,family_001399,u_001399,2026-W25,ТС5,897.01,17.56,5
r_00028671,family_001399,u_001399,2026-W25,ТС5,644.53,7.79,7
r_00028672,family_001399,u_001399,2026-W26,ТС5,528.70,27.89,10
r_00028673,family_001399,u_001399,2026-W26,ТС5,644.93,21.26,8
r_00028674,family_001399,u_001399,2026-W26,ТС5,501.43,55.54,5
r_00028675,family_001399,u_001399,2026-W27,ТС5,575.62,30.90,6
r_00028676,family_001399,u_001399,2026-W27,ТС5,495.76,20.92,9
r_00028677,family_001399,u_001399,2026-W28,ТС5,492.39,28.25,7
r_00028678,family_001399,u_001399,2026-W28,ТС5,575.46,53.19,5
r_00028679,family_001399,u_001399,2026-W28,ТС5,754.21,0.00,6
r_00028680,family_001399,u_001399,2026-W29,ТС5,610.86,27.57,8
r_00028681,family_001399,u_001399,2026-W29,ТС5,606.24,28.80,10
r_00028682,family_001399,u_001399,2026-W30,ТС5,649.54,33.48,5
r_00028683,family_001399,u_001399,2026-W30,ТС5,696.87,72.09,8
r_00028684,family_001399,u_001399,2026-W30,ТС5,570.95,28.67,9
r_00028685,family_001399,u_001399,2026-W31,ТС5,688.37,10.58,9
r_00028686,family_001399,u_001399,2026-W31,ТС5,615.60,19.85,5
r_00028687,family_001399,u_001399,2026-W31,ТС5,376.40,36.39,9
r_00028688,family_001399,u_001399,2026-W32,ТС5,791.53,22.78,9
r_00028689,family_001399,u_001399,2026-W32,ТС5,407.26,7.77,11
r_00028690,family_001399,u_001399,2026-W32,ТС5,640.06,88.17,8
r_00028691,family_001399,u_001399,2026-W33,ТС5,666.99,38.23,10
r_00028692,family_001399,u_001399,2026-W33,ТС5,572.49,63.92,9
r_00028693,family_001399,u_001399,2026-W33,ТС5,718.07,30.93,10
r_00028694,family_001399,u_001399,2026-W34,ТС5,738.25,19.12,6
r_00028695,family_001399,u_001399,2026-W34,ТС5,529.55,22.22,8
r_00028696,family_001399,u_001399,2026-W35,ТС5,566.44,32.13,8
r_00028697,family_001399,u_001399,2026-W35,ТС5,653.70,20.28,7
r_00028698,family_001399,u_001399,2026-W36,ТС5,681.01,22.03,11
r_00028699,family_001399,u_001399,2026-W36,ТС5,546.13,57.13,5
r_00028804,family_001407,u_001407,2026-W25,ТСЧ,1280.16,0.00,10
r_00028805,family_001407,u_001407,2026-W25,ТСЧ,636.65,83.68,5
r_00028806,family_001407,u_001407,2026-W26,ТСЧ,776.34,60.82,8
r_00028807,family_001407,u_001407,2026-W26,ТСЧ,431.95,30.23,10
r_00028808,family_001407,u_001407,2026-W27,ТСЧ,993.39,87.44,7
r_00028809,family_001407,u_001407,2026-W28,ТСЧ,914.92,57.22,10
r_00028810,family_001407,u_001407,2026-W28,ТСЧ,648.77,7.08,7
r_00028811,family_001407,u_001407,2026-W29,ТСЧ,643.22,69.94,11
r_00028812,family_001407,u_001407,2026-W29,ТСЧ,846.42,27.89,10
r_00028813,family_001407,u_001407,2026-W30,ТСЧ,697.68,42.60,9
r_00028814,family_001407,u_001407,2026-W30,ТСЧ,827.55,82.58,6
r_00028815,family_001407,u_001407,2026-W31,ТСЧ,950.56,49.62,10
r_00028816,family_001407,u_001407,2026-W31,ТСЧ,966.19,79.28,9
r_00028817,family_001407,u_001407,2026-W32,ТСЧ,989.13,62.84,6
r_00028818,family_001407,u_001407,2026-W32,ТСЧ,609.49,27.66,11
r_00028819,family_001407,u_001407,2026-W33,ТСЧ,901.71,49.04,9
r_00028820,family_001407,u_001407,2026-W33,ТСЧ,891.27,68.24,10
r_00028821,family_001407,u_001407,2026-W34,ТСЧ,720.94,64.95,10
r_00028822,family_001407,u_001407,2026-W34,ТСЧ,835.09,46.33,11
r_00028823,family_001407,u_001407,2026-W35,ТСЧ,954.81,12.78,7
r_00028824,family_001407,u_001407,2026-W35,ТСЧ,710.01,64.29,10
r_00028825,family_001407,u_001407,2026-W36,ТСЧ,960.58,9.82,7
r_00028826,family_001407,u_001407,2026-W36,ТСЧ,780.98,0.00,7
r_00028882,family_001411,u_001411,2026-W25,ТС5,647.32,34.87,11
r_00028883,family_001411,u_001411,2026-W25,ТС5,713.43,23.76,7
r_00028884,family_001411,u_001411,2026-W25,ТС5,707.86,27.97,9
r_00028885,family_001411,u_001411,2026-W26,ТС5,703.11,40.60,11
r_00028886,family_001411,u_001411,2026-W26,ТС5,437.32,43.86,7
r_00028887,family_001411,u_001411,2026-W26,ТС5,711.50,64.18,8
r_00028888,family_001411,u_001411,2026-W27,ТС5,686.84,41.09,11
r_00028889,family_001411,u_001411,2026-W27,ТС5,732.65,22.07,8
r_00028890,family_001411,u_001411,2026-W28,ТС5,584.18,8.59,11
r_00028891,family_001411,u_001411,2026-W28,ТС5,536.14,36.49,10
r_00028892,family_001411,u_001411,2026-W28,ТС5,526.40,67.25,5
r_00028893,family_001411,u_001411,2026-W29,ТС5,782.71,60.97,10
r_00028894,family_001411,u_001411,2026-W29,ТС5,614.93,32.14,9
r_00028895,family_001411,u_001411,2026-W29,ТС5,687.38,14.66,7
r_00028896,family_001411,u_001411,2026-W30,ТС5,821.89,0.00,6
r_00028897,family_001411,u_001411,2026-W30,ТС5,857.21,23.53,7
r_00028898,family_001411,u_001411,2026-W30,ТС5,719.65,43.99,5
r_00028899,family_001411,u_001411,2026-W31,ТС5,612.69,12.64,11
r_00028900,family_001411,u_001411,2026-W31,ТС5,749.77,53.39,10
r_00028901,family_001411,u_001411,2026-W31,ТС5,575.17,11.21,11
r_00028902,family_001411,u_001411,2026-W32,ТС5,613.53,60.12,5
r_00028903,family_001411,u_001411,2026-W32,ТС5,719.11,76.48,9
r_00028904,family_001411,u_001411,2026-W33,ТС5,608.85,61.21,10
r_00028905,family_001411,u_001411,2026-W33,ТС5,743.91,40.35,11
r_00028906,family_001411,u_001411,2026-W34,ТС5,496.30,32.01,9
r_00028907,family_001411,u_001411,2026-W34,ТС5,650.19,19.27,6
r_00028908,family_001411,u_001411,2026-W34,ТС5,578.02,52.04,10
r_00028909,family_001411,u_001411,2026-W34,ТС5,657.76,41.06,8
r_00028910,family_001411,u_001411,2026-W35,ТС5,808.80,28.63,10
r_00028911,family_001411,u_001411,2026-W35,ТС5,377.75,32.57,11
r_00028912,family_001411,u_001411,2026-W36,ТС5,507.87,20.94,10
r_00028913,family_001411,u_001411,2026-W36,ТС5,505.51,25.19,11
r_00028914,family_001411,u_001411,2026-W36,ТС5,550.50,23.07,8
r_00028951,family_001414,u_001414,2026-W25,ТСХ,683.03,90.66,7
r_00028952,family_001414,u_001414,2026-W25,ТСХ,909.35,12.89,7
r_00028953,family_001414,u_001414,2026-W26,ТСХ,713.86,8.17,9
r_00028954,family_001414,u_001414,2026-W26,ТСХ,909.46,87.19,9
r_00028955,family_001414,u_001414,2026-W27,ТСХ,1463.36,31.31,10
r_00028956,family_001414,u_001414,2026-W27,ТСХ,750.60,32.26,11
r_00028957,family_001414,u_001414,2026-W28,ТСХ,1219.47,51.08,9
r_00028958,family_001414,u_001414,2026-W28,ТСХ,751.41,8.76,5
r_00028959,family_001414,u_001414,2026-W29,ТСХ,939.80,17.30,10
r_00028960,family_001414,u_001414,2026-W29,ТСХ,739.84,41.18,8
r_00028961,family_001414,u_001414,2026-W30,ТСХ,1304.24,11.91,8
r_00028962,family_001414,u_001414,2026-W30,ТСХ,1057.76,29.64,11
r_00028963,family_001414,u_001414,2026-W31,ТСХ,1340.45,53.19,8
r_00028964,family_001414,u_001414,2026-W31,ТСХ,1185.83,35.50,6
r_00028965,family_001414,u_001414,2026-W32,ТСХ,1198.02,33.52,7
r_00028966,family_001414,u_001414,2026-W32,ТСХ,1317.01,46.60,10
r_00028967,family_001414,u_001414,2026-W33,ТСХ,898.26,39.54,5
r_00028968,family_001414,u_001414,2026-W33,ТСХ,809.69,52.67,8
r_00028969,family_001414,u_001414,2026-W34,ТСХ,1012.70,70.64,10
r_00028970,family_001414,u_001414,2026-W34,ТСХ,947.76,70.58,7
r_00028971,family_001414,u_001414,2026-W35,ТСХ,883.54,77.20,10
r_00028972,family_001414,u_001414,2026-W35,ТСХ,1099.70,39.41,11
r_00028973,family_001414,u_001414,2026-W36,ТСХ,594.62,22.60,8
r_00028974,family_001414,u_001414,2026-W36,ТСХ,1023.67,19.49,11
r_00028975,family_001415,u_001415,2026-W25,ТСЧ,711.07,67.06,6
r_00028976,family_001415,u_001415,2026-W25,ТСЧ,721.16,22.17,6
r_00028977,family_001415,u_001415,2026-W26,ТСЧ,683.20,27.20,7
r_00028978,family_001415,u_001415,2026-W27,ТСЧ,692.92,23.00,6
r_00028979,family_001415,u_001415,2026-W27,ТСЧ,818.49,40.64,9
r_00028980,family_001415,u_001415,2026-W28,ТСЧ,688.42,39.08,7
r_00028981,family_001415,u_001415,2026-W28,ТСЧ,705.73,59.54,11
r_00028982,family_001415,u_001415,2026-W29,ТСЧ,576.12,91.56,8
r_00028983,family_001415,u_001415,2026-W29,ТСЧ,742.09,94.55,9
r_00028984,family_001415,u_001415,2026-W30,ТСЧ,714.44,34.44,8
r_00028985,family_001415,u_001415,2026-W31,ТСЧ,465.92,41.90,11
r_00028986,family_001415,u_001415,2026-W31,ТСЧ,995.44,66.16,11
r_00028987,family_001415,u_001415,2026-W32,ТСЧ,704.47,0.00,6
r_00028988,family_001415,u_001415,2026-W32,ТСЧ,745.22,51.66,7
r_00028989,family_001415,u_001415,2026-W33,ТСЧ,736.19,80.71,11
r_00028990,family_001415,u_001415,2026-W34,ТСЧ,735.63,0.00,5
r_00028991,family_001415,u_001415,2026-W34,ТСЧ,978.69,47.60,6
r_00028992,family_001415,u_001415,2026-W35,ТСЧ,605.42,41.04,7
r_00028993,family_001415,u_001415,2026-W35,ТСЧ,615.43,44.00,10
r_00028994,family_001415,u_001415,2026-W36,ТСЧ,783.61,126.87,11
r_00028995,family_001416,u_001416,2026-W25,ТС5,902.31,41.91,9
r_00028996,family_001416,u_001416,2026-W25,ТС5,576.28,23.41,10
r_00028997,family_001416,u_001416,2026-W25,ТС5,640.22,17.21,10
r_00028998,family_001416,u_001416,2026-W26,ТС5,879.55,13.05,8
r_00028999,family_001416,u_001416,2026-W26,ТС5,626.73,67.87,5
r_00029000,family_001416,u_001416,2026-W26,ТС5,565.49,80.63,6
r_00029001,family_001416,u_001416,2026-W27,ТС5,597.83,24.61,11
r_00029002,family_001416,u_001416,2026-W27,ТС5,509.09,23.20,9
r_00029003,family_001416,u_001416,2026-W27,ТС5,870.69,17.37,7
r_00029004,family_001416,u_001416,2026-W28,ТС5,516.48,62.53,11
r_00029005,family_001416,u_001416,2026-W28,ТС5,520.56,22.00,11
r_00029006,family_001416,u_001416,2026-W28,ТС5,919.81,50.18,10
r_00029007,family_001416,u_001416,2026-W29,ТС5,543.69,20.66,6
r_00029008,family_001416,u_001416,2026-W29,ТС5,722.82,84.08,9
r_00029009,family_001416,u_001416,2026-W29,ТС5,523.40,19.79,10
r_00029010,family_001416,u_001416,2026-W30,ТС5,671.02,7.79,7
r_00029011,family_001416,u_001416,2026-W30,ТС5,803.23,12.35,11
r_00029012,family_001416,u_001416,2026-W31,ТС5,721.05,87.59,8
r_00029013,family_001416,u_001416,2026-W31,ТС5,587.62,21.81,8
r_00029014,family_001416,u_001416,2026-W31,ТС5,592.81,0.00,5
r_00029015,family_001416,u_001416,2026-W32,ТС5,497.41,0.00,9
r_00029016,family_001416,u_001416,2026-W32,ТС5,673.89,26.27,9
r_00029017,family_001416,u_001416,2026-W32,ТС5,502.48,20.11,10
r_00029018,family_001416,u_001416,2026-W33,ТС5,595.52,35.25,5
r_00029019,family_001416,u_001416,2026-W33,ТС5,735.09,33.84,7
r_00029020,family_001416,u_001416,2026-W34,ТС5,573.76,27.62,5
r_00029021,family_001416,u_001416,2026-W34,ТС5,777.13,31.18,10
r_00029022,family_001416,u_001416,2026-W34,ТС5,555.37,50.80,6
r_00029023,family_001416,u_001416,2026-W34,ТС5,488.63,22.93,11
r_00029024,family_001416,u_001416,2026-W35,ТС5,663.01,60.17,10
r_00029025,family_001416,u_001416,2026-W35,ТС5,643.75,69.59,7
r_00029026,family_001416,u_001416,2026-W36,ТС5,650.84,61.01,7
r_00029027,family_001416,u_001416,2026-W36,ТС5,636.82,122.16,8
r_00029028,family_001416,u_001416,2026-W36,ТС5,671.04,75.66,7
r_00029111,family_001422,u_001422,2026-W25,ТС5,868.63,0.00,5
r_00029112,family_001422,u_001422,2026-W25,ТС5,778.77,63.16,8
r_00029113,family_001422,u_001422,2026-W26,ТС5,699.30,78.28,5
r_00029114,family_001422,u_001422,2026-W26,ТС5,708.77,73.29,8
r_00029115,family_001422,u_001422,2026-W27,ТС5,738.61,84.20,11
r_00029116,family_001422,u_001422,2026-W27,ТС5,637.31,76.60,5
r_00029117,family_001422,u_001422,2026-W28,ТС5,661.59,0.00,6
r_00029118,family_001422,u_001422,2026-W28,ТС5,678.47,18.31,6
r_00029119,family_001422,u_001422,2026-W29,ТС5,487.75,26.61,8
r_00029120,family_001422,u_001422,2026-W29,ТС5,868.88,41.95,9
r_00029121,family_001422,u_001422,2026-W30,ТС5,754.66,23.16,7
r_00029122,family_001422,u_001422,2026-W30,ТС5,655.11,20.04,6
r_00029123,family_001422,u_001422,2026-W30,ТС5,624.51,0.00,7
r_00029124,family_001422,u_001422,2026-W31,ТС5,607.06,0.00,9
r_00029125,family_001422,u_001422,2026-W31,ТС5,878.27,7.47,9
r_00029126,family_001422,u_001422,2026-W31,ТС5,708.99,70.61,6
r_00029127,family_001422,u_001422,2026-W32,ТС5,610.42,9.02,6
r_00029128,family_001422,u_001422,2026-W32,ТС5,885.82,37.73,10
r_00029129,family_001422,u_001422,2026-W32,ТС5,739.34,30.06,8
r_00029130,family_001422,u_001422,2026-W33,ТС5,782.24,29.27,7
r_00029131,family_001422,u_001422,2026-W33,ТС5,699.79,63.90,10
r_00029132,family_001422,u_001422,2026-W33,ТС5,641.78,33.27,10
r_00029133,family_001422,u_001422,2026-W34,ТС5,316.50,31.76,6
r_00029134,family_001422,u_001422,2026-W34,ТС5,728.31,13.74,8
r_00029135,family_001422,u_001422,2026-W34,ТС5,633.91,40.46,11
r_00029136,family_001422,u_001422,2026-W35,ТС5,430.89,25.31,10
r_00029137,family_001422,u_001422,2026-W35,ТС5,633.89,0.00,5
r_00029138,family_001422,u_001422,2026-W35,ТС5,632.35,20.26,6
r_00029139,family_001422,u_001422,2026-W36,ТС5,710.35,27.07,11
r_00029140,family_001422,u_001422,2026-W36,ТС5,758.71,69.94,7
r_00029141,family_001422,u_001422,2026-W36,ТС5,528.23,25.31,11
r_00029270,family_001431,u_001431,2026-W25,ТС5,566.82,109.82,7
r_00029271,family_001431,u_001431,2026-W25,ТС5,558.37,57.58,8
r_00029272,family_001431,u_001431,2026-W26,ТС5,555.71,34.55,5
r_00029273,family_001431,u_001431,2026-W26,ТС5,443.00,83.17,10
r_00029274,family_001431,u_001431,2026-W27,ТС5,654.99,24.13,6
r_00029275,family_001431,u_001431,2026-W27,ТС5,804.07,22.53,7
r_00029276,family_001431,u_001431,2026-W28,ТС5,585.61,27.07,6
r_00029277,family_001431,u_001431,2026-W28,ТС5,512.02,62.49,7
r_00029278,family_001431,u_001431,2026-W29,ТС5,639.66,117.92,11
r_00029279,family_001431,u_001431,2026-W29,ТС5,676.61,65.65,7
r_00029280,family_001431,u_001431,2026-W29,ТС5,583.10,124.62,10
r_00029281,family_001431,u_001431,2026-W30,ТС5,382.70,67.26,8
r_00029282,family_001431,u_001431,2026-W30,ТС5,430.57,72.44,11
r_00029283,family_001431,u_001431,2026-W30,ТС5,614.28,107.36,9
r_00029284,family_001431,u_001431,2026-W31,ТС5,631.44,145.67,9
r_00029285,family_001431,u_001431,2026-W31,ТС5,652.84,71.60,9
r_00029286,family_001431,u_001431,2026-W32,ТС5,461.16,82.62,9
r_00029287,family_001431,u_001431,2026-W32,ТС5,768.11,103.38,11
r_00029288,family_001431,u_001431,2026-W33,ТС5,505.88,95.75,11
r_00029289,family_001431,u_001431,2026-W33,ТС5,496.44,97.06,10
r_00029290,family_001431,u_001431,2026-W34,ТС5,442.00,98.50,6
r_00029291,family_001431,u_001431,2026-W34,ТС5,782.68,89.48,11
r_00029292,family_001431,u_001431,2026-W35,ТС5,605.81,91.85,11
r_00029293,family_001431,u_001431,2026-W35,ТС5,726.44,78.70,6
r_00029294,family_001431,u_001431,2026-W36,ТС5,709.26,78.99,11
r_00029295,family_001431,u_001431,2026-W36,ТС5,418.49,35.05,11
r_00029345,family_001436,u_001436,2026-W25,ТС5,456.24,71.66,6
r_00029346,family_001436,u_001436,2026-W25,ТС5,647.73,58.66,5
r_00029347,family_001436,u_001436,2026-W26,ТС5,481.24,136.03,6
r_00029348,family_001436,u_001436,2026-W26,ТС5,720.15,77.54,7
r_00029349,family_001436,u_001436,2026-W27,ТС5,634.02,87.46,5
r_00029350,family_001436,u_001436,2026-W27,ТС5,676.66,89.86,10
r_00029351,family_001436,u_001436,2026-W28,ТС5,433.25,46.95,11
r_00029352,family_001436,u_001436,2026-W28,ТС5,526.22,63.39,7
r_00029353,family_001436,u_001436,2026-W29,ТС5,618.70,73.84,9
r_00029354,family_001436,u_001436,2026-W29,ТС5,503.68,60.54,8
r_00029355,family_001436,u_001436,2026-W30,ТС5,656.14,81.77,5
r_00029356,family_001436,u_001436,2026-W30,ТС5,672.51,66.99,8
r_00029357,family_001436,u_001436,2026-W31,ТС5,735.06,53.55,5
r_00029358,family_001436,u_001436,2026-W31,ТС5,669.67,118.81,8
r_00029359,family_001436,u_001436,2026-W31,ТС5,624.34,75.56,7
r_00029360,family_001436,u_001436,2026-W32,ТС5,510.84,43.65,8
r_00029361,family_001436,u_001436,2026-W32,ТС5,559.17,79.38,8
r_00029362,family_001436,u_001436,2026-W33,ТС5,589.62,92.75,10
r_00029363,family_001436,u_001436,2026-W33,ТС5,571.64,20.47,11
r_00029364,family_001436,u_001436,2026-W33,ТС5,557.37,59.73,5
r_00029365,family_001436,u_001436,2026-W34,ТС5,701.81,52.88,7
r_00029366,family_001436,u_001436,2026-W34,ТС5,630.78,55.78,7
r_00029367,family_001436,u_001436,2026-W35,ТС5,343.91,44.73,6
r_00029368,family_001436,u_001436,2026-W35,ТС5,550.51,81.36,5
r_00029369,family_001436,u_001436,2026-W35,ТС5,716.99,39.00,7
r_00029370,family_001436,u_001436,2026-W36,ТС5,504.03,55.05,9
r_00029371,family_001436,u_001436,2026-W36,ТС5,390.36,34.20,11
r_00029388,family_001438,u_001438,2026-W25,ТСЧ,983.71,50.02,11
r_00029389,family_001438,u_001438,2026-W25,ТСЧ,693.52,6.59,10
r_00029390,family_001438,u_001438,2026-W26,ТСЧ,713.91,41.40,9
r_00029391,family_001438,u_001438,2026-W26,ТСЧ,757.22,48.13,6
r_00029392,family_001438,u_001438,2026-W27,ТСЧ,769.09,58.41,7
r_00029393,family_001438,u_001438,2026-W27,ТСЧ,830.11,69.21,10
r_00029394,family_001438,u_001438,2026-W27,ТСЧ,965.13,48.10,9
r_00029395,family_001438,u_001438,2026-W28,ТСЧ,392.65,25.52,8
r_00029396,family_001438,u_001438,2026-W28,ТСЧ,831.49,56.72,5
r_00029397,family_001438,u_001438,2026-W29,ТСЧ,860.34,57.40,11
r_00029398,family_001438,u_001438,2026-W29,ТСЧ,990.37,17.97,8
r_00029399,family_001438,u_001438,2026-W30,ТСЧ,1339.98,0.00,5
r_00029400,family_001438,u_001438,2026-W30,ТСЧ,907.62,72.41,11
r_00029401,family_001438,u_001438,2026-W31,ТСЧ,657.86,33.17,7
r_00029402,family_001438,u_001438,2026-W31,ТСЧ,621.85,32.23,10
r_00029403,family_001438,u_001438,2026-W32,ТСЧ,1098.61,90.96,8
r_00029404,family_001438,u_001438,2026-W32,ТСЧ,900.20,46.33,7
r_00029405,family_001438,u_001438,2026-W32,ТСЧ,726.96,51.55,7
r_00029406,family_001438,u_001438,2026-W33,ТСЧ,772.13,30.59,7
r_00029407,family_001438,u_001438,2026-W33,ТСЧ,931.59,65.58,7
r_00029408,family_001438,u_001438,2026-W33,ТСЧ,705.50,50.85,9
r_00029409,family_001438,u_001438,2026-W34,ТСЧ,901.05,70.01,9
r_00029410,family_001438,u_001438,2026-W34,ТСЧ,856.03,44.38,7
r_00029411,family_001438,u_001438,2026-W35,ТСЧ,802.52,57.82,10
r_00029412,family_001438,u_001438,2026-W36,ТСЧ,665.09,26.06,7
r_00029413,family_001438,u_001438,2026-W36,ТСЧ,819.72,0.00,5
r_00029488,family_001445,u_001445,2026-W25,ТСХ,1212.55,36.27,6
r_00029489,family_001445,u_001445,2026-W25,ТСХ,873.55,32.35,8
r_00029490,family_001445,u_001445,2026-W26,ТСХ,1271.99,119.68,6
r_00029491,family_001445,u_001445,2026-W27,ТСХ,1003.68,82.03,11
r_00029492,family_001445,u_001445,2026-W27,ТСХ,855.08,23.69,11
r_00029493,family_001445,u_001445,2026-W28,ТСХ,1264.40,60.29,10
r_00029494,family_001445,u_001445,2026-W29,ТСХ,1062.77,56.56,9
r_00029495,family_001445,u_001445,2026-W29,ТСХ,621.71,62.70,11
r_00029496,family_001445,u_001445,2026-W30,ТСХ,1234.94,60.10,7
r_00029497,family_001445,u_001445,2026-W30,ТСХ,1088.57,29.12,8
r_00029498,family_001445,u_001445,2026-W31,ТСХ,1109.33,27.71,11
r_00029499,family_001445,u_001445,2026-W32,ТСХ,1068.50,71.58,8
r_00029500,family_001445,u_001445,2026-W32,ТСХ,1063.23,99.11,6
r_00029501,family_001445,u_001445,2026-W33,ТСХ,993.91,46.11,10
r_00029502,family_001445,u_001445,2026-W33,ТСХ,976.99,72.10,6
r_00029503,family_001445,u_001445,2026-W34,ТСХ,787.23,54.61,11
r_00029504,family_001445,u_001445,2026-W35,ТСХ,1309.68,146.64,7
r_00029505,family_001445,u_001445,2026-W35,ТСХ,1056.41,66.84,5
r_00029506,family_001445,u_001445,2026-W36,ТСХ,1013.15,118.36,11
r_00029507,family_001445,u_001445,2026-W36,ТСХ,1032.16,76.21,10
r_00029508,family_001446,u_001446,2026-W25,ТСХ,1144.22,52.77,11
r_00029509,family_001446,u_001446,2026-W25,ТСХ,1294.12,0.00,6
r_00029510,family_001446,u_001446,2026-W26,ТСХ,1166.10,87.32,8
r_00029511,family_001446,u_001446,2026-W26,ТСХ,975.96,71.06,7
r_00029512,family_001446,u_001446,2026-W27,ТСХ,999.21,80.60,8
r_00029513,family_001446,u_001446,2026-W27,ТСХ,853.89,40.12,11
r_00029514,family_001446,u_001446,2026-W28,ТСХ,1025.53,55.19,7
r_00029515,family_001446,u_001446,2026-W28,ТСХ,879.62,28.63,10
r_00029516,family_001446,u_001446,2026-W29,ТСХ,761.32,14.47,8
r_00029517,family_001446,u_001446,2026-W30,ТСХ,1003.69,112.43,9
r_00029518,family_001446,u_001446,2026-W30,ТСХ,890.95,34.61,5
r_00029519,family_001446,u_001446,2026-W31,ТСХ,1126.62,64.20,6
r_00029520,family_001446,u_001446,2026-W31,ТСХ,1057.82,79.27,7
r_00029521,family_001446,u_001446,2026-W32,ТСХ,1100.48,67.00,9
r_00029522,family_001446,u_001446,2026-W32,ТСХ,633.81,33.10,9
r_00029523,family_001446,u_001446,2026-W33,ТСХ,767.84,77.62,11
r_00029524,family_001446,u_001446,2026-W33,ТСХ,998.31,33.02,9
r_00029525,family_001446,u_001446,2026-W34,ТСХ,981.89,63.22,10
r_00029526,family_001446,u_001446,2026-W34,ТСХ,994.45,22.90,11
r_00029527,family_001446,u_001446,2026-W35,ТСХ,975.21,114.50,9
r_00029528,family_001446,u_001446,2026-W35,ТСХ,748.34,42.73,7
r_00029529,family_001446,u_001446,2026-W36,ТСХ,1047.54,28.75,11
r_00029536,family_001448,u_001448,2026-W25,ТС5,676.10,50.09,7
r_00029537,family_001448,u_001448,2026-W26,ТС5,579.44,49.53,11
r_00029538,family_001448,u_001448,2026-W27,ТС5,789.90,19.45,7
r_00029539,family_001448,u_001448,2026-W27,ТС5,576.86,27.47,6
r_00029540,family_001448,u_001448,2026-W27,ТС5,671.44,89.71,9
r_00029541,family_001448,u_001448,2026-W28,ТС5,733.29,100.70,5
r_00029542,family_001448,u_001448,2026-W29,ТС5,531.22,20.76,11
r_00029543,family_001448,u_001448,2026-W30,ТС5,732.36,12.91,9
r_00029544,family_001448,u_001448,2026-W30,ТС5,1035.05,61.33,5
r_00029545,family_001448,u_001448,2026-W31,ТС5,629.85,11.59,11
r_00029546,family_001448,u_001448,2026-W32,ТС5,541.09,25.09,8
r_00029547,family_001448,u_001448,2026-W32,ТС5,487.33,45.73,5
r_00029548,family_001448,u_001448,2026-W33,ТС5,565.68,34.09,9
r_00029549,family_001448,u_001448,2026-W33,ТС5,651.11,71.63,5
r_00029550,family_001448,u_001448,2026-W34,ТС5,816.89,51.61,7
r_00029551,family_001448,u_001448,2026-W34,ТС5,570.99,17.43,5
r_00029552,family_001448,u_001448,2026-W35,ТС5,781.96,13.49,10
r_00029553,family_001448,u_001448,2026-W36,ТС5,740.91,77.38,5
r_00029554,family_001448,u_001448,2026-W36,ТС5,736.66,94.46,8
r_00029555,family_001449,u_001449,2026-W25,ТС5,551.03,32.16,11
r_00029556,family_001449,u_001449,2026-W25,ТС5,552.22,35.43,6
r_00029557,family_001449,u_001449,2026-W25,ТС5,689.51,97.11,8
r_00029558,family_001449,u_001449,2026-W26,ТС5,672.47,120.09,5
r_00029559,family_001449,u_001449,2026-W26,ТС5,706.59,105.17,9
r_00029560,family_001449,u_001449,2026-W26,ТС5,690.38,89.55,9
r_00029561,family_001449,u_001449,2026-W27,ТС5,499.76,64.63,8
r_00029562,family_001449,u_001449,2026-W27,ТС5,403.25,88.18,10
r_00029563,family_001449,u_001449,2026-W27,ТС5,677.83,59.31,8
r_00029564,family_001449,u_001449,2026-W28,ТС5,684.57,50.53,9
r_00029565,family_001449,u_001449,2026-W28,ТС5,425.24,87.78,9
r_00029566,family_001449,u_001449,2026-W28,ТС5,319.89,73.02,7
r_00029567,family_001449,u_001449,2026-W29,ТС5,318.43,35.63,11
r_00029568,family_001449,u_001449,2026-W29,ТС5,602.02,70.25,7
r_00029569,family_001449,u_001449,2026-W30,ТС5,812.73,73.65,8
r_00029570,family_001449,u_001449,2026-W30,ТС5,767.55,93.87,5
r_00029571,family_001449,u_001449,2026-W30,ТС5,709.21,27.95,5
r_00029572,family_001449,u_001449,2026-W31,ТС5,660.86,53.58,6
r_00029573,family_001449,u_001449,2026-W31,ТС5,679.10,108.29,7
r_00029574,family_001449,u_001449,2026-W31,ТС5,408.38,34.13,8
r_00029575,family_001449,u_001449,2026-W32,ТС5,554.93,107.67,8
r_00029576,family_001449,u_001449,2026-W32,ТС5,689.97,47.43,10
r_00029577,family_001449,u_001449,2026-W33,ТС5,534.11,155.94,6
r_00029578,family_001449,u_001449,2026-W33,ТС5,481.43,64.03,10
r_00029579,family_001449,u_001449,2026-W33,ТС5,460.23,144.89,6
r_00029580,family_001449,u_001449,2026-W34,ТС5,398.59,122.40,6
r_00029581,family_001449,u_001449,2026-W34,ТС5,503.19,118.98,7
r_00029582,family_001449,u_001449,2026-W34,ТС5,383.04,52.36,5
r_00029583,family_001449,u_001449,2026-W35,ТС5,691.66,90.50,10
r_00029584,family_001449,u_001449,2026-W35,ТС5,476.90,39.62,9
r_00029585,family_001449,u_001449,2026-W35,ТС5,449.54,79.66,11
r_00029586,family_001449,u_001449,2026-W36,ТС5,724.52,110.38,6
r_00029587,family_001449,u_001449,2026-W36,ТС5,539.56,28.93,9
r_00029588,family_001449,u_001449,2026-W36,ТС5,597.95,68.62,6
r_00029745,family_001458,u_001458,2026-W25,ТСЧ,665.66,35.20,11
r_00029746,family_001458,u_001458,2026-W25,ТСЧ,937.50,65.47,11
r_00029747,family_001458,u_001458,2026-W26,ТСЧ,784.21,64.16,11
r_00029748,family_001458,u_001458,2026-W26,ТСЧ,943.54,78.02,5
r_00029749,family_001458,u_001458,2026-W26,ТСЧ,939.07,52.86,5
r_00029750,family_001458,u_001458,2026-W27,ТСЧ,666.01,0.00,10
r_00029751,family_001458,u_001458,2026-W27,ТСЧ,925.05,0.00,9
r_00029752,family_001458,u_001458,2026-W28,ТСЧ,1019.86,46.60,8
r_00029753,family_001458,u_001458,2026-W28,ТСЧ,866.17,17.10,10
r_00029754,family_001458,u_001458,2026-W28,ТСЧ,763.29,0.00,6
r_00029755,family_001458,u_001458,2026-W29,ТСЧ,980.05,161.03,5
r_00029756,family_001458,u_001458,2026-W29,ТСЧ,672.38,82.56,8
r_00029757,family_001458,u_001458,2026-W29,ТСЧ,803.69,58.67,5
r_00029758,family_001458,u_001458,2026-W30,ТСЧ,777.00,46.57,7
r_00029759,family_001458,u_001458,2026-W30,ТСЧ,840.03,43.49,9
r_00029760,family_001458,u_001458,2026-W30,ТСЧ,1107.31,39.83,11
r_00029761,family_001458,u_001458,2026-W30,ТСЧ,960.35,12.19,11
r_00029762,family_001458,u_001458,2026-W31,ТСЧ,947.47,17.41,7
r_00029763,family_001458,u_001458,2026-W31,ТСЧ,818.94,75.73,8
r_00029764,family_001458,u_001458,2026-W32,ТСЧ,693.37,58.25,7
r_00029765,family_001458,u_001458,2026-W32,ТСЧ,722.40,30.30,9
r_00029766,family_001458,u_001458,2026-W32,ТСЧ,838.39,72.10,5
r_00029767,family_001458,u_001458,2026-W33,ТСЧ,611.17,20.81,8
r_00029768,family_001458,u_001458,2026-W33,ТСЧ,1133.55,99.42,8
r_00029769,family_001458,u_001458,2026-W33,ТСЧ,1044.86,31.35,11
r_00029770,family_001458,u_001458,2026-W34,ТСЧ,972.02,47.45,11
r_00029771,family_001458,u_001458,2026-W34,ТСЧ,877.45,23.87,6
r_00029772,family_001458,u_001458,2026-W34,ТСЧ,616.28,0.00,5
r_00029773,family_001458,u_001458,2026-W35,ТСЧ,788.71,36.10,9
r_00029774,family_001458,u_001458,2026-W35,ТСЧ,1002.83,144.08,11
r_00029775,family_001458,u_001458,2026-W35,ТСЧ,725.96,46.38,9
r_00029776,family_001458,u_001458,2026-W36,ТСЧ,874.10,51.82,6
r_00029777,family_001458,u_001458,2026-W36,ТСЧ,746.66,17.86,9
r_00029778,family_001458,u_001458,2026-W36,ТСЧ,888.44,98.94,8
r_00029836,family_001461,u_001461,2026-W25,ТС5,692.19,41.87,10
r_00029837,family_001461,u_001461,2026-W25,ТС5,705.00,8.58,9
r_00029838,family_001461,u_001461,2026-W26,ТС5,561.99,33.67,11
r_00029839,family_001461,u_001461,2026-W27,ТС5,524.84,28.38,7
r_00029840,family_001461,u_001461,2026-W28,ТС5,711.57,26.63,11
r_00029841,family_001461,u_001461,2026-W29,ТС5,684.84,52.58,6
r_00029842,family_001461,u_001461,2026-W29,ТС5,764.13,37.87,6
r_00029843,family_001461,u_001461,2026-W30,ТС5,733.56,0.00,7
r_00029844,family_001461,u_001461,2026-W31,ТС5,587.57,31.95,7
r_00029845,family_001461,u_001461,2026-W32,ТС5,508.55,14.16,7
r_00029846,family_001461,u_001461,2026-W33,ТС5,659.99,0.00,6
r_00029847,family_001461,u_001461,2026-W33,ТС5,440.05,25.53,6
r_00029848,family_001461,u_001461,2026-W34,ТС5,1011.46,36.93,7
r_00029849,family_001461,u_001461,2026-W34,ТС5,570.62,4.22,10
r_00029850,family_001461,u_001461,2026-W35,ТС5,602.50,50.44,5
r_00029851,family_001461,u_001461,2026-W36,ТС5,616.78,93.86,9
r_00029852,family_001461,u_001461,2026-W36,ТС5,834.37,41.39,8
r_00029853,family_001461,u_001461,2026-W36,ТС5,773.84,67.10,6
r_00029923,family_001465,u_001465,2026-W25,ТСЧ,928.24,131.11,9
r_00029924,family_001465,u_001465,2026-W25,ТСЧ,675.34,40.30,11
r_00029925,family_001465,u_001465,2026-W26,ТСЧ,962.59,67.10,10
r_00029926,family_001465,u_001465,2026-W26,ТСЧ,731.58,80.21,5
r_00029927,family_001465,u_001465,2026-W26,ТСЧ,701.39,70.26,8
r_00029928,family_001465,u_001465,2026-W27,ТСЧ,852.93,65.99,6
r_00029929,family_001465,u_001465,2026-W27,ТСЧ,603.29,56.67,11
r_00029930,family_001465,u_001465,2026-W28,ТСЧ,1193.71,23.55,5
r_00029931,family_001465,u_001465,2026-W28,ТСЧ,1285.42,19.61,6
r_00029932,family_001465,u_001465,2026-W29,ТСЧ,744.16,36.68,11
r_00029933,family_001465,u_001465,2026-W29,ТСЧ,774.23,16.14,11
r_00029934,family_001465,u_001465,2026-W30,ТСЧ,837.55,93.71,8
r_00029935,family_001465,u_001465,2026-W30,ТСЧ,796.47,10.83,10
r_00029936,family_001465,u_001465,2026-W30,ТСЧ,755.08,17.36,11
r_00029937,family_001465,u_001465,2026-W31,ТСЧ,757.04,57.13,8
r_00029938,family_001465,u_001465,2026-W31,ТСЧ,976.29,47.31,11
r_00029939,family_001465,u_001465,2026-W31,ТСЧ,746.56,14.99,9
r_00029940,family_001465,u_001465,2026-W32,ТСЧ,953.91,56.65,10
r_00029941,family_001465,u_001465,2026-W32,ТСЧ,833.82,37.43,10
r_00029942,family_001465,u_001465,2026-W33,ТСЧ,571.86,44.66,10
r_00029943,family_001465,u_001465,2026-W33,ТСЧ,1030.91,33.87,10
r_00029944,family_001465,u_001465,2026-W34,ТСЧ,873.88,114.71,10
r_00029945,family_001465,u_001465,2026-W34,ТСЧ,904.65,40.50,7
r_00029946,family_001465,u_001465,2026-W35,ТСЧ,1019.70,107.19,8
r_00029947,family_001465,u_001465,2026-W35,ТСЧ,1066.58,30.42,11
r_00029948,family_001465,u_001465,2026-W36,ТСЧ,699.94,99.41,5
r_00029949,family_001465,u_001465,2026-W36,ТСЧ,902.23,63.74,11
r_00030028,family_001471,u_001471,2026-W25,ТС5,656.67,29.46,7
r_00030029,family_001471,u_001471,2026-W25,ТС5,507.41,15.48,5
r_00030030,family_001471,u_001471,2026-W26,ТС5,550.03,13.13,9
r_00030031,family_001471,u_001471,2026-W26,ТС5,710.81,51.08,5
r_00030032,family_001471,u_001471,2026-W27,ТС5,405.17,13.74,6
r_00030033,family_001471,u_001471,2026-W27,ТС5,797.60,27.38,6
r_00030034,family_001471,u_001471,2026-W28,ТС5,658.26,36.79,7
r_00030035,family_001471,u_001471,2026-W28,ТС5,582.79,72.56,10
r_00030036,family_001471,u_001471,2026-W29,ТС5,714.55,7.77,10
r_00030037,family_001471,u_001471,2026-W29,ТС5,611.52,49.13,11
r_00030038,family_001471,u_001471,2026-W30,ТС5,591.64,31.66,7
r_00030039,family_001471,u_001471,2026-W30,ТС5,696.03,50.94,10
r_00030040,family_001471,u_001471,2026-W31,ТС5,388.13,39.14,8
r_00030041,family_001471,u_001471,2026-W31,ТС5,628.88,12.97,7
r_00030042,family_001471,u_001471,2026-W32,ТС5,507.64,11.91,11
r_00030043,family_001471,u_001471,2026-W32,ТС5,1009.30,24.69,5
r_00030044,family_001471,u_001471,2026-W33,ТС5,658.00,30.20,8
r_00030045,family_001471,u_001471,2026-W33,ТС5,481.02,66.24,6
r_00030046,family_001471,u_001471,2026-W34,ТС5,517.23,12.85,11
r_00030047,family_001471,u_001471,2026-W34,ТС5,756.93,76.20,9
r_00030048,family_001471,u_001471,2026-W35,ТС5,776.09,56.87,6
r_00030049,family_001471,u_001471,2026-W36,ТС5,652.41,46.34,9
r_00030050,family_001471,u_001471,2026-W36,ТС5,770.30,108.54,5
r_00030075,family_001473,u_001473,2026-W25,ТС5,517.19,0.00,5
r_00030076,family_001473,u_001473,2026-W25,ТС5,402.54,60.48,6
r_00030077,family_001473,u_001473,2026-W26,ТС5,501.76,14.41,6
r_00030078,family_001473,u_001473,2026-W26,ТС5,799.58,46.39,11
r_00030079,family_001473,u_001473,2026-W27,ТС5,777.32,31.09,10
r_00030080,family_001473,u_001473,2026-W27,ТС5,724.89,61.73,6
r_00030081,family_001473,u_001473,2026-W28,ТС5,530.44,58.20,6
r_00030082,family_001473,u_001473,2026-W28,ТС5,659.03,30.18,6
r_00030083,family_001473,u_001473,2026-W29,ТС5,608.12,24.16,8
r_00030084,family_001473,u_001473,2026-W29,ТС5,695.56,57.49,5
r_00030085,family_001473,u_001473,2026-W30,ТС5,704.64,12.38,7
r_00030086,family_001473,u_001473,2026-W30,ТС5,601.68,33.00,9
r_00030087,family_001473,u_001473,2026-W31,ТС5,719.79,37.72,11
r_00030088,family_001473,u_001473,2026-W31,ТС5,708.27,17.04,9
r_00030089,family_001473,u_001473,2026-W32,ТС5,587.94,66.34,9
r_00030090,family_001473,u_001473,2026-W32,ТС5,623.88,45.16,11
r_00030091,family_001473,u_001473,2026-W33,ТС5,834.20,11.67,8
r_00030092,family_001473,u_001473,2026-W33,ТС5,373.67,6.78,8
r_00030093,family_001473,u_001473,2026-W34,ТС5,778.83,38.43,9
r_00030094,family_001473,u_001473,2026-W34,ТС5,642.91,34.00,9
r_00030095,family_001473,u_001473,2026-W35,ТС5,669.60,22.73,5
r_00030096,family_001473,u_001473,2026-W35,ТС5,561.83,7.03,7
r_00030097,family_001473,u_001473,2026-W36,ТС5,646.68,45.53,11
r_00030098,family_001473,u_001473,2026-W36,ТС5,659.78,16.97,11
r_00030113,family_001475,u_001475,2026-W25,ТС5,695.05,95.56,8
r_00030114,family_001475,u_001475,2026-W25,ТС5,908.27,51.19,7
r_00030115,family_001475,u_001475,2026-W26,ТС5,743.13,132.31,5
r_00030116,family_001475,u_001475,2026-W26,ТС5,630.31,74.12,5
r_00030117,family_001475,u_001475,2026-W26,ТС5,296.58,49.21,8
r_00030118,family_001475,u_001475,2026-W27,ТС5,757.35,100.59,8
r_00030119,family_001475,u_001475,2026-W27,ТС5,405.76,145.29,7
r_00030120,family_001475,u_001475,2026-W27,ТС5,468.68,50.81,9
r_00030121,family_001475,u_001475,2026-W28,ТС5,551.90,36.17,5
r_00030122,family_001475,u_001475,2026-W28,ТС5,816.51,33.67,9
r_00030123,family_001475,u_001475,2026-W29,ТС5,495.18,75.63,6
r_00030124,family_001475,u_001475,2026-W29,ТС5,653.24,9.14,7
r_00030125,family_001475,u_001475,2026-W29,ТС5,611.54,53.36,6
r_00030126,family_001475,u_001475,2026-W30,ТС5,914.47,51.74,9
r_00030127,family_001475,u_001475,2026-W30,ТС5,587.63,88.61,11
r_00030128,family_001475,u_001475,2026-W30,ТС5,448.28,85.47,6
r_00030129,family_001475,u_001475,2026-W31,ТС5,659.68,34.39,9
r_00030130,family_001475,u_001475,2026-W31,ТС5,695.34,79.46,10
r_00030131,family_001475,u_001475,2026-W31,ТС5,454.30,78.63,5
r_00030132,family_001475,u_001475,2026-W32,ТС5,423.82,23.58,6
r_00030133,family_001475,u_001475,2026-W32,ТС5,609.71,69.49,9
r_00030134,family_001475,u_001475,2026-W33,ТС5,647.84,100.86,9
r_00030135,family_001475,u_001475,2026-W33,ТС5,469.13,79.59,6
r_00030136,family_001475,u_001475,2026-W34,ТС5,672.92,43.81,8
r_00030137,family_001475,u_001475,2026-W34,ТС5,717.08,138.53,10
r_00030138,family_001475,u_001475,2026-W34,ТС5,611.37,81.94,9
r_00030139,family_001475,u_001475,2026-W35,ТС5,630.31,123.58,5
r_00030140,family_001475,u_001475,2026-W35,ТС5,549.07,4.21,11
r_00030141,family_001475,u_001475,2026-W35,ТС5,570.92,60.95,9
r_00030142,family_001475,u_001475,2026-W36,ТС5,837.92,96.69,11
r_00030143,family_001475,u_001475,2026-W36,ТС5,578.98,104.39,5
r_00030144,family_001476,u_001476,2026-W25,ТСЧ,582.00,67.00,11
r_00030145,family_001476,u_001476,2026-W25,ТСЧ,785.74,69.48,8
r_00030146,family_001476,u_001476,2026-W25,ТСЧ,939.61,60.46,7
r_00030147,family_001476,u_001476,2026-W26,ТСЧ,741.18,48.90,7
r_00030148,family_001476,u_001476,2026-W26,ТСЧ,588.72,47.15,10
r_00030149,family_001476,u_001476,2026-W27,ТСЧ,748.65,40.40,7
r_00030150,family_001476,u_001476,2026-W27,ТСЧ,831.44,49.03,5
r_00030151,family_001476,u_001476,2026-W27,ТСЧ,662.74,33.23,8
r_00030152,family_001476,u_001476,2026-W28,ТСЧ,764.31,119.44,6
r_00030153,family_001476,u_001476,2026-W28,ТСЧ,774.58,44.74,10
r_00030154,family_001476,u_001476,2026-W29,ТСЧ,680.78,136.31,8
r_00030155,family_001476,u_001476,2026-W29,ТСЧ,681.49,77.02,7
r_00030156,family_001476,u_001476,2026-W29,ТСЧ,701.81,149.18,11
r_00030157,family_001476,u_001476,2026-W30,ТСЧ,316.38,9.68,5
r_00030158,family_001476,u_001476,2026-W30,ТСЧ,627.02,81.66,11
r_00030159,family_001476,u_001476,2026-W31,ТСЧ,567.72,49.73,10
r_00030160,family_001476,u_001476,2026-W31,ТСЧ,946.10,89.74,10
r_00030161,family_001476,u_001476,2026-W31,ТСЧ,842.05,104.93,5
r_00030162,family_001476,u_001476,2026-W32,ТСЧ,555.61,46.28,11
r_00030163,family_001476,u_001476,2026-W32,ТСЧ,1049.82,73.61,11
r_00030164,family_001476,u_001476,2026-W32,ТСЧ,829.84,71.91,6
r_00030165,family_001476,u_001476,2026-W33,ТСЧ,778.39,57.16,7
r_00030166,family_001476,u_001476,2026-W33,ТСЧ,668.60,168.35,11
r_00030167,family_001476,u_001476,2026-W34,ТСЧ,1097.73,124.92,9
r_00030168,family_001476,u_001476,2026-W34,ТСЧ,695.78,87.22,11
r_00030169,family_001476,u_001476,2026-W34,ТСЧ,833.42,161.55,11
r_00030170,family_001476,u_001476,2026-W35,ТСЧ,951.83,61.97,7
r_00030171,family_001476,u_001476,2026-W35,ТСЧ,661.53,66.08,8
r_00030172,family_001476,u_001476,2026-W35,ТСЧ,717.37,74.12,6
r_00030173,family_001476,u_001476,2026-W36,ТСЧ,785.03,118.76,9
r_00030174,family_001476,u_001476,2026-W36,ТСЧ,617.75,46.51,10
r_00030175,family_001477,u_001477,2026-W25,ТС5,530.53,14.58,5
r_00030176,family_001477,u_001477,2026-W25,ТС5,685.53,19.02,11
r_00030177,family_001477,u_001477,2026-W26,ТС5,665.12,0.00,5
r_00030178,family_001477,u_001477,2026-W27,ТС5,496.70,24.61,9
r_00030179,family_001477,u_001477,2026-W27,ТС5,684.89,59.73,8
r_00030180,family_001477,u_001477,2026-W28,ТС5,688.88,74.24,11
r_00030181,family_001477,u_001477,2026-W28,ТС5,608.98,62.81,8
r_00030182,family_001477,u_001477,2026-W29,ТС5,547.21,23.86,10
r_00030183,family_001477,u_001477,2026-W29,ТС5,806.62,72.93,6
r_00030184,family_001477,u_001477,2026-W30,ТС5,708.84,29.53,5
r_00030185,family_001477,u_001477,2026-W30,ТС5,616.08,80.82,11
r_00030186,family_001477,u_001477,2026-W31,ТС5,753.85,66.70,9
r_00030187,family_001477,u_001477,2026-W32,ТС5,878.38,38.04,10
r_00030188,family_001477,u_001477,2026-W32,ТС5,707.57,29.17,7
r_00030189,family_001477,u_001477,2026-W33,ТС5,706.16,33.70,8
r_00030190,family_001477,u_001477,2026-W34,ТС5,521.49,45.39,5
r_00030191,family_001477,u_001477,2026-W34,ТС5,639.15,73.72,10
r_00030192,family_001477,u_001477,2026-W35,ТС5,731.75,74.81,11
r_00030193,family_001477,u_001477,2026-W35,ТС5,536.32,38.24,6
r_00030194,family_001477,u_001477,2026-W36,ТС5,734.45,42.85,9
r_00030356,family_001487,u_001487,2026-W25,ТС5,819.17,61.45,6
r_00030357,family_001487,u_001487,2026-W25,ТС5,588.85,0.00,7
r_00030358,family_001487,u_001487,2026-W25,ТС5,443.26,11.25,7
r_00030359,family_001487,u_001487,2026-W26,ТС5,751.58,61.64,10
r_00030360,family_001487,u_001487,2026-W26,ТС5,836.51,121.18,6
r_00030361,family_001487,u_001487,2026-W26,ТС5,615.30,33.69,5
r_00030362,family_001487,u_001487,2026-W27,ТС5,470.82,15.07,10
r_00030363,family_001487,u_001487,2026-W27,ТС5,620.79,27.36,10
r_00030364,family_001487,u_001487,2026-W27,ТС5,817.80,60.77,11
r_00030365,family_001487,u_001487,2026-W28,ТС5,677.53,64.76,7
r_00030366,family_001487,u_001487,2026-W28,ТС5,433.39,37.69,10
r_00030367,family_001487,u_001487,2026-W28,ТС5,708.13,56.60,5
r_00030368,family_001487,u_001487,2026-W29,ТС5,714.65,26.55,9
r_00030369,family_001487,u_001487,2026-W29,ТС5,924.94,16.83,10
r_00030370,family_001487,u_001487,2026-W29,ТС5,561.23,63.10,7
r_00030371,family_001487,u_001487,2026-W30,ТС5,764.83,9.08,6
r_00030372,family_001487,u_001487,2026-W30,ТС5,515.17,14.15,6
r_00030373,family_001487,u_001487,2026-W31,ТС5,749.93,38.50,5
r_00030374,family_001487,u_001487,2026-W31,ТС5,706.39,40.04,8
r_00030375,family_001487,u_001487,2026-W31,ТС5,521.64,43.14,10
r_00030376,family_001487,u_001487,2026-W32,ТС5,617.16,7.20,9
r_00030377,family_001487,u_001487,2026-W32,ТС5,703.44,19.91,10
r_00030378,family_001487,u_001487,2026-W32,ТС5,661.94,29.66,7
r_00030379,family_001487,u_001487,2026-W33,ТС5,465.53,41.93,8
r_00030380,family_001487,u_001487,2026-W33,ТС5,610.96,25.45,10
r_00030381,family_001487,u_001487,2026-W33,ТС5,648.29,47.16,6
r_00030382,family_001487,u_001487,2026-W34,ТС5,707.24,33.87,9
r_00030383,family_001487,u_001487,2026-W34,ТС5,790.09,28.13,9
r_00030384,family_001487,u_001487,2026-W34,ТС5,492.16,65.69,8
r_00030385,family_001487,u_001487,2026-W35,ТС5,703.17,10.46,8
r_00030386,family_001487,u_001487,2026-W35,ТС5,700.80,22.57,5
r_00030387,family_001487,u_001487,2026-W36,ТС5,641.27,19.45,6
r_00030388,family_001487,u_001487,2026-W36,ТС5,637.18,33.01,8
r_00030389,family_001487,u_001487,2026-W36,ТС5,703.08,14.66,5
r_00030422,family_001490,u_001490,2026-W25,ТСЧ,609.43,57.02,8
r_00030423,family_001490,u_001490,2026-W25,ТСЧ,817.96,83.61,5
r_00030424,family_001490,u_001490,2026-W26,ТСЧ,1058.43,0.00,5
r_00030425,family_001490,u_001490,2026-W26,ТСЧ,776.72,89.46,7
r_00030426,family_001490,u_001490,2026-W27,ТСЧ,900.08,95.32,11
r_00030427,family_001490,u_001490,2026-W27,ТСЧ,545.07,26.56,10
r_00030428,family_001490,u_001490,2026-W28,ТСЧ,874.34,31.52,7
r_00030429,family_001490,u_001490,2026-W28,ТСЧ,843.08,20.95,8
r_00030430,family_001490,u_001490,2026-W28,ТСЧ,1106.73,83.47,10
r_00030431,family_001490,u_001490,2026-W29,ТСЧ,1001.72,36.32,8
r_00030432,family_001490,u_001490,2026-W29,ТСЧ,980.30,36.08,6
r_00030433,family_001490,u_001490,2026-W30,ТСЧ,829.16,68.48,7
r_00030434,family_001490,u_001490,2026-W30,ТСЧ,775.89,62.85,5
r_00030435,family_001490,u_001490,2026-W31,ТСЧ,436.74,49.48,8
r_00030436,family_001490,u_001490,2026-W31,ТСЧ,913.01,56.45,6
r_00030437,family_001490,u_001490,2026-W31,ТСЧ,608.29,91.29,5
r_00030438,family_001490,u_001490,2026-W32,ТСЧ,648.83,80.31,11
r_00030439,family_001490,u_001490,2026-W32,ТСЧ,980.44,20.63,7
r_00030440,family_001490,u_001490,2026-W33,ТСЧ,950.17,33.57,11
r_00030441,family_001490,u_001490,2026-W33,ТСЧ,922.33,93.21,11
r_00030442,family_001490,u_001490,2026-W34,ТСЧ,771.79,28.55,7
r_00030443,family_001490,u_001490,2026-W34,ТСЧ,939.47,15.28,11
r_00030444,family_001490,u_001490,2026-W35,ТСЧ,627.38,51.60,7
r_00030445,family_001490,u_001490,2026-W35,ТСЧ,779.07,44.88,9
r_00030446,family_001490,u_001490,2026-W35,ТСЧ,770.81,18.77,10
r_00030447,family_001490,u_001490,2026-W36,ТСЧ,823.25,17.65,5
r_00030448,family_001490,u_001490,2026-W36,ТСЧ,810.35,74.69,11
r_00030449,family_001491,u_001491,2026-W25,ТС5,547.41,62.15,7
r_00030450,family_001491,u_001491,2026-W25,ТС5,604.61,117.31,6
r_00030451,family_001491,u_001491,2026-W26,ТС5,457.97,56.24,5
r_00030452,family_001491,u_001491,2026-W26,ТС5,584.71,55.69,11
r_00030453,family_001491,u_001491,2026-W27,ТС5,898.72,54.39,10
r_00030454,family_001491,u_001491,2026-W27,ТС5,575.36,73.82,8
r_00030455,family_001491,u_001491,2026-W28,ТС5,711.72,36.46,9
r_00030456,family_001491,u_001491,2026-W28,ТС5,727.55,82.71,6
r_00030457,family_001491,u_001491,2026-W29,ТС5,526.92,71.49,11
r_00030458,family_001491,u_001491,2026-W29,ТС5,808.35,119.55,10
r_00030459,family_001491,u_001491,2026-W30,ТС5,709.42,48.07,8
r_00030460,family_001491,u_001491,2026-W30,ТС5,551.31,62.20,9
r_00030461,family_001491,u_001491,2026-W31,ТС5,481.57,131.15,10
r_00030462,family_001491,u_001491,2026-W31,ТС5,413.96,117.71,5
r_00030463,family_001491,u_001491,2026-W32,ТС5,414.23,54.48,7
r_00030464,family_001491,u_001491,2026-W32,ТС5,646.76,111.04,7
r_00030465,family_001491,u_001491,2026-W33,ТС5,357.90,59.00,11
r_00030466,family_001491,u_001491,2026-W33,ТС5,771.55,48.52,7
r_00030467,family_001491,u_001491,2026-W34,ТС5,702.49,90.40,8
r_00030468,family_001491,u_001491,2026-W34,ТС5,561.22,82.10,6
r_00030469,family_001491,u_001491,2026-W35,ТС5,522.78,41.32,7
r_00030470,family_001491,u_001491,2026-W35,ТС5,380.59,104.56,7
r_00030471,family_001491,u_001491,2026-W35,ТС5,502.05,41.90,8
r_00030472,family_001491,u_001491,2026-W36,ТС5,552.41,28.06,8
r_00030473,family_001491,u_001491,2026-W36,ТС5,651.60,57.83,9
r_00030474,family_001492,u_001492,2026-W25,ТС5,666.09,23.84,9
r_00030475,family_001492,u_001492,2026-W25,ТС5,679.23,15.22,11
r_00030476,family_001492,u_001492,2026-W26,ТС5,717.08,75.67,10
r_00030477,family_001492,u_001492,2026-W26,ТС5,546.69,18.09,9
r_00030478,family_001492,u_001492,2026-W27,ТС5,857.50,37.54,9
r_00030479,family_001492,u_001492,2026-W27,ТС5,774.22,69.54,7
r_00030480,family_001492,u_001492,2026-W28,ТС5,564.77,22.87,5
r_00030481,family_001492,u_001492,2026-W29,ТС5,784.46,23.36,10
r_00030482,family_001492,u_001492,2026-W29,ТС5,693.24,0.00,10
r_00030483,family_001492,u_001492,2026-W29,ТС5,618.85,29.59,8
r_00030484,family_001492,u_001492,2026-W30,ТС5,600.94,53.45,11
r_00030485,family_001492,u_001492,2026-W30,ТС5,757.11,14.83,9
r_00030486,family_001492,u_001492,2026-W30,ТС5,518.93,0.00,6
r_00030487,family_001492,u_001492,2026-W31,ТС5,686.74,29.39,5
r_00030488,family_001492,u_001492,2026-W31,ТС5,624.30,56.90,7
r_00030489,family_001492,u_001492,2026-W31,ТС5,875.44,9.43,8
r_00030490,family_001492,u_001492,2026-W32,ТС5,353.06,63.24,6
r_00030491,family_001492,u_001492,2026-W32,ТС5,394.20,25.91,6
r_00030492,family_001492,u_001492,2026-W32,ТС5,728.07,108.82,7
r_00030493,family_001492,u_001492,2026-W33,ТС5,730.95,10.63,6
r_00030494,family_001492,u_001492,2026-W33,ТС5,566.53,24.64,6
r_00030495,family_001492,u_001492,2026-W34,ТС5,625.88,39.79,11
r_00030496,family_001492,u_001492,2026-W34,ТС5,560.04,79.47,7
r_00030497,family_001492,u_001492,2026-W34,ТС5,728.84,32.18,11
r_00030498,family_001492,u_001492,2026-W35,ТС5,542.81,20.40,9
r_00030499,family_001492,u_001492,2026-W35,ТС5,579.64,32.24,10
r_00030500,family_001492,u_001492,2026-W36,ТС5,696.85,11.02,11
r_00030501,family_001492,u_001492,2026-W36,ТС5,481.54,39.57,8
r_00030502,family_001493,u_001493,2026-W25,ТС5,625.79,43.82,11
r_00030503,family_001493,u_001493,2026-W25,ТС5,434.58,41.65,5
r_00030504,family_001493,u_001493,2026-W25,ТС5,654.91,16.65,5
r_00030505,family_001493,u_001493,2026-W26,ТС5,526.14,34.34,7
r_00030506,family_001493,u_001493,2026-W26,ТС5,666.41,29.37,6
r_00030507,family_001493,u_001493,2026-W26,ТС5,706.89,0.00,5
r_00030508,family_001493,u_001493,2026-W27,ТС5,752.99,24.30,9
r_00030509,family_001493,u_001493,2026-W27,ТС5,546.90,22.80,9
r_00030510,family_001493,u_001493,2026-W28,ТС5,476.84,25.93,7
r_00030511,family_001493,u_001493,2026-W28,ТС5,412.48,17.32,6
r_00030512,family_001493,u_001493,2026-W29,ТС5,725.18,31.33,9
r_00030513,family_001493,u_001493,2026-W29,ТС5,567.81,39.13,11
r_00030514,family_001493,u_001493,2026-W30,ТС5,753.76,33.63,9
r_00030515,family_001493,u_001493,2026-W30,ТС5,570.00,45.32,11
r_00030516,family_001493,u_001493,2026-W31,ТС5,476.25,14.71,6
r_00030517,family_001493,u_001493,2026-W31,ТС5,649.98,23.79,11
r_00030518,family_001493,u_001493,2026-W32,ТС5,680.27,60.28,6
r_00030519,family_001493,u_001493,2026-W32,ТС5,615.24,68.51,8
r_00030520,family_001493,u_001493,2026-W33,ТС5,660.74,17.67,5
r_00030521,family_001493,u_001493,2026-W33,ТС5,660.82,27.07,8
r_00030522,family_001493,u_001493,2026-W34,ТС5,567.39,57.88,6
r_00030523,family_001493,u_001493,2026-W34,ТС5,640.35,0.00,7
r_00030524,family_001493,u_001493,2026-W35,ТС5,833.01,61.70,10
r_00030525,family_001493,u_001493,2026-W35,ТС5,637.96,0.00,5
r_00030526,family_001493,u_001493,2026-W36,ТС5,397.26,15.89,8
r_00030527,family_001493,u_001493,2026-W36,ТС5,765.39,38.08,7
r_00030528,family_001493,u_001493,2026-W36,ТС5,622.36,24.81,8
r_00030529,family_001493,u_001493,2026-W36,ТС5,747.49,0.00,6
r_00030558,family_001495,u_001495,2026-W25,ТС5,618.97,84.13,7
r_00030559,family_001495,u_001495,2026-W25,ТС5,862.57,106.23,9
r_00030560,family_001495,u_001495,2026-W25,ТС5,556.39,51.34,8
r_00030561,family_001495,u_001495,2026-W26,ТС5,468.93,82.74,6
r_00030562,family_001495,u_001495,2026-W26,ТС5,629.58,18.12,7
r_00030563,family_001495,u_001495,2026-W26,ТС5,628.79,99.85,10
r_00030564,family_001495,u_001495,2026-W27,ТС5,726.19,86.46,5
r_00030565,family_001495,u_001495,2026-W27,ТС5,482.53,47.72,9
r_00030566,family_001495,u_001495,2026-W27,ТС5,532.47,73.01,5
r_00030567,family_001495,u_001495,2026-W28,ТС5,507.17,24.70,6
r_00030568,family_001495,u_001495,2026-W28,ТС5,577.13,97.93,8
r_00030569,family_001495,u_001495,2026-W28,ТС5,555.93,106.00,10
r_00030570,family_001495,u_001495,2026-W29,ТС5,769.51,94.29,9
r_00030571,family_001495,u_001495,2026-W29,ТС5,541.93,134.85,11
r_00030572,family_001495,u_001495,2026-W29,ТС5,430.20,68.73,10
r_00030573,family_001495,u_001495,2026-W30,ТС5,559.98,122.94,9
r_00030574,family_001495,u_001495,2026-W30,ТС5,659.95,72.51,9
r_00030575,family_001495,u_001495,2026-W30,ТС5,628.99,48.89,5
r_00030576,family_001495,u_001495,2026-W31,ТС5,611.70,97.71,5
r_00030577,family_001495,u_001495,2026-W31,ТС5,983.36,113.41,11
r_00030578,family_001495,u_001495,2026-W31,ТС5,593.82,90.66,11
r_00030579,family_001495,u_001495,2026-W32,ТС5,609.31,117.01,9
r_00030580,family_001495,u_001495,2026-W32,ТС5,574.64,63.89,10
r_00030581,family_001495,u_001495,2026-W32,ТС5,567.13,64.03,11
r_00030582,family_001495,u_001495,2026-W33,ТС5,586.77,33.50,6
r_00030583,family_001495,u_001495,2026-W33,ТС5,465.06,67.11,6
r_00030584,family_001495,u_001495,2026-W33,ТС5,562.15,78.46,7
r_00030585,family_001495,u_001495,2026-W34,ТС5,607.33,43.30,8
r_00030586,family_001495,u_001495,2026-W34,ТС5,615.94,72.45,7
r_00030587,family_001495,u_001495,2026-W34,ТС5,533.24,94.07,9
r_00030588,family_001495,u_001495,2026-W35,ТС5,573.02,38.87,5
r_00030589,family_001495,u_001495,2026-W35,ТС5,746.20,116.53,8
r_00030590,family_001495,u_001495,2026-W35,ТС5,603.04,44.67,6
r_00030591,family_001495,u_001495,2026-W36,ТС5,538.62,130.62,9
r_00030592,family_001495,u_001495,2026-W36,ТС5,759.47,121.43,8
r_00030593,family_001496,u_001496,2026-W25,ТСХ,1105.81,22.13,11
r_00030594,family_001496,u_001496,2026-W25,ТСХ,971.21,37.09,11
r_00030595,family_001496,u_001496,2026-W25,ТСХ,1047.48,7.92,10
r_00030596,family_001496,u_001496,2026-W26,ТСХ,974.84,30.12,11
r_00030597,family_001496,u_001496,2026-W26,ТСХ,962.51,40.99,7
r_00030598,family_001496,u_001496,2026-W27,ТСХ,694.27,0.00,9
r_00030599,family_001496,u_001496,2026-W27,ТСХ,1094.03,66.73,6
r_00030600,family_001496,u_001496,2026-W28,ТСХ,1098.61,106.55,9
r_00030601,family_001496,u_001496,2026-W28,ТСХ,926.47,58.69,8
r_00030602,family_001496,u_001496,2026-W28,ТСХ,805.06,46.11,11
r_00030603,family_001496,u_001496,2026-W29,ТСХ,925.69,0.00,6
r_00030604,family_001496,u_001496,2026-W29,ТСХ,1249.58,72.14,8
r_00030605,family_001496,u_001496,2026-W30,ТСХ,1203.09,95.14,9
r_00030606,family_001496,u_001496,2026-W30,ТСХ,1054.41,43.38,10
r_00030607,family_001496,u_001496,2026-W31,ТСХ,1069.45,82.30,7
r_00030608,family_001496,u_001496,2026-W31,ТСХ,942.53,0.00,5
r_00030609,family_001496,u_001496,2026-W32,ТСХ,808.87,155.97,5
r_00030610,family_001496,u_001496,2026-W32,ТСХ,960.00,88.76,9
r_00030611,family_001496,u_001496,2026-W32,ТСХ,843.70,47.00,8
r_00030612,family_001496,u_001496,2026-W33,ТСХ,1218.00,68.66,7
r_00030613,family_001496,u_001496,2026-W33,ТСХ,927.53,113.44,10
r_00030614,family_001496,u_001496,2026-W33,ТСХ,1182.68,139.86,9
r_00030615,family_001496,u_001496,2026-W33,ТСХ,843.79,37.60,7
r_00030616,family_001496,u_001496,2026-W34,ТСХ,1180.37,0.00,6
r_00030617,family_001496,u_001496,2026-W34,ТСХ,937.64,31.46,10
r_00030618,family_001496,u_001496,2026-W34,ТСХ,655.83,8.48,5
r_00030619,family_001496,u_001496,2026-W35,ТСХ,922.79,71.16,11
r_00030620,family_001496,u_001496,2026-W35,ТСХ,1162.72,69.70,9
r_00030621,family_001496,u_001496,2026-W36,ТСХ,1301.94,134.85,6
r_00030622,family_001496,u_001496,2026-W36,ТСХ,1193.21,40.72,6
r_00030623,family_001496,u_001496,2026-W36,ТСХ,1329.11,180.19,6
r_00030624,family_001497,u_001497,2026-W25,ТС5,659.56,31.48,10
r_00030625,family_001497,u_001497,2026-W25,ТС5,512.43,52.65,9
r_00030626,family_001497,u_001497,2026-W26,ТС5,838.79,112.19,10
r_00030627,family_001497,u_001497,2026-W26,ТС5,640.80,28.51,10
r_00030628,family_001497,u_001497,2026-W27,ТС5,576.69,38.61,11
r_00030629,family_001497,u_001497,2026-W27,ТС5,592.42,50.70,6
r_00030630,family_001497,u_001497,2026-W28,ТС5,671.19,33.76,11
r_00030631,family_001497,u_001497,2026-W28,ТС5,620.20,63.99,7
r_00030632,family_001497,u_001497,2026-W28,ТС5,766.24,9.43,8
r_00030633,family_001497,u_001497,2026-W29,ТС5,769.06,0.00,7
r_00030634,family_001497,u_001497,2026-W30,ТС5,702.55,46.34,7
r_00030635,family_001497,u_001497,2026-W31,ТС5,798.72,44.07,6
r_00030636,family_001497,u_001497,2026-W31,ТС5,809.09,0.00,7
r_00030637,family_001497,u_001497,2026-W32,ТС5,588.49,38.88,11
r_00030638,family_001497,u_001497,2026-W32,ТС5,525.55,54.58,11
r_00030639,family_001497,u_001497,2026-W33,ТС5,663.03,28.99,11
r_00030640,family_001497,u_001497,2026-W34,ТС5,625.31,10.43,9
r_00030641,family_001497,u_001497,2026-W34,ТС5,573.65,81.32,11
r_00030642,family_001497,u_001497,2026-W35,ТС5,454.97,67.17,9
r_00030643,family_001497,u_001497,2026-W35,ТС5,599.23,32.18,7
r_00030644,family_001497,u_001497,2026-W35,ТС5,634.86,44.10,5
r_00030645,family_001497,u_001497,2026-W36,ТС5,497.85,10.44,8
r_00030646,family_001497,u_001497,2026-W36,ТС5,692.75,21.61,8
r_00030647,family_001498,u_001498,2026-W25,ТС5,471.73,15.74,9
r_00030648,family_001498,u_001498,2026-W25,ТС5,655.62,96.73,9
r_00030649,family_001498,u_001498,2026-W25,ТС5,541.48,42.05,10
r_00030650,family_001498,u_001498,2026-W26,ТС5,548.60,39.66,7
r_00030651,family_001498,u_001498,2026-W26,ТС5,503.54,47.24,10
r_00030652,family_001498,u_001498,2026-W26,ТС5,756.03,32.21,10
r_00030653,family_001498,u_001498,2026-W27,ТС5,667.07,60.43,9
r_00030654,family_001498,u_001498,2026-W27,ТС5,707.67,51.07,5
r_00030655,family_001498,u_001498,2026-W27,ТС5,604.40,18.42,10
r_00030656,family_001498,u_001498,2026-W28,ТС5,754.01,0.00,9
r_00030657,family_001498,u_001498,2026-W28,ТС5,624.17,28.63,9
r_00030658,family_001498,u_001498,2026-W28,ТС5,783.17,28.74,8
r_00030659,family_001498,u_001498,2026-W29,ТС5,731.64,67.54,9
r_00030660,family_001498,u_001498,2026-W29,ТС5,522.45,12.12,6
r_00030661,family_001498,u_001498,2026-W29,ТС5,604.28,7.04,9
r_00030662,family_001498,u_001498,2026-W30,ТС5,638.90,44.57,11
r_00030663,family_001498,u_001498,2026-W30,ТС5,634.33,40.98,10
r_00030664,family_001498,u_001498,2026-W31,ТС5,540.40,18.29,5
r_00030665,family_001498,u_001498,2026-W31,ТС5,773.26,0.00,7
r_00030666,family_001498,u_001498,2026-W31,ТС5,780.21,22.57,10
r_00030667,family_001498,u_001498,2026-W32,ТС5,506.25,38.91,10
r_00030668,family_001498,u_001498,2026-W32,ТС5,626.04,52.34,10
r_00030669,family_001498,u_001498,2026-W32,ТС5,752.33,36.50,9
r_00030670,family_001498,u_001498,2026-W33,ТС5,671.32,15.14,9
r_00030671,family_001498,u_001498,2026-W33,ТС5,648.22,129.12,5
r_00030672,family_001498,u_001498,2026-W33,ТС5,754.08,40.23,5
r_00030673,family_001498,u_001498,2026-W34,ТС5,755.69,30.29,5
r_00030674,family_001498,u_001498,2026-W34,ТС5,653.96,64.60,5
r_00030675,family_001498,u_001498,2026-W34,ТС5,611.72,4.48,9
r_00030676,family_001498,u_001498,2026-W35,ТС5,635.06,43.64,7
r_00030677,family_001498,u_001498,2026-W35,ТС5,645.99,43.76,7
r_00030678,family_001498,u_001498,2026-W35,ТС5,503.63,11.97,6
r_00030679,family_001498,u_001498,2026-W36,ТС5,648.43,66.34,10
r_00030680,family_001498,u_001498,2026-W36,ТС5,682.04,57.52,10
r_00030681,family_001498,u_001498,2026-W36,ТС5,674.50,8.49,8
r_00030719,family_001500,u_001500,2026-W25,ТС5,717.12,37.21,9
r_00030720,family_001500,u_001500,2026-W25,ТС5,862.38,45.01,11
r_00030721,family_001500,u_001500,2026-W26,ТС5,661.96,44.43,11
r_00030722,family_001500,u_001500,2026-W26,ТС5,661.62,8.51,7
r_00030723,family_001500,u_001500,2026-W26,ТС5,783.27,56.66,11
r_00030724,family_001500,u_001500,2026-W27,ТС5,722.95,0.00,5
r_00030725,family_001500,u_001500,2026-W27,ТС5,774.86,51.30,5
r_00030726,family_001500,u_001500,2026-W27,ТС5,345.77,15.09,11
r_00030727,family_001500,u_001500,2026-W28,ТС5,800.83,0.00,6
r_00030728,family_001500,u_001500,2026-W28,ТС5,737.68,13.22,9
r_00030729,family_001500,u_001500,2026-W29,ТС5,652.73,21.08,11
r_00030730,family_001500,u_001500,2026-W29,ТС5,549.10,9.88,6
r_00030731,family_001500,u_001500,2026-W30,ТС5,503.21,21.84,8
r_00030732,family_001500,u_001500,2026-W30,ТС5,639.70,31.19,9
r_00030733,family_001500,u_001500,2026-W30,ТС5,616.49,12.57,7
r_00030734,family_001500,u_001500,2026-W31,ТС5,681.21,39.13,11
r_00030735,family_001500,u_001500,2026-W32,ТС5,571.22,42.62,8
r_00030736,family_001500,u_001500,2026-W32,ТС5,436.47,30.26,11
r_00030737,family_001500,u_001500,2026-W34,ТС5,667.20,68.44,10
r_00030738,family_001500,u_001500,2026-W34,ТС5,727.42,59.05,9
r_00030739,family_001500,u_001500,2026-W35,ТС5,336.84,24.27,11
r_00030740,family_001500,u_001500,2026-W35,ТС5,641.23,32.83,5
r_00030741,family_001500,u_001500,2026-W36,ТС5,894.46,47.72,11
r_00030767,family_001503,u_001503,2026-W25,ТСЧ,684.15,33.46,6
r_00030768,family_001503,u_001503,2026-W25,ТСЧ,896.72,16.22,11
r_00030769,family_001503,u_001503,2026-W26,ТСЧ,906.43,0.00,5
r_00030770,family_001503,u_001503,2026-W26,ТСЧ,766.28,43.60,7
r_00030771,family_001503,u_001503,2026-W27,ТСЧ,877.21,5.68,11
r_00030772,family_001503,u_001503,2026-W27,ТСЧ,716.77,53.19,10
r_00030773,family_001503,u_001503,2026-W28,ТСЧ,930.04,14.82,8
r_00030774,family_001503,u_001503,2026-W28,ТСЧ,795.71,0.00,5
r_00030775,family_001503,u_001503,2026-W28,ТСЧ,762.64,59.94,5
r_00030776,family_001503,u_001503,2026-W29,ТСЧ,749.25,56.18,10
r_00030777,family_001503,u_001503,2026-W29,ТСЧ,661.73,73.60,9
r_00030778,family_001503,u_001503,2026-W30,ТСЧ,693.56,33.42,9
r_00030779,family_001503,u_001503,2026-W30,ТСЧ,859.08,34.91,8
r_00030780,family_001503,u_001503,2026-W31,ТСЧ,915.12,26.85,6
r_00030781,family_001503,u_001503,2026-W31,ТСЧ,1010.48,11.75,8
r_00030782,family_001503,u_001503,2026-W31,ТСЧ,826.14,11.35,6
r_00030783,family_001503,u_001503,2026-W32,ТСЧ,740.83,55.42,11
r_00030784,family_001503,u_001503,2026-W32,ТСЧ,668.66,40.41,5
r_00030785,family_001503,u_001503,2026-W33,ТСЧ,686.31,17.08,8
r_00030786,family_001503,u_001503,2026-W33,ТСЧ,834.19,89.98,8
r_00030787,family_001503,u_001503,2026-W34,ТСЧ,869.57,72.01,10
r_00030788,family_001503,u_001503,2026-W34,ТСЧ,866.40,103.04,9
r_00030789,family_001503,u_001503,2026-W35,ТСЧ,666.30,13.66,7
r_00030790,family_001503,u_001503,2026-W35,ТСЧ,773.42,29.26,10
r_00030791,family_001503,u_001503,2026-W36,ТСЧ,873.25,50.74,9
r_00030792,family_001503,u_001503,2026-W36,ТСЧ,644.75,14.24,7
r_00030793,family_001503,u_001503,2026-W36,ТСЧ,961.99,36.86,11
r_00030808,family_001505,u_001505,2026-W25,ТС5,904.90,28.03,7
r_00030809,family_001505,u_001505,2026-W25,ТС5,941.49,53.67,8
r_00030810,family_001505,u_001505,2026-W26,ТС5,731.16,22.71,9
r_00030811,family_001505,u_001505,2026-W26,ТС5,657.43,87.09,9
r_00030812,family_001505,u_001505,2026-W27,ТС5,742.96,21.94,9
r_00030813,family_001505,u_001505,2026-W28,ТС5,638.13,33.54,11
r_00030814,family_001505,u_001505,2026-W28,ТС5,553.96,0.00,5
r_00030815,family_001505,u_001505,2026-W28,ТС5,795.97,0.00,5
r_00030816,family_001505,u_001505,2026-W29,ТС5,694.10,0.00,5
r_00030817,family_001505,u_001505,2026-W29,ТС5,771.58,16.00,7
r_00030818,family_001505,u_001505,2026-W30,ТС5,787.08,19.23,10
r_00030819,family_001505,u_001505,2026-W31,ТС5,614.36,83.11,7
r_00030820,family_001505,u_001505,2026-W31,ТС5,563.52,40.74,10
r_00030821,family_001505,u_001505,2026-W32,ТС5,660.14,54.11,10
r_00030822,family_001505,u_001505,2026-W33,ТС5,889.47,69.64,10
r_00030823,family_001505,u_001505,2026-W33,ТС5,708.09,25.51,11
r_00030824,family_001505,u_001505,2026-W34,ТС5,846.88,17.59,9
r_00030825,family_001505,u_001505,2026-W35,ТС5,759.56,18.94,6
r_00030826,family_001505,u_001505,2026-W36,ТС5,686.64,13.75,10
r_00030901,family_001511,u_001511,2026-W25,ТС5,608.04,92.40,10
r_00030902,family_001511,u_001511,2026-W25,ТС5,738.16,125.38,8
r_00030903,family_001511,u_001511,2026-W26,ТС5,787.51,69.09,8
r_00030904,family_001511,u_001511,2026-W26,ТС5,600.39,167.21,6
r_00030905,family_001511,u_001511,2026-W26,ТС5,578.05,60.02,10
r_00030906,family_001511,u_001511,2026-W27,ТС5,799.22,50.79,5
r_00030907,family_001511,u_001511,2026-W27,ТС5,800.42,108.41,11
r_00030908,family_001511,u_001511,2026-W27,ТС5,582.00,51.20,8
r_00030909,family_001511,u_001511,2026-W28,ТС5,542.93,0.00,6
r_00030910,family_001511,u_001511,2026-W28,ТС5,572.09,30.04,11
r_00030911,family_001511,u_001511,2026-W29,ТС5,686.15,106.82,6
r_00030912,family_001511,u_001511,2026-W29,ТС5,577.12,126.59,5
r_00030913,family_001511,u_001511,2026-W29,ТС5,770.85,69.12,7
r_00030914,family_001511,u_001511,2026-W30,ТС5,764.60,69.12,9
r_00030915,family_001511,u_001511,2026-W30,ТС5,616.94,94.09,8
r_00030916,family_001511,u_001511,2026-W31,ТС5,519.86,41.34,10
r_00030917,family_001511,u_001511,2026-W31,ТС5,615.80,94.41,10
r_00030918,family_001511,u_001511,2026-W32,ТС5,381.33,56.87,10
r_00030919,family_001511,u_001511,2026-W32,ТС5,549.13,66.27,8
r_00030920,family_001511,u_001511,2026-W33,ТС5,495.46,41.04,6
r_00030921,family_001511,u_001511,2026-W33,ТС5,784.16,138.92,10
r_00030922,family_001511,u_001511,2026-W33,ТС5,651.57,43.62,5
r_00030923,family_001511,u_001511,2026-W33,ТС5,590.51,78.36,7
r_00030924,family_001511,u_001511,2026-W34,ТС5,435.14,123.92,10
r_00030925,family_001511,u_001511,2026-W34,ТС5,672.72,64.98,6
r_00030926,family_001511,u_001511,2026-W35,ТС5,520.85,59.20,9
r_00030927,family_001511,u_001511,2026-W35,ТС5,573.08,69.64,9
r_00030928,family_001511,u_001511,2026-W36,ТС5,603.11,138.34,7
r_00030929,family_001511,u_001511,2026-W36,ТС5,500.77,67.85,5
r_00031114,family_001522,u_001522,2026-W25,ТСЧ,874.26,211.88,11
r_00031115,family_001522,u_001522,2026-W25,ТСЧ,745.90,37.92,11
r_00031116,family_001522,u_001522,2026-W26,ТСЧ,703.93,192.48,6
r_00031117,family_001522,u_001522,2026-W26,ТСЧ,571.29,93.48,6
r_00031118,family_001522,u_001522,2026-W27,ТСЧ,1105.65,46.42,7
r_00031119,family_001522,u_001522,2026-W27,ТСЧ,620.08,58.11,8
r_00031120,family_001522,u_001522,2026-W27,ТСЧ,893.33,109.33,6
r_00031121,family_001522,u_001522,2026-W28,ТСЧ,1073.54,77.85,7
r_00031122,family_001522,u_001522,2026-W28,ТСЧ,561.94,44.08,11
r_00031123,family_001522,u_001522,2026-W29,ТСЧ,750.80,59.85,8
r_00031124,family_001522,u_001522,2026-W29,ТСЧ,568.98,65.69,10
r_00031125,family_001522,u_001522,2026-W29,ТСЧ,556.18,63.03,8
r_00031126,family_001522,u_001522,2026-W30,ТСЧ,601.04,150.86,6
r_00031127,family_001522,u_001522,2026-W30,ТСЧ,821.86,97.79,5
r_00031128,family_001522,u_001522,2026-W31,ТСЧ,1072.51,134.47,9
r_00031129,family_001522,u_001522,2026-W31,ТСЧ,876.29,135.53,8
r_00031130,family_001522,u_001522,2026-W32,ТСЧ,749.84,185.02,5
r_00031131,family_001522,u_001522,2026-W32,ТСЧ,750.72,97.36,7
r_00031132,family_001522,u_001522,2026-W33,ТСЧ,700.35,25.76,5
r_00031133,family_001522,u_001522,2026-W33,ТСЧ,753.72,100.12,6
r_00031134,family_001522,u_001522,2026-W34,ТСЧ,844.98,98.62,11
r_00031135,family_001522,u_001522,2026-W34,ТСЧ,562.28,58.09,5
r_00031136,family_001522,u_001522,2026-W34,ТСЧ,829.12,22.39,5
r_00031137,family_001522,u_001522,2026-W35,ТСЧ,551.60,68.54,6
r_00031138,family_001522,u_001522,2026-W35,ТСЧ,642.30,104.79,10
r_00031139,family_001522,u_001522,2026-W36,ТСЧ,554.29,81.90,11
r_00031140,family_001522,u_001522,2026-W36,ТСЧ,789.10,101.10,7
r_00031141,family_001523,u_001523,2026-W25,ТС5,478.61,37.61,9
r_00031142,family_001523,u_001523,2026-W25,ТС5,796.97,12.99,6
r_00031143,family_001523,u_001523,2026-W26,ТС5,600.50,27.44,8
r_00031144,family_001523,u_001523,2026-W26,ТС5,617.95,50.94,11
r_00031145,family_001523,u_001523,2026-W27,ТС5,569.43,32.22,8
r_00031146,family_001523,u_001523,2026-W27,ТС5,788.17,33.06,7
r_00031147,family_001523,u_001523,2026-W28,ТС5,484.94,41.91,5
r_00031148,family_001523,u_001523,2026-W28,ТС5,390.43,16.42,10
r_00031149,family_001523,u_001523,2026-W28,ТС5,915.99,21.43,8
r_00031150,family_001523,u_001523,2026-W29,ТС5,777.61,43.07,10
r_00031151,family_001523,u_001523,2026-W29,ТС5,616.26,32.81,5
r_00031152,family_001523,u_001523,2026-W29,ТС5,444.82,39.12,5
r_00031153,family_001523,u_001523,2026-W30,ТС5,778.92,39.35,5
r_00031154,family_001523,u_001523,2026-W30,ТС5,709.22,134.53,6
r_00031155,family_001523,u_001523,2026-W31,ТС5,567.75,48.82,10
r_00031156,family_001523,u_001523,2026-W31,ТС5,632.29,37.84,8
r_00031157,family_001523,u_001523,2026-W31,ТС5,640.88,47.77,5
r_00031158,family_001523,u_001523,2026-W31,ТС5,521.23,27.24,9
r_00031159,family_001523,u_001523,2026-W32,ТС5,602.43,46.84,7
r_00031160,family_001523,u_001523,2026-W32,ТС5,938.64,34.53,11
r_00031161,family_001523,u_001523,2026-W32,ТС5,611.11,20.88,6
r_00031162,family_001523,u_001523,2026-W33,ТС5,471.29,33.63,10
r_00031163,family_001523,u_001523,2026-W33,ТС5,692.49,13.30,6
r_00031164,family_001523,u_001523,2026-W33,ТС5,751.34,16.44,6
r_00031165,family_001523,u_001523,2026-W34,ТС5,551.77,56.56,8
r_00031166,family_001523,u_001523,2026-W34,ТС5,694.38,18.32,10
r_00031167,family_001523,u_001523,2026-W35,ТС5,498.63,51.58,9
r_00031168,family_001523,u_001523,2026-W35,ТС5,401.95,14.80,5
r_00031169,family_001523,u_001523,2026-W36,ТС5,387.51,23.76,10
r_00031170,family_001523,u_001523,2026-W36,ТС5,775.83,40.11,7
r_00031171,family_001524,u_001524,2026-W25,ТС5,681.46,139.83,11
r_00031172,family_001524,u_001524,2026-W25,ТС5,564.73,121.42,11
r_00031173,family_001524,u_001524,2026-W25,ТС5,671.44,78.18,9
r_00031174,family_001524,u_001524,2026-W26,ТС5,625.78,116.08,5
r_00031175,family_001524,u_001524,2026-W26,ТС5,587.29,84.29,11
r_00031176,family_001524,u_001524,2026-W27,ТС5,496.28,90.48,8
r_00031177,family_001524,u_001524,2026-W27,ТС5,634.30,59.83,8
r_00031178,family_001524,u_001524,2026-W27,ТС5,568.28,33.39,11
r_00031179,family_001524,u_001524,2026-W28,ТС5,417.67,37.89,9
r_00031180,family_001524,u_001524,2026-W28,ТС5,782.15,96.54,5
r_00031181,family_001524,u_001524,2026-W29,ТС5,562.74,22.52,8
r_00031182,family_001524,u_001524,2026-W29,ТС5,459.06,35.02,9
r_00031183,family_001524,u_001524,2026-W30,ТС5,737.78,70.39,11
r_00031184,family_001524,u_001524,2026-W30,ТС5,622.60,60.39,7
r_00031185,family_001524,u_001524,2026-W31,ТС5,700.60,91.06,8
r_00031186,family_001524,u_001524,2026-W31,ТС5,621.74,86.91,11
r_00031187,family_001524,u_001524,2026-W31,ТС5,448.98,66.18,10
r_00031188,family_001524,u_001524,2026-W32,ТС5,689.98,40.45,9
r_00031189,family_001524,u_001524,2026-W32,ТС5,615.99,121.63,9
r_00031190,family_001524,u_001524,2026-W32,ТС5,736.34,13.91,7
r_00031191,family_001524,u_001524,2026-W33,ТС5,498.26,64.24,7
r_00031192,family_001524,u_001524,2026-W33,ТС5,560.17,77.62,9
r_00031193,family_001524,u_001524,2026-W33,ТС5,619.14,58.42,5
r_00031194,family_001524,u_001524,2026-W34,ТС5,747.27,31.85,5
r_00031195,family_001524,u_001524,2026-W34,ТС5,843.17,56.91,10
r_00031196,family_001524,u_001524,2026-W34,ТС5,579.76,95.56,5
r_00031197,family_001524,u_001524,2026-W34,ТС5,493.18,26.84,9
r_00031198,family_001524,u_001524,2026-W35,ТС5,621.62,34.96,8
r_00031199,family_001524,u_001524,2026-W35,ТС5,501.48,76.11,11
r_00031200,family_001524,u_001524,2026-W35,ТС5,468.34,66.06,8
r_00031201,family_001524,u_001524,2026-W36,ТС5,473.16,22.28,8
r_00031202,family_001524,u_001524,2026-W36,ТС5,675.54,62.75,7
r_00031203,family_001524,u_001524,2026-W36,ТС5,486.03,68.03,6
r_00031322,family_001531,u_001531,2026-W25,ТСХ,1096.31,177.49,11
r_00031323,family_001531,u_001531,2026-W25,ТСХ,708.66,182.57,10
r_00031324,family_001531,u_001531,2026-W25,ТСХ,772.88,94.35,6
r_00031325,family_001531,u_001531,2026-W26,ТСХ,849.69,135.85,9
r_00031326,family_001531,u_001531,2026-W26,ТСХ,787.24,109.92,9
r_00031327,family_001531,u_001531,2026-W27,ТСХ,1002.31,127.35,10
r_00031328,family_001531,u_001531,2026-W27,ТСХ,1014.32,118.75,5
r_00031329,family_001531,u_001531,2026-W28,ТСХ,900.58,199.90,7
r_00031330,family_001531,u_001531,2026-W28,ТСХ,818.31,86.33,8
r_00031331,family_001531,u_001531,2026-W29,ТСХ,693.80,140.90,5
r_00031332,family_001531,u_001531,2026-W29,ТСХ,994.41,102.90,10
r_00031333,family_001531,u_001531,2026-W30,ТСХ,966.24,109.05,8
r_00031334,family_001531,u_001531,2026-W30,ТСХ,1338.71,220.35,11
r_00031335,family_001531,u_001531,2026-W31,ТСХ,1062.31,176.83,10
r_00031336,family_001531,u_001531,2026-W31,ТСХ,978.61,86.39,8
r_00031337,family_001531,u_001531,2026-W32,ТСХ,814.80,69.95,7
r_00031338,family_001531,u_001531,2026-W32,ТСХ,828.35,56.82,7
r_00031339,family_001531,u_001531,2026-W33,ТСХ,1173.89,65.35,9
r_00031340,family_001531,u_001531,2026-W33,ТСХ,765.92,116.94,5
r_00031341,family_001531,u_001531,2026-W34,ТСХ,745.10,157.31,5
r_00031342,family_001531,u_001531,2026-W34,ТСХ,697.54,200.77,5
r_00031343,family_001531,u_001531,2026-W35,ТСХ,1220.66,191.42,9
r_00031344,family_001531,u_001531,2026-W35,ТСХ,741.28,71.76,7
r_00031345,family_001531,u_001531,2026-W36,ТСХ,1333.83,143.63,6
r_00031346,family_001531,u_001531,2026-W36,ТСХ,985.55,166.97,8
r_00031396,family_001536,u_001536,2026-W25,ТС5,528.19,24.15,8
r_00031397,family_001536,u_001536,2026-W25,ТС5,646.76,0.00,6
r_00031398,family_001536,u_001536,2026-W26,ТС5,601.94,10.80,9
r_00031399,family_001536,u_001536,2026-W26,ТС5,718.65,20.65,11
r_00031400,family_001536,u_001536,2026-W26,ТС5,567.84,51.85,8
r_00031401,family_001536,u_001536,2026-W27,ТС5,717.86,34.27,10
r_00031402,family_001536,u_001536,2026-W27,ТС5,495.57,20.04,8
r_00031403,family_001536,u_001536,2026-W27,ТС5,661.21,82.79,11
r_00031404,family_001536,u_001536,2026-W28,ТС5,468.76,0.00,5
r_00031405,family_001536,u_001536,2026-W28,ТС5,411.32,17.31,9
r_00031406,family_001536,u_001536,2026-W28,ТС5,562.94,55.22,6
r_00031407,family_001536,u_001536,2026-W29,ТС5,579.67,37.13,7
r_00031408,family_001536,u_001536,2026-W29,ТС5,692.97,14.55,6
r_00031409,family_001536,u_001536,2026-W30,ТС5,594.73,49.66,5
r_00031410,family_001536,u_001536,2026-W30,ТС5,453.73,27.35,7
r_00031411,family_001536,u_001536,2026-W31,ТС5,416.81,13.07,10
r_00031412,family_001536,u_001536,2026-W31,ТС5,741.24,46.54,10
r_00031413,family_001536,u_001536,2026-W31,ТС5,609.64,40.09,11
r_00031414,family_001536,u_001536,2026-W32,ТС5,655.11,33.07,9
r_00031415,family_001536,u_001536,2026-W32,ТС5,749.59,42.73,8
r_00031416,family_001536,u_001536,2026-W33,ТС5,563.70,72.31,11
r_00031417,family_001536,u_001536,2026-W33,ТС5,583.43,11.89,8
r_00031418,family_001536,u_001536,2026-W34,ТС5,775.01,0.00,5
r_00031419,family_001536,u_001536,2026-W34,ТС5,483.67,40.03,11
r_00031420,family_001536,u_001536,2026-W35,ТС5,599.83,27.81,10
r_00031421,family_001536,u_001536,2026-W35,ТС5,519.68,55.58,7
r_00031422,family_001536,u_001536,2026-W36,ТС5,655.59,52.85,9
r_00031423,family_001536,u_001536,2026-W36,ТС5,621.72,63.59,9
r_00031424,family_001536,u_001536,2026-W36,ТС5,649.65,17.11,8
r_00031454,family_001539,u_001539,2026-W25,ТС5,588.78,27.15,5
r_00031455,family_001539,u_001539,2026-W25,ТС5,651.04,36.50,5
r_00031456,family_001539,u_001539,2026-W25,ТС5,778.49,48.95,8
r_00031457,family_001539,u_001539,2026-W26,ТС5,590.56,28.73,6
r_00031458,family_001539,u_001539,2026-W26,ТС5,756.45,69.69,8
r_00031459,family_001539,u_001539,2026-W27,ТС5,765.32,62.00,5
r_00031460,family_001539,u_001539,2026-W27,ТС5,650.29,36.30,6
r_00031461,family_001539,u_001539,2026-W28,ТС5,746.33,45.70,9
r_00031462,family_001539,u_001539,2026-W28,ТС5,669.35,84.48,11
r_00031463,family_001539,u_001539,2026-W29,ТС5,690.32,49.88,5
r_00031464,family_001539,u_001539,2026-W29,ТС5,594.38,26.97,6
r_00031465,family_001539,u_001539,2026-W30,ТС5,601.65,69.97,5
r_00031466,family_001539,u_001539,2026-W30,ТС5,762.14,9.03,11
r_00031467,family_001539,u_001539,2026-W31,ТС5,689.43,33.65,9
r_00031468,family_001539,u_001539,2026-W31,ТС5,746.52,31.71,7
r_00031469,family_001539,u_001539,2026-W32,ТС5,586.87,0.00,5
r_00031470,family_001539,u_001539,2026-W32,ТС5,658.40,74.23,7
r_00031471,family_001539,u_001539,2026-W33,ТС5,550.50,18.74,11
r_00031472,family_001539,u_001539,2026-W33,ТС5,707.53,33.27,11
r_00031473,family_001539,u_001539,2026-W34,ТС5,705.80,29.65,5
r_00031474,family_001539,u_001539,2026-W34,ТС5,517.56,44.80,9
r_00031475,family_001539,u_001539,2026-W35,ТС5,600.09,0.00,6
r_00031476,family_001539,u_001539,2026-W36,ТС5,747.38,36.90,6
r_00031477,family_001539,u_001539,2026-W36,ТС5,827.89,26.71,10
r_00031498,family_001541,u_001541,2026-W25,ТСЧ,903.04,33.56,5
r_00031499,family_001541,u_001541,2026-W25,ТСЧ,855.92,63.81,7
r_00031500,family_001541,u_001541,2026-W26,ТСЧ,669.72,21.34,8
r_00031501,family_001541,u_001541,2026-W26,ТСЧ,1126.79,119.46,11
r_00031502,family_001541,u_001541,2026-W27,ТСЧ,884.55,70.04,8
r_00031503,family_001541,u_001541,2026-W27,ТСЧ,655.08,7.78,10
r_00031504,family_001541,u_001541,2026-W28,ТСЧ,1018.04,82.57,5
r_00031505,family_001541,u_001541,2026-W28,ТСЧ,870.36,54.70,11
r_00031506,family_001541,u_001541,2026-W29,ТСЧ,840.58,74.45,5
r_00031507,family_001541,u_001541,2026-W29,ТСЧ,933.61,114.06,11
r_00031508,family_001541,u_001541,2026-W30,ТСЧ,677.17,21.40,9
r_00031509,family_001541,u_001541,2026-W30,ТСЧ,830.31,14.18,5
r_00031510,family_001541,u_001541,2026-W31,ТСЧ,1126.26,35.33,11
r_00031511,family_001541,u_001541,2026-W31,ТСЧ,842.93,96.50,6
r_00031512,family_001541,u_001541,2026-W31,ТСЧ,737.32,22.93,11
r_00031513,family_001541,u_001541,2026-W32,ТСЧ,452.42,30.70,9
r_00031514,family_001541,u_001541,2026-W32,ТСЧ,717.86,62.55,9
r_00031515,family_001541,u_001541,2026-W33,ТСЧ,736.52,33.76,9
r_00031516,family_001541,u_001541,2026-W33,ТСЧ,639.11,18.11,5
r_00031517,family_001541,u_001541,2026-W34,ТСЧ,827.78,0.00,6
r_00031518,family_001541,u_001541,2026-W34,ТСЧ,694.14,85.83,5
r_00031519,family_001541,u_001541,2026-W35,ТСЧ,809.74,172.35,5
r_00031520,family_001541,u_001541,2026-W35,ТСЧ,903.07,12.69,6
r_00031521,family_001541,u_001541,2026-W36,ТСЧ,790.77,71.41,11
r_00031522,family_001541,u_001541,2026-W36,ТСЧ,981.40,35.79,11
r_00031564,family_001545,u_001545,2026-W25,ТСЧ,775.99,65.96,5
r_00031565,family_001545,u_001545,2026-W25,ТСЧ,463.10,25.45,6
r_00031566,family_001545,u_001545,2026-W25,ТСЧ,384.77,2.51,9
r_00031567,family_001545,u_001545,2026-W26,ТСЧ,889.38,118.24,6
r_00031568,family_001545,u_001545,2026-W26,ТСЧ,678.97,24.19,11
r_00031569,family_001545,u_001545,2026-W26,ТСЧ,790.92,52.95,7
r_00031570,family_001545,u_001545,2026-W27,ТСЧ,856.70,72.33,6
r_00031571,family_001545,u_001545,2026-W27,ТСЧ,760.04,62.58,11
r_00031572,family_001545,u_001545,2026-W27,ТСЧ,918.95,70.29,7
r_00031573,family_001545,u_001545,2026-W28,ТСЧ,925.02,54.54,9
r_00031574,family_001545,u_001545,2026-W28,ТСЧ,804.15,46.31,10
r_00031575,family_001545,u_001545,2026-W28,ТСЧ,857.64,49.51,11
r_00031576,family_001545,u_001545,2026-W29,ТСЧ,996.34,56.22,6
r_00031577,family_001545,u_001545,2026-W29,ТСЧ,599.77,49.12,9
r_00031578,family_001545,u_001545,2026-W29,ТСЧ,584.20,22.41,5
r_00031579,family_001545,u_001545,2026-W30,ТСЧ,914.50,124.21,6
r_00031580,family_001545,u_001545,2026-W30,ТСЧ,851.39,19.82,10
r_00031581,family_001545,u_001545,2026-W30,ТСЧ,774.70,27.46,7
r_00031582,family_001545,u_001545,2026-W31,ТСЧ,710.06,72.43,8
r_00031583,family_001545,u_001545,2026-W31,ТСЧ,665.52,28.81,10
r_00031584,family_001545,u_001545,2026-W31,ТСЧ,932.42,108.44,6
r_00031585,family_001545,u_001545,2026-W32,ТСЧ,803.41,47.16,10
r_00031586,family_001545,u_001545,2026-W32,ТСЧ,592.00,44.90,9
r_00031587,family_001545,u_001545,2026-W32,ТСЧ,969.41,39.91,5
r_00031588,family_001545,u_001545,2026-W32,ТСЧ,939.56,36.46,7
r_00031589,family_001545,u_001545,2026-W33,ТСЧ,705.25,32.45,7
r_00031590,family_001545,u_001545,2026-W33,ТСЧ,538.44,14.77,8
r_00031591,family_001545,u_001545,2026-W33,ТСЧ,854.05,43.40,11
r_00031592,family_001545,u_001545,2026-W34,ТСЧ,686.37,48.62,7
r_00031593,family_001545,u_001545,2026-W34,ТСЧ,841.42,24.54,9
r_00031594,family_001545,u_001545,2026-W34,ТСЧ,823.77,0.00,6
r_00031595,family_001545,u_001545,2026-W35,ТСЧ,831.04,26.98,10
r_00031596,family_001545,u_001545,2026-W35,ТСЧ,714.95,14.49,5
r_00031597,family_001545,u_001545,2026-W35,ТСЧ,926.91,66.55,11
r_00031598,family_001545,u_001545,2026-W36,ТСЧ,817.18,34.32,6
r_00031599,family_001545,u_001545,2026-W36,ТСЧ,925.53,61.52,7
r_00031600,family_001545,u_001545,2026-W36,ТСЧ,1078.28,68.64,10
r_00031601,family_001545,u_001545,2026-W36,ТСЧ,755.59,52.64,7
r_00031602,family_001546,u_001546,2026-W25,ТСЧ,827.54,64.40,5
r_00031603,family_001546,u_001546,2026-W25,ТСЧ,634.42,15.46,11
r_00031604,family_001546,u_001546,2026-W26,ТСЧ,688.36,69.18,6
r_00031605,family_001546,u_001546,2026-W26,ТСЧ,571.13,50.83,7
r_00031606,family_001546,u_001546,2026-W26,ТСЧ,718.91,30.93,5
r_00031607,family_001546,u_001546,2026-W26,ТСЧ,677.81,42.21,10
r_00031608,family_001546,u_001546,2026-W27,ТСЧ,559.96,21.87,9
r_00031609,family_001546,u_001546,2026-W27,ТСЧ,855.98,18.64,6
r_00031610,family_001546,u_001546,2026-W27,ТСЧ,967.02,34.28,6
r_00031611,family_001546,u_001546,2026-W28,ТСЧ,1023.84,72.20,11
r_00031612,family_001546,u_001546,2026-W28,ТСЧ,1035.95,85.10,6
r_00031613,family_001546,u_001546,2026-W28,ТСЧ,741.13,67.81,9
r_00031614,family_001546,u_001546,2026-W29,ТСЧ,1053.97,35.04,8
r_00031615,family_001546,u_001546,2026-W29,ТСЧ,1023.96,85.97,9
r_00031616,family_001546,u_001546,2026-W29,ТСЧ,632.54,12.85,10
r_00031617,family_001546,u_001546,2026-W29,ТСЧ,989.25,27.87,11
r_00031618,family_001546,u_001546,2026-W30,ТСЧ,810.86,52.15,5
r_00031619,family_001546,u_001546,2026-W30,ТСЧ,889.82,9.24,5
r_00031620,family_001546,u_001546,2026-W30,ТСЧ,950.08,89.16,9
r_00031621,family_001546,u_001546,2026-W31,ТСЧ,667.74,41.79,9
r_00031622,family_001546,u_001546,2026-W31,ТСЧ,954.37,63.38,11
r_00031623,family_001546,u_001546,2026-W32,ТСЧ,677.66,80.59,6
r_00031624,family_001546,u_001546,2026-W32,ТСЧ,729.59,71.75,10
r_00031625,family_001546,u_001546,2026-W33,ТСЧ,961.72,69.86,10
r_00031626,family_001546,u_001546,2026-W33,ТСЧ,861.09,65.74,5
r_00031627,family_001546,u_001546,2026-W33,ТСЧ,841.24,23.97,8
r_00031628,family_001546,u_001546,2026-W34,ТСЧ,654.76,30.17,9
r_00031629,family_001546,u_001546,2026-W34,ТСЧ,745.96,42.86,5
r_00031630,family_001546,u_001546,2026-W34,ТСЧ,855.56,18.23,10
r_00031631,family_001546,u_001546,2026-W35,ТСЧ,995.85,11.04,10
r_00031632,family_001546,u_001546,2026-W35,ТСЧ,824.69,43.76,8
r_00031633,family_001546,u_001546,2026-W35,ТСЧ,734.15,22.92,10
r_00031634,family_001546,u_001546,2026-W36,ТСЧ,930.29,21.44,7
r_00031635,family_001546,u_001546,2026-W36,ТСЧ,853.33,56.36,7
r_00031755,family_001555,u_001555,2026-W25,ТС5,622.73,30.09,10
r_00031756,family_001555,u_001555,2026-W25,ТС5,789.66,37.17,5
r_00031757,family_001555,u_001555,2026-W25,ТС5,501.52,12.17,8
r_00031758,family_001555,u_001555,2026-W26,ТС5,631.70,6.25,11
r_00031759,family_001555,u_001555,2026-W26,ТС5,786.80,17.82,8
r_00031760,family_001555,u_001555,2026-W26,ТС5,592.96,40.07,9
r_00031761,family_001555,u_001555,2026-W27,ТС5,621.98,30.16,6
r_00031762,family_001555,u_001555,2026-W27,ТС5,665.54,21.60,6
r_00031763,family_001555,u_001555,2026-W27,ТС5,678.04,33.41,10
r_00031764,family_001555,u_001555,2026-W27,ТС5,531.63,56.86,8
r_00031765,family_001555,u_001555,2026-W28,ТС5,422.89,0.00,7
r_00031766,family_001555,u_001555,2026-W28,ТС5,696.19,31.07,10
r_00031767,family_001555,u_001555,2026-W28,ТС5,640.48,44.70,7
r_00031768,family_001555,u_001555,2026-W29,ТС5,540.55,21.32,10
r_00031769,family_001555,u_001555,2026-W29,ТС5,539.65,41.22,9
r_00031770,family_001555,u_001555,2026-W30,ТС5,774.93,28.83,8
r_00031771,family_001555,u_001555,2026-W30,ТС5,864.79,69.52,8
r_00031772,family_001555,u_001555,2026-W30,ТС5,631.80,11.14,6
r_00031773,family_001555,u_001555,2026-W31,ТС5,495.79,42.99,6
r_00031774,family_001555,u_001555,2026-W31,ТС5,448.30,14.74,8
r_00031775,family_001555,u_001555,2026-W32,ТС5,733.41,16.92,10
r_00031776,family_001555,u_001555,2026-W32,ТС5,625.04,38.21,8
r_00031777,family_001555,u_001555,2026-W32,ТС5,419.67,20.55,6
r_00031778,family_001555,u_001555,2026-W32,ТС5,511.02,21.14,5
r_00031779,family_001555,u_001555,2026-W33,ТС5,537.22,39.46,9
r_00031780,family_001555,u_001555,2026-W33,ТС5,456.29,23.95,5
r_00031781,family_001555,u_001555,2026-W33,ТС5,549.83,49.15,7
r_00031782,family_001555,u_001555,2026-W34,ТС5,794.34,32.36,6
r_00031783,family_001555,u_001555,2026-W34,ТС5,736.80,66.68,6
r_00031784,family_001555,u_001555,2026-W34,ТС5,416.28,20.10,9
r_00031785,family_001555,u_001555,2026-W35,ТС5,638.74,21.46,6
r_00031786,family_001555,u_001555,2026-W35,ТС5,718.58,40.71,5
r_00031787,family_001555,u_001555,2026-W35,ТС5,619.90,35.43,6
r_00031788,family_001555,u_001555,2026-W36,ТС5,588.37,21.69,10
r_00031789,family_001555,u_001555,2026-W36,ТС5,567.05,32.08,5
r_00031790,family_001555,u_001555,2026-W36,ТС5,801.33,89.27,5
r_00031791,family_001556,u_001556,2026-W25,ТСХ,877.83,171.69,9
r_00031792,family_001556,u_001556,2026-W25,ТСХ,770.48,56.59,7
r_00031793,family_001556,u_001556,2026-W26,ТСХ,771.02,138.60,8
r_00031794,family_001556,u_001556,2026-W26,ТСХ,796.55,97.93,7
r_00031795,family_001556,u_001556,2026-W26,ТСХ,775.73,92.65,9
r_00031796,family_001556,u_001556,2026-W27,ТСХ,789.23,83.09,7
r_00031797,family_001556,u_001556,2026-W27,ТСХ,790.10,113.63,9
r_00031798,family_001556,u_001556,2026-W27,ТСХ,888.12,73.89,5
r_00031799,family_001556,u_001556,2026-W28,ТСХ,889.50,112.23,5
r_00031800,family_001556,u_001556,2026-W28,ТСХ,1168.34,179.44,11
r_00031801,family_001556,u_001556,2026-W28,ТСХ,1138.63,132.12,6
r_00031802,family_001556,u_001556,2026-W29,ТСХ,914.03,99.27,10
r_00031803,family_001556,u_001556,2026-W29,ТСХ,1078.87,134.19,10
r_00031804,family_001556,u_001556,2026-W30,ТСХ,564.28,88.27,11
r_00031805,family_001556,u_001556,2026-W30,ТСХ,856.31,218.19,6
r_00031806,family_001556,u_001556,2026-W31,ТСХ,1223.65,123.73,10
r_00031807,family_001556,u_001556,2026-W31,ТСХ,1348.87,54.80,11
r_00031808,family_001556,u_001556,2026-W31,ТСХ,986.52,94.39,7
r_00031809,family_001556,u_001556,2026-W32,ТСХ,722.86,85.61,8
r_00031810,family_001556,u_001556,2026-W32,ТСХ,1073.31,43.16,11
r_00031811,family_001556,u_001556,2026-W32,ТСХ,846.75,52.95,11
r_00031812,family_001556,u_001556,2026-W33,ТСХ,820.58,241.64,5
r_00031813,family_001556,u_001556,2026-W33,ТСХ,837.21,43.23,5
r_00031814,family_001556,u_001556,2026-W33,ТСХ,763.49,84.38,10
r_00031815,family_001556,u_001556,2026-W34,ТСХ,1105.06,47.68,7
r_00031816,family_001556,u_001556,2026-W34,ТСХ,1221.78,134.27,8
r_00031817,family_001556,u_001556,2026-W34,ТСХ,836.22,113.56,10
r_00031818,family_001556,u_001556,2026-W35,ТСХ,710.79,213.33,11
r_00031819,family_001556,u_001556,2026-W35,ТСХ,900.88,110.20,9
r_00031820,family_001556,u_001556,2026-W35,ТСХ,639.19,0.00,5
r_00031821,family_001556,u_001556,2026-W36,ТСХ,1059.27,23.37,6
r_00031822,family_001556,u_001556,2026-W36,ТСХ,1022.07,57.04,5
r_00031823,family_001556,u_001556,2026-W36,ТСХ,787.09,117.17,6
r_00031977,family_001562,u_001562,2026-W25,ТСЧ,824.97,73.57,6
r_00031978,family_001562,u_001562,2026-W25,ТСЧ,1325.41,59.33,8
r_00031979,family_001562,u_001562,2026-W25,ТСЧ,1121.45,65.34,7
r_00031980,family_001562,u_001562,2026-W26,ТСЧ,773.96,13.40,6
r_00031981,family_001562,u_001562,2026-W26,ТСЧ,833.12,112.29,11
r_00031982,family_001562,u_001562,2026-W26,ТСЧ,851.79,73.16,6
r_00031983,family_001562,u_001562,2026-W27,ТСЧ,863.34,106.78,8
r_00031984,family_001562,u_001562,2026-W27,ТСЧ,847.08,103.00,5
r_00031985,family_001562,u_001562,2026-W27,ТСЧ,735.43,0.00,5
r_00031986,family_001562,u_001562,2026-W28,ТСЧ,839.23,49.65,11
r_00031987,family_001562,u_001562,2026-W28,ТСЧ,764.52,0.00,6
r_00031988,family_001562,u_001562,2026-W28,ТСЧ,918.34,67.50,10
r_00031989,family_001562,u_001562,2026-W29,ТСЧ,924.70,44.09,11
r_00031990,family_001562,u_001562,2026-W29,ТСЧ,889.76,68.80,7
r_00031991,family_001562,u_001562,2026-W29,ТСЧ,765.32,30.76,8
r_00031992,family_001562,u_001562,2026-W30,ТСЧ,712.81,40.73,11
r_00031993,family_001562,u_001562,2026-W30,ТСЧ,709.16,0.00,7
r_00031994,family_001562,u_001562,2026-W30,ТСЧ,916.45,54.70,11
r_00031995,family_001562,u_001562,2026-W31,ТСЧ,956.71,33.91,11
r_00031996,family_001562,u_001562,2026-W31,ТСЧ,599.95,65.77,8
r_00031997,family_001562,u_001562,2026-W31,ТСЧ,1119.38,63.66,9
r_00031998,family_001562,u_001562,2026-W32,ТСЧ,1140.07,9.17,10
r_00031999,family_001562,u_001562,2026-W32,ТСЧ,807.55,37.38,11
r_00032000,family_001562,u_001562,2026-W32,ТСЧ,794.07,52.71,11
r_00032001,family_001562,u_001562,2026-W33,ТСЧ,979.18,27.42,6
r_00032002,family_001562,u_001562,2026-W33,ТСЧ,459.24,19.85,9
r_00032003,family_001562,u_001562,2026-W33,ТСЧ,1023.24,47.74,6
r_00032004,family_001562,u_001562,2026-W34,ТСЧ,865.79,47.16,9
r_00032005,family_001562,u_001562,2026-W34,ТСЧ,838.21,35.11,9
r_00032006,family_001562,u_001562,2026-W34,ТСЧ,971.23,0.00,8
r_00032007,family_001562,u_001562,2026-W35,ТСЧ,663.87,28.12,9
r_00032008,family_001562,u_001562,2026-W35,ТСЧ,859.65,45.51,11
r_00032009,family_001562,u_001562,2026-W35,ТСЧ,1083.64,21.41,6
r_00032010,family_001562,u_001562,2026-W36,ТСЧ,400.29,8.96,9
r_00032011,family_001562,u_001562,2026-W36,ТСЧ,816.43,26.49,5
r_00032012,family_001562,u_001562,2026-W36,ТСЧ,1117.83,61.18,6
r_00032027,family_001564,u_001564,2026-W25,ТСЧ,661.40,60.92,10
r_00032028,family_001564,u_001564,2026-W25,ТСЧ,612.88,59.16,9
r_00032029,family_001564,u_001564,2026-W26,ТСЧ,806.22,82.57,8
r_00032030,family_001564,u_001564,2026-W26,ТСЧ,786.14,76.17,11
r_00032031,family_001564,u_001564,2026-W26,ТСЧ,912.91,75.24,11
r_00032032,family_001564,u_001564,2026-W27,ТСЧ,633.63,132.82,5
r_00032033,family_001564,u_001564,2026-W27,ТСЧ,898.80,99.82,10
r_00032034,family_001564,u_001564,2026-W27,ТСЧ,506.66,28.09,5
r_00032035,family_001564,u_001564,2026-W28,ТСЧ,732.98,106.80,6
r_00032036,family_001564,u_001564,2026-W28,ТСЧ,568.21,37.74,7
r_00032037,family_001564,u_001564,2026-W28,ТСЧ,819.28,131.85,9
r_00032038,family_001564,u_001564,2026-W28,ТСЧ,540.14,122.83,10
r_00032039,family_001564,u_001564,2026-W29,ТСЧ,666.62,99.36,11
r_00032040,family_001564,u_001564,2026-W29,ТСЧ,1064.89,178.12,6
r_00032041,family_001564,u_001564,2026-W30,ТСЧ,730.35,50.95,11
r_00032042,family_001564,u_001564,2026-W31,ТСЧ,426.82,72.23,7
r_00032043,family_001564,u_001564,2026-W31,ТСЧ,967.37,72.69,8
r_00032044,family_001564,u_001564,2026-W31,ТСЧ,902.58,135.15,11
r_00032045,family_001564,u_001564,2026-W32,ТСЧ,650.34,90.78,8
r_00032046,family_001564,u_001564,2026-W32,ТСЧ,772.04,110.77,10
r_00032047,family_001564,u_001564,2026-W32,ТСЧ,653.12,191.62,5
r_00032048,family_001564,u_001564,2026-W33,ТСЧ,846.46,124.75,9
r_00032049,family_001564,u_001564,2026-W33,ТСЧ,783.22,94.11,10
r_00032050,family_001564,u_001564,2026-W33,ТСЧ,1007.45,73.47,6
r_00032051,family_001564,u_001564,2026-W34,ТСЧ,798.48,45.83,9
r_00032052,family_001564,u_001564,2026-W34,ТСЧ,871.80,93.43,11
r_00032053,family_001564,u_001564,2026-W34,ТСЧ,665.23,121.03,6
r_00032054,family_001564,u_001564,2026-W35,ТСЧ,935.19,170.76,9
r_00032055,family_001564,u_001564,2026-W35,ТСЧ,625.01,46.87,11
r_00032056,family_001564,u_001564,2026-W36,ТСЧ,797.49,97.20,5
r_00032057,family_001564,u_001564,2026-W36,ТСЧ,635.13,167.70,5
r_00032148,family_001571,u_001571,2026-W25,ТСХ,893.09,81.30,8
r_00032149,family_001571,u_001571,2026-W26,ТСХ,972.11,194.17,8
r_00032150,family_001571,u_001571,2026-W26,ТСХ,1010.34,86.90,11
r_00032151,family_001571,u_001571,2026-W27,ТСХ,1159.05,18.62,5
r_00032152,family_001571,u_001571,2026-W27,ТСХ,1033.79,40.62,10
r_00032153,family_001571,u_001571,2026-W28,ТСХ,886.23,68.13,11
r_00032154,family_001571,u_001571,2026-W28,ТСХ,1029.77,27.04,10
r_00032155,family_001571,u_001571,2026-W28,ТСХ,1365.07,93.76,8
r_00032156,family_001571,u_001571,2026-W29,ТСХ,775.07,33.44,5
r_00032157,family_001571,u_001571,2026-W29,ТСХ,996.23,72.63,6
r_00032158,family_001571,u_001571,2026-W30,ТСХ,1085.86,94.91,10
r_00032159,family_001571,u_001571,2026-W30,ТСХ,1226.88,52.14,9
r_00032160,family_001571,u_001571,2026-W31,ТСХ,1024.57,13.17,6
r_00032161,family_001571,u_001571,2026-W31,ТСХ,1184.45,67.73,10
r_00032162,family_001571,u_001571,2026-W32,ТСХ,974.27,23.78,7
r_00032163,family_001571,u_001571,2026-W32,ТСХ,759.69,48.32,7
r_00032164,family_001571,u_001571,2026-W34,ТСХ,970.65,42.06,9
r_00032165,family_001571,u_001571,2026-W34,ТСХ,1003.80,36.94,10
r_00032166,family_001571,u_001571,2026-W35,ТСХ,1254.95,0.00,7
r_00032167,family_001571,u_001571,2026-W35,ТСХ,976.03,76.00,6
r_00032168,family_001571,u_001571,2026-W36,ТСХ,1212.10,82.65,9
r_00032169,family_001571,u_001571,2026-W36,ТСХ,1245.93,52.95,9
r_00032267,family_001575,u_001575,2026-W25,ТС5,684.45,68.65,6
r_00032268,family_001575,u_001575,2026-W25,ТС5,660.34,59.41,10
r_00032269,family_001575,u_001575,2026-W25,ТС5,655.07,39.58,6
r_00032270,family_001575,u_001575,2026-W26,ТС5,335.12,109.13,6
r_00032271,family_001575,u_001575,2026-W26,ТС5,641.32,87.78,11
r_00032272,family_001575,u_001575,2026-W27,ТС5,622.77,24.55,6
r_00032273,family_001575,u_001575,2026-W27,ТС5,703.13,101.01,7
r_00032274,family_001575,u_001575,2026-W28,ТС5,589.77,67.49,6
r_00032275,family_001575,u_001575,2026-W28,ТС5,666.18,91.19,7
r_00032276,family_001575,u_001575,2026-W28,ТС5,526.43,70.90,11
r_00032277,family_001575,u_001575,2026-W29,ТС5,554.04,88.08,5
r_00032278,family_001575,u_001575,2026-W29,ТС5,638.04,26.91,9
r_00032279,family_001575,u_001575,2026-W29,ТС5,858.54,98.90,7
r_00032280,family_001575,u_001575,2026-W29,ТС5,452.64,112.91,9
r_00032281,family_001575,u_001575,2026-W30,ТС5,512.50,114.29,9
r_00032282,family_001575,u_001575,2026-W30,ТС5,593.28,42.67,5
r_00032283,family_001575,u_001575,2026-W30,ТС5,657.58,108.27,8
r_00032284,family_001575,u_001575,2026-W31,ТС5,582.29,55.02,11
r_00032285,family_001575,u_001575,2026-W31,ТС5,365.91,102.21,10
r_00032286,family_001575,u_001575,2026-W31,ТС5,794.51,58.55,9
r_00032287,family_001575,u_001575,2026-W32,ТС5,410.14,141.65,5
r_00032288,family_001575,u_001575,2026-W32,ТС5,407.54,132.66,6
r_00032289,family_001575,u_001575,2026-W32,ТС5,498.61,78.53,10
r_00032290,family_001575,u_001575,2026-W33,ТС5,652.23,168.26,6
r_00032291,family_001575,u_001575,2026-W33,ТС5,511.33,56.01,7
r_00032292,family_001575,u_001575,2026-W33,ТС5,722.97,142.50,9
r_00032293,family_001575,u_001575,2026-W34,ТС5,394.00,18.88,9
r_00032294,family_001575,u_001575,2026-W34,ТС5,728.47,142.99,10
r_00032295,family_001575,u_001575,2026-W34,ТС5,502.00,53.15,5
r_00032296,family_001575,u_001575,2026-W35,ТС5,703.51,53.12,10
r_00032297,family_001575,u_001575,2026-W35,ТС5,530.39,0.00,6
r_00032298,family_001575,u_001575,2026-W35,ТС5,695.68,82.19,6
r_00032299,family_001575,u_001575,2026-W36,ТС5,660.63,63.96,7
r_00032300,family_001575,u_001575,2026-W36,ТС5,661.22,71.69,7
r_00032420,family_001584,u_001584,2026-W25,ТС5,689.87,24.55,11
r_00032421,family_001584,u_001584,2026-W25,ТС5,638.08,81.18,8
r_00032422,family_001584,u_001584,2026-W26,ТС5,655.94,53.69,7
r_00032423,family_001584,u_001584,2026-W26,ТС5,586.89,0.00,5
r_00032424,family_001584,u_001584,2026-W27,ТС5,725.32,0.00,9
r_00032425,family_001584,u_001584,2026-W27,ТС5,741.60,28.21,6
r_00032426,family_001584,u_001584,2026-W28,ТС5,633.04,12.51,8
r_00032427,family_001584,u_001584,2026-W28,ТС5,674.80,42.66,8
r_00032428,family_001584,u_001584,2026-W29,ТС5,653.62,13.08,5
r_00032429,family_001584,u_001584,2026-W29,ТС5,563.75,5.49,10
r_00032430,family_001584,u_001584,2026-W30,ТС5,696.89,48.12,9
r_00032431,family_001584,u_001584,2026-W31,ТС5,655.03,44.79,6
r_00032432,family_001584,u_001584,2026-W31,ТС5,562.37,22.08,5
r_00032433,family_001584,u_001584,2026-W32,ТС5,666.19,72.64,10
r_00032434,family_001584,u_001584,2026-W33,ТС5,721.87,32.26,11
r_00032435,family_001584,u_001584,2026-W33,ТС5,512.92,62.04,11
r_00032436,family_001584,u_001584,2026-W34,ТС5,726.74,59.10,6
r_00032437,family_001584,u_001584,2026-W35,ТС5,372.80,58.09,7
r_00032438,family_001584,u_001584,2026-W35,ТС5,704.11,69.10,7
r_00032439,family_001584,u_001584,2026-W36,ТС5,521.73,39.51,10
r_00032440,family_001584,u_001584,2026-W36,ТС5,637.18,54.02,5
r_00032489,family_001588,u_001588,2026-W25,ТСЧ,651.96,88.20,7
r_00032490,family_001588,u_001588,2026-W25,ТСЧ,1114.39,58.52,6
r_00032491,family_001588,u_001588,2026-W25,ТСЧ,844.52,24.58,9
r_00032492,family_001588,u_001588,2026-W26,ТСЧ,729.16,11.44,6
r_00032493,family_001588,u_001588,2026-W26,ТСЧ,915.25,39.89,6
r_00032494,family_001588,u_001588,2026-W27,ТСЧ,927.18,131.90,6
r_00032495,family_001588,u_001588,2026-W27,ТСЧ,816.99,32.60,9
r_00032496,family_001588,u_001588,2026-W28,ТСЧ,953.07,143.77,7
r_00032497,family_001588,u_001588,2026-W28,ТСЧ,811.08,50.87,11
r_00032498,family_001588,u_001588,2026-W29,ТСЧ,844.54,46.31,10
r_00032499,family_001588,u_001588,2026-W29,ТСЧ,750.38,17.18,7
r_00032500,family_001588,u_001588,2026-W30,ТСЧ,699.20,27.79,10
r_00032501,family_001588,u_001588,2026-W30,ТСЧ,894.84,47.49,6
r_00032502,family_001588,u_001588,2026-W31,ТСЧ,969.36,29.38,10
r_00032503,family_001588,u_001588,2026-W31,ТСЧ,830.73,24.57,10
r_00032504,family_001588,u_001588,2026-W32,ТСЧ,870.07,52.55,9
r_00032505,family_001588,u_001588,2026-W32,ТСЧ,901.13,0.00,9
r_00032506,family_001588,u_001588,2026-W32,ТСЧ,613.89,18.19,9
r_00032507,family_001588,u_001588,2026-W33,ТСЧ,431.66,21.29,11
r_00032508,family_001588,u_001588,2026-W33,ТСЧ,896.18,65.70,11
r_00032509,family_001588,u_001588,2026-W34,ТСЧ,710.76,15.11,10
r_00032510,family_001588,u_001588,2026-W34,ТСЧ,818.72,58.18,6
r_00032511,family_001588,u_001588,2026-W35,ТСЧ,603.44,37.64,9
r_00032512,family_001588,u_001588,2026-W35,ТСЧ,764.28,56.32,6
r_00032513,family_001588,u_001588,2026-W36,ТСЧ,858.52,0.00,5
r_00032514,family_001588,u_001588,2026-W36,ТСЧ,922.91,88.33,5
r_00032515,family_001588,u_001588,2026-W36,ТСЧ,680.61,68.54,11
r_00032530,family_001590,u_001590,2026-W25,ТСЧ,638.54,114.24,8
r_00032531,family_001590,u_001590,2026-W25,ТСЧ,1030.42,52.82,10
r_00032532,family_001590,u_001590,2026-W26,ТСЧ,861.54,53.39,10
r_00032533,family_001590,u_001590,2026-W26,ТСЧ,834.47,158.88,8
r_00032534,family_001590,u_001590,2026-W27,ТСЧ,928.83,58.85,6
r_00032535,family_001590,u_001590,2026-W27,ТСЧ,649.86,22.77,5
r_00032536,family_001590,u_001590,2026-W27,ТСЧ,764.23,103.67,7
r_00032537,family_001590,u_001590,2026-W28,ТСЧ,628.48,73.22,11
r_00032538,family_001590,u_001590,2026-W28,ТСЧ,663.69,79.43,11
r_00032539,family_001590,u_001590,2026-W28,ТСЧ,607.60,33.05,8
r_00032540,family_001590,u_001590,2026-W29,ТСЧ,1008.80,124.79,8
r_00032541,family_001590,u_001590,2026-W29,ТСЧ,774.06,97.18,5
r_00032542,family_001590,u_001590,2026-W30,ТСЧ,695.30,94.93,8
r_00032543,family_001590,u_001590,2026-W30,ТСЧ,726.78,75.75,11
r_00032544,family_001590,u_001590,2026-W31,ТСЧ,809.10,154.75,5
r_00032545,family_001590,u_001590,2026-W31,ТСЧ,739.00,123.73,5
r_00032546,family_001590,u_001590,2026-W32,ТСЧ,784.97,167.12,7
r_00032547,family_001590,u_001590,2026-W32,ТСЧ,982.24,43.54,7
r_00032548,family_001590,u_001590,2026-W33,ТСЧ,745.27,105.73,10
r_00032549,family_001590,u_001590,2026-W33,ТСЧ,790.26,194.68,9
r_00032550,family_001590,u_001590,2026-W34,ТСЧ,569.35,90.02,8
r_00032551,family_001590,u_001590,2026-W34,ТСЧ,758.52,145.47,6
r_00032552,family_001590,u_001590,2026-W35,ТСЧ,534.97,137.04,10
r_00032553,family_001590,u_001590,2026-W35,ТСЧ,941.88,74.83,11
r_00032554,family_001590,u_001590,2026-W36,ТСЧ,944.15,68.63,11
r_00032555,family_001590,u_001590,2026-W36,ТСЧ,656.80,89.54,7
r_00032598,family_001593,u_001593,2026-W25,ТСЧ,465.90,42.41,11
r_00032599,family_001593,u_001593,2026-W25,ТСЧ,911.11,22.87,5
r_00032600,family_001593,u_001593,2026-W26,ТСЧ,863.30,55.05,8
r_00032601,family_001593,u_001593,2026-W26,ТСЧ,613.55,26.54,11
r_00032602,family_001593,u_001593,2026-W27,ТСЧ,816.96,19.00,7
r_00032603,family_001593,u_001593,2026-W27,ТСЧ,1221.19,79.27,6
r_00032604,family_001593,u_001593,2026-W28,ТСЧ,525.26,12.19,6
r_00032605,family_001593,u_001593,2026-W28,ТСЧ,963.92,49.55,8
r_00032606,family_001593,u_001593,2026-W29,ТСЧ,742.91,18.20,8
r_00032607,family_001593,u_001593,2026-W29,ТСЧ,849.09,75.35,9
r_00032608,family_001593,u_001593,2026-W30,ТСЧ,607.65,15.14,10
r_00032609,family_001593,u_001593,2026-W31,ТСЧ,805.29,26.95,10
r_00032610,family_001593,u_001593,2026-W31,ТСЧ,947.97,60.31,5
r_00032611,family_001593,u_001593,2026-W32,ТСЧ,742.44,21.04,7
r_00032612,family_001593,u_001593,2026-W32,ТСЧ,910.34,53.54,5
r_00032613,family_001593,u_001593,2026-W33,ТСЧ,838.81,82.97,6
r_00032614,family_001593,u_001593,2026-W33,ТСЧ,656.08,17.72,9
r_00032615,family_001593,u_001593,2026-W34,ТСЧ,1013.16,0.00,6
r_00032616,family_001593,u_001593,2026-W34,ТСЧ,720.82,59.30,9
r_00032617,family_001593,u_001593,2026-W35,ТСЧ,796.41,12.09,10
r_00032618,family_001593,u_001593,2026-W35,ТСЧ,1111.41,50.12,6
r_00032619,family_001593,u_001593,2026-W35,ТСЧ,930.86,47.13,8
r_00032620,family_001593,u_001593,2026-W36,ТСЧ,721.60,42.19,6
r_00032621,family_001593,u_001593,2026-W36,ТСЧ,513.15,26.38,6
r_00032633,family_001595,u_001595,2026-W25,ТС5,664.39,16.59,11
r_00032634,family_001595,u_001595,2026-W25,ТС5,689.78,58.82,6
r_00032635,family_001595,u_001595,2026-W25,ТС5,640.27,30.25,10
r_00032636,family_001595,u_001595,2026-W26,ТС5,525.91,45.07,9
r_00032637,family_001595,u_001595,2026-W26,ТС5,652.20,25.83,5
r_00032638,family_001595,u_001595,2026-W26,ТС5,624.34,8.00,10
r_00032639,family_001595,u_001595,2026-W27,ТС5,703.83,32.79,8
r_00032640,family_001595,u_001595,2026-W27,ТС5,568.46,54.81,5
r_00032641,family_001595,u_001595,2026-W27,ТС5,596.17,64.37,5
r_00032642,family_001595,u_001595,2026-W28,ТС5,649.76,18.63,8
r_00032643,family_001595,u_001595,2026-W28,ТС5,889.06,11.79,8
r_00032644,family_001595,u_001595,2026-W28,ТС5,783.88,18.46,5
r_00032645,family_001595,u_001595,2026-W29,ТС5,785.24,8.29,9
r_00032646,family_001595,u_001595,2026-W29,ТС5,681.41,10.10,10
r_00032647,family_001595,u_001595,2026-W29,ТС5,745.22,66.54,6
r_00032648,family_001595,u_001595,2026-W30,ТС5,576.59,60.92,10
r_00032649,family_001595,u_001595,2026-W30,ТС5,553.35,62.54,6
r_00032650,family_001595,u_001595,2026-W30,ТС5,597.73,51.56,8
r_00032651,family_001595,u_001595,2026-W31,ТС5,656.27,78.57,8
r_00032652,family_001595,u_001595,2026-W31,ТС5,691.14,46.66,6
r_00032653,family_001595,u_001595,2026-W31,ТС5,371.77,24.57,6
r_00032654,family_001595,u_001595,2026-W32,ТС5,586.81,41.81,5
r_00032655,family_001595,u_001595,2026-W32,ТС5,543.09,63.44,9
r_00032656,family_001595,u_001595,2026-W32,ТС5,593.16,22.77,11
r_00032657,family_001595,u_001595,2026-W33,ТС5,469.42,14.73,9
r_00032658,family_001595,u_001595,2026-W33,ТС5,615.35,35.52,6
r_00032659,family_001595,u_001595,2026-W33,ТС5,383.18,38.14,5
r_00032660,family_001595,u_001595,2026-W34,ТС5,619.56,33.23,11
r_00032661,family_001595,u_001595,2026-W34,ТС5,738.54,35.07,10
r_00032662,family_001595,u_001595,2026-W34,ТС5,457.19,21.64,11
r_00032663,family_001595,u_001595,2026-W35,ТС5,703.54,0.00,8
r_00032664,family_001595,u_001595,2026-W35,ТС5,519.25,58.60,11
r_00032665,family_001595,u_001595,2026-W35,ТС5,655.01,14.73,5
r_00032666,family_001595,u_001595,2026-W36,ТС5,695.45,85.65,10
r_00032667,family_001595,u_001595,2026-W36,ТС5,536.35,16.75,5
r_00032668,family_001595,u_001595,2026-W36,ТС5,526.81,12.39,10
r_00032677,family_001597,u_001597,2026-W25,ТСХ,1018.56,342.71,5
r_00032678,family_001597,u_001597,2026-W25,ТСХ,1000.69,155.96,8
r_00032679,family_001597,u_001597,2026-W25,ТСХ,704.31,46.88,7
r_00032680,family_001597,u_001597,2026-W25,ТСХ,1129.86,75.02,8
r_00032681,family_001597,u_001597,2026-W26,ТСХ,883.67,118.54,9
r_00032682,family_001597,u_001597,2026-W26,ТСХ,882.38,62.10,9
r_00032683,family_001597,u_001597,2026-W26,ТСХ,824.71,195.15,8
r_00032684,family_001597,u_001597,2026-W27,ТСХ,981.90,57.60,7
r_00032685,family_001597,u_001597,2026-W27,ТСХ,809.55,87.72,6
r_00032686,family_001597,u_001597,2026-W27,ТСХ,913.51,101.84,8
r_00032687,family_001597,u_001597,2026-W28,ТСХ,893.64,180.76,7
r_00032688,family_001597,u_001597,2026-W28,ТСХ,828.62,311.73,6
r_00032689,family_001597,u_001597,2026-W28,ТСХ,611.44,136.22,6
r_00032690,family_001597,u_001597,2026-W29,ТСХ,790.98,40.87,6
r_00032691,family_001597,u_001597,2026-W29,ТСХ,758.61,159.67,11
r_00032692,family_001597,u_001597,2026-W29,ТСХ,1248.14,48.83,6
r_00032693,family_001597,u_001597,2026-W30,ТСХ,675.56,128.28,6
r_00032694,family_001597,u_001597,2026-W30,ТСХ,1081.19,171.36,11
r_00032695,family_001597,u_001597,2026-W31,ТСХ,1029.08,397.00,6
r_00032696,family_001597,u_001597,2026-W32,ТСХ,749.68,94.77,7
r_00032697,family_001597,u_001597,2026-W32,ТСХ,1068.23,65.00,11
r_00032698,family_001597,u_001597,2026-W33,ТСХ,1048.72,118.89,10
r_00032699,family_001597,u_001597,2026-W33,ТСХ,818.49,106.67,6
r_00032700,family_001597,u_001597,2026-W33,ТСХ,1431.64,131.20,9
r_00032701,family_001597,u_001597,2026-W34,ТСХ,775.73,104.23,9
r_00032702,family_001597,u_001597,2026-W34,ТСХ,1131.54,188.85,8
r_00032703,family_001597,u_001597,2026-W34,ТСХ,1009.82,135.32,11
r_00032704,family_001597,u_001597,2026-W35,ТСХ,1063.95,120.03,10
r_00032705,family_001597,u_001597,2026-W35,ТСХ,826.97,121.08,9
r_00032706,family_001597,u_001597,2026-W35,ТСХ,1094.04,190.61,11
r_00032707,family_001597,u_001597,2026-W36,ТСХ,789.51,54.97,7
r_00032884,family_001607,u_001607,2026-W25,ТС5,414.26,61.97,6
r_00032885,family_001607,u_001607,2026-W25,ТС5,633.85,60.53,9
r_00032886,family_001607,u_001607,2026-W25,ТС5,659.93,64.19,8
r_00032887,family_001607,u_001607,2026-W26,ТС5,677.00,88.76,8
r_00032888,family_001607,u_001607,2026-W26,ТС5,503.77,118.79,8
r_00032889,family_001607,u_001607,2026-W26,ТС5,712.44,78.91,10
r_00032890,family_001607,u_001607,2026-W27,ТС5,695.61,59.05,9
r_00032891,family_001607,u_001607,2026-W27,ТС5,493.66,74.06,8
r_00032892,family_001607,u_001607,2026-W28,ТС5,679.27,99.81,10
r_00032893,family_001607,u_001607,2026-W28,ТС5,575.71,58.70,5
r_00032894,family_001607,u_001607,2026-W29,ТС5,556.49,91.39,11
r_00032895,family_001607,u_001607,2026-W29,ТС5,872.94,66.16,7
r_00032896,family_001607,u_001607,2026-W29,ТС5,492.33,77.58,5
r_00032897,family_001607,u_001607,2026-W29,ТС5,782.53,53.82,8
r_00032898,family_001607,u_001607,2026-W30,ТС5,612.45,97.11,7
r_00032899,family_001607,u_001607,2026-W30,ТС5,417.67,58.45,10
r_00032900,family_001607,u_001607,2026-W30,ТС5,537.31,137.47,7
r_00032901,family_001607,u_001607,2026-W30,ТС5,843.12,14.64,6
r_00032902,family_001607,u_001607,2026-W31,ТС5,830.41,111.56,7
r_00032903,family_001607,u_001607,2026-W31,ТС5,694.93,36.31,6
r_00032904,family_001607,u_001607,2026-W31,ТС5,586.58,107.41,10
r_00032905,family_001607,u_001607,2026-W32,ТС5,774.92,87.57,8
r_00032906,family_001607,u_001607,2026-W32,ТС5,655.04,96.77,11
r_00032907,family_001607,u_001607,2026-W33,ТС5,348.72,10.65,10
r_00032908,family_001607,u_001607,2026-W33,ТС5,780.98,60.80,6
r_00032909,family_001607,u_001607,2026-W33,ТС5,534.61,71.34,5
r_00032910,family_001607,u_001607,2026-W33,ТС5,633.77,4.75,7
r_00032911,family_001607,u_001607,2026-W34,ТС5,768.54,106.57,7
r_00032912,family_001607,u_001607,2026-W34,ТС5,825.32,54.16,6
r_00032913,family_001607,u_001607,2026-W35,ТС5,736.47,69.69,11
r_00032914,family_001607,u_001607,2026-W35,ТС5,671.50,106.25,11
r_00032915,family_001607,u_001607,2026-W35,ТС5,752.92,127.40,5
r_00032916,family_001607,u_001607,2026-W36,ТС5,680.63,91.87,10
r_00032917,family_001607,u_001607,2026-W36,ТС5,469.96,51.96,7
r_00032918,family_001607,u_001607,2026-W36,ТС5,665.57,82.51,9
r_00032919,family_001607,u_001607,2026-W36,ТС5,577.27,42.01,11
r_00033023,family_001614,u_001614,2026-W25,ТС5,479.40,117.71,9
r_00033024,family_001614,u_001614,2026-W25,ТС5,528.25,112.22,7
r_00033025,family_001614,u_001614,2026-W25,ТС5,528.93,66.54,7
r_00033026,family_001614,u_001614,2026-W25,ТС5,508.74,101.26,7
r_00033027,family_001614,u_001614,2026-W26,ТС5,612.99,32.62,11
r_00033028,family_001614,u_001614,2026-W26,ТС5,551.22,24.40,10
r_00033029,family_001614,u_001614,2026-W26,ТС5,636.34,97.64,5
r_00033030,family_001614,u_001614,2026-W27,ТС5,489.83,99.43,5
r_00033031,family_001614,u_001614,2026-W27,ТС5,508.69,17.16,8
r_00033032,family_001614,u_001614,2026-W27,ТС5,617.93,100.01,6
r_00033033,family_001614,u_001614,2026-W28,ТС5,554.63,80.77,7
r_00033034,family_001614,u_001614,2026-W28,ТС5,622.81,30.55,11
r_00033035,family_001614,u_001614,2026-W28,ТС5,574.59,69.87,9
r_00033036,family_001614,u_001614,2026-W29,ТС5,403.26,23.62,8
r_00033037,family_001614,u_001614,2026-W29,ТС5,471.95,76.08,8
r_00033038,family_001614,u_001614,2026-W29,ТС5,610.57,37.37,7
r_00033039,family_001614,u_001614,2026-W30,ТС5,780.26,68.40,11
r_00033040,family_001614,u_001614,2026-W30,ТС5,505.24,35.68,10
r_00033041,family_001614,u_001614,2026-W30,ТС5,737.38,26.04,8
r_00033042,family_001614,u_001614,2026-W31,ТС5,513.80,87.85,6
r_00033043,family_001614,u_001614,2026-W31,ТС5,677.50,73.59,10
r_00033044,family_001614,u_001614,2026-W31,ТС5,712.36,43.58,7
r_00033045,family_001614,u_001614,2026-W32,ТС5,440.64,47.62,11
r_00033046,family_001614,u_001614,2026-W32,ТС5,561.27,128.45,10
r_00033047,family_001614,u_001614,2026-W32,ТС5,495.91,36.41,6
r_00033048,family_001614,u_001614,2026-W33,ТС5,472.04,133.31,5
r_00033049,family_001614,u_001614,2026-W33,ТС5,441.44,129.36,5
r_00033050,family_001614,u_001614,2026-W33,ТС5,710.86,96.33,8
r_00033051,family_001614,u_001614,2026-W34,ТС5,664.42,72.74,7
r_00033052,family_001614,u_001614,2026-W34,ТС5,765.15,41.24,7
r_00033053,family_001614,u_001614,2026-W34,ТС5,679.39,101.30,9
r_00033054,family_001614,u_001614,2026-W35,ТС5,688.22,114.69,7
r_00033055,family_001614,u_001614,2026-W35,ТС5,547.69,74.74,10
r_00033056,family_001614,u_001614,2026-W35,ТС5,516.87,39.03,10
r_00033057,family_001614,u_001614,2026-W36,ТС5,544.81,75.71,6
r_00033058,family_001614,u_001614,2026-W36,ТС5,795.79,126.10,10
r_00033059,family_001614,u_001614,2026-W36,ТС5,454.76,90.58,11
r_00033101,family_001617,u_001617,2026-W25,ТСХ,919.61,23.90,6
r_00033102,family_001617,u_001617,2026-W25,ТСХ,664.26,62.97,6
r_00033103,family_001617,u_001617,2026-W25,ТСХ,810.82,23.74,11
r_00033104,family_001617,u_001617,2026-W26,ТСХ,1017.82,100.98,7
r_00033105,family_001617,u_001617,2026-W26,ТСХ,1147.98,81.92,10
r_00033106,family_001617,u_001617,2026-W27,ТСХ,824.71,0.00,6
r_00033107,family_001617,u_001617,2026-W27,ТСХ,887.05,60.14,9
r_00033108,family_001617,u_001617,2026-W27,ТСХ,742.33,37.51,9
r_00033109,family_001617,u_001617,2026-W28,ТСХ,818.98,50.20,8
r_00033110,family_001617,u_001617,2026-W28,ТСХ,1087.77,12.62,6
r_00033111,family_001617,u_001617,2026-W29,ТСХ,1054.15,68.12,11
r_00033112,family_001617,u_001617,2026-W29,ТСХ,724.94,62.41,7
r_00033113,family_001617,u_001617,2026-W30,ТСХ,1012.51,67.95,9
r_00033114,family_001617,u_001617,2026-W30,ТСХ,1104.14,24.30,9
r_00033115,family_001617,u_001617,2026-W30,ТСХ,905.20,29.39,8
r_00033116,family_001617,u_001617,2026-W31,ТСХ,1055.91,22.67,10
r_00033117,family_001617,u_001617,2026-W31,ТСХ,1035.34,29.36,6
r_00033118,family_001617,u_001617,2026-W32,ТСХ,1101.59,15.78,7
r_00033119,family_001617,u_001617,2026-W32,ТСХ,734.76,48.08,8
r_00033120,family_001617,u_001617,2026-W33,ТСХ,1014.46,196.06,6
r_00033121,family_001617,u_001617,2026-W33,ТСХ,887.23,76.20,10
r_00033122,family_001617,u_001617,2026-W34,ТСХ,623.97,52.08,11
r_00033123,family_001617,u_001617,2026-W34,ТСХ,1234.34,24.58,6
r_00033124,family_001617,u_001617,2026-W34,ТСХ,881.01,115.73,7
r_00033125,family_001617,u_001617,2026-W35,ТСХ,1065.65,99.90,5
r_00033126,family_001617,u_001617,2026-W35,ТСХ,1407.48,44.01,10
r_00033127,family_001617,u_001617,2026-W36,ТСХ,739.11,122.11,9
r_00033128,family_001617,u_001617,2026-W36,ТСХ,1150.75,54.36,8
r_00033140,family_001619,u_001619,2026-W25,ТС5,583.16,11.13,9
r_00033141,family_001619,u_001619,2026-W25,ТС5,580.84,47.21,6
r_00033142,family_001619,u_001619,2026-W26,ТС5,701.52,68.72,6
r_00033143,family_001619,u_001619,2026-W26,ТС5,787.52,36.39,6
r_00033144,family_001619,u_001619,2026-W27,ТС5,760.71,70.82,9
r_00033145,family_001619,u_001619,2026-W27,ТС5,485.20,22.29,9
r_00033146,family_001619,u_001619,2026-W28,ТС5,891.05,38.01,10
r_00033147,family_001619,u_001619,2026-W28,ТС5,695.82,40.32,5
r_00033148,family_001619,u_001619,2026-W29,ТС5,611.77,10.24,6
r_00033149,family_001619,u_001619,2026-W29,ТС5,875.56,20.97,5
r_00033150,family_001619,u_001619,2026-W30,ТС5,659.29,51.98,10
r_00033151,family_001619,u_001619,2026-W30,ТС5,582.30,38.93,11
r_00033152,family_001619,u_001619,2026-W31,ТС5,452.91,57.74,11
r_00033153,family_001619,u_001619,2026-W31,ТС5,441.03,62.26,6
r_00033154,family_001619,u_001619,2026-W32,ТС5,579.55,28.27,5
r_00033155,family_001619,u_001619,2026-W32,ТС5,747.08,42.37,5
r_00033156,family_001619,u_001619,2026-W33,ТС5,596.12,7.83,9
r_00033157,family_001619,u_001619,2026-W33,ТС5,525.42,34.73,10
r_00033158,family_001619,u_001619,2026-W34,ТС5,825.79,32.97,10
r_00033159,family_001619,u_001619,2026-W36,ТС5,600.52,0.00,11
r_00033160,family_001619,u_001619,2026-W36,ТС5,621.61,65.08,7
r_00033204,family_001623,u_001623,2026-W25,ТС5,669.81,60.70,7
r_00033205,family_001623,u_001623,2026-W26,ТС5,770.38,24.60,10
r_00033206,family_001623,u_001623,2026-W26,ТС5,471.89,18.92,10
r_00033207,family_001623,u_001623,2026-W26,ТС5,524.79,40.59,7
r_00033208,family_001623,u_001623,2026-W27,ТС5,533.78,48.85,8
r_00033209,family_001623,u_001623,2026-W27,ТС5,811.18,45.93,8
r_00033210,family_001623,u_001623,2026-W27,ТС5,697.37,0.00,5
r_00033211,family_001623,u_001623,2026-W28,ТС5,811.17,16.98,6
r_00033212,family_001623,u_001623,2026-W29,ТС5,670.51,15.88,10
r_00033213,family_001623,u_001623,2026-W29,ТС5,604.07,19.14,10
r_00033214,family_001623,u_001623,2026-W29,ТС5,662.66,52.08,11
r_00033215,family_001623,u_001623,2026-W30,ТС5,523.31,54.29,11
r_00033216,family_001623,u_001623,2026-W30,ТС5,752.43,50.75,7
r_00033217,family_001623,u_001623,2026-W30,ТС5,606.32,71.97,9
r_00033218,family_001623,u_001623,2026-W30,ТС5,649.61,30.09,8
r_00033219,family_001623,u_001623,2026-W31,ТС5,504.72,32.52,6
r_00033220,family_001623,u_001623,2026-W31,ТС5,671.27,52.31,7
r_00033221,family_001623,u_001623,2026-W32,ТС5,634.02,14.71,7
r_00033222,family_001623,u_001623,2026-W32,ТС5,730.52,61.74,9
r_00033223,family_001623,u_001623,2026-W33,ТС5,1004.15,73.92,7
r_00033224,family_001623,u_001623,2026-W33,ТС5,444.16,28.90,11
r_00033225,family_001623,u_001623,2026-W34,ТС5,537.96,46.50,5
r_00033226,family_001623,u_001623,2026-W34,ТС5,504.05,23.50,6
r_00033227,family_001623,u_001623,2026-W35,ТС5,964.31,52.06,8
r_00033228,family_001623,u_001623,2026-W35,ТС5,489.59,19.46,6
r_00033229,family_001623,u_001623,2026-W35,ТС5,741.61,17.69,5
r_00033230,family_001623,u_001623,2026-W36,ТС5,490.04,28.74,11
r_00033231,family_001623,u_001623,2026-W36,ТС5,611.69,46.20,11
r_00033232,family_001623,u_001623,2026-W36,ТС5,696.08,59.35,6
r_00033233,family_001624,u_001624,2026-W25,ТСЧ,929.73,22.15,9
r_00033234,family_001624,u_001624,2026-W25,ТСЧ,1112.81,124.21,10
r_00033235,family_001624,u_001624,2026-W25,ТСЧ,902.30,67.29,8
r_00033236,family_001624,u_001624,2026-W26,ТСЧ,546.39,49.81,11
r_00033237,family_001624,u_001624,2026-W26,ТСЧ,901.27,26.99,10
r_00033238,family_001624,u_001624,2026-W26,ТСЧ,574.64,32.51,6
r_00033239,family_001624,u_001624,2026-W27,ТСЧ,925.87,17.67,8
r_00033240,family_001624,u_001624,2026-W27,ТСЧ,846.25,72.38,6
r_00033241,family_001624,u_001624,2026-W28,ТСЧ,926.72,70.43,6
r_00033242,family_001624,u_001624,2026-W28,ТСЧ,637.95,57.67,7
r_00033243,family_001624,u_001624,2026-W28,ТСЧ,820.07,92.81,9
r_00033244,family_001624,u_001624,2026-W29,ТСЧ,847.34,108.89,11
r_00033245,family_001624,u_001624,2026-W29,ТСЧ,774.42,167.29,6
r_00033246,family_001624,u_001624,2026-W29,ТСЧ,894.65,88.47,11
r_00033247,family_001624,u_001624,2026-W30,ТСЧ,683.49,105.62,6
r_00033248,family_001624,u_001624,2026-W30,ТСЧ,714.72,124.04,10
r_00033249,family_001624,u_001624,2026-W30,ТСЧ,663.21,68.51,5
r_00033250,family_001624,u_001624,2026-W31,ТСЧ,454.45,32.16,8
r_00033251,family_001624,u_001624,2026-W31,ТСЧ,700.51,157.27,6
r_00033252,family_001624,u_001624,2026-W31,ТСЧ,781.61,71.74,5
r_00033253,family_001624,u_001624,2026-W32,ТСЧ,758.11,88.51,7
r_00033254,family_001624,u_001624,2026-W32,ТСЧ,601.22,162.31,6
r_00033255,family_001624,u_001624,2026-W33,ТСЧ,933.71,99.97,7
r_00033256,family_001624,u_001624,2026-W33,ТСЧ,844.33,82.82,10
r_00033257,family_001624,u_001624,2026-W34,ТСЧ,719.03,61.76,5
r_00033258,family_001624,u_001624,2026-W34,ТСЧ,622.11,106.96,10
r_00033259,family_001624,u_001624,2026-W35,ТСЧ,883.79,114.41,7
r_00033260,family_001624,u_001624,2026-W35,ТСЧ,671.55,132.69,7
r_00033261,family_001624,u_001624,2026-W35,ТСЧ,635.55,76.42,10
r_00033262,family_001624,u_001624,2026-W36,ТСЧ,679.65,95.81,6
r_00033263,family_001624,u_001624,2026-W36,ТСЧ,605.77,112.56,10
r_00033264,family_001625,u_001625,2026-W25,ТС5,524.74,33.22,10
r_00033265,family_001625,u_001625,2026-W25,ТС5,575.24,0.00,7
r_00033266,family_001625,u_001625,2026-W25,ТС5,539.03,56.25,9
r_00033267,family_001625,u_001625,2026-W26,ТС5,544.11,11.67,5
r_00033268,family_001625,u_001625,2026-W26,ТС5,627.65,48.10,10
r_00033269,family_001625,u_001625,2026-W26,ТС5,730.65,46.29,10
r_00033270,family_001625,u_001625,2026-W27,ТС5,534.93,10.98,10
r_00033271,family_001625,u_001625,2026-W27,ТС5,632.41,13.86,7
r_00033272,family_001625,u_001625,2026-W27,ТС5,539.99,32.57,6
r_00033273,family_001625,u_001625,2026-W28,ТС5,534.47,16.44,10
r_00033274,family_001625,u_001625,2026-W28,ТС5,571.12,118.19,8
r_00033275,family_001625,u_001625,2026-W29,ТС5,607.84,71.20,5
r_00033276,family_001625,u_001625,2026-W29,ТС5,782.82,0.00,5
r_00033277,family_001625,u_001625,2026-W29,ТС5,611.88,38.85,8
r_00033278,family_001625,u_001625,2026-W30,ТС5,613.07,24.18,10
r_00033279,family_001625,u_001625,2026-W30,ТС5,640.23,33.13,5
r_00033280,family_001625,u_001625,2026-W30,ТС5,670.10,34.22,8
r_00033281,family_001625,u_001625,2026-W31,ТС5,647.78,46.83,8
r_00033282,family_001625,u_001625,2026-W31,ТС5,592.99,36.32,9
r_00033283,family_001625,u_001625,2026-W31,ТС5,626.28,68.01,5
r_00033284,family_001625,u_001625,2026-W31,ТС5,486.02,28.67,6
r_00033285,family_001625,u_001625,2026-W32,ТС5,837.23,34.26,11
r_00033286,family_001625,u_001625,2026-W32,ТС5,775.14,29.36,5
r_00033287,family_001625,u_001625,2026-W32,ТС5,528.25,21.74,7
r_00033288,family_001625,u_001625,2026-W33,ТС5,759.46,28.26,5
r_00033289,family_001625,u_001625,2026-W33,ТС5,706.54,36.82,10
r_00033290,family_001625,u_001625,2026-W33,ТС5,686.54,83.25,11
r_00033291,family_001625,u_001625,2026-W34,ТС5,629.64,22.57,11
r_00033292,family_001625,u_001625,2026-W34,ТС5,803.13,32.35,11
r_00033293,family_001625,u_001625,2026-W34,ТС5,539.96,19.96,6
r_00033294,family_001625,u_001625,2026-W35,ТС5,514.51,29.24,8
r_00033295,family_001625,u_001625,2026-W35,ТС5,537.81,0.00,8
r_00033296,family_001625,u_001625,2026-W36,ТС5,922.30,18.86,6
r_00033297,family_001625,u_001625,2026-W36,ТС5,769.00,37.39,7
r_00033298,family_001625,u_001625,2026-W36,ТС5,432.55,34.77,5
r_00033299,family_001626,u_001626,2026-W25,ТС5,482.53,90.52,8
r_00033300,family_001626,u_001626,2026-W25,ТС5,456.76,36.79,5
r_00033301,family_001626,u_001626,2026-W26,ТС5,629.43,21.51,6
r_00033302,family_001626,u_001626,2026-W26,ТС5,669.48,185.01,6
r_00033303,family_001626,u_001626,2026-W27,ТС5,670.66,33.18,7
r_00033304,family_001626,u_001626,2026-W27,ТС5,563.58,81.29,9
r_00033305,family_001626,u_001626,2026-W28,ТС5,559.53,90.59,7
r_00033306,family_001626,u_001626,2026-W28,ТС5,576.61,42.99,6
r_00033307,family_001626,u_001626,2026-W29,ТС5,601.42,61.95,8
r_00033308,family_001626,u_001626,2026-W29,ТС5,405.86,0.00,6
r_00033309,family_001626,u_001626,2026-W30,ТС5,683.10,72.41,8
r_00033310,family_001626,u_001626,2026-W30,ТС5,410.41,24.09,5
r_00033311,family_001626,u_001626,2026-W31,ТС5,646.31,30.79,10
r_00033312,family_001626,u_001626,2026-W31,ТС5,668.97,27.93,11
r_00033313,family_001626,u_001626,2026-W32,ТС5,608.15,168.43,5
r_00033314,family_001626,u_001626,2026-W32,ТС5,622.08,147.17,9
r_00033315,family_001626,u_001626,2026-W32,ТС5,640.47,77.65,8
r_00033316,family_001626,u_001626,2026-W33,ТС5,674.14,47.07,7
r_00033317,family_001626,u_001626,2026-W34,ТС5,790.41,124.49,8
r_00033318,family_001626,u_001626,2026-W34,ТС5,711.25,60.31,11
r_00033319,family_001626,u_001626,2026-W35,ТС5,674.90,171.37,11
r_00033320,family_001626,u_001626,2026-W36,ТС5,608.82,94.15,10
r_00033321,family_001626,u_001626,2026-W36,ТС5,579.73,68.71,7
r_00033352,family_001629,u_001629,2026-W25,ТСХ,1128.36,115.55,9
r_00033353,family_001629,u_001629,2026-W25,ТСХ,1114.57,41.48,7
r_00033354,family_001629,u_001629,2026-W26,ТСХ,867.61,37.02,10
r_00033355,family_001629,u_001629,2026-W26,ТСХ,992.32,143.21,10
r_00033356,family_001629,u_001629,2026-W27,ТСХ,1029.49,40.13,9
r_00033357,family_001629,u_001629,2026-W27,ТСХ,741.25,37.00,5
r_00033358,family_001629,u_001629,2026-W29,ТСХ,1044.23,43.33,9
r_00033359,family_001629,u_001629,2026-W29,ТСХ,738.97,12.46,9
r_00033360,family_001629,u_001629,2026-W31,ТСХ,760.08,104.18,10
r_00033361,family_001629,u_001629,2026-W31,ТСХ,847.74,53.37,11
r_00033362,family_001629,u_001629,2026-W32,ТСХ,1031.17,57.90,7
r_00033363,family_001629,u_001629,2026-W32,ТСХ,952.58,82.75,5
r_00033364,family_001629,u_001629,2026-W33,ТСХ,880.16,28.74,5
r_00033365,family_001629,u_001629,2026-W34,ТСХ,1014.41,79.64,9
r_00033366,family_001629,u_001629,2026-W34,ТСХ,915.20,43.05,8
r_00033367,family_001629,u_001629,2026-W34,ТСХ,1424.49,76.48,10
r_00033368,family_001629,u_001629,2026-W35,ТСХ,925.90,41.64,10
r_00033369,family_001629,u_001629,2026-W35,ТСХ,787.70,117.46,5
r_00033370,family_001629,u_001629,2026-W36,ТСХ,996.24,31.63,9
r_00033371,family_001629,u_001629,2026-W36,ТСХ,1057.52,34.65,7
r_00033438,family_001634,u_001634,2026-W25,ТС5,642.36,139.07,7
r_00033439,family_001634,u_001634,2026-W25,ТС5,535.44,52.81,7
r_00033440,family_001634,u_001634,2026-W25,ТС5,496.61,125.20,9
r_00033441,family_001634,u_001634,2026-W26,ТС5,579.63,68.20,5
r_00033442,family_001634,u_001634,2026-W26,ТС5,667.35,173.13,9
r_00033443,family_001634,u_001634,2026-W26,ТС5,531.15,83.48,9
r_00033444,family_001634,u_001634,2026-W27,ТС5,448.52,111.69,8
r_00033445,family_001634,u_001634,2026-W27,ТС5,475.64,80.10,9
r_00033446,family_001634,u_001634,2026-W27,ТС5,709.22,70.27,7
r_00033447,family_001634,u_001634,2026-W28,ТС5,526.50,127.25,10
r_00033448,family_001634,u_001634,2026-W28,ТС5,566.38,73.91,8
r_00033449,family_001634,u_001634,2026-W29,ТС5,649.99,41.67,7
r_00033450,family_001634,u_001634,2026-W29,ТС5,739.68,109.75,9
r_00033451,family_001634,u_001634,2026-W30,ТС5,397.79,9.91,11
r_00033452,family_001634,u_001634,2026-W30,ТС5,601.94,22.85,6
r_00033453,family_001634,u_001634,2026-W31,ТС5,556.62,75.48,11
r_00033454,family_001634,u_001634,2026-W31,ТС5,487.70,115.25,9
r_00033455,family_001634,u_001634,2026-W32,ТС5,585.47,25.03,7
r_00033456,family_001634,u_001634,2026-W32,ТС5,615.35,40.70,8
r_00033457,family_001634,u_001634,2026-W33,ТС5,680.48,61.35,10
r_00033458,family_001634,u_001634,2026-W33,ТС5,824.46,40.26,6
r_00033459,family_001634,u_001634,2026-W34,ТС5,668.08,65.88,8
r_00033460,family_001634,u_001634,2026-W34,ТС5,498.09,49.14,10
r_00033461,family_001634,u_001634,2026-W34,ТС5,687.69,94.83,11
r_00033462,family_001634,u_001634,2026-W35,ТС5,502.45,96.60,9
r_00033463,family_001634,u_001634,2026-W35,ТС5,763.29,35.85,5
r_00033464,family_001634,u_001634,2026-W35,ТС5,653.97,121.58,11
r_00033465,family_001634,u_001634,2026-W36,ТС5,751.44,26.69,11
r_00033466,family_001634,u_001634,2026-W36,ТС5,661.12,69.71,8
r_00033508,family_001637,u_001637,2026-W25,ТСЧ,1008.59,74.57,5
r_00033509,family_001637,u_001637,2026-W25,ТСЧ,935.36,89.17,10
r_00033510,family_001637,u_001637,2026-W26,ТСЧ,743.82,67.89,5
r_00033511,family_001637,u_001637,2026-W26,ТСЧ,684.66,69.20,8
r_00033512,family_001637,u_001637,2026-W27,ТСЧ,964.09,23.42,8
r_00033513,family_001637,u_001637,2026-W27,ТСЧ,762.78,66.46,7
r_00033514,family_001637,u_001637,2026-W27,ТСЧ,823.32,39.12,8
r_00033515,family_001637,u_001637,2026-W28,ТСЧ,835.93,51.26,9
r_00033516,family_001637,u_001637,2026-W28,ТСЧ,694.71,71.84,11
r_00033517,family_001637,u_001637,2026-W29,ТСЧ,600.86,33.42,7
r_00033518,family_001637,u_001637,2026-W29,ТСЧ,447.00,34.65,8
r_00033519,family_001637,u_001637,2026-W30,ТСЧ,791.34,48.31,7
r_00033520,family_001637,u_001637,2026-W30,ТСЧ,1162.11,0.00,5
r_00033521,family_001637,u_001637,2026-W31,ТСЧ,879.22,19.20,9
r_00033522,family_001637,u_001637,2026-W31,ТСЧ,704.51,73.44,7
r_00033523,family_001637,u_001637,2026-W32,ТСЧ,720.69,35.49,5
r_00033524,family_001637,u_001637,2026-W32,ТСЧ,832.91,70.50,9
r_00033525,family_001637,u_001637,2026-W32,ТСЧ,993.08,64.11,9
r_00033526,family_001637,u_001637,2026-W33,ТСЧ,951.19,12.28,10
r_00033527,family_001637,u_001637,2026-W33,ТСЧ,902.10,15.18,9
r_00033528,family_001637,u_001637,2026-W34,ТСЧ,870.59,28.14,6
r_00033529,family_001637,u_001637,2026-W34,ТСЧ,837.59,22.29,5
r_00033530,family_001637,u_001637,2026-W35,ТСЧ,946.81,64.82,11
r_00033531,family_001637,u_001637,2026-W35,ТСЧ,851.91,26.22,9
r_00033532,family_001637,u_001637,2026-W36,ТСЧ,1017.66,49.98,10
r_00033533,family_001637,u_001637,2026-W36,ТСЧ,917.72,0.00,5
r_00033575,family_001639,u_001639,2026-W25,ТСЧ,1043.88,80.18,11
r_00033576,family_001639,u_001639,2026-W25,ТСЧ,684.03,27.29,9
r_00033577,family_001639,u_001639,2026-W25,ТСЧ,709.75,68.12,5
r_00033578,family_001639,u_001639,2026-W26,ТСЧ,1052.37,43.38,8
r_00033579,family_001639,u_001639,2026-W26,ТСЧ,680.81,65.98,8
r_00033580,family_001639,u_001639,2026-W26,ТСЧ,1055.96,0.00,5
r_00033581,family_001639,u_001639,2026-W27,ТСЧ,566.93,28.17,7
r_00033582,family_001639,u_001639,2026-W27,ТСЧ,921.26,151.22,6
r_00033583,family_001639,u_001639,2026-W28,ТСЧ,720.86,43.89,6
r_00033584,family_001639,u_001639,2026-W28,ТСЧ,669.14,20.87,8
r_00033585,family_001639,u_001639,2026-W28,ТСЧ,762.35,61.64,8
r_00033586,family_001639,u_001639,2026-W28,ТСЧ,1056.07,85.83,8
r_00033587,family_001639,u_001639,2026-W29,ТСЧ,710.05,44.69,10
r_00033588,family_001639,u_001639,2026-W29,ТСЧ,841.47,26.63,6
r_00033589,family_001639,u_001639,2026-W30,ТСЧ,702.21,48.06,8
r_00033590,family_001639,u_001639,2026-W30,ТСЧ,717.02,48.62,9
r_00033591,family_001639,u_001639,2026-W30,ТСЧ,905.99,60.75,5
r_00033592,family_001639,u_001639,2026-W31,ТСЧ,981.75,31.47,5
r_00033593,family_001639,u_001639,2026-W31,ТСЧ,693.36,24.69,7
r_00033594,family_001639,u_001639,2026-W31,ТСЧ,762.72,62.63,9
r_00033595,family_001639,u_001639,2026-W32,ТСЧ,936.93,33.78,6
r_00033596,family_001639,u_001639,2026-W32,ТСЧ,767.94,51.96,10
r_00033597,family_001639,u_001639,2026-W32,ТСЧ,901.79,49.98,8
r_00033598,family_001639,u_001639,2026-W33,ТСЧ,817.27,0.00,11
r_00033599,family_001639,u_001639,2026-W33,ТСЧ,649.23,76.91,6
r_00033600,family_001639,u_001639,2026-W33,ТСЧ,980.45,57.20,10
r_00033601,family_001639,u_001639,2026-W34,ТСЧ,841.78,58.64,6
r_00033602,family_001639,u_001639,2026-W34,ТСЧ,598.23,71.33,7
r_00033603,family_001639,u_001639,2026-W34,ТСЧ,857.54,0.00,8
r_00033604,family_001639,u_001639,2026-W35,ТСЧ,937.96,44.51,10
r_00033605,family_001639,u_001639,2026-W35,ТСЧ,937.84,83.68,9
r_00033606,family_001639,u_001639,2026-W35,ТСЧ,621.81,55.53,10
r_00033607,family_001639,u_001639,2026-W36,ТСЧ,1006.16,34.98,5
r_00033608,family_001639,u_001639,2026-W36,ТСЧ,833.07,19.00,8
r_00033609,family_001639,u_001639,2026-W36,ТСЧ,466.96,31.69,6
r_00033610,family_001640,u_001640,2026-W25,ТС5,514.92,43.60,11
r_00033611,family_001640,u_001640,2026-W25,ТС5,726.68,57.74,11
r_00033612,family_001640,u_001640,2026-W25,ТС5,787.65,0.00,6
r_00033613,family_001640,u_001640,2026-W26,ТС5,574.18,35.04,8
r_00033614,family_001640,u_001640,2026-W26,ТС5,622.63,0.00,6
r_00033615,family_001640,u_001640,2026-W27,ТС5,425.55,25.92,7
r_00033616,family_001640,u_001640,2026-W27,ТС5,660.79,53.29,10
r_00033617,family_001640,u_001640,2026-W28,ТС5,757.70,60.61,5
r_00033618,family_001640,u_001640,2026-W28,ТС5,525.73,42.07,9
r_00033619,family_001640,u_001640,2026-W28,ТС5,966.81,26.40,10
r_00033620,family_001640,u_001640,2026-W29,ТС5,713.44,30.40,6
r_00033621,family_001640,u_001640,2026-W29,ТС5,622.31,48.34,11
r_00033622,family_001640,u_001640,2026-W30,ТС5,719.82,34.25,10
r_00033623,family_001640,u_001640,2026-W30,ТС5,699.56,113.64,6
r_00033624,family_001640,u_001640,2026-W31,ТС5,702.05,59.07,10
r_00033625,family_001640,u_001640,2026-W31,ТС5,461.07,22.73,5
r_00033626,family_001640,u_001640,2026-W32,ТС5,547.12,12.88,11
r_00033627,family_001640,u_001640,2026-W32,ТС5,660.13,45.31,5
r_00033628,family_001640,u_001640,2026-W32,ТС5,828.80,15.54,5
r_00033629,family_001640,u_001640,2026-W33,ТС5,471.31,24.98,8
r_00033630,family_001640,u_001640,2026-W33,ТС5,733.77,45.99,10
r_00033631,family_001640,u_001640,2026-W33,ТС5,839.07,40.62,11
r_00033632,family_001640,u_001640,2026-W34,ТС5,667.05,37.26,10
r_00033633,family_001640,u_001640,2026-W34,ТС5,880.60,38.25,5
r_00033634,family_001640,u_001640,2026-W34,ТС5,507.47,18.58,9
r_00033635,family_001640,u_001640,2026-W35,ТС5,489.27,32.04,8
r_00033636,family_001640,u_001640,2026-W35,ТС5,575.86,7.65,10
r_00033637,family_001640,u_001640,2026-W36,ТС5,782.19,79.00,9
r_00033638,family_001640,u_001640,2026-W36,ТС5,713.53,41.71,8
r_00033639,family_001640,u_001640,2026-W36,ТС5,394.35,21.35,7
r_00033682,family_001644,u_001644,2026-W25,ТС5,892.45,20.47,8
r_00033683,family_001644,u_001644,2026-W26,ТС5,598.62,19.30,5
r_00033684,family_001644,u_001644,2026-W26,ТС5,662.30,26.86,6
r_00033685,family_001644,u_001644,2026-W27,ТС5,656.21,26.44,5
r_00033686,family_001644,u_001644,2026-W28,ТС5,641.68,21.32,9
r_00033687,family_001644,u_001644,2026-W29,ТС5,689.31,88.69,5
r_00033688,family_001644,u_001644,2026-W30,ТС5,656.14,50.51,9
r_00033689,family_001644,u_001644,2026-W30,ТС5,511.77,49.26,10
r_00033690,family_001644,u_001644,2026-W31,ТС5,950.74,24.12,9
r_00033691,family_001644,u_001644,2026-W32,ТС5,564.04,59.42,8
r_00033692,family_001644,u_001644,2026-W33,ТС5,892.61,22.03,11
r_00033693,family_001644,u_001644,2026-W34,ТС5,377.06,8.29,5
r_00033694,family_001644,u_001644,2026-W34,ТС5,731.89,49.06,6
r_00033695,family_001644,u_001644,2026-W35,ТС5,702.83,39.12,6
r_00033696,family_001644,u_001644,2026-W36,ТС5,597.64,70.44,7
r_00033697,family_001644,u_001644,2026-W36,ТС5,666.99,7.65,9
r_00033730,family_001647,u_001647,2026-W25,ТСЧ,1064.61,70.61,10
r_00033731,family_001647,u_001647,2026-W25,ТСЧ,600.56,81.02,8
r_00033732,family_001647,u_001647,2026-W26,ТСЧ,945.74,30.11,7
r_00033733,family_001647,u_001647,2026-W26,ТСЧ,481.96,11.63,11
r_00033734,family_001647,u_001647,2026-W27,ТСЧ,780.49,27.40,7
r_00033735,family_001647,u_001647,2026-W27,ТСЧ,777.41,12.30,6
r_00033736,family_001647,u_001647,2026-W28,ТСЧ,951.36,61.89,7
r_00033737,family_001647,u_001647,2026-W28,ТСЧ,835.19,37.77,8
r_00033738,family_001647,u_001647,2026-W28,ТСЧ,528.90,17.91,10
r_00033739,family_001647,u_001647,2026-W29,ТСЧ,528.53,9.39,5
r_00033740,family_001647,u_001647,2026-W29,ТСЧ,1014.90,81.94,10
r_00033741,family_001647,u_001647,2026-W29,ТСЧ,918.34,40.83,11
r_00033742,family_001647,u_001647,2026-W30,ТСЧ,1019.52,37.59,5
r_00033743,family_001647,u_001647,2026-W30,ТСЧ,724.35,37.15,6
r_00033744,family_001647,u_001647,2026-W31,ТСЧ,523.02,17.69,10
r_00033745,family_001647,u_001647,2026-W31,ТСЧ,848.87,29.01,5
r_00033746,family_001647,u_001647,2026-W31,ТСЧ,1073.28,44.92,10
r_00033747,family_001647,u_001647,2026-W32,ТСЧ,898.91,30.15,6
r_00033748,family_001647,u_001647,2026-W32,ТСЧ,655.76,52.49,10
r_00033749,family_001647,u_001647,2026-W33,ТСЧ,658.69,33.26,11
r_00033750,family_001647,u_001647,2026-W33,ТСЧ,848.47,78.90,11
r_00033751,family_001647,u_001647,2026-W33,ТСЧ,761.13,55.64,7
r_00033752,family_001647,u_001647,2026-W34,ТСЧ,893.94,25.57,9
r_00033753,family_001647,u_001647,2026-W34,ТСЧ,1051.79,49.45,6
r_00033754,family_001647,u_001647,2026-W34,ТСЧ,919.56,107.92,11
r_00033755,family_001647,u_001647,2026-W35,ТСЧ,812.35,61.02,5
r_00033756,family_001647,u_001647,2026-W35,ТСЧ,747.22,48.13,6
r_00033757,family_001647,u_001647,2026-W35,ТСЧ,746.58,116.55,9
r_00033758,family_001647,u_001647,2026-W36,ТСЧ,866.98,39.47,8
r_00033759,family_001647,u_001647,2026-W36,ТСЧ,985.68,92.52,11
r_00033828,family_001653,u_001653,2026-W25,ТСХ,988.10,42.21,11
r_00033829,family_001653,u_001653,2026-W25,ТСХ,811.07,161.73,7
r_00033830,family_001653,u_001653,2026-W26,ТСХ,1026.88,42.97,10
r_00033831,family_001653,u_001653,2026-W26,ТСХ,905.96,58.59,6
r_00033832,family_001653,u_001653,2026-W27,ТСХ,1145.35,124.85,11
r_00033833,family_001653,u_001653,2026-W27,ТСХ,798.02,25.41,8
r_00033834,family_001653,u_001653,2026-W28,ТСХ,1119.80,34.81,10
r_00033835,family_001653,u_001653,2026-W28,ТСХ,637.12,62.33,5
r_00033836,family_001653,u_001653,2026-W29,ТСХ,911.32,48.92,7
r_00033837,family_001653,u_001653,2026-W29,ТСХ,954.85,0.00,8
r_00033838,family_001653,u_001653,2026-W30,ТСХ,1356.15,47.82,6
r_00033839,family_001653,u_001653,2026-W30,ТСХ,1261.97,20.30,7
r_00033840,family_001653,u_001653,2026-W31,ТСХ,1022.98,26.66,9
r_00033841,family_001653,u_001653,2026-W31,ТСХ,1017.49,71.05,6
r_00033842,family_001653,u_001653,2026-W32,ТСХ,803.53,43.41,11
r_00033843,family_001653,u_001653,2026-W32,ТСХ,924.39,42.52,6
r_00033844,family_001653,u_001653,2026-W33,ТСХ,1103.26,29.96,7
r_00033845,family_001653,u_001653,2026-W33,ТСХ,977.51,88.85,11
r_00033846,family_001653,u_001653,2026-W34,ТСХ,561.91,47.59,6
r_00033847,family_001653,u_001653,2026-W34,ТСХ,777.59,0.00,5
r_00033848,family_001653,u_001653,2026-W34,ТСХ,854.05,125.09,8
r_00033849,family_001653,u_001653,2026-W35,ТСХ,1164.88,58.75,8
r_00033850,family_001653,u_001653,2026-W35,ТСХ,713.73,24.02,7
r_00033851,family_001653,u_001653,2026-W36,ТСХ,1048.29,65.56,9
r_00033852,family_001653,u_001653,2026-W36,ТСХ,1261.55,0.00,6
r_00033877,family_001655,u_001655,2026-W25,ТС5,554.74,32.23,6
r_00033878,family_001655,u_001655,2026-W26,ТС5,917.88,62.52,8
r_00033879,family_001655,u_001655,2026-W26,ТС5,798.10,33.86,11
r_00033880,family_001655,u_001655,2026-W27,ТС5,522.41,47.36,6
r_00033881,family_001655,u_001655,2026-W28,ТС5,573.37,49.87,11
r_00033882,family_001655,u_001655,2026-W28,ТС5,545.69,33.47,5
r_00033883,family_001655,u_001655,2026-W29,ТС5,634.19,22.60,10
r_00033884,family_001655,u_001655,2026-W30,ТС5,478.82,12.44,11
r_00033885,family_001655,u_001655,2026-W30,ТС5,637.01,21.15,11
r_00033886,family_001655,u_001655,2026-W31,ТС5,620.04,12.21,5
r_00033887,family_001655,u_001655,2026-W31,ТС5,659.21,19.07,10
r_00033888,family_001655,u_001655,2026-W32,ТС5,635.66,60.83,11
r_00033889,family_001655,u_001655,2026-W32,ТС5,551.36,24.91,11
r_00033890,family_001655,u_001655,2026-W33,ТС5,692.40,55.74,9
r_00033891,family_001655,u_001655,2026-W34,ТС5,591.07,54.29,9
r_00033892,family_001655,u_001655,2026-W34,ТС5,644.64,41.61,7
r_00033893,family_001655,u_001655,2026-W35,ТС5,863.43,44.61,9
r_00033894,family_001655,u_001655,2026-W36,ТС5,652.64,61.52,6
r_00033967,family_001661,u_001661,2026-W25,ТСЧ,639.83,46.80,7
r_00033968,family_001661,u_001661,2026-W25,ТСЧ,783.73,41.93,7
r_00033969,family_001661,u_001661,2026-W26,ТСЧ,583.52,23.35,11
r_00033970,family_001661,u_001661,2026-W26,ТСЧ,567.75,37.23,8
r_00033971,family_001661,u_001661,2026-W26,ТСЧ,751.54,38.93,5
r_00033972,family_001661,u_001661,2026-W27,ТСЧ,1008.79,46.64,10
r_00033973,family_001661,u_001661,2026-W27,ТСЧ,697.59,95.72,8
r_00033974,family_001661,u_001661,2026-W28,ТСЧ,845.70,19.12,9
r_00033975,family_001661,u_001661,2026-W28,ТСЧ,995.78,128.82,11
r_00033976,family_001661,u_001661,2026-W29,ТСЧ,1077.35,108.61,8
r_00033977,family_001661,u_001661,2026-W29,ТСЧ,773.88,28.91,10
r_00033978,family_001661,u_001661,2026-W30,ТСЧ,793.05,49.82,7
r_00033979,family_001661,u_001661,2026-W30,ТСЧ,894.55,36.63,9
r_00033980,family_001661,u_001661,2026-W30,ТСЧ,1016.79,53.33,10
r_00033981,family_001661,u_001661,2026-W31,ТСЧ,788.39,24.95,6
r_00033982,family_001661,u_001661,2026-W31,ТСЧ,663.71,40.04,5
r_00033983,family_001661,u_001661,2026-W32,ТСЧ,454.58,25.67,11
r_00033984,family_001661,u_001661,2026-W32,ТСЧ,903.72,34.84,7
r_00033985,family_001661,u_001661,2026-W33,ТСЧ,725.11,46.77,6
r_00033986,family_001661,u_001661,2026-W33,ТСЧ,700.48,21.79,9
r_00033987,family_001661,u_001661,2026-W34,ТСЧ,1052.94,24.62,11
r_00033988,family_001661,u_001661,2026-W34,ТСЧ,916.74,52.98,11
r_00033989,family_001661,u_001661,2026-W35,ТСЧ,1030.41,28.79,8
r_00033990,family_001661,u_001661,2026-W35,ТСЧ,746.18,80.97,11
r_00033991,family_001661,u_001661,2026-W36,ТСЧ,1253.82,62.15,11
r_00033992,family_001661,u_001661,2026-W36,ТСЧ,798.99,0.00,6
r_00033993,family_001661,u_001661,2026-W36,ТСЧ,1060.53,44.71,6
r_00033994,family_001662,u_001662,2026-W25,ТС5,618.37,90.55,5
r_00033995,family_001662,u_001662,2026-W25,ТС5,660.39,48.00,10
r_00033996,family_001662,u_001662,2026-W26,ТС5,435.51,66.97,10
r_00033997,family_001662,u_001662,2026-W26,ТС5,649.74,43.91,9
r_00033998,family_001662,u_001662,2026-W26,ТС5,709.04,101.25,10
r_00033999,family_001662,u_001662,2026-W27,ТС5,642.34,47.55,11
r_00034000,family_001662,u_001662,2026-W27,ТС5,694.38,65.07,8
r_00034001,family_001662,u_001662,2026-W27,ТС5,733.81,15.30,6
r_00034002,family_001662,u_001662,2026-W28,ТС5,543.60,110.95,11
r_00034003,family_001662,u_001662,2026-W28,ТС5,498.27,75.91,10
r_00034004,family_001662,u_001662,2026-W28,ТС5,571.95,38.55,10
r_00034005,family_001662,u_001662,2026-W29,ТС5,642.53,104.72,9
r_00034006,family_001662,u_001662,2026-W29,ТС5,532.58,112.42,5
r_00034007,family_001662,u_001662,2026-W30,ТС5,485.77,43.38,10
r_00034008,family_001662,u_001662,2026-W30,ТС5,524.94,69.39,7
r_00034009,family_001662,u_001662,2026-W31,ТС5,750.87,61.10,7
r_00034010,family_001662,u_001662,2026-W31,ТС5,686.76,43.32,6
r_00034011,family_001662,u_001662,2026-W32,ТС5,742.83,53.64,10
r_00034012,family_001662,u_001662,2026-W32,ТС5,647.29,88.04,8
r_00034013,family_001662,u_001662,2026-W33,ТС5,587.31,48.08,6
r_00034014,family_001662,u_001662,2026-W33,ТС5,691.51,51.15,6
r_00034015,family_001662,u_001662,2026-W34,ТС5,760.90,100.76,8
r_00034016,family_001662,u_001662,2026-W34,ТС5,401.12,52.79,9
r_00034017,family_001662,u_001662,2026-W35,ТС5,525.78,123.27,8
r_00034018,family_001662,u_001662,2026-W35,ТС5,628.95,52.13,8
r_00034019,family_001662,u_001662,2026-W35,ТС5,606.65,64.63,6
r_00034020,family_001662,u_001662,2026-W36,ТС5,536.95,37.55,8
r_00034021,family_001662,u_001662,2026-W36,ТС5,587.75,38.23,5
r_00034100,family_001667,u_001667,2026-W25,ТС5,543.76,40.95,10
r_00034101,family_001667,u_001667,2026-W25,ТС5,789.64,24.77,8
r_00034102,family_001667,u_001667,2026-W26,ТС5,684.08,50.48,7
r_00034103,family_001667,u_001667,2026-W26,ТС5,509.87,40.52,7
r_00034104,family_001667,u_001667,2026-W26,ТС5,658.82,41.79,9
r_00034105,family_001667,u_001667,2026-W27,ТС5,514.83,36.05,7
r_00034106,family_001667,u_001667,2026-W27,ТС5,855.78,16.10,6
r_00034107,family_001667,u_001667,2026-W28,ТС5,840.83,0.00,6
r_00034108,family_001667,u_001667,2026-W28,ТС5,548.77,80.72,5
r_00034109,family_001667,u_001667,2026-W28,ТС5,619.10,0.00,8
r_00034110,family_001667,u_001667,2026-W29,ТС5,709.76,50.89,10
r_00034111,family_001667,u_001667,2026-W29,ТС5,508.04,19.66,9
r_00034112,family_001667,u_001667,2026-W29,ТС5,683.48,17.14,11
r_00034113,family_001667,u_001667,2026-W30,ТС5,622.63,51.06,11
r_00034114,family_001667,u_001667,2026-W30,ТС5,375.80,21.08,11
r_00034115,family_001667,u_001667,2026-W31,ТС5,619.28,37.17,7
r_00034116,family_001667,u_001667,2026-W31,ТС5,609.69,59.68,5
r_00034117,family_001667,u_001667,2026-W32,ТС5,646.71,93.50,10
r_00034118,family_001667,u_001667,2026-W32,ТС5,747.84,31.65,5
r_00034119,family_001667,u_001667,2026-W33,ТС5,587.95,14.97,5
r_00034120,family_001667,u_001667,2026-W33,ТС5,569.37,111.19,7
r_00034121,family_001667,u_001667,2026-W33,ТС5,866.27,58.47,9
r_00034122,family_001667,u_001667,2026-W34,ТС5,725.49,38.44,11
r_00034123,family_001667,u_001667,2026-W34,ТС5,749.27,13.02,11
r_00034124,family_001667,u_001667,2026-W34,ТС5,716.75,28.51,7
r_00034125,family_001667,u_001667,2026-W35,ТС5,655.20,35.48,6
r_00034126,family_001667,u_001667,2026-W35,ТС5,648.67,50.92,9
r_00034127,family_001667,u_001667,2026-W36,ТС5,834.43,0.00,5
r_00034128,family_001667,u_001667,2026-W36,ТС5,817.95,53.15,8
r_00034129,family_001668,u_001668,2026-W25,ТСЧ,863.26,233.12,9
r_00034130,family_001668,u_001668,2026-W25,ТСЧ,592.04,70.31,10
r_00034131,family_001668,u_001668,2026-W25,ТСЧ,826.54,45.25,7
r_00034132,family_001668,u_001668,2026-W26,ТСЧ,757.32,161.11,6
r_00034133,family_001668,u_001668,2026-W26,ТСЧ,667.16,43.87,11
r_00034134,family_001668,u_001668,2026-W26,ТСЧ,739.58,94.19,5
r_00034135,family_001668,u_001668,2026-W27,ТСЧ,785.33,108.70,7
r_00034136,family_001668,u_001668,2026-W27,ТСЧ,797.34,86.70,8
r_00034137,family_001668,u_001668,2026-W27,ТСЧ,761.02,17.86,6
r_00034138,family_001668,u_001668,2026-W28,ТСЧ,984.68,71.84,5
r_00034139,family_001668,u_001668,2026-W29,ТСЧ,838.40,241.36,9
r_00034140,family_001668,u_001668,2026-W29,ТСЧ,547.53,42.81,5
r_00034141,family_001668,u_001668,2026-W29,ТСЧ,615.19,74.13,6
r_00034142,family_001668,u_001668,2026-W30,ТСЧ,748.00,101.32,11
r_00034143,family_001668,u_001668,2026-W30,ТСЧ,869.98,99.63,5
r_00034144,family_001668,u_001668,2026-W31,ТСЧ,628.85,113.44,10
r_00034145,family_001668,u_001668,2026-W31,ТСЧ,688.83,99.59,6
r_00034146,family_001668,u_001668,2026-W32,ТСЧ,693.30,113.37,11
r_00034147,family_001668,u_001668,2026-W32,ТСЧ,668.82,119.18,10
r_00034148,family_001668,u_001668,2026-W32,ТСЧ,636.24,58.25,10
r_00034149,family_001668,u_001668,2026-W33,ТСЧ,604.75,117.45,10
r_00034150,family_001668,u_001668,2026-W33,ТСЧ,918.39,76.97,9
r_00034151,family_001668,u_001668,2026-W34,ТСЧ,817.19,132.70,10
r_00034152,family_001668,u_001668,2026-W34,ТСЧ,713.56,76.95,8
r_00034153,family_001668,u_001668,2026-W34,ТСЧ,661.23,146.70,10
r_00034154,family_001668,u_001668,2026-W35,ТСЧ,695.78,98.24,5
r_00034155,family_001668,u_001668,2026-W35,ТСЧ,793.63,87.19,11
r_00034156,family_001668,u_001668,2026-W35,ТСЧ,646.74,211.44,9
r_00034157,family_001668,u_001668,2026-W36,ТСЧ,530.49,88.72,10
r_00034158,family_001668,u_001668,2026-W36,ТСЧ,796.58,47.92,5
r_00034159,family_001668,u_001668,2026-W36,ТСЧ,741.49,87.65,11
r_00034313,family_001674,u_001674,2026-W25,ТС5,584.41,30.37,7
r_00034314,family_001674,u_001674,2026-W25,ТС5,729.00,53.79,10
r_00034315,family_001674,u_001674,2026-W25,ТС5,327.94,50.74,6
r_00034316,family_001674,u_001674,2026-W26,ТС5,367.86,37.60,8
r_00034317,family_001674,u_001674,2026-W26,ТС5,503.02,80.94,7
r_00034318,family_001674,u_001674,2026-W26,ТС5,518.20,20.96,7
r_00034319,family_001674,u_001674,2026-W27,ТС5,568.40,94.37,5
r_00034320,family_001674,u_001674,2026-W27,ТС5,710.35,82.64,11
r_00034321,family_001674,u_001674,2026-W27,ТС5,634.70,32.24,8
r_00034322,family_001674,u_001674,2026-W27,ТС5,505.61,50.57,6
r_00034323,family_001674,u_001674,2026-W28,ТС5,610.79,82.79,5
r_00034324,family_001674,u_001674,2026-W28,ТС5,613.20,75.06,6
r_00034325,family_001674,u_001674,2026-W28,ТС5,691.77,101.64,7
r_00034326,family_001674,u_001674,2026-W29,ТС5,366.22,40.81,9
r_00034327,family_001674,u_001674,2026-W29,ТС5,523.67,93.55,6
r_00034328,family_001674,u_001674,2026-W30,ТС5,466.04,60.68,5
r_00034329,family_001674,u_001674,2026-W30,ТС5,450.65,95.63,8
r_00034330,family_001674,u_001674,2026-W30,ТС5,780.75,167.78,9
r_00034331,family_001674,u_001674,2026-W31,ТС5,628.33,55.71,7
r_00034332,family_001674,u_001674,2026-W31,ТС5,693.48,62.67,7
r_00034333,family_001674,u_001674,2026-W31,ТС5,532.40,77.38,8
r_00034334,family_001674,u_001674,2026-W31,ТС5,727.57,66.31,9
r_00034335,family_001674,u_001674,2026-W32,ТС5,725.74,56.00,10
r_00034336,family_001674,u_001674,2026-W32,ТС5,578.08,91.78,5
r_00034337,family_001674,u_001674,2026-W32,ТС5,485.73,76.31,10
r_00034338,family_001674,u_001674,2026-W33,ТС5,908.81,58.52,10
r_00034339,family_001674,u_001674,2026-W33,ТС5,668.95,91.95,10
r_00034340,family_001674,u_001674,2026-W33,ТС5,619.16,62.05,7
r_00034341,family_001674,u_001674,2026-W34,ТС5,656.07,92.35,10
r_00034342,family_001674,u_001674,2026-W34,ТС5,552.91,57.03,9
r_00034343,family_001674,u_001674,2026-W34,ТС5,469.09,35.39,6
r_00034344,family_001674,u_001674,2026-W35,ТС5,448.46,57.35,5
r_00034345,family_001674,u_001674,2026-W35,ТС5,552.57,86.35,6
r_00034346,family_001674,u_001674,2026-W35,ТС5,593.96,72.77,5
r_00034347,family_001674,u_001674,2026-W36,ТС5,416.85,20.81,7
r_00034348,family_001674,u_001674,2026-W36,ТС5,611.67,69.99,8
r_00034349,family_001674,u_001674,2026-W36,ТС5,688.21,36.19,9
r_00034378,family_001677,u_001677,2026-W25,ТСЧ,883.95,27.62,10
r_00034379,family_001677,u_001677,2026-W25,ТСЧ,989.15,32.97,8
r_00034380,family_001677,u_001677,2026-W25,ТСЧ,852.29,134.74,6
r_00034381,family_001677,u_001677,2026-W26,ТСЧ,791.21,75.82,7
r_00034382,family_001677,u_001677,2026-W26,ТСЧ,948.72,56.33,11
r_00034383,family_001677,u_001677,2026-W27,ТСЧ,925.17,0.00,5
r_00034384,family_001677,u_001677,2026-W27,ТСЧ,929.06,55.52,11
r_00034385,family_001677,u_001677,2026-W28,ТСЧ,726.83,47.88,11
r_00034386,family_001677,u_001677,2026-W28,ТСЧ,754.34,21.31,5
r_00034387,family_001677,u_001677,2026-W29,ТСЧ,912.51,113.11,5
r_00034388,family_001677,u_001677,2026-W29,ТСЧ,980.22,100.22,11
r_00034389,family_001677,u_001677,2026-W29,ТСЧ,775.95,46.36,9
r_00034390,family_001677,u_001677,2026-W30,ТСЧ,786.11,79.72,8
r_00034391,family_001677,u_001677,2026-W30,ТСЧ,783.29,56.97,5
r_00034392,family_001677,u_001677,2026-W31,ТСЧ,699.29,39.57,6
r_00034393,family_001677,u_001677,2026-W31,ТСЧ,697.88,26.49,7
r_00034394,family_001677,u_001677,2026-W31,ТСЧ,682.40,73.03,5
r_00034395,family_001677,u_001677,2026-W32,ТСЧ,1066.75,72.50,7
r_00034396,family_001677,u_001677,2026-W32,ТСЧ,649.40,35.88,6
r_00034397,family_001677,u_001677,2026-W32,ТСЧ,721.70,26.19,11
r_00034398,family_001677,u_001677,2026-W33,ТСЧ,868.80,47.91,11
r_00034399,family_001677,u_001677,2026-W33,ТСЧ,742.69,60.67,7
r_00034400,family_001677,u_001677,2026-W33,ТСЧ,882.85,36.94,8
r_00034401,family_001677,u_001677,2026-W34,ТСЧ,853.02,44.46,5
r_00034402,family_001677,u_001677,2026-W34,ТСЧ,862.86,124.21,6
r_00034403,family_001677,u_001677,2026-W34,ТСЧ,812.66,52.60,7
r_00034404,family_001677,u_001677,2026-W35,ТСЧ,1089.49,89.92,8
r_00034405,family_001677,u_001677,2026-W35,ТСЧ,777.30,24.79,8
r_00034406,family_001677,u_001677,2026-W36,ТСЧ,822.18,106.42,10
r_00034407,family_001677,u_001677,2026-W36,ТСЧ,962.54,49.44,11
r_00034408,family_001677,u_001677,2026-W36,ТСЧ,698.12,41.19,11
r_00034441,family_001679,u_001679,2026-W25,ТСХ,1318.02,52.71,8
r_00034442,family_001679,u_001679,2026-W26,ТСХ,943.34,40.60,9
r_00034443,family_001679,u_001679,2026-W26,ТСХ,1210.47,0.00,6
r_00034444,family_001679,u_001679,2026-W27,ТСХ,1123.73,44.91,9
r_00034445,family_001679,u_001679,2026-W27,ТСХ,891.94,98.20,6
r_00034446,family_001679,u_001679,2026-W28,ТСХ,1265.50,89.06,11
r_00034447,family_001679,u_001679,2026-W28,ТСХ,902.22,139.58,5
r_00034448,family_001679,u_001679,2026-W29,ТСХ,954.48,29.59,5
r_00034449,family_001679,u_001679,2026-W29,ТСХ,1147.02,51.01,5
r_00034450,family_001679,u_001679,2026-W30,ТСХ,995.81,38.68,11
r_00034451,family_001679,u_001679,2026-W31,ТСХ,918.95,57.08,11
r_00034452,family_001679,u_001679,2026-W31,ТСХ,1014.81,27.09,10
r_00034453,family_001679,u_001679,2026-W32,ТСХ,1113.91,12.02,9
r_00034454,family_001679,u_001679,2026-W33,ТСХ,1020.38,109.36,5
r_00034455,family_001679,u_001679,2026-W34,ТСХ,1001.78,59.57,9
r_00034456,family_001679,u_001679,2026-W35,ТСХ,1215.70,78.81,5
r_00034457,family_001679,u_001679,2026-W35,ТСХ,1168.38,0.00,8
r_00034458,family_001679,u_001679,2026-W36,ТСХ,1252.30,0.00,5
r_00034459,family_001680,u_001680,2026-W25,ТСЧ,935.19,84.05,11
r_00034460,family_001680,u_001680,2026-W25,ТСЧ,855.12,74.19,8
r_00034461,family_001680,u_001680,2026-W26,ТСЧ,899.93,21.35,11
r_00034462,family_001680,u_001680,2026-W26,ТСЧ,941.99,75.06,9
r_00034463,family_001680,u_001680,2026-W27,ТСЧ,795.94,15.35,8
r_00034464,family_001680,u_001680,2026-W27,ТСЧ,947.23,51.27,10
r_00034465,family_001680,u_001680,2026-W28,ТСЧ,1029.66,91.07,7
r_00034466,family_001680,u_001680,2026-W29,ТСЧ,857.31,71.02,10
r_00034467,family_001680,u_001680,2026-W30,ТСЧ,647.86,19.35,6
r_00034468,family_001680,u_001680,2026-W31,ТСЧ,942.17,28.60,10
r_00034469,family_001680,u_001680,2026-W31,ТСЧ,676.95,59.92,9
r_00034470,family_001680,u_001680,2026-W32,ТСЧ,695.23,40.73,8
r_00034471,family_001680,u_001680,2026-W32,ТСЧ,768.25,22.81,9
r_00034472,family_001680,u_001680,2026-W33,ТСЧ,1144.22,40.86,8
r_00034473,family_001680,u_001680,2026-W34,ТСЧ,840.75,74.71,6
r_00034474,family_001680,u_001680,2026-W35,ТСЧ,579.98,69.70,9
r_00034475,family_001680,u_001680,2026-W36,ТСЧ,743.08,0.00,5
r_00034476,family_001680,u_001680,2026-W36,ТСЧ,630.55,0.00,5
r_00034477,family_001681,u_001681,2026-W25,ТС5,553.46,37.55,5
r_00034478,family_001681,u_001681,2026-W25,ТС5,525.50,22.87,5
r_00034479,family_001681,u_001681,2026-W26,ТС5,762.29,67.97,8
r_00034480,family_001681,u_001681,2026-W26,ТС5,555.80,21.28,8
r_00034481,family_001681,u_001681,2026-W27,ТС5,589.28,20.86,9
r_00034482,family_001681,u_001681,2026-W27,ТС5,470.12,29.32,8
r_00034483,family_001681,u_001681,2026-W28,ТС5,580.80,26.31,10
r_00034484,family_001681,u_001681,2026-W28,ТС5,900.13,62.16,9
r_00034485,family_001681,u_001681,2026-W29,ТС5,696.59,136.61,5
r_00034486,family_001681,u_001681,2026-W29,ТС5,633.77,63.20,11
r_00034487,family_001681,u_001681,2026-W30,ТС5,489.06,49.93,8
r_00034488,family_001681,u_001681,2026-W30,ТС5,651.73,10.16,6
r_00034489,family_001681,u_001681,2026-W31,ТС5,698.96,20.50,7
r_00034490,family_001681,u_001681,2026-W31,ТС5,631.46,30.40,6
r_00034491,family_001681,u_001681,2026-W32,ТС5,482.50,48.21,7
r_00034492,family_001681,u_001681,2026-W32,ТС5,691.26,24.45,7
r_00034493,family_001681,u_001681,2026-W32,ТС5,819.49,33.74,5
r_00034494,family_001681,u_001681,2026-W33,ТС5,811.43,15.62,10
r_00034495,family_001681,u_001681,2026-W33,ТС5,943.89,40.19,10
r_00034496,family_001681,u_001681,2026-W34,ТС5,615.34,98.50,6
r_00034497,family_001681,u_001681,2026-W34,ТС5,659.92,39.83,6
r_00034498,family_001681,u_001681,2026-W35,ТС5,577.74,27.85,10
r_00034499,family_001681,u_001681,2026-W35,ТС5,493.71,84.28,5
r_00034500,family_001681,u_001681,2026-W36,ТС5,443.31,24.39,6
r_00034501,family_001681,u_001681,2026-W36,ТС5,716.93,83.93,6
r_00034676,family_001689,u_001689,2026-W25,ТСЧ,616.20,93.69,11
r_00034677,family_001689,u_001689,2026-W25,ТСЧ,731.12,78.81,8
r_00034678,family_001689,u_001689,2026-W26,ТСЧ,864.03,68.37,8
r_00034679,family_001689,u_001689,2026-W26,ТСЧ,643.73,109.38,9
r_00034680,family_001689,u_001689,2026-W26,ТСЧ,726.21,49.10,10
r_00034681,family_001689,u_001689,2026-W27,ТСЧ,575.59,45.49,11
r_00034682,family_001689,u_001689,2026-W27,ТСЧ,853.74,100.04,8
r_00034683,family_001689,u_001689,2026-W27,ТСЧ,922.63,79.70,9
r_00034684,family_001689,u_001689,2026-W28,ТСЧ,832.05,11.32,10
r_00034685,family_001689,u_001689,2026-W28,ТСЧ,846.34,81.19,10
r_00034686,family_001689,u_001689,2026-W28,ТСЧ,662.05,106.31,8
r_00034687,family_001689,u_001689,2026-W29,ТСЧ,878.36,73.43,8
r_00034688,family_001689,u_001689,2026-W29,ТСЧ,742.60,159.86,8
r_00034689,family_001689,u_001689,2026-W29,ТСЧ,985.81,137.73,11
r_00034690,family_001689,u_001689,2026-W30,ТСЧ,746.25,93.29,7
r_00034691,family_001689,u_001689,2026-W30,ТСЧ,767.65,78.39,9
r_00034692,family_001689,u_001689,2026-W31,ТСЧ,892.15,99.63,6
r_00034693,family_001689,u_001689,2026-W31,ТСЧ,802.52,82.52,11
r_00034694,family_001689,u_001689,2026-W31,ТСЧ,890.27,118.14,8
r_00034695,family_001689,u_001689,2026-W32,ТСЧ,790.33,79.59,11
r_00034696,family_001689,u_001689,2026-W32,ТСЧ,863.83,86.81,7
r_00034697,family_001689,u_001689,2026-W33,ТСЧ,920.61,81.34,10
r_00034698,family_001689,u_001689,2026-W33,ТСЧ,771.82,89.62,9
r_00034699,family_001689,u_001689,2026-W33,ТСЧ,610.32,60.77,7
r_00034700,family_001689,u_001689,2026-W33,ТСЧ,928.58,22.68,5
r_00034701,family_001689,u_001689,2026-W34,ТСЧ,636.01,90.04,10
r_00034702,family_001689,u_001689,2026-W34,ТСЧ,909.42,99.02,9
r_00034703,family_001689,u_001689,2026-W34,ТСЧ,698.80,100.66,9
r_00034704,family_001689,u_001689,2026-W35,ТСЧ,847.09,120.32,9
r_00034705,family_001689,u_001689,2026-W35,ТСЧ,681.31,103.37,11
r_00034706,family_001689,u_001689,2026-W35,ТСЧ,991.39,123.78,11
r_00034707,family_001689,u_001689,2026-W36,ТСЧ,898.35,60.48,7
r_00034724,family_001691,u_001691,2026-W25,ТС5,800.58,10.93,8
r_00034725,family_001691,u_001691,2026-W25,ТС5,567.10,14.25,9
r_00034726,family_001691,u_001691,2026-W25,ТС5,761.81,46.94,10
r_00034727,family_001691,u_001691,2026-W26,ТС5,667.21,26.96,10
r_00034728,family_001691,u_001691,2026-W26,ТС5,659.23,62.92,9
r_00034729,family_001691,u_001691,2026-W26,ТС5,445.85,23.84,11
r_00034730,family_001691,u_001691,2026-W27,ТС5,640.98,35.47,9
r_00034731,family_001691,u_001691,2026-W27,ТС5,561.36,31.72,5
r_00034732,family_001691,u_001691,2026-W27,ТС5,661.55,41.34,5
r_00034733,family_001691,u_001691,2026-W28,ТС5,600.04,8.93,10
r_00034734,family_001691,u_001691,2026-W28,ТС5,811.78,49.19,11
r_00034735,family_001691,u_001691,2026-W28,ТС5,798.71,71.57,9
r_00034736,family_001691,u_001691,2026-W28,ТС5,713.78,52.17,9
r_00034737,family_001691,u_001691,2026-W29,ТС5,658.03,87.70,5
r_00034738,family_001691,u_001691,2026-W29,ТС5,536.92,24.43,9
r_00034739,family_001691,u_001691,2026-W29,ТС5,583.19,36.96,6
r_00034740,family_001691,u_001691,2026-W30,ТС5,522.11,26.15,8
r_00034741,family_001691,u_001691,2026-W30,ТС5,430.53,11.30,10
r_00034742,family_001691,u_001691,2026-W30,ТС5,676.82,65.77,7
r_00034743,family_001691,u_001691,2026-W31,ТС5,584.12,25.83,11
r_00034744,family_001691,u_001691,2026-W31,ТС5,595.21,29.64,5
r_00034745,family_001691,u_001691,2026-W31,ТС5,514.19,46.52,6
r_00034746,family_001691,u_001691,2026-W32,ТС5,704.52,76.68,7
r_00034747,family_001691,u_001691,2026-W32,ТС5,468.85,43.36,7
r_00034748,family_001691,u_001691,2026-W32,ТС5,687.35,43.07,7
r_00034749,family_001691,u_001691,2026-W33,ТС5,438.32,35.28,10
r_00034750,family_001691,u_001691,2026-W33,ТС5,702.99,60.16,5
r_00034751,family_001691,u_001691,2026-W34,ТС5,564.45,49.35,10
r_00034752,family_001691,u_001691,2026-W34,ТС5,548.76,37.01,9
r_00034753,family_001691,u_001691,2026-W34,ТС5,516.68,0.00,6
r_00034754,family_001691,u_001691,2026-W35,ТС5,700.69,54.01,10
r_00034755,family_001691,u_001691,2026-W36,ТС5,1031.36,48.57,11
r_00034756,family_001691,u_001691,2026-W36,ТС5,564.06,16.05,9
r_00034757,family_001691,u_001691,2026-W36,ТС5,579.63,29.64,7
r_00034775,family_001693,u_001693,2026-W25,ТСХ,1088.41,32.01,5
r_00034776,family_001693,u_001693,2026-W25,ТСХ,1084.78,32.42,6
r_00034777,family_001693,u_001693,2026-W26,ТСХ,793.22,70.50,7
r_00034778,family_001693,u_001693,2026-W26,ТСХ,1040.97,53.23,10
r_00034779,family_001693,u_001693,2026-W27,ТСХ,1062.82,92.48,11
r_00034780,family_001693,u_001693,2026-W27,ТСХ,1354.84,33.04,10
r_00034781,family_001693,u_001693,2026-W28,ТСХ,1173.54,88.66,5
r_00034782,family_001693,u_001693,2026-W28,ТСХ,861.70,70.91,9
r_00034783,family_001693,u_001693,2026-W29,ТСХ,1136.89,16.22,11
r_00034784,family_001693,u_001693,2026-W29,ТСХ,861.21,33.11,10
r_00034785,family_001693,u_001693,2026-W30,ТСХ,996.42,92.17,9
r_00034786,family_001693,u_001693,2026-W30,ТСХ,898.26,51.89,11
r_00034787,family_001693,u_001693,2026-W31,ТСХ,884.20,10.21,5
r_00034788,family_001693,u_001693,2026-W31,ТСХ,914.61,100.54,11
r_00034789,family_001693,u_001693,2026-W32,ТСХ,904.34,69.37,9
r_00034790,family_001693,u_001693,2026-W32,ТСХ,633.88,68.07,9
r_00034791,family_001693,u_001693,2026-W33,ТСХ,1017.08,121.29,6
r_00034792,family_001693,u_001693,2026-W33,ТСХ,1186.71,42.36,6
r_00034793,family_001693,u_001693,2026-W34,ТСХ,1136.23,8.31,11
r_00034794,family_001693,u_001693,2026-W34,ТСХ,1114.59,56.05,10
r_00034795,family_001693,u_001693,2026-W35,ТСХ,1054.79,79.29,10
r_00034796,family_001693,u_001693,2026-W35,ТСХ,690.69,92.64,9
r_00034797,family_001693,u_001693,2026-W36,ТСХ,856.79,43.61,10
r_00034798,family_001693,u_001693,2026-W36,ТСХ,1002.27,117.30,11
r_00034799,family_001694,u_001694,2026-W25,ТС5,689.09,54.69,7
r_00034800,family_001694,u_001694,2026-W25,ТС5,538.52,44.77,7
r_00034801,family_001694,u_001694,2026-W25,ТС5,570.96,16.54,10
r_00034802,family_001694,u_001694,2026-W26,ТС5,600.77,10.57,7
r_00034803,family_001694,u_001694,2026-W26,ТС5,387.11,48.85,7
r_00034804,family_001694,u_001694,2026-W26,ТС5,807.22,0.00,6
r_00034805,family_001694,u_001694,2026-W27,ТС5,608.60,18.00,11
r_00034806,family_001694,u_001694,2026-W27,ТС5,667.39,63.67,6
r_00034807,family_001694,u_001694,2026-W27,ТС5,689.87,42.18,8
r_00034808,family_001694,u_001694,2026-W28,ТС5,649.63,22.46,10
r_00034809,family_001694,u_001694,2026-W28,ТС5,565.56,31.08,5
r_00034810,family_001694,u_001694,2026-W29,ТС5,895.03,0.00,7
r_00034811,family_001694,u_001694,2026-W29,ТС5,552.51,36.96,7
r_00034812,family_001694,u_001694,2026-W29,ТС5,625.95,16.89,10
r_00034813,family_001694,u_001694,2026-W29,ТС5,646.32,8.34,8
r_00034814,family_001694,u_001694,2026-W30,ТС5,487.68,22.62,5
r_00034815,family_001694,u_001694,2026-W30,ТС5,501.11,35.13,6
r_00034816,family_001694,u_001694,2026-W30,ТС5,828.97,44.06,7
r_00034817,family_001694,u_001694,2026-W31,ТС5,737.38,36.89,9
r_00034818,family_001694,u_001694,2026-W31,ТС5,454.00,18.62,7
r_00034819,family_001694,u_001694,2026-W31,ТС5,425.27,30.25,10
r_00034820,family_001694,u_001694,2026-W32,ТС5,541.43,24.56,9
r_00034821,family_001694,u_001694,2026-W32,ТС5,805.77,40.44,11
r_00034822,family_001694,u_001694,2026-W32,ТС5,480.02,15.13,10
r_00034823,family_001694,u_001694,2026-W33,ТС5,776.01,37.05,5
r_00034824,family_001694,u_001694,2026-W33,ТС5,666.58,27.56,9
r_00034825,family_001694,u_001694,2026-W33,ТС5,648.94,57.78,7
r_00034826,family_001694,u_001694,2026-W34,ТС5,510.50,64.05,7
r_00034827,family_001694,u_001694,2026-W34,ТС5,733.38,9.67,10
r_00034828,family_001694,u_001694,2026-W34,ТС5,575.08,16.86,11
r_00034829,family_001694,u_001694,2026-W35,ТС5,748.34,140.77,7
r_00034830,family_001694,u_001694,2026-W35,ТС5,638.00,91.03,6
r_00034831,family_001694,u_001694,2026-W35,ТС5,825.58,0.00,11
r_00034832,family_001694,u_001694,2026-W36,ТС5,559.67,19.25,11
r_00034833,family_001694,u_001694,2026-W36,ТС5,781.88,38.62,6
r_00034834,family_001694,u_001694,2026-W36,ТС5,1146.77,16.27,10
r_00034835,family_001695,u_001695,2026-W25,ТСХ,891.31,162.28,5
r_00034836,family_001695,u_001695,2026-W25,ТСХ,1167.22,141.64,10
r_00034837,family_001695,u_001695,2026-W25,ТСХ,662.69,50.74,7
r_00034838,family_001695,u_001695,2026-W25,ТСХ,834.34,184.20,6
r_00034839,family_001695,u_001695,2026-W26,ТСХ,866.93,97.53,7
r_00034840,family_001695,u_001695,2026-W26,ТСХ,762.93,109.23,8
r_00034841,family_001695,u_001695,2026-W26,ТСХ,898.39,85.17,9
r_00034842,family_001695,u_001695,2026-W27,ТСХ,855.22,47.21,6
r_00034843,family_001695,u_001695,2026-W27,ТСХ,882.33,109.03,11
r_00034844,family_001695,u_001695,2026-W27,ТСХ,1187.84,153.66,10
r_00034845,family_001695,u_001695,2026-W28,ТСХ,867.58,267.72,10
r_00034846,family_001695,u_001695,2026-W28,ТСХ,1213.89,124.40,11
r_00034847,family_001695,u_001695,2026-W28,ТСХ,656.59,34.68,8
r_00034848,family_001695,u_001695,2026-W29,ТСХ,723.42,42.36,10
r_00034849,family_001695,u_001695,2026-W29,ТСХ,1048.07,185.98,8
r_00034850,family_001695,u_001695,2026-W29,ТСХ,515.15,123.60,7
r_00034851,family_001695,u_001695,2026-W30,ТСХ,938.09,253.67,10
r_00034852,family_001695,u_001695,2026-W30,ТСХ,1005.26,95.94,9
r_00034853,family_001695,u_001695,2026-W30,ТСХ,1115.95,148.90,11
r_00034854,family_001695,u_001695,2026-W31,ТСХ,770.23,119.13,11
r_00034855,family_001695,u_001695,2026-W31,ТСХ,615.41,117.05,5
r_00034856,family_001695,u_001695,2026-W31,ТСХ,1023.80,34.11,6
r_00034857,family_001695,u_001695,2026-W32,ТСХ,768.32,60.48,7
r_00034858,family_001695,u_001695,2026-W32,ТСХ,1363.28,24.34,5
r_00034859,family_001695,u_001695,2026-W32,ТСХ,1165.83,85.93,6
r_00034860,family_001695,u_001695,2026-W33,ТСХ,714.31,105.13,5
r_00034861,family_001695,u_001695,2026-W33,ТСХ,1015.36,104.75,8
r_00034862,family_001695,u_001695,2026-W33,ТСХ,882.95,158.47,8
r_00034863,family_001695,u_001695,2026-W34,ТСХ,965.39,58.14,8
r_00034864,family_001695,u_001695,2026-W34,ТСХ,1173.85,69.85,6
r_00034865,family_001695,u_001695,2026-W34,ТСХ,1063.33,60.26,6
r_00034866,family_001695,u_001695,2026-W34,ТСХ,557.56,70.29,5
r_00034867,family_001695,u_001695,2026-W35,ТСХ,881.37,40.85,8
r_00034868,family_001695,u_001695,2026-W35,ТСХ,742.38,138.49,6
r_00034869,family_001695,u_001695,2026-W35,ТСХ,949.85,82.53,5
r_00034870,family_001695,u_001695,2026-W36,ТСХ,819.05,83.87,8
r_00034871,family_001695,u_001695,2026-W36,ТСХ,907.49,122.81,7
r_00034872,family_001695,u_001695,2026-W36,ТСХ,966.54,130.99,10
r_00034873,family_001696,u_001696,2026-W25,ТС5,583.10,39.06,10
r_00034874,family_001696,u_001696,2026-W25,ТС5,710.72,80.68,5
r_00034875,family_001696,u_001696,2026-W26,ТС5,830.54,40.52,8
r_00034876,family_001696,u_001696,2026-W26,ТС5,653.48,94.98,6
r_00034877,family_001696,u_001696,2026-W26,ТС5,586.60,84.41,11
r_00034878,family_001696,u_001696,2026-W27,ТС5,626.43,96.94,7
r_00034879,family_001696,u_001696,2026-W27,ТС5,604.31,65.92,11
r_00034880,family_001696,u_001696,2026-W28,ТС5,575.41,75.21,9
r_00034881,family_001696,u_001696,2026-W28,ТС5,720.01,63.77,8
r_00034882,family_001696,u_001696,2026-W28,ТС5,657.19,97.16,7
r_00034883,family_001696,u_001696,2026-W29,ТС5,786.84,29.94,6
r_00034884,family_001696,u_001696,2026-W29,ТС5,780.47,59.59,7
r_00034885,family_001696,u_001696,2026-W30,ТС5,457.47,64.83,10
r_00034886,family_001696,u_001696,2026-W30,ТС5,715.60,67.76,9
r_00034887,family_001696,u_001696,2026-W30,ТС5,647.86,9.64,6
r_00034888,family_001696,u_001696,2026-W31,ТС5,467.64,73.93,6
r_00034889,family_001696,u_001696,2026-W31,ТС5,719.89,62.96,6
r_00034890,family_001696,u_001696,2026-W32,ТС5,587.26,92.96,11
r_00034891,family_001696,u_001696,2026-W32,ТС5,510.44,35.63,5
r_00034892,family_001696,u_001696,2026-W33,ТС5,591.15,143.15,5
r_00034893,family_001696,u_001696,2026-W33,ТС5,594.00,66.23,8
r_00034894,family_001696,u_001696,2026-W33,ТС5,652.67,61.56,10
r_00034895,family_001696,u_001696,2026-W34,ТС5,544.53,32.02,9
r_00034896,family_001696,u_001696,2026-W34,ТС5,566.62,38.84,11
r_00034897,family_001696,u_001696,2026-W34,ТС5,543.30,74.01,7
r_00034898,family_001696,u_001696,2026-W35,ТС5,742.60,118.53,10
r_00034899,family_001696,u_001696,2026-W35,ТС5,601.06,43.97,10
r_00034900,family_001696,u_001696,2026-W35,ТС5,522.95,159.09,5
r_00034901,family_001696,u_001696,2026-W36,ТС5,642.55,105.61,8
r_00034902,family_001696,u_001696,2026-W36,ТС5,406.65,49.72,7
r_00034903,family_001696,u_001696,2026-W36,ТС5,662.11,87.49,11
r_00034930,family_001699,u_001699,2026-W25,ТС5,623.82,64.81,7
r_00034931,family_001699,u_001699,2026-W25,ТС5,595.21,55.20,8
r_00034932,family_001699,u_001699,2026-W25,ТС5,785.19,93.33,10
r_00034933,family_001699,u_001699,2026-W26,ТС5,736.35,140.30,11
r_00034934,family_001699,u_001699,2026-W26,ТС5,576.85,113.46,9
r_00034935,family_001699,u_001699,2026-W26,ТС5,529.40,43.82,9
r_00034936,family_001699,u_001699,2026-W27,ТС5,376.19,106.24,5
r_00034937,family_001699,u_001699,2026-W27,ТС5,536.83,77.95,7
r_00034938,family_001699,u_001699,2026-W28,ТС5,725.54,80.26,9
r_00034939,family_001699,u_001699,2026-W28,ТС5,574.81,119.85,6
r_00034940,family_001699,u_001699,2026-W29,ТС5,594.64,143.84,7
r_00034941,family_001699,u_001699,2026-W29,ТС5,615.00,55.64,7
r_00034942,family_001699,u_001699,2026-W29,ТС5,503.73,26.71,9
r_00034943,family_001699,u_001699,2026-W30,ТС5,861.50,14.44,8
r_00034944,family_001699,u_001699,2026-W30,ТС5,751.73,36.28,7
r_00034945,family_001699,u_001699,2026-W30,ТС5,794.35,133.30,6
r_00034946,family_001699,u_001699,2026-W31,ТС5,607.65,48.47,5
r_00034947,family_001699,u_001699,2026-W31,ТС5,809.25,115.95,8
r_00034948,family_001699,u_001699,2026-W31,ТС5,699.34,45.80,11
r_00034949,family_001699,u_001699,2026-W32,ТС5,440.03,116.19,8
r_00034950,family_001699,u_001699,2026-W32,ТС5,695.27,150.77,7
r_00034951,family_001699,u_001699,2026-W33,ТС5,600.17,78.10,8
r_00034952,family_001699,u_001699,2026-W33,ТС5,677.82,98.36,8
r_00034953,family_001699,u_001699,2026-W34,ТС5,815.60,126.07,9
r_00034954,family_001699,u_001699,2026-W34,ТС5,679.56,43.66,5
r_00034955,family_001699,u_001699,2026-W34,ТС5,540.45,90.17,9
r_00034956,family_001699,u_001699,2026-W35,ТС5,623.08,105.01,8
r_00034957,family_001699,u_001699,2026-W35,ТС5,710.01,228.60,5
r_00034958,family_001699,u_001699,2026-W35,ТС5,779.38,79.89,5
r_00034959,family_001699,u_001699,2026-W36,ТС5,460.23,160.10,5
r_00034960,family_001699,u_001699,2026-W36,ТС5,790.29,141.37,5
r_00034961,family_001699,u_001699,2026-W36,ТС5,618.45,57.38,8
r_00034962,family_001699,u_001699,2026-W36,ТС5,699.28,132.34,11
r_00034963,family_001700,u_001700,2026-W25,ТСЧ,997.86,93.07,11
r_00034964,family_001700,u_001700,2026-W25,ТСЧ,1060.20,39.82,10
r_00034965,family_001700,u_001700,2026-W25,ТСЧ,901.34,60.84,10
r_00034966,family_001700,u_001700,2026-W26,ТСЧ,672.61,0.00,5
r_00034967,family_001700,u_001700,2026-W26,ТСЧ,813.25,130.82,7
r_00034968,family_001700,u_001700,2026-W26,ТСЧ,826.95,45.60,6
r_00034969,family_001700,u_001700,2026-W27,ТСЧ,662.62,79.11,7
r_00034970,family_001700,u_001700,2026-W27,ТСЧ,885.68,82.77,6
r_00034971,family_001700,u_001700,2026-W28,ТСЧ,625.56,68.19,5
r_00034972,family_001700,u_001700,2026-W28,ТСЧ,621.73,31.11,10
r_00034973,family_001700,u_001700,2026-W28,ТСЧ,615.79,58.89,6
r_00034974,family_001700,u_001700,2026-W29,ТСЧ,746.78,35.16,11
r_00034975,family_001700,u_001700,2026-W29,ТСЧ,680.58,59.68,11
r_00034976,family_001700,u_001700,2026-W29,ТСЧ,936.74,87.69,6
r_00034977,family_001700,u_001700,2026-W30,ТСЧ,1253.06,27.95,7
r_00034978,family_001700,u_001700,2026-W30,ТСЧ,727.04,54.53,8
r_00034979,family_001700,u_001700,2026-W30,ТСЧ,652.04,39.97,7
r_00034980,family_001700,u_001700,2026-W31,ТСЧ,1155.22,40.90,6
r_00034981,family_001700,u_001700,2026-W31,ТСЧ,1090.07,9.58,10
r_00034982,family_001700,u_001700,2026-W32,ТСЧ,871.97,32.33,6
r_00034983,family_001700,u_001700,2026-W32,ТСЧ,672.01,27.74,7
r_00034984,family_001700,u_001700,2026-W33,ТСЧ,539.66,16.64,9
r_00034985,family_001700,u_001700,2026-W33,ТСЧ,777.13,45.23,9
r_00034986,family_001700,u_001700,2026-W33,ТСЧ,841.64,0.00,6
r_00034987,family_001700,u_001700,2026-W34,ТСЧ,798.49,99.87,6
r_00034988,family_001700,u_001700,2026-W34,ТСЧ,878.38,146.32,5
r_00034989,family_001700,u_001700,2026-W34,ТСЧ,636.27,17.49,10
r_00034990,family_001700,u_001700,2026-W34,ТСЧ,704.01,82.08,7
r_00034991,family_001700,u_001700,2026-W35,ТСЧ,995.90,14.53,7
r_00034992,family_001700,u_001700,2026-W35,ТСЧ,775.73,123.09,6
r_00034993,family_001700,u_001700,2026-W35,ТСЧ,853.65,22.95,5
r_00034994,family_001700,u_001700,2026-W36,ТСЧ,688.07,56.90,10
r_00034995,family_001700,u_001700,2026-W36,ТСЧ,776.02,109.37,7
r_00035036,family_001703,u_001703,2026-W25,ТС5,701.51,47.94,9
r_00035037,family_001703,u_001703,2026-W25,ТС5,555.81,45.11,10
r_00035038,family_001703,u_001703,2026-W26,ТС5,651.55,34.98,5
r_00035039,family_001703,u_001703,2026-W26,ТС5,749.61,72.30,11
r_00035040,family_001703,u_001703,2026-W26,ТС5,656.27,100.79,7
r_00035041,family_001703,u_001703,2026-W27,ТС5,809.55,56.92,6
r_00035042,family_001703,u_001703,2026-W27,ТС5,579.52,52.76,8
r_00035043,family_001703,u_001703,2026-W28,ТС5,695.01,93.48,5
r_00035044,family_001703,u_001703,2026-W28,ТС5,530.98,73.35,11
r_00035045,family_001703,u_001703,2026-W29,ТС5,520.34,84.23,7
r_00035046,family_001703,u_001703,2026-W29,ТС5,528.55,100.35,5
r_00035047,family_001703,u_001703,2026-W29,ТС5,709.99,67.28,6
r_00035048,family_001703,u_001703,2026-W30,ТС5,781.25,43.52,11
r_00035049,family_001703,u_001703,2026-W30,ТС5,519.59,60.38,10
r_00035050,family_001703,u_001703,2026-W30,ТС5,468.60,75.94,10
r_00035051,family_001703,u_001703,2026-W31,ТС5,392.95,59.38,9
r_00035052,family_001703,u_001703,2026-W31,ТС5,394.73,23.98,5
r_00035053,family_001703,u_001703,2026-W31,ТС5,445.35,69.61,8
r_00035054,family_001703,u_001703,2026-W32,ТС5,611.80,75.13,6
r_00035055,family_001703,u_001703,2026-W32,ТС5,679.62,61.51,7
r_00035056,family_001703,u_001703,2026-W32,ТС5,402.03,56.62,9
r_00035057,family_001703,u_001703,2026-W32,ТС5,562.32,57.52,10
r_00035058,family_001703,u_001703,2026-W33,ТС5,748.68,70.09,7
r_00035059,family_001703,u_001703,2026-W33,ТС5,670.16,54.82,7
r_00035060,family_001703,u_001703,2026-W33,ТС5,672.38,75.64,5
r_00035061,family_001703,u_001703,2026-W34,ТС5,360.41,89.90,6
r_00035062,family_001703,u_001703,2026-W34,ТС5,588.07,44.15,9
r_00035063,family_001703,u_001703,2026-W35,ТС5,486.85,63.33,11
r_00035064,family_001703,u_001703,2026-W35,ТС5,593.28,63.93,5
r_00035065,family_001703,u_001703,2026-W36,ТС5,480.14,36.25,9
r_00035066,family_001703,u_001703,2026-W36,ТС5,387.21,20.84,6
r_00035067,family_001703,u_001703,2026-W36,ТС5,620.46,145.29,6
r_00035155,family_001709,u_001709,2026-W25,ТС5,577.07,21.63,9
r_00035156,family_001709,u_001709,2026-W25,ТС5,676.67,21.46,7
r_00035157,family_001709,u_001709,2026-W25,ТС5,581.24,25.98,7
r_00035158,family_001709,u_001709,2026-W26,ТС5,669.90,8.00,6
r_00035159,family_001709,u_001709,2026-W26,ТС5,526.82,22.09,9
r_00035160,family_001709,u_001709,2026-W26,ТС5,564.47,37.73,10
r_00035161,family_001709,u_001709,2026-W27,ТС5,695.26,13.69,8
r_00035162,family_001709,u_001709,2026-W27,ТС5,598.65,29.78,11
r_00035163,family_001709,u_001709,2026-W27,ТС5,680.74,34.18,8
r_00035164,family_001709,u_001709,2026-W28,ТС5,676.76,20.98,7
r_00035165,family_001709,u_001709,2026-W28,ТС5,644.55,55.28,8
r_00035166,family_001709,u_001709,2026-W28,ТС5,620.36,0.00,6
r_00035167,family_001709,u_001709,2026-W29,ТС5,430.08,23.80,10
r_00035168,family_001709,u_001709,2026-W29,ТС5,585.54,0.00,7
r_00035169,family_001709,u_001709,2026-W29,ТС5,778.09,49.25,8
r_00035170,family_001709,u_001709,2026-W29,ТС5,616.70,43.12,8
r_00035171,family_001709,u_001709,2026-W30,ТС5,735.33,43.73,5
r_00035172,family_001709,u_001709,2026-W30,ТС5,631.15,11.81,8
r_00035173,family_001709,u_001709,2026-W30,ТС5,662.60,29.97,6
r_00035174,family_001709,u_001709,2026-W31,ТС5,480.28,82.19,11
r_00035175,family_001709,u_001709,2026-W31,ТС5,511.92,16.27,11
r_00035176,family_001709,u_001709,2026-W31,ТС5,727.90,25.39,5
r_00035177,family_001709,u_001709,2026-W32,ТС5,746.10,19.37,9
r_00035178,family_001709,u_001709,2026-W32,ТС5,487.66,28.21,5
r_00035179,family_001709,u_001709,2026-W33,ТС5,782.07,59.58,11
r_00035180,family_001709,u_001709,2026-W33,ТС5,550.81,0.00,7
r_00035181,family_001709,u_001709,2026-W33,ТС5,596.40,52.93,8
r_00035182,family_001709,u_001709,2026-W34,ТС5,399.21,18.91,9
r_00035183,family_001709,u_001709,2026-W34,ТС5,671.32,47.38,10
r_00035184,family_001709,u_001709,2026-W34,ТС5,559.42,44.01,11
r_00035185,family_001709,u_001709,2026-W35,ТС5,572.84,72.55,7
r_00035186,family_001709,u_001709,2026-W35,ТС5,414.80,15.30,10
r_00035187,family_001709,u_001709,2026-W35,ТС5,315.13,50.22,9
r_00035188,family_001709,u_001709,2026-W36,ТС5,524.42,64.37,5
r_00035189,family_001709,u_001709,2026-W36,ТС5,450.97,54.21,5
r_00035465,family_001722,u_001722,2026-W25,ТС5,805.91,42.47,11
r_00035466,family_001722,u_001722,2026-W25,ТС5,591.44,21.75,8
r_00035467,family_001722,u_001722,2026-W25,ТС5,719.49,20.74,9
r_00035468,family_001722,u_001722,2026-W26,ТС5,543.07,13.19,7
r_00035469,family_001722,u_001722,2026-W26,ТС5,647.34,16.43,10
r_00035470,family_001722,u_001722,2026-W26,ТС5,683.12,58.91,5
r_00035471,family_001722,u_001722,2026-W27,ТС5,621.29,16.70,5
r_00035472,family_001722,u_001722,2026-W27,ТС5,722.77,63.25,7
r_00035473,family_001722,u_001722,2026-W27,ТС5,614.62,48.94,6
r_00035474,family_001722,u_001722,2026-W28,ТС5,701.06,59.28,6
r_00035475,family_001722,u_001722,2026-W28,ТС5,633.45,55.08,9
r_00035476,family_001722,u_001722,2026-W28,ТС5,721.86,64.72,11
r_00035477,family_001722,u_001722,2026-W29,ТС5,653.91,70.95,10
r_00035478,family_001722,u_001722,2026-W29,ТС5,727.60,51.41,6
r_00035479,family_001722,u_001722,2026-W29,ТС5,563.83,21.21,5
r_00035480,family_001722,u_001722,2026-W30,ТС5,320.79,40.37,5
r_00035481,family_001722,u_001722,2026-W30,ТС5,579.42,13.72,5
r_00035482,family_001722,u_001722,2026-W30,ТС5,693.62,49.93,5
r_00035483,family_001722,u_001722,2026-W31,ТС5,723.04,57.59,5
r_00035484,family_001722,u_001722,2026-W31,ТС5,495.16,32.69,9
r_00035485,family_001722,u_001722,2026-W32,ТС5,757.80,15.67,7
r_00035486,family_001722,u_001722,2026-W32,ТС5,528.21,31.53,6
r_00035487,family_001722,u_001722,2026-W32,ТС5,658.30,26.81,6
r_00035488,family_001722,u_001722,2026-W33,ТС5,701.87,52.17,6
r_00035489,family_001722,u_001722,2026-W33,ТС5,323.80,26.15,7
r_00035490,family_001722,u_001722,2026-W33,ТС5,741.12,46.88,8
r_00035491,family_001722,u_001722,2026-W33,ТС5,872.10,32.11,9
r_00035492,family_001722,u_001722,2026-W34,ТС5,327.04,15.33,6
r_00035493,family_001722,u_001722,2026-W34,ТС5,646.41,38.85,7
r_00035494,family_001722,u_001722,2026-W34,ТС5,759.52,8.40,7
r_00035495,family_001722,u_001722,2026-W35,ТС5,640.83,36.53,7
r_00035496,family_001722,u_001722,2026-W35,ТС5,510.32,29.76,8
r_00035497,family_001722,u_001722,2026-W35,ТС5,652.64,32.18,6
r_00035498,family_001722,u_001722,2026-W36,ТС5,697.92,23.39,11
r_00035499,family_001722,u_001722,2026-W36,ТС5,574.89,45.24,7
r_00035529,family_001725,u_001725,2026-W25,ТС5,538.04,61.27,8
r_00035530,family_001725,u_001725,2026-W25,ТС5,697.54,0.00,6
r_00035531,family_001725,u_001725,2026-W26,ТС5,541.55,47.70,9
r_00035532,family_001725,u_001725,2026-W26,ТС5,801.92,83.11,6
r_00035533,family_001725,u_001725,2026-W27,ТС5,662.30,0.00,8
r_00035534,family_001725,u_001725,2026-W27,ТС5,603.65,64.17,5
r_00035535,family_001725,u_001725,2026-W28,ТС5,568.15,21.78,10
r_00035536,family_001725,u_001725,2026-W28,ТС5,619.66,36.80,11
r_00035537,family_001725,u_001725,2026-W29,ТС5,618.19,19.64,6
r_00035538,family_001725,u_001725,2026-W29,ТС5,420.71,13.14,7
r_00035539,family_001725,u_001725,2026-W30,ТС5,658.57,28.04,6
r_00035540,family_001725,u_001725,2026-W30,ТС5,694.25,49.17,5
r_00035541,family_001725,u_001725,2026-W30,ТС5,603.30,22.82,7
r_00035542,family_001725,u_001725,2026-W31,ТС5,507.34,16.21,9
r_00035543,family_001725,u_001725,2026-W31,ТС5,713.68,81.25,11
r_00035544,family_001725,u_001725,2026-W32,ТС5,811.95,11.67,8
r_00035545,family_001725,u_001725,2026-W32,ТС5,719.84,30.45,9
r_00035546,family_001725,u_001725,2026-W33,ТС5,654.63,19.53,5
r_00035547,family_001725,u_001725,2026-W33,ТС5,754.23,66.51,5
r_00035548,family_001725,u_001725,2026-W34,ТС5,845.22,33.43,6
r_00035549,family_001725,u_001725,2026-W34,ТС5,783.36,67.75,8
r_00035550,family_001725,u_001725,2026-W34,ТС5,692.77,0.00,6
r_00035551,family_001725,u_001725,2026-W35,ТС5,712.02,53.98,11
r_00035552,family_001725,u_001725,2026-W35,ТС5,772.48,68.26,6
r_00035553,family_001725,u_001725,2026-W36,ТС5,697.61,6.03,11
r_00035554,family_001725,u_001725,2026-W36,ТС5,512.56,27.64,8
r_00035633,family_001730,u_001730,2026-W25,ТСЧ,911.95,31.15,11
r_00035634,family_001730,u_001730,2026-W26,ТСЧ,621.59,19.12,9
r_00035635,family_001730,u_001730,2026-W26,ТСЧ,502.88,26.58,6
r_00035636,family_001730,u_001730,2026-W27,ТСЧ,1285.57,19.08,6
r_00035637,family_001730,u_001730,2026-W27,ТСЧ,643.06,38.69,7
r_00035638,family_001730,u_001730,2026-W27,ТСЧ,766.20,60.02,7
r_00035639,family_001730,u_001730,2026-W28,ТСЧ,1077.67,107.25,9
r_00035640,family_001730,u_001730,2026-W28,ТСЧ,701.44,63.79,5
r_00035641,family_001730,u_001730,2026-W28,ТСЧ,1112.00,14.45,6
r_00035642,family_001730,u_001730,2026-W29,ТСЧ,813.93,44.31,9
r_00035643,family_001730,u_001730,2026-W29,ТСЧ,752.75,81.39,8
r_00035644,family_001730,u_001730,2026-W30,ТСЧ,744.24,95.14,7
r_00035645,family_001730,u_001730,2026-W30,ТСЧ,852.88,29.10,9
r_00035646,family_001730,u_001730,2026-W31,ТСЧ,688.86,117.33,8
r_00035647,family_001730,u_001730,2026-W31,ТСЧ,926.18,51.84,6
r_00035648,family_001730,u_001730,2026-W32,ТСЧ,725.25,66.66,9
r_00035649,family_001730,u_001730,2026-W32,ТСЧ,671.85,40.34,8
r_00035650,family_001730,u_001730,2026-W33,ТСЧ,801.97,32.97,7
r_00035651,family_001730,u_001730,2026-W33,ТСЧ,573.96,67.96,7
r_00035652,family_001730,u_001730,2026-W34,ТСЧ,687.91,59.37,5
r_00035653,family_001730,u_001730,2026-W34,ТСЧ,705.18,31.41,5
r_00035654,family_001730,u_001730,2026-W35,ТСЧ,783.25,47.74,6
r_00035655,family_001730,u_001730,2026-W35,ТСЧ,565.32,26.63,8
r_00035656,family_001730,u_001730,2026-W36,ТСЧ,866.73,8.07,7
r_00035657,family_001731,u_001731,2026-W25,ТСХ,842.75,157.55,9
r_00035658,family_001731,u_001731,2026-W25,ТСХ,690.51,170.72,11
r_00035659,family_001731,u_001731,2026-W26,ТСХ,1084.32,118.29,11
r_00035660,family_001731,u_001731,2026-W26,ТСХ,765.24,92.40,10
r_00035661,family_001731,u_001731,2026-W26,ТСХ,904.41,81.85,6
r_00035662,family_001731,u_001731,2026-W27,ТСХ,583.98,115.15,7
r_00035663,family_001731,u_001731,2026-W27,ТСХ,760.89,174.14,7
r_00035664,family_001731,u_001731,2026-W28,ТСХ,698.03,54.93,5
r_00035665,family_001731,u_001731,2026-W28,ТСХ,1043.97,100.17,5
r_00035666,family_001731,u_001731,2026-W28,ТСХ,681.80,75.87,8
r_00035667,family_001731,u_001731,2026-W29,ТСХ,939.25,100.89,6
r_00035668,family_001731,u_001731,2026-W29,ТСХ,1161.74,198.87,5
r_00035669,family_001731,u_001731,2026-W30,ТСХ,823.93,85.69,5
r_00035670,family_001731,u_001731,2026-W30,ТСХ,683.95,130.26,6
r_00035671,family_001731,u_001731,2026-W30,ТСХ,933.73,142.67,11
r_00035672,family_001731,u_001731,2026-W31,ТСХ,1208.20,159.94,10
r_00035673,family_001731,u_001731,2026-W31,ТСХ,894.08,113.37,8
r_00035674,family_001731,u_001731,2026-W31,ТСХ,1168.67,154.23,8
r_00035675,family_001731,u_001731,2026-W32,ТСХ,703.33,50.57,6
r_00035676,family_001731,u_001731,2026-W32,ТСХ,964.75,47.42,10
r_00035677,family_001731,u_001731,2026-W33,ТСХ,1099.81,69.27,10
r_00035678,family_001731,u_001731,2026-W33,ТСХ,701.03,149.17,7
r_00035679,family_001731,u_001731,2026-W33,ТСХ,904.47,77.85,8
r_00035680,family_001731,u_001731,2026-W34,ТСХ,1140.06,226.94,10
r_00035681,family_001731,u_001731,2026-W34,ТСХ,830.40,145.42,10
r_00035682,family_001731,u_001731,2026-W34,ТСХ,881.02,166.61,5
r_00035683,family_001731,u_001731,2026-W35,ТСХ,897.51,130.98,10
r_00035684,family_001731,u_001731,2026-W35,ТСХ,874.56,105.66,9
r_00035685,family_001731,u_001731,2026-W35,ТСХ,716.68,131.89,6
r_00035686,family_001731,u_001731,2026-W36,ТСХ,827.96,138.40,7
r_00035687,family_001731,u_001731,2026-W36,ТСХ,895.43,195.02,9
r_00035688,family_001731,u_001731,2026-W36,ТСХ,907.25,134.58,10
r_00035689,family_001732,u_001732,2026-W25,ТСХ,933.66,110.77,8
r_00035690,family_001732,u_001732,2026-W25,ТСХ,796.61,161.86,10
r_00035691,family_001732,u_001732,2026-W26,ТСХ,1059.40,53.08,11
r_00035692,family_001732,u_001732,2026-W26,ТСХ,879.36,53.11,8
r_00035693,family_001732,u_001732,2026-W27,ТСХ,918.06,92.93,11
r_00035694,family_001732,u_001732,2026-W27,ТСХ,715.68,175.66,8
r_00035695,family_001732,u_001732,2026-W28,ТСХ,817.41,159.98,6
r_00035696,family_001732,u_001732,2026-W28,ТСХ,1076.04,131.70,9
r_00035697,family_001732,u_001732,2026-W29,ТСХ,1147.03,92.74,8
r_00035698,family_001732,u_001732,2026-W29,ТСХ,709.30,204.32,10
r_00035699,family_001732,u_001732,2026-W30,ТСХ,611.65,36.76,7
r_00035700,family_001732,u_001732,2026-W30,ТСХ,1037.44,94.20,6
r_00035701,family_001732,u_001732,2026-W31,ТСХ,307.99,34.45,7
r_00035702,family_001732,u_001732,2026-W32,ТСХ,1187.28,115.56,11
r_00035703,family_001732,u_001732,2026-W32,ТСХ,1034.06,198.36,11
r_00035704,family_001732,u_001732,2026-W33,ТСХ,1015.22,77.46,6
r_00035705,family_001732,u_001732,2026-W33,ТСХ,952.58,92.77,9
r_00035706,family_001732,u_001732,2026-W34,ТСХ,1224.25,143.66,10
r_00035707,family_001732,u_001732,2026-W34,ТСХ,971.41,247.97,8
r_00035708,family_001732,u_001732,2026-W35,ТСХ,794.80,53.19,7
r_00035709,family_001732,u_001732,2026-W35,ТСХ,933.32,159.77,11
r_00035710,family_001732,u_001732,2026-W36,ТСХ,490.12,24.42,11
r_00035711,family_001732,u_001732,2026-W36,ТСХ,1241.77,181.86,6
r_00036053,family_001749,u_001749,2026-W25,ТС5,419.32,53.22,10
r_00036054,family_001749,u_001749,2026-W25,ТС5,428.15,79.45,6
r_00036055,family_001749,u_001749,2026-W25,ТС5,471.89,88.06,6
r_00036056,family_001749,u_001749,2026-W26,ТС5,435.26,36.63,10
r_00036057,family_001749,u_001749,2026-W26,ТС5,546.19,55.64,9
r_00036058,family_001749,u_001749,2026-W27,ТС5,629.15,140.90,7
r_00036059,family_001749,u_001749,2026-W27,ТС5,732.39,130.13,8
r_00036060,family_001749,u_001749,2026-W27,ТС5,572.50,97.77,5
r_00036061,family_001749,u_001749,2026-W28,ТС5,682.10,92.35,8
r_00036062,family_001749,u_001749,2026-W28,ТС5,677.45,86.43,10
r_00036063,family_001749,u_001749,2026-W28,ТС5,536.95,61.06,8
r_00036064,family_001749,u_001749,2026-W29,ТС5,698.32,138.77,6
r_00036065,family_001749,u_001749,2026-W29,ТС5,702.22,66.16,6
r_00036066,family_001749,u_001749,2026-W30,ТС5,605.46,73.81,9
r_00036067,family_001749,u_001749,2026-W30,ТС5,646.99,59.11,8
r_00036068,family_001749,u_001749,2026-W31,ТС5,727.81,64.60,7
r_00036069,family_001749,u_001749,2026-W31,ТС5,598.32,81.62,7
r_00036070,family_001749,u_001749,2026-W32,ТС5,568.67,50.44,11
r_00036071,family_001749,u_001749,2026-W32,ТС5,780.14,167.92,6
r_00036072,family_001749,u_001749,2026-W33,ТС5,659.61,84.00,11
r_00036073,family_001749,u_001749,2026-W33,ТС5,554.86,69.57,8
r_00036074,family_001749,u_001749,2026-W34,ТС5,509.04,71.33,6
r_00036075,family_001749,u_001749,2026-W34,ТС5,651.66,56.10,5
r_00036076,family_001749,u_001749,2026-W35,ТС5,502.86,19.06,6
r_00036077,family_001749,u_001749,2026-W35,ТС5,476.07,28.43,11
r_00036078,family_001749,u_001749,2026-W36,ТС5,528.65,105.13,5
r_00036079,family_001749,u_001749,2026-W36,ТС5,602.90,72.72,5
r_00036080,family_001750,u_001750,2026-W25,ТС5,686.65,19.80,9
r_00036081,family_001750,u_001750,2026-W25,ТС5,725.19,59.40,5
r_00036082,family_001750,u_001750,2026-W26,ТС5,681.83,66.53,10
r_00036083,family_001750,u_001750,2026-W26,ТС5,678.93,17.35,6
r_00036084,family_001750,u_001750,2026-W26,ТС5,722.60,50.96,5
r_00036085,family_001750,u_001750,2026-W27,ТС5,717.48,0.00,7
r_00036086,family_001750,u_001750,2026-W27,ТС5,601.52,115.95,5
r_00036087,family_001750,u_001750,2026-W28,ТС5,660.66,48.20,6
r_00036088,family_001750,u_001750,2026-W28,ТС5,766.83,21.21,6
r_00036089,family_001750,u_001750,2026-W29,ТС5,723.50,24.57,9
r_00036090,family_001750,u_001750,2026-W29,ТС5,448.52,0.00,7
r_00036091,family_001750,u_001750,2026-W30,ТС5,760.43,15.37,6
r_00036092,family_001750,u_001750,2026-W30,ТС5,787.09,10.80,5
r_00036093,family_001750,u_001750,2026-W31,ТС5,419.21,33.78,11
r_00036094,family_001750,u_001750,2026-W32,ТС5,779.63,28.20,10
r_00036095,family_001750,u_001750,2026-W32,ТС5,551.90,27.81,11
r_00036096,family_001750,u_001750,2026-W33,ТС5,582.33,33.58,9
r_00036097,family_001750,u_001750,2026-W33,ТС5,586.30,44.35,11
r_00036098,family_001750,u_001750,2026-W34,ТС5,608.16,27.93,10
r_00036099,family_001750,u_001750,2026-W34,ТС5,580.82,55.52,8
r_00036100,family_001750,u_001750,2026-W35,ТС5,498.16,41.64,5
r_00036101,family_001750,u_001750,2026-W35,ТС5,439.79,8.27,7
r_00036102,family_001750,u_001750,2026-W36,ТС5,553.54,13.48,5
r_00036103,family_001750,u_001750,2026-W36,ТС5,612.06,45.47,7
r_00036151,family_001754,u_001754,2026-W25,ТС5,537.32,25.47,6
r_00036152,family_001754,u_001754,2026-W25,ТС5,687.68,28.98,9
r_00036153,family_001754,u_001754,2026-W25,ТС5,614.97,0.00,6
r_00036154,family_001754,u_001754,2026-W26,ТС5,633.13,39.73,8
r_00036155,family_001754,u_001754,2026-W26,ТС5,754.22,0.00,6
r_00036156,family_001754,u_001754,2026-W26,ТС5,500.12,26.85,11
r_00036157,family_001754,u_001754,2026-W27,ТС5,670.39,43.85,8
r_00036158,family_001754,u_001754,2026-W27,ТС5,761.62,43.53,9
r_00036159,family_001754,u_001754,2026-W28,ТС5,815.72,33.21,11
r_00036160,family_001754,u_001754,2026-W28,ТС5,832.83,12.50,6
r_00036161,family_001754,u_001754,2026-W29,ТС5,701.90,47.33,11
r_00036162,family_001754,u_001754,2026-W29,ТС5,575.79,37.13,11
r_00036163,family_001754,u_001754,2026-W29,ТС5,454.63,27.84,6
r_00036164,family_001754,u_001754,2026-W30,ТС5,685.85,26.76,7
r_00036165,family_001754,u_001754,2026-W30,ТС5,545.20,29.80,9
r_00036166,family_001754,u_001754,2026-W30,ТС5,581.71,53.26,9
r_00036167,family_001754,u_001754,2026-W31,ТС5,748.65,90.80,9
r_00036168,family_001754,u_001754,2026-W31,ТС5,710.94,83.63,9
r_00036169,family_001754,u_001754,2026-W31,ТС5,667.41,80.56,8
r_00036170,family_001754,u_001754,2026-W32,ТС5,745.72,98.19,7
r_00036171,family_001754,u_001754,2026-W32,ТС5,794.44,19.98,7
r_00036172,family_001754,u_001754,2026-W33,ТС5,758.87,32.76,8
r_00036173,family_001754,u_001754,2026-W33,ТС5,599.56,58.80,8
r_00036174,family_001754,u_001754,2026-W34,ТС5,615.65,54.12,10
r_00036175,family_001754,u_001754,2026-W34,ТС5,677.43,78.00,5
r_00036176,family_001754,u_001754,2026-W35,ТС5,519.72,64.01,8
r_00036177,family_001754,u_001754,2026-W35,ТС5,593.54,48.28,7
r_00036178,family_001754,u_001754,2026-W36,ТС5,614.43,40.83,5
r_00036179,family_001754,u_001754,2026-W36,ТС5,450.16,13.89,10
r_00036229,family_001759,u_001759,2026-W25,ТС5,569.89,24.58,7
r_00036230,family_001759,u_001759,2026-W25,ТС5,579.37,92.41,5
r_00036231,family_001759,u_001759,2026-W25,ТС5,771.15,28.06,9
r_00036232,family_001759,u_001759,2026-W26,ТС5,621.21,73.94,7
r_00036233,family_001759,u_001759,2026-W26,ТС5,740.74,34.82,7
r_00036234,family_001759,u_001759,2026-W27,ТС5,682.74,78.32,9
r_00036235,family_001759,u_001759,2026-W27,ТС5,624.47,26.87,11
r_00036236,family_001759,u_001759,2026-W27,ТС5,450.59,69.27,7
r_00036237,family_001759,u_001759,2026-W28,ТС5,524.42,30.74,6
r_00036238,family_001759,u_001759,2026-W28,ТС5,590.95,49.49,7
r_00036239,family_001759,u_001759,2026-W28,ТС5,682.85,93.85,5
r_00036240,family_001759,u_001759,2026-W29,ТС5,733.57,14.79,5
r_00036241,family_001759,u_001759,2026-W29,ТС5,534.46,16.20,10
r_00036242,family_001759,u_001759,2026-W29,ТС5,626.54,30.81,10
r_00036243,family_001759,u_001759,2026-W29,ТС5,708.21,29.13,6
r_00036244,family_001759,u_001759,2026-W30,ТС5,726.06,31.81,10
r_00036245,family_001759,u_001759,2026-W30,ТС5,612.07,41.97,11
r_00036246,family_001759,u_001759,2026-W30,ТС5,509.65,0.00,8
r_00036247,family_001759,u_001759,2026-W31,ТС5,766.83,25.12,11
r_00036248,family_001759,u_001759,2026-W31,ТС5,461.03,15.55,9
r_00036249,family_001759,u_001759,2026-W31,ТС5,743.27,27.58,9
r_00036250,family_001759,u_001759,2026-W32,ТС5,552.74,36.65,7
r_00036251,family_001759,u_001759,2026-W32,ТС5,588.14,35.61,11
r_00036252,family_001759,u_001759,2026-W32,ТС5,728.56,79.00,9
r_00036253,family_001759,u_001759,2026-W33,ТС5,618.54,75.63,6
r_00036254,family_001759,u_001759,2026-W33,ТС5,531.51,26.37,10
r_00036255,family_001759,u_001759,2026-W33,ТС5,701.83,43.58,7
r_00036256,family_001759,u_001759,2026-W34,ТС5,619.59,21.40,10
r_00036257,family_001759,u_001759,2026-W34,ТС5,872.71,65.71,10
r_00036258,family_001759,u_001759,2026-W34,ТС5,718.82,13.03,8
r_00036259,family_001759,u_001759,2026-W35,ТС5,771.12,32.44,10
r_00036260,family_001759,u_001759,2026-W35,ТС5,719.30,32.23,9
r_00036261,family_001759,u_001759,2026-W36,ТС5,490.24,0.00,5
r_00036262,family_001759,u_001759,2026-W36,ТС5,551.34,69.92,7
r_00036263,family_001759,u_001759,2026-W36,ТС5,720.07,44.79,10
r_00036281,family_001761,u_001761,2026-W25,ТСЧ,637.80,29.07,9
r_00036282,family_001761,u_001761,2026-W25,ТСЧ,608.84,70.22,6
r_00036283,family_001761,u_001761,2026-W26,ТСЧ,753.76,42.94,7
r_00036284,family_001761,u_001761,2026-W26,ТСЧ,768.30,78.14,7
r_00036285,family_001761,u_001761,2026-W27,ТСЧ,905.08,45.54,5
r_00036286,family_001761,u_001761,2026-W27,ТСЧ,611.44,23.59,6
r_00036287,family_001761,u_001761,2026-W28,ТСЧ,917.51,80.56,11
r_00036288,family_001761,u_001761,2026-W29,ТСЧ,721.41,36.58,8
r_00036289,family_001761,u_001761,2026-W29,ТСЧ,885.94,81.48,7
r_00036290,family_001761,u_001761,2026-W30,ТСЧ,799.04,0.00,6
r_00036291,family_001761,u_001761,2026-W30,ТСЧ,772.58,68.05,10
r_00036292,family_001761,u_001761,2026-W31,ТСЧ,1036.54,58.28,9
r_00036293,family_001761,u_001761,2026-W31,ТСЧ,592.97,18.73,8
r_00036294,family_001761,u_001761,2026-W32,ТСЧ,693.62,55.24,10
r_00036295,family_001761,u_001761,2026-W32,ТСЧ,827.26,48.34,6
r_00036296,family_001761,u_001761,2026-W33,ТСЧ,594.04,70.79,6
r_00036297,family_001761,u_001761,2026-W33,ТСЧ,735.07,0.00,6
r_00036298,family_001761,u_001761,2026-W34,ТСЧ,649.04,43.57,10
r_00036299,family_001761,u_001761,2026-W34,ТСЧ,748.15,33.71,5
r_00036300,family_001761,u_001761,2026-W34,ТСЧ,886.69,35.52,6
r_00036301,family_001761,u_001761,2026-W35,ТСЧ,772.06,19.93,10
r_00036302,family_001761,u_001761,2026-W35,ТСЧ,599.24,82.14,11
r_00036303,family_001761,u_001761,2026-W36,ТСЧ,876.22,76.18,7
r_00036304,family_001761,u_001761,2026-W36,ТСЧ,1009.07,18.98,9
r_00036328,family_001763,u_001763,2026-W25,ТСЧ,952.77,36.97,7
r_00036329,family_001763,u_001763,2026-W25,ТСЧ,1206.21,96.06,5
r_00036330,family_001763,u_001763,2026-W26,ТСЧ,647.27,79.22,10
r_00036331,family_001763,u_001763,2026-W26,ТСЧ,769.37,99.56,7
r_00036332,family_001763,u_001763,2026-W27,ТСЧ,879.60,34.02,11
r_00036333,family_001763,u_001763,2026-W27,ТСЧ,1121.82,12.92,11
r_00036334,family_001763,u_001763,2026-W28,ТСЧ,740.77,40.65,6
r_00036335,family_001763,u_001763,2026-W28,ТСЧ,733.18,69.79,7
r_00036336,family_001763,u_001763,2026-W29,ТСЧ,946.78,13.16,8
r_00036337,family_001763,u_001763,2026-W29,ТСЧ,857.30,41.68,8
r_00036338,family_001763,u_001763,2026-W30,ТСЧ,982.63,85.65,6
r_00036339,family_001763,u_001763,2026-W30,ТСЧ,723.58,36.02,9
r_00036340,family_001763,u_001763,2026-W31,ТСЧ,776.80,14.77,7
r_00036341,family_001763,u_001763,2026-W31,ТСЧ,732.84,87.99,5
r_00036342,family_001763,u_001763,2026-W32,ТСЧ,705.12,54.92,6
r_00036343,family_001763,u_001763,2026-W33,ТСЧ,805.42,24.98,5
r_00036344,family_001763,u_001763,2026-W33,ТСЧ,955.35,33.67,7
r_00036345,family_001763,u_001763,2026-W34,ТСЧ,1088.41,68.71,11
r_00036346,family_001763,u_001763,2026-W34,ТСЧ,961.06,0.00,5
r_00036347,family_001763,u_001763,2026-W35,ТСЧ,819.78,86.11,9
r_00036348,family_001763,u_001763,2026-W35,ТСЧ,589.44,47.99,10
r_00036349,family_001763,u_001763,2026-W36,ТСЧ,903.01,38.97,9
r_00036350,family_001763,u_001763,2026-W36,ТСЧ,562.67,22.41,11
r_00036367,family_001765,u_001765,2026-W25,ТСЧ,1190.24,16.07,5
r_00036368,family_001765,u_001765,2026-W25,ТСЧ,703.02,91.68,7
r_00036369,family_001765,u_001765,2026-W25,ТСЧ,748.62,60.87,8
r_00036370,family_001765,u_001765,2026-W26,ТСЧ,727.35,21.83,7
r_00036371,family_001765,u_001765,2026-W26,ТСЧ,697.35,15.59,6
r_00036372,family_001765,u_001765,2026-W27,ТСЧ,767.64,52.08,8
r_00036373,family_001765,u_001765,2026-W27,ТСЧ,777.38,56.27,10
r_00036374,family_001765,u_001765,2026-W28,ТСЧ,742.91,38.65,10
r_00036375,family_001765,u_001765,2026-W28,ТСЧ,978.01,70.65,8
r_00036376,family_001765,u_001765,2026-W28,ТСЧ,777.81,18.51,11
r_00036377,family_001765,u_001765,2026-W29,ТСЧ,716.61,115.87,9
r_00036378,family_001765,u_001765,2026-W29,ТСЧ,882.15,0.00,5
r_00036379,family_001765,u_001765,2026-W30,ТСЧ,660.16,29.25,11
r_00036380,family_001765,u_001765,2026-W30,ТСЧ,590.33,70.01,6
r_00036381,family_001765,u_001765,2026-W31,ТСЧ,1012.75,45.38,9
r_00036382,family_001765,u_001765,2026-W31,ТСЧ,818.79,0.00,6
r_00036383,family_001765,u_001765,2026-W31,ТСЧ,924.72,123.37,5
r_00036384,family_001765,u_001765,2026-W32,ТСЧ,691.66,101.28,5
r_00036385,family_001765,u_001765,2026-W32,ТСЧ,1105.78,59.66,7
r_00036386,family_001765,u_001765,2026-W33,ТСЧ,867.81,89.84,10
r_00036387,family_001765,u_001765,2026-W33,ТСЧ,465.66,19.61,10
r_00036388,family_001765,u_001765,2026-W33,ТСЧ,1050.87,75.46,7
r_00036389,family_001765,u_001765,2026-W34,ТСЧ,816.57,56.18,8
r_00036390,family_001765,u_001765,2026-W34,ТСЧ,711.19,42.56,6
r_00036391,family_001765,u_001765,2026-W34,ТСЧ,711.70,53.12,6
r_00036392,family_001765,u_001765,2026-W35,ТСЧ,756.78,0.00,7
r_00036393,family_001765,u_001765,2026-W35,ТСЧ,791.21,53.87,7
r_00036394,family_001765,u_001765,2026-W35,ТСЧ,632.94,5.96,8
r_00036395,family_001765,u_001765,2026-W36,ТСЧ,798.08,57.28,10
r_00036396,family_001765,u_001765,2026-W36,ТСЧ,612.36,69.47,7
r_00036547,family_001776,u_001776,2026-W25,ТСЧ,649.77,92.43,9
r_00036548,family_001776,u_001776,2026-W25,ТСЧ,874.36,27.41,6
r_00036549,family_001776,u_001776,2026-W25,ТСЧ,530.66,15.43,11
r_00036550,family_001776,u_001776,2026-W26,ТСЧ,1002.68,33.63,6
r_00036551,family_001776,u_001776,2026-W26,ТСЧ,795.47,40.44,9
r_00036552,family_001776,u_001776,2026-W27,ТСЧ,802.48,39.06,7
r_00036553,family_001776,u_001776,2026-W27,ТСЧ,913.99,95.34,5
r_00036554,family_001776,u_001776,2026-W28,ТСЧ,834.11,50.56,10
r_00036555,family_001776,u_001776,2026-W28,ТСЧ,882.39,68.78,9
r_00036556,family_001776,u_001776,2026-W28,ТСЧ,978.83,89.94,11
r_00036557,family_001776,u_001776,2026-W29,ТСЧ,780.60,16.55,6
r_00036558,family_001776,u_001776,2026-W29,ТСЧ,609.16,59.17,9
r_00036559,family_001776,u_001776,2026-W30,ТСЧ,950.51,25.59,9
r_00036560,family_001776,u_001776,2026-W30,ТСЧ,700.62,78.24,11
r_00036561,family_001776,u_001776,2026-W30,ТСЧ,1073.84,60.45,11
r_00036562,family_001776,u_001776,2026-W31,ТСЧ,838.18,29.68,11
r_00036563,family_001776,u_001776,2026-W31,ТСЧ,675.86,58.82,10
r_00036564,family_001776,u_001776,2026-W32,ТСЧ,842.57,69.70,10
r_00036565,family_001776,u_001776,2026-W32,ТСЧ,853.96,69.00,10
r_00036566,family_001776,u_001776,2026-W32,ТСЧ,959.56,69.38,8
r_00036567,family_001776,u_001776,2026-W33,ТСЧ,875.46,56.40,8
r_00036568,family_001776,u_001776,2026-W33,ТСЧ,688.26,57.87,10
r_00036569,family_001776,u_001776,2026-W34,ТСЧ,653.92,35.97,11
r_00036570,family_001776,u_001776,2026-W34,ТСЧ,540.13,42.96,6
r_00036571,family_001776,u_001776,2026-W34,ТСЧ,713.89,35.00,11
r_00036572,family_001776,u_001776,2026-W35,ТСЧ,1035.69,0.00,10
r_00036573,family_001776,u_001776,2026-W35,ТСЧ,646.22,90.32,6
r_00036574,family_001776,u_001776,2026-W35,ТСЧ,914.09,95.08,6
r_00036575,family_001776,u_001776,2026-W36,ТСЧ,879.89,34.87,7
r_00036576,family_001776,u_001776,2026-W36,ТСЧ,742.50,38.91,6
r_00036577,family_001776,u_001776,2026-W36,ТСЧ,945.93,17.18,9
r_00036578,family_001776,u_001776,2026-W36,ТСЧ,776.56,16.25,8
r_00036579,family_001777,u_001777,2026-W25,ТС5,721.19,78.57,5
r_00036580,family_001777,u_001777,2026-W25,ТС5,731.63,39.35,11
r_00036581,family_001777,u_001777,2026-W26,ТС5,562.75,14.41,11
r_00036582,family_001777,u_001777,2026-W27,ТС5,516.04,18.59,10
r_00036583,family_001777,u_001777,2026-W27,ТС5,579.49,13.47,10
r_00036584,family_001777,u_001777,2026-W28,ТС5,512.29,52.56,8
r_00036585,family_001777,u_001777,2026-W28,ТС5,896.32,34.30,8
r_00036586,family_001777,u_001777,2026-W29,ТС5,601.97,0.00,7
r_00036587,family_001777,u_001777,2026-W29,ТС5,632.97,13.99,7
r_00036588,family_001777,u_001777,2026-W30,ТС5,747.47,51.69,8
r_00036589,family_001777,u_001777,2026-W30,ТС5,531.86,54.53,7
r_00036590,family_001777,u_001777,2026-W31,ТС5,691.52,65.06,9
r_00036591,family_001777,u_001777,2026-W31,ТС5,640.22,23.03,11
r_00036592,family_001777,u_001777,2026-W32,ТС5,486.86,27.10,7
r_00036593,family_001777,u_001777,2026-W32,ТС5,760.27,43.40,9
r_00036594,family_001777,u_001777,2026-W33,ТС5,578.54,39.95,10
r_00036595,family_001777,u_001777,2026-W34,ТС5,573.32,30.19,8
r_00036596,family_001777,u_001777,2026-W35,ТС5,696.57,59.35,9
r_00036597,family_001778,u_001778,2026-W25,ТСЧ,683.13,57.16,7
r_00036598,family_001778,u_001778,2026-W26,ТСЧ,861.41,138.27,5
r_00036599,family_001778,u_001778,2026-W26,ТСЧ,688.76,43.58,5
r_00036600,family_001778,u_001778,2026-W27,ТСЧ,630.56,127.39,5
r_00036601,family_001778,u_001778,2026-W28,ТСЧ,856.91,145.04,5
r_00036602,family_001778,u_001778,2026-W29,ТСЧ,867.24,82.60,11
r_00036603,family_001778,u_001778,2026-W29,ТСЧ,553.03,96.24,10
r_00036604,family_001778,u_001778,2026-W30,ТСЧ,623.59,76.49,6
r_00036605,family_001778,u_001778,2026-W30,ТСЧ,517.06,41.88,9
r_00036606,family_001778,u_001778,2026-W31,ТСЧ,639.63,81.73,6
r_00036607,family_001778,u_001778,2026-W32,ТСЧ,635.27,50.08,7
r_00036608,family_001778,u_001778,2026-W33,ТСЧ,785.60,92.25,8
r_00036609,family_001778,u_001778,2026-W33,ТСЧ,752.79,61.17,9
r_00036610,family_001778,u_001778,2026-W34,ТСЧ,789.35,71.25,7
r_00036611,family_001778,u_001778,2026-W34,ТСЧ,612.28,41.54,9
r_00036612,family_001778,u_001778,2026-W35,ТСЧ,914.55,57.99,5
r_00036613,family_001778,u_001778,2026-W35,ТСЧ,1022.00,36.44,6
r_00036614,family_001778,u_001778,2026-W36,ТСЧ,802.11,65.43,9
r_00036615,family_001779,u_001779,2026-W25,ТС5,721.98,25.18,9
r_00036616,family_001779,u_001779,2026-W25,ТС5,853.97,12.94,10
r_00036617,family_001779,u_001779,2026-W25,ТС5,493.31,49.59,10
r_00036618,family_001779,u_001779,2026-W26,ТС5,527.94,11.14,6
r_00036619,family_001779,u_001779,2026-W26,ТС5,572.94,44.21,7
r_00036620,family_001779,u_001779,2026-W26,ТС5,788.68,55.79,9
r_00036621,family_001779,u_001779,2026-W27,ТС5,820.03,49.41,8
r_00036622,family_001779,u_001779,2026-W27,ТС5,526.64,55.12,10
r_00036623,family_001779,u_001779,2026-W27,ТС5,506.38,39.20,10
r_00036624,family_001779,u_001779,2026-W28,ТС5,737.70,11.77,10
r_00036625,family_001779,u_001779,2026-W28,ТС5,528.20,0.00,10
r_00036626,family_001779,u_001779,2026-W29,ТС5,729.05,0.00,11
r_00036627,family_001779,u_001779,2026-W29,ТС5,585.06,43.57,7
r_00036628,family_001779,u_001779,2026-W30,ТС5,576.56,42.50,5
r_00036629,family_001779,u_001779,2026-W30,ТС5,717.94,59.67,6
r_00036630,family_001779,u_001779,2026-W31,ТС5,619.70,57.75,9
r_00036631,family_001779,u_001779,2026-W31,ТС5,592.38,16.99,8
r_00036632,family_001779,u_001779,2026-W32,ТС5,575.54,32.96,5
r_00036633,family_001779,u_001779,2026-W32,ТС5,704.47,17.92,10
r_00036634,family_001779,u_001779,2026-W33,ТС5,725.42,80.43,11
r_00036635,family_001779,u_001779,2026-W33,ТС5,717.24,4.56,11
r_00036636,family_001779,u_001779,2026-W34,ТС5,962.99,13.72,7
r_00036637,family_001779,u_001779,2026-W34,ТС5,656.79,26.80,8
r_00036638,family_001779,u_001779,2026-W35,ТС5,736.50,37.77,6
r_00036639,family_001779,u_001779,2026-W35,ТС5,580.19,95.13,7
r_00036640,family_001779,u_001779,2026-W35,ТС5,619.45,37.66,10
r_00036641,family_001779,u_001779,2026-W36,ТС5,728.46,0.00,7
r_00036642,family_001779,u_001779,2026-W36,ТС5,660.47,23.74,7
r_00036643,family_001779,u_001779,2026-W36,ТС5,600.30,14.35,5
r_00036644,family_001780,u_001780,2026-W25,ТС5,617.51,5.07,8
r_00036645,family_001780,u_001780,2026-W25,ТС5,651.97,32.23,8
r_00036646,family_001780,u_001780,2026-W26,ТС5,709.66,72.93,7
r_00036647,family_001780,u_001780,2026-W26,ТС5,664.69,26.27,8
r_00036648,family_001780,u_001780,2026-W27,ТС5,463.18,47.47,5
r_00036649,family_001780,u_001780,2026-W27,ТС5,570.20,48.59,7
r_00036650,family_001780,u_001780,2026-W28,ТС5,395.13,35.37,9
r_00036651,family_001780,u_001780,2026-W28,ТС5,630.11,23.20,11
r_00036652,family_001780,u_001780,2026-W29,ТС5,553.67,50.31,5
r_00036653,family_001780,u_001780,2026-W29,ТС5,498.98,30.80,8
r_00036654,family_001780,u_001780,2026-W30,ТС5,761.38,61.54,9
r_00036655,family_001780,u_001780,2026-W30,ТС5,690.23,15.57,8
r_00036656,family_001780,u_001780,2026-W31,ТС5,443.91,46.32,6
r_00036657,family_001780,u_001780,2026-W31,ТС5,580.12,25.86,9
r_00036658,family_001780,u_001780,2026-W32,ТС5,564.92,27.10,6
r_00036659,family_001780,u_001780,2026-W32,ТС5,586.64,66.82,10
r_00036660,family_001780,u_001780,2026-W32,ТС5,704.25,50.30,5
r_00036661,family_001780,u_001780,2026-W33,ТС5,416.49,15.42,6
r_00036662,family_001780,u_001780,2026-W33,ТС5,845.79,26.94,8
r_00036663,family_001780,u_001780,2026-W33,ТС5,487.88,25.21,6
r_00036664,family_001780,u_001780,2026-W34,ТС5,620.38,42.84,7
r_00036665,family_001780,u_001780,2026-W34,ТС5,505.81,85.62,6
r_00036666,family_001780,u_001780,2026-W34,ТС5,557.61,21.05,10
r_00036667,family_001780,u_001780,2026-W35,ТС5,667.51,24.69,11
r_00036668,family_001780,u_001780,2026-W35,ТС5,610.70,39.94,7
r_00036669,family_001780,u_001780,2026-W35,ТС5,703.46,21.27,5
r_00036670,family_001780,u_001780,2026-W36,ТС5,609.30,15.75,7
r_00036671,family_001780,u_001780,2026-W36,ТС5,647.44,78.01,5
r_00036727,family_001784,u_001784,2026-W25,ТС5,815.82,130.36,11
r_00036728,family_001784,u_001784,2026-W26,ТС5,403.90,56.57,7
r_00036729,family_001784,u_001784,2026-W26,ТС5,665.89,38.14,9
r_00036730,family_001784,u_001784,2026-W27,ТС5,596.70,62.27,7
r_00036731,family_001784,u_001784,2026-W28,ТС5,623.25,90.47,6
r_00036732,family_001784,u_001784,2026-W28,ТС5,602.81,64.64,9
r_00036733,family_001784,u_001784,2026-W29,ТС5,585.14,38.92,5
r_00036734,family_001784,u_001784,2026-W29,ТС5,434.36,31.25,8
r_00036735,family_001784,u_001784,2026-W29,ТС5,623.76,211.51,6
r_00036736,family_001784,u_001784,2026-W30,ТС5,780.67,61.34,10
r_00036737,family_001784,u_001784,2026-W30,ТС5,592.61,36.30,11
r_00036738,family_001784,u_001784,2026-W31,ТС5,550.83,52.91,11
r_00036739,family_001784,u_001784,2026-W31,ТС5,707.02,23.11,11
r_00036740,family_001784,u_001784,2026-W32,ТС5,602.70,47.41,6
r_00036741,family_001784,u_001784,2026-W33,ТС5,646.10,72.91,10
r_00036742,family_001784,u_001784,2026-W33,ТС5,650.60,91.25,8
r_00036743,family_001784,u_001784,2026-W34,ТС5,667.08,67.75,10
r_00036744,family_001784,u_001784,2026-W34,ТС5,660.24,51.59,11
r_00036745,family_001784,u_001784,2026-W35,ТС5,628.55,87.24,11
r_00036746,family_001784,u_001784,2026-W36,ТС5,495.52,62.20,5
r_00036747,family_001784,u_001784,2026-W36,ТС5,614.11,102.28,9
r_00036748,family_001785,u_001785,2026-W25,ТС5,847.24,50.79,7
r_00036749,family_001785,u_001785,2026-W25,ТС5,639.88,46.54,7
r_00036750,family_001785,u_001785,2026-W26,ТС5,663.19,0.00,11
r_00036751,family_001785,u_001785,2026-W27,ТС5,621.98,6.90,9
r_00036752,family_001785,u_001785,2026-W28,ТС5,747.88,123.67,8
r_00036753,family_001785,u_001785,2026-W28,ТС5,849.14,19.93,9
r_00036754,family_001785,u_001785,2026-W29,ТС5,818.00,0.00,6
r_00036755,family_001785,u_001785,2026-W29,ТС5,599.26,10.51,8
r_00036756,family_001785,u_001785,2026-W30,ТС5,663.24,31.81,7
r_00036757,family_001785,u_001785,2026-W31,ТС5,748.02,60.55,5
r_00036758,family_001785,u_001785,2026-W31,ТС5,621.07,45.45,5
r_00036759,family_001785,u_001785,2026-W32,ТС5,572.36,29.19,9
r_00036760,family_001785,u_001785,2026-W32,ТС5,735.32,17.79,5
r_00036761,family_001785,u_001785,2026-W33,ТС5,654.37,26.24,11
r_00036762,family_001785,u_001785,2026-W33,ТС5,785.80,29.18,8
r_00036763,family_001785,u_001785,2026-W34,ТС5,614.29,17.33,9
r_00036764,family_001785,u_001785,2026-W34,ТС5,592.41,56.52,5
r_00036765,family_001785,u_001785,2026-W35,ТС5,452.48,6.74,6
r_00036766,family_001785,u_001785,2026-W36,ТС5,596.38,19.97,10
r_00036767,family_001785,u_001785,2026-W36,ТС5,730.70,97.45,7
r_00036768,family_001786,u_001786,2026-W25,ТС5,697.91,51.20,10
r_00036769,family_001786,u_001786,2026-W25,ТС5,653.11,9.54,9
r_00036770,family_001786,u_001786,2026-W26,ТС5,543.50,36.09,11
r_00036771,family_001786,u_001786,2026-W26,ТС5,614.39,10.01,10
r_00036772,family_001786,u_001786,2026-W26,ТС5,709.62,23.93,9
r_00036773,family_001786,u_001786,2026-W26,ТС5,655.55,55.10,7
r_00036774,family_001786,u_001786,2026-W27,ТС5,461.21,36.57,5
r_00036775,family_001786,u_001786,2026-W27,ТС5,593.50,13.90,6
r_00036776,family_001786,u_001786,2026-W27,ТС5,684.38,14.30,6
r_00036777,family_001786,u_001786,2026-W28,ТС5,637.14,10.52,6
r_00036778,family_001786,u_001786,2026-W28,ТС5,673.31,47.11,7
r_00036779,family_001786,u_001786,2026-W28,ТС5,669.04,36.56,11
r_00036780,family_001786,u_001786,2026-W29,ТС5,813.62,39.86,9
r_00036781,family_001786,u_001786,2026-W29,ТС5,569.41,38.72,11
r_00036782,family_001786,u_001786,2026-W30,ТС5,698.49,79.01,7
r_00036783,family_001786,u_001786,2026-W30,ТС5,725.29,44.84,5
r_00036784,family_001786,u_001786,2026-W30,ТС5,561.16,26.17,10
r_00036785,family_001786,u_001786,2026-W31,ТС5,690.00,28.96,8
r_00036786,family_001786,u_001786,2026-W31,ТС5,869.56,47.82,5
r_00036787,family_001786,u_001786,2026-W32,ТС5,647.00,34.76,9
r_00036788,family_001786,u_001786,2026-W32,ТС5,697.25,30.90,10
r_00036789,family_001786,u_001786,2026-W33,ТС5,572.19,56.61,5
r_00036790,family_001786,u_001786,2026-W33,ТС5,659.98,36.90,5
r_00036791,family_001786,u_001786,2026-W33,ТС5,557.08,6.31,6
r_00036792,family_001786,u_001786,2026-W34,ТС5,631.02,18.04,5
r_00036793,family_001786,u_001786,2026-W34,ТС5,744.02,44.61,10
r_00036794,family_001786,u_001786,2026-W35,ТС5,640.34,41.09,9
r_00036795,family_001786,u_001786,2026-W35,ТС5,593.48,26.78,5
r_00036796,family_001786,u_001786,2026-W35,ТС5,607.25,5.01,9
r_00036797,family_001786,u_001786,2026-W36,ТС5,743.47,36.46,7
r_00036798,family_001786,u_001786,2026-W36,ТС5,472.24,44.22,11
r_00036871,family_001790,u_001790,2026-W25,ТС5,694.77,0.00,6
r_00036872,family_001790,u_001790,2026-W25,ТС5,496.18,108.69,6
r_00036873,family_001790,u_001790,2026-W25,ТС5,813.42,8.73,11
r_00036874,family_001790,u_001790,2026-W26,ТС5,707.75,46.65,9
r_00036875,family_001790,u_001790,2026-W26,ТС5,783.74,37.07,9
r_00036876,family_001790,u_001790,2026-W27,ТС5,626.67,34.52,6
r_00036877,family_001790,u_001790,2026-W27,ТС5,541.83,23.12,6
r_00036878,family_001790,u_001790,2026-W27,ТС5,733.26,50.93,8
r_00036879,family_001790,u_001790,2026-W28,ТС5,584.17,32.74,11
r_00036880,family_001790,u_001790,2026-W28,ТС5,698.85,34.84,11
r_00036881,family_001790,u_001790,2026-W28,ТС5,574.33,12.99,10
r_00036882,family_001790,u_001790,2026-W29,ТС5,465.77,20.72,7
r_00036883,family_001790,u_001790,2026-W29,ТС5,333.43,29.92,9
r_00036884,family_001790,u_001790,2026-W30,ТС5,574.55,45.78,11
r_00036885,family_001790,u_001790,2026-W30,ТС5,340.11,25.96,8
r_00036886,family_001790,u_001790,2026-W30,ТС5,668.37,0.00,5
r_00036887,family_001790,u_001790,2026-W31,ТС5,592.00,35.33,11
r_00036888,family_001790,u_001790,2026-W31,ТС5,646.04,59.92,8
r_00036889,family_001790,u_001790,2026-W31,ТС5,829.17,48.22,6
r_00036890,family_001790,u_001790,2026-W32,ТС5,639.24,106.79,7
r_00036891,family_001790,u_001790,2026-W32,ТС5,623.20,0.00,9
r_00036892,family_001790,u_001790,2026-W32,ТС5,645.91,45.73,5
r_00036893,family_001790,u_001790,2026-W33,ТС5,542.47,13.38,7
r_00036894,family_001790,u_001790,2026-W33,ТС5,695.79,18.26,7
r_00036895,family_001790,u_001790,2026-W33,ТС5,539.08,9.90,5
r_00036896,family_001790,u_001790,2026-W33,ТС5,702.09,44.34,6
r_00036897,family_001790,u_001790,2026-W34,ТС5,632.43,84.44,5
r_00036898,family_001790,u_001790,2026-W34,ТС5,611.03,29.29,10
r_00036899,family_001790,u_001790,2026-W34,ТС5,629.62,31.01,5
r_00036900,family_001790,u_001790,2026-W35,ТС5,607.69,3.96,10
r_00036901,family_001790,u_001790,2026-W35,ТС5,787.22,0.00,6
r_00036902,family_001790,u_001790,2026-W35,ТС5,360.27,11.04,8
r_00036903,family_001790,u_001790,2026-W36,ТС5,620.66,22.11,10
r_00036904,family_001790,u_001790,2026-W36,ТС5,812.75,68.03,11
r_00036905,family_001790,u_001790,2026-W36,ТС5,442.92,56.48,9
r_00036906,family_001791,u_001791,2026-W25,ТС5,423.23,46.15,11
r_00036907,family_001791,u_001791,2026-W25,ТС5,484.11,15.24,11
r_00036908,family_001791,u_001791,2026-W25,ТС5,584.65,34.35,10
r_00036909,family_001791,u_001791,2026-W26,ТС5,736.49,60.36,7
r_00036910,family_001791,u_001791,2026-W26,ТС5,669.14,40.65,11
r_00036911,family_001791,u_001791,2026-W26,ТС5,616.03,23.29,11
r_00036912,family_001791,u_001791,2026-W27,ТС5,497.44,6.70,9
r_00036913,family_001791,u_001791,2026-W27,ТС5,537.61,32.61,6
r_00036914,family_001791,u_001791,2026-W28,ТС5,786.75,44.16,9
r_00036915,family_001791,u_001791,2026-W28,ТС5,465.94,26.32,8
r_00036916,family_001791,u_001791,2026-W28,ТС5,721.09,53.36,5
r_00036917,family_001791,u_001791,2026-W29,ТС5,777.00,0.00,5
r_00036918,family_001791,u_001791,2026-W29,ТС5,664.11,13.47,6
r_00036919,family_001791,u_001791,2026-W29,ТС5,520.43,12.30,8
r_00036920,family_001791,u_001791,2026-W30,ТС5,570.26,34.34,8
r_00036921,family_001791,u_001791,2026-W30,ТС5,664.86,79.36,8
r_00036922,family_001791,u_001791,2026-W30,ТС5,718.96,61.67,11
r_00036923,family_001791,u_001791,2026-W31,ТС5,474.40,4.82,9
r_00036924,family_001791,u_001791,2026-W31,ТС5,755.84,47.90,7
r_00036925,family_001791,u_001791,2026-W32,ТС5,396.81,9.34,7
r_00036926,family_001791,u_001791,2026-W32,ТС5,740.17,49.72,11
r_00036927,family_001791,u_001791,2026-W32,ТС5,619.06,35.01,5
r_00036928,family_001791,u_001791,2026-W33,ТС5,524.69,55.25,8
r_00036929,family_001791,u_001791,2026-W33,ТС5,625.10,29.38,6
r_00036930,family_001791,u_001791,2026-W33,ТС5,583.66,29.46,6
r_00036931,family_001791,u_001791,2026-W34,ТС5,753.42,35.75,9
r_00036932,family_001791,u_001791,2026-W34,ТС5,613.18,11.90,9
r_00036933,family_001791,u_001791,2026-W34,ТС5,472.58,38.13,7
r_00036934,family_001791,u_001791,2026-W35,ТС5,769.96,34.04,9
r_00036935,family_001791,u_001791,2026-W35,ТС5,761.91,41.07,8
r_00036936,family_001791,u_001791,2026-W35,ТС5,826.71,18.36,7
r_00036937,family_001791,u_001791,2026-W36,ТС5,746.41,35.48,6
r_00036938,family_001791,u_001791,2026-W36,ТС5,570.95,73.08,7
r_00036939,family_001791,u_001791,2026-W36,ТС5,480.85,23.41,6
r_00036956,family_001793,u_001793,2026-W25,ТС5,750.72,33.66,10
r_00036957,family_001793,u_001793,2026-W25,ТС5,701.58,63.23,10
r_00036958,family_001793,u_001793,2026-W25,ТС5,441.28,11.34,8
r_00036959,family_001793,u_001793,2026-W26,ТС5,529.97,8.59,5
r_00036960,family_001793,u_001793,2026-W26,ТС5,675.06,86.09,8
r_00036961,family_001793,u_001793,2026-W26,ТС5,762.33,21.87,11
r_00036962,family_001793,u_001793,2026-W27,ТС5,736.93,54.68,5
r_00036963,family_001793,u_001793,2026-W27,ТС5,774.37,40.11,9
r_00036964,family_001793,u_001793,2026-W27,ТС5,541.22,0.00,11
r_00036965,family_001793,u_001793,2026-W28,ТС5,570.74,6.71,8
r_00036966,family_001793,u_001793,2026-W28,ТС5,506.28,30.92,10
r_00036967,family_001793,u_001793,2026-W29,ТС5,678.97,41.38,9
r_00036968,family_001793,u_001793,2026-W29,ТС5,671.85,36.19,8
r_00036969,family_001793,u_001793,2026-W29,ТС5,703.86,108.08,10
r_00036970,family_001793,u_001793,2026-W30,ТС5,723.11,55.60,7
r_00036971,family_001793,u_001793,2026-W30,ТС5,570.96,4.86,6
r_00036972,family_001793,u_001793,2026-W31,ТС5,563.68,57.36,7
r_00036973,family_001793,u_001793,2026-W31,ТС5,544.88,31.47,5
r_00036974,family_001793,u_001793,2026-W32,ТС5,705.54,73.21,10
r_00036975,family_001793,u_001793,2026-W32,ТС5,727.11,47.55,8
r_00036976,family_001793,u_001793,2026-W32,ТС5,715.17,4.72,10
r_00036977,family_001793,u_001793,2026-W33,ТС5,732.27,71.35,6
r_00036978,family_001793,u_001793,2026-W33,ТС5,653.69,37.75,5
r_00036979,family_001793,u_001793,2026-W33,ТС5,749.59,39.50,6
r_00036980,family_001793,u_001793,2026-W33,ТС5,493.96,13.52,9
r_00036981,family_001793,u_001793,2026-W34,ТС5,643.80,14.65,11
r_00036982,family_001793,u_001793,2026-W34,ТС5,768.29,24.26,9
r_00036983,family_001793,u_001793,2026-W35,ТС5,807.90,78.41,9
r_00036984,family_001793,u_001793,2026-W35,ТС5,677.09,27.92,10
r_00036985,family_001793,u_001793,2026-W35,ТС5,698.09,63.20,9
r_00036986,family_001793,u_001793,2026-W36,ТС5,724.98,43.46,6
r_00036987,family_001793,u_001793,2026-W36,ТС5,673.10,5.89,11
r_00037021,family_001797,u_001797,2026-W25,ТСЧ,874.94,136.16,6
r_00037022,family_001797,u_001797,2026-W25,ТСЧ,525.46,112.35,6
r_00037023,family_001797,u_001797,2026-W25,ТСЧ,846.69,120.85,9
r_00037024,family_001797,u_001797,2026-W26,ТСЧ,910.15,59.11,9
r_00037025,family_001797,u_001797,2026-W26,ТСЧ,877.92,77.71,7
r_00037026,family_001797,u_001797,2026-W27,ТСЧ,884.60,114.22,10
r_00037027,family_001797,u_001797,2026-W27,ТСЧ,775.09,105.96,10
r_00037028,family_001797,u_001797,2026-W27,ТСЧ,651.73,103.98,11
r_00037029,family_001797,u_001797,2026-W28,ТСЧ,836.66,63.26,6
r_00037030,family_001797,u_001797,2026-W28,ТСЧ,763.34,38.62,8
r_00037031,family_001797,u_001797,2026-W29,ТСЧ,465.58,67.90,5
r_00037032,family_001797,u_001797,2026-W29,ТСЧ,839.79,88.32,8
r_00037033,family_001797,u_001797,2026-W30,ТСЧ,763.22,74.21,10
r_00037034,family_001797,u_001797,2026-W30,ТСЧ,672.83,78.68,7
r_00037035,family_001797,u_001797,2026-W30,ТСЧ,481.63,67.54,7
r_00037036,family_001797,u_001797,2026-W31,ТСЧ,917.48,97.96,9
r_00037037,family_001797,u_001797,2026-W31,ТСЧ,918.49,81.48,11
r_00037038,family_001797,u_001797,2026-W32,ТСЧ,719.77,52.32,6
r_00037039,family_001797,u_001797,2026-W32,ТСЧ,654.28,77.96,7
r_00037040,family_001797,u_001797,2026-W33,ТСЧ,806.99,110.76,11
r_00037041,family_001797,u_001797,2026-W33,ТСЧ,839.15,112.08,8
r_00037042,family_001797,u_001797,2026-W33,ТСЧ,892.50,100.07,8
r_00037043,family_001797,u_001797,2026-W34,ТСЧ,925.72,72.39,9
r_00037044,family_001797,u_001797,2026-W34,ТСЧ,825.06,130.32,5
r_00037045,family_001797,u_001797,2026-W35,ТСЧ,649.28,49.25,11
r_00037046,family_001797,u_001797,2026-W35,ТСЧ,532.57,98.36,9
r_00037047,family_001797,u_001797,2026-W36,ТСЧ,967.03,19.07,6
r_00037048,family_001797,u_001797,2026-W36,ТСЧ,1054.78,134.75,7
r_00037049,family_001798,u_001798,2026-W25,ТС5,646.98,60.56,10
r_00037050,family_001798,u_001798,2026-W25,ТС5,545.00,41.59,7
r_00037051,family_001798,u_001798,2026-W25,ТС5,508.13,122.94,7
r_00037052,family_001798,u_001798,2026-W26,ТС5,637.31,61.50,8
r_00037053,family_001798,u_001798,2026-W26,ТС5,560.99,77.71,10
r_00037054,family_001798,u_001798,2026-W26,ТС5,699.53,50.06,10
r_00037055,family_001798,u_001798,2026-W27,ТС5,661.18,111.26,5
r_00037056,family_001798,u_001798,2026-W27,ТС5,410.51,75.78,11
r_00037057,family_001798,u_001798,2026-W27,ТС5,542.80,143.30,6
r_00037058,family_001798,u_001798,2026-W28,ТС5,593.80,118.51,8
r_00037059,family_001798,u_001798,2026-W28,ТС5,540.86,61.16,6
r_00037060,family_001798,u_001798,2026-W28,ТС5,545.97,68.96,11
r_00037061,family_001798,u_001798,2026-W29,ТС5,588.04,50.47,11
r_00037062,family_001798,u_001798,2026-W29,ТС5,533.86,37.46,5
r_00037063,family_001798,u_001798,2026-W29,ТС5,596.44,76.27,10
r_00037064,family_001798,u_001798,2026-W30,ТС5,649.35,92.90,11
r_00037065,family_001798,u_001798,2026-W30,ТС5,577.47,116.68,6
r_00037066,family_001798,u_001798,2026-W30,ТС5,604.17,64.64,9
r_00037067,family_001798,u_001798,2026-W31,ТС5,686.29,73.97,9
r_00037068,family_001798,u_001798,2026-W31,ТС5,739.82,56.46,8
r_00037069,family_001798,u_001798,2026-W31,ТС5,643.15,84.20,5
r_00037070,family_001798,u_001798,2026-W32,ТС5,389.34,67.63,7
r_00037071,family_001798,u_001798,2026-W32,ТС5,501.86,164.87,9
r_00037072,family_001798,u_001798,2026-W33,ТС5,486.63,103.74,6
r_00037073,family_001798,u_001798,2026-W33,ТС5,654.08,42.75,9
r_00037074,family_001798,u_001798,2026-W33,ТС5,457.53,95.38,8
r_00037075,family_001798,u_001798,2026-W34,ТС5,411.66,73.02,10
r_00037076,family_001798,u_001798,2026-W34,ТС5,817.47,90.87,8
r_00037077,family_001798,u_001798,2026-W34,ТС5,552.76,123.62,9
r_00037078,family_001798,u_001798,2026-W35,ТС5,576.66,94.90,5
r_00037079,family_001798,u_001798,2026-W35,ТС5,529.94,86.91,7
r_00037080,family_001798,u_001798,2026-W35,ТС5,676.87,78.29,11
r_00037081,family_001798,u_001798,2026-W36,ТС5,626.65,51.80,9
r_00037082,family_001798,u_001798,2026-W36,ТС5,493.33,50.05,6
r_00037083,family_001798,u_001798,2026-W36,ТС5,617.05,62.87,9
r_00037147,family_001803,u_001803,2026-W25,ТС5,688.30,43.39,9
r_00037148,family_001803,u_001803,2026-W25,ТС5,853.93,0.00,10
r_00037149,family_001803,u_001803,2026-W26,ТС5,651.16,14.91,11
r_00037150,family_001803,u_001803,2026-W26,ТС5,665.34,27.07,9
r_00037151,family_001803,u_001803,2026-W27,ТС5,613.92,75.82,9
r_00037152,family_001803,u_001803,2026-W27,ТС5,597.42,39.89,10
r_00037153,family_001803,u_001803,2026-W28,ТС5,415.95,32.03,9
r_00037154,family_001803,u_001803,2026-W28,ТС5,595.17,11.43,5
r_00037155,family_001803,u_001803,2026-W28,ТС5,641.38,28.23,11
r_00037156,family_001803,u_001803,2026-W29,ТС5,664.45,99.65,7
r_00037157,family_001803,u_001803,2026-W29,ТС5,391.49,50.36,6
r_00037158,family_001803,u_001803,2026-W30,ТС5,644.88,22.18,7
r_00037159,family_001803,u_001803,2026-W31,ТС5,643.13,44.35,11
r_00037160,family_001803,u_001803,2026-W31,ТС5,634.23,79.97,10
r_00037161,family_001803,u_001803,2026-W31,ТС5,777.56,107.15,11
r_00037162,family_001803,u_001803,2026-W32,ТС5,645.98,43.60,8
r_00037163,family_001803,u_001803,2026-W32,ТС5,575.80,34.54,11
r_00037164,family_001803,u_001803,2026-W32,ТС5,544.26,41.49,11
r_00037165,family_001803,u_001803,2026-W33,ТС5,577.72,52.35,8
r_00037166,family_001803,u_001803,2026-W33,ТС5,592.14,49.49,11
r_00037167,family_001803,u_001803,2026-W34,ТС5,259.16,8.48,7
r_00037168,family_001803,u_001803,2026-W34,ТС5,572.78,33.11,7
r_00037169,family_001803,u_001803,2026-W35,ТС5,854.71,24.18,9
r_00037170,family_001803,u_001803,2026-W35,ТС5,634.82,20.95,11
r_00037171,family_001803,u_001803,2026-W35,ТС5,525.25,31.46,8
r_00037172,family_001803,u_001803,2026-W36,ТС5,734.03,24.72,5
r_00037173,family_001803,u_001803,2026-W36,ТС5,652.98,60.54,9
r_00037286,family_001808,u_001808,2026-W25,ТС5,496.16,98.76,11
r_00037287,family_001808,u_001808,2026-W25,ТС5,573.76,99.49,5
r_00037288,family_001808,u_001808,2026-W26,ТС5,660.02,181.87,6
r_00037289,family_001808,u_001808,2026-W26,ТС5,497.72,75.14,8
r_00037290,family_001808,u_001808,2026-W26,ТС5,667.22,57.17,8
r_00037291,family_001808,u_001808,2026-W27,ТС5,761.26,67.61,6
r_00037292,family_001808,u_001808,2026-W27,ТС5,652.91,109.27,10
r_00037293,family_001808,u_001808,2026-W28,ТС5,695.96,129.86,5
r_00037294,family_001808,u_001808,2026-W28,ТС5,648.19,106.84,9
r_00037295,family_001808,u_001808,2026-W29,ТС5,688.23,23.35,6
r_00037296,family_001808,u_001808,2026-W29,ТС5,701.35,52.76,10
r_00037297,family_001808,u_001808,2026-W30,ТС5,793.29,87.97,7
r_00037298,family_001808,u_001808,2026-W30,ТС5,704.09,96.31,8
r_00037299,family_001808,u_001808,2026-W31,ТС5,670.75,68.18,10
r_00037300,family_001808,u_001808,2026-W31,ТС5,849.59,34.04,6
r_00037301,family_001808,u_001808,2026-W32,ТС5,485.34,36.61,9
r_00037302,family_001808,u_001808,2026-W32,ТС5,523.70,126.74,10
r_00037303,family_001808,u_001808,2026-W33,ТС5,564.16,67.46,6
r_00037304,family_001808,u_001808,2026-W33,ТС5,539.46,40.47,10
r_00037305,family_001808,u_001808,2026-W34,ТС5,637.28,77.89,10
r_00037306,family_001808,u_001808,2026-W34,ТС5,593.27,107.11,9
r_00037307,family_001808,u_001808,2026-W35,ТС5,596.06,52.72,6
r_00037308,family_001808,u_001808,2026-W36,ТС5,534.67,78.37,11
r_00037309,family_001808,u_001808,2026-W36,ТС5,506.16,136.26,5
r_00037409,family_001815,u_001815,2026-W25,ТСХ,1145.06,56.53,11
r_00037410,family_001815,u_001815,2026-W25,ТСХ,1042.86,92.40,8
r_00037411,family_001815,u_001815,2026-W26,ТСХ,689.35,45.91,8
r_00037412,family_001815,u_001815,2026-W26,ТСХ,745.53,47.99,11
r_00037413,family_001815,u_001815,2026-W27,ТСХ,1635.41,79.01,7
r_00037414,family_001815,u_001815,2026-W27,ТСХ,1038.90,63.97,6
r_00037415,family_001815,u_001815,2026-W27,ТСХ,1009.06,35.40,11
r_00037416,family_001815,u_001815,2026-W28,ТСХ,1308.73,0.00,9
r_00037417,family_001815,u_001815,2026-W28,ТСХ,1055.43,29.69,5
r_00037418,family_001815,u_001815,2026-W28,ТСХ,892.41,54.74,10
r_00037419,family_001815,u_001815,2026-W29,ТСХ,976.31,101.42,11
r_00037420,family_001815,u_001815,2026-W29,ТСХ,1090.82,98.18,11
r_00037421,family_001815,u_001815,2026-W29,ТСХ,1273.70,67.21,7
r_00037422,family_001815,u_001815,2026-W30,ТСХ,643.88,44.81,10
r_00037423,family_001815,u_001815,2026-W30,ТСХ,1020.26,41.37,10
r_00037424,family_001815,u_001815,2026-W30,ТСХ,1043.32,93.07,9
r_00037425,family_001815,u_001815,2026-W31,ТСХ,1109.87,43.89,6
r_00037426,family_001815,u_001815,2026-W31,ТСХ,868.55,0.00,8
r_00037427,family_001815,u_001815,2026-W31,ТСХ,458.11,43.79,7
r_00037428,family_001815,u_001815,2026-W32,ТСХ,1009.40,31.93,10
r_00037429,family_001815,u_001815,2026-W32,ТСХ,854.71,103.74,10
r_00037430,family_001815,u_001815,2026-W33,ТСХ,926.61,15.83,7
r_00037431,family_001815,u_001815,2026-W33,ТСХ,1021.95,29.50,11
r_00037432,family_001815,u_001815,2026-W33,ТСХ,806.55,52.64,7
r_00037433,family_001815,u_001815,2026-W34,ТСХ,1169.99,76.35,5
r_00037434,family_001815,u_001815,2026-W34,ТСХ,778.64,97.02,11
r_00037435,family_001815,u_001815,2026-W34,ТСХ,1166.53,28.51,9
r_00037436,family_001815,u_001815,2026-W35,ТСХ,1514.07,24.01,7
r_00037437,family_001815,u_001815,2026-W35,ТСХ,674.33,38.39,7
r_00037438,family_001815,u_001815,2026-W35,ТСХ,964.29,89.09,7
r_00037439,family_001815,u_001815,2026-W36,ТСХ,927.53,109.69,6
r_00037440,family_001815,u_001815,2026-W36,ТСХ,893.44,35.24,10
r_00037530,family_001821,u_001821,2026-W25,ТС5,743.14,27.64,8
r_00037531,family_001821,u_001821,2026-W25,ТС5,576.78,20.82,9
r_00037532,family_001821,u_001821,2026-W25,ТС5,726.79,22.89,5
r_00037533,family_001821,u_001821,2026-W26,ТС5,559.23,61.83,11
r_00037534,family_001821,u_001821,2026-W26,ТС5,669.48,57.33,11
r_00037535,family_001821,u_001821,2026-W26,ТС5,643.29,49.91,8
r_00037536,family_001821,u_001821,2026-W27,ТС5,634.20,69.94,9
r_00037537,family_001821,u_001821,2026-W27,ТС5,806.38,41.36,6
r_00037538,family_001821,u_001821,2026-W27,ТС5,683.26,0.00,7
r_00037539,family_001821,u_001821,2026-W27,ТС5,447.97,0.00,5
r_00037540,family_001821,u_001821,2026-W28,ТС5,636.99,29.06,7
r_00037541,family_001821,u_001821,2026-W28,ТС5,485.84,42.85,6
r_00037542,family_001821,u_001821,2026-W28,ТС5,530.48,50.47,6
r_00037543,family_001821,u_001821,2026-W29,ТС5,720.11,25.15,5
r_00037544,family_001821,u_001821,2026-W29,ТС5,650.06,26.94,8
r_00037545,family_001821,u_001821,2026-W29,ТС5,553.39,35.59,10
r_00037546,family_001821,u_001821,2026-W30,ТС5,733.37,40.47,10
r_00037547,family_001821,u_001821,2026-W30,ТС5,619.14,18.08,9
r_00037548,family_001821,u_001821,2026-W30,ТС5,667.00,21.26,10
r_00037549,family_001821,u_001821,2026-W31,ТС5,619.39,13.08,7
r_00037550,family_001821,u_001821,2026-W31,ТС5,537.13,13.35,10
r_00037551,family_001821,u_001821,2026-W31,ТС5,714.63,71.69,11
r_00037552,family_001821,u_001821,2026-W32,ТС5,689.78,43.37,11
r_00037553,family_001821,u_001821,2026-W32,ТС5,648.01,51.07,7
r_00037554,family_001821,u_001821,2026-W32,ТС5,885.82,35.74,5
r_00037555,family_001821,u_001821,2026-W33,ТС5,648.92,0.00,10
r_00037556,family_001821,u_001821,2026-W33,ТС5,615.72,41.82,6
r_00037557,family_001821,u_001821,2026-W33,ТС5,521.63,32.67,11
r_00037558,family_001821,u_001821,2026-W34,ТС5,845.75,60.52,11
r_00037559,family_001821,u_001821,2026-W34,ТС5,834.02,21.95,10
r_00037560,family_001821,u_001821,2026-W34,ТС5,761.46,15.65,6
r_00037561,family_001821,u_001821,2026-W35,ТС5,603.47,52.58,8
r_00037562,family_001821,u_001821,2026-W35,ТС5,573.84,29.62,10
r_00037563,family_001821,u_001821,2026-W35,ТС5,686.54,36.67,6
r_00037564,family_001821,u_001821,2026-W36,ТС5,848.21,25.69,9
r_00037565,family_001821,u_001821,2026-W36,ТС5,686.21,42.68,5
r_00037566,family_001821,u_001821,2026-W36,ТС5,536.99,19.39,10
r_00037596,family_001824,u_001824,2026-W25,ТС5,661.37,87.22,9
r_00037597,family_001824,u_001824,2026-W25,ТС5,630.41,122.44,8
r_00037598,family_001824,u_001824,2026-W26,ТС5,565.77,79.02,11
r_00037599,family_001824,u_001824,2026-W27,ТС5,495.02,94.27,7
r_00037600,family_001824,u_001824,2026-W27,ТС5,765.37,0.00,6
r_00037601,family_001824,u_001824,2026-W28,ТС5,705.95,141.55,6
r_00037602,family_001824,u_001824,2026-W28,ТС5,697.47,89.30,5
r_00037603,family_001824,u_001824,2026-W29,ТС5,375.98,55.14,6
r_00037604,family_001824,u_001824,2026-W29,ТС5,495.01,82.45,8
r_00037605,family_001824,u_001824,2026-W30,ТС5,454.08,46.80,6
r_00037606,family_001824,u_001824,2026-W31,ТС5,479.49,75.18,6
r_00037607,family_001824,u_001824,2026-W31,ТС5,661.39,131.95,9
r_00037608,family_001824,u_001824,2026-W32,ТС5,543.46,94.51,9
r_00037609,family_001824,u_001824,2026-W32,ТС5,662.02,129.46,10
r_00037610,family_001824,u_001824,2026-W33,ТС5,628.28,40.25,8
r_00037611,family_001824,u_001824,2026-W33,ТС5,714.71,35.13,8
r_00037612,family_001824,u_001824,2026-W34,ТС5,590.18,61.32,11
r_00037613,family_001824,u_001824,2026-W35,ТС5,711.78,102.23,8
r_00037614,family_001824,u_001824,2026-W35,ТС5,468.47,37.69,7
r_00037615,family_001824,u_001824,2026-W36,ТС5,562.03,84.00,7
r_00037616,family_001824,u_001824,2026-W36,ТС5,575.68,166.53,5
r_00037672,family_001827,u_001827,2026-W25,ТС5,551.76,69.85,6
r_00037673,family_001827,u_001827,2026-W25,ТС5,603.57,20.69,6
r_00037674,family_001827,u_001827,2026-W26,ТС5,525.69,43.27,11
r_00037675,family_001827,u_001827,2026-W27,ТС5,466.89,175.70,6
r_00037676,family_001827,u_001827,2026-W28,ТС5,622.37,61.50,5
r_00037677,family_001827,u_001827,2026-W28,ТС5,592.56,99.57,9
r_00037678,family_001827,u_001827,2026-W29,ТС5,634.64,97.24,10
r_00037679,family_001827,u_001827,2026-W29,ТС5,698.83,95.94,6
r_00037680,family_001827,u_001827,2026-W30,ТС5,558.86,68.65,7
r_00037681,family_001827,u_001827,2026-W30,ТС5,716.34,124.03,9
r_00037682,family_001827,u_001827,2026-W31,ТС5,523.93,66.31,9
r_00037683,family_001827,u_001827,2026-W31,ТС5,538.19,79.71,9
r_00037684,family_001827,u_001827,2026-W31,ТС5,695.37,109.72,10
r_00037685,family_001827,u_001827,2026-W32,ТС5,608.53,117.36,10
r_00037686,family_001827,u_001827,2026-W32,ТС5,707.08,66.86,9
r_00037687,family_001827,u_001827,2026-W33,ТС5,669.16,84.45,10
r_00037688,family_001827,u_001827,2026-W34,ТС5,553.54,132.59,5
r_00037689,family_001827,u_001827,2026-W35,ТС5,674.23,16.98,5
r_00037690,family_001827,u_001827,2026-W35,ТС5,515.73,68.74,7
r_00037691,family_001827,u_001827,2026-W36,ТС5,542.91,109.08,7
r_00037692,family_001828,u_001828,2026-W25,ТС5,632.14,21.58,8
r_00037693,family_001828,u_001828,2026-W25,ТС5,606.52,29.34,8
r_00037694,family_001828,u_001828,2026-W26,ТС5,754.57,15.05,6
r_00037695,family_001828,u_001828,2026-W26,ТС5,392.32,52.04,10
r_00037696,family_001828,u_001828,2026-W27,ТС5,502.68,46.84,11
r_00037697,family_001828,u_001828,2026-W27,ТС5,736.93,4.27,10
r_00037698,family_001828,u_001828,2026-W28,ТС5,546.26,41.79,10
r_00037699,family_001828,u_001828,2026-W28,ТС5,811.19,9.88,9
r_00037700,family_001828,u_001828,2026-W29,ТС5,642.24,8.74,6
r_00037701,family_001828,u_001828,2026-W29,ТС5,684.82,50.09,5
r_00037702,family_001828,u_001828,2026-W30,ТС5,705.24,0.00,11
r_00037703,family_001828,u_001828,2026-W30,ТС5,750.83,16.10,5
r_00037704,family_001828,u_001828,2026-W30,ТС5,445.69,23.97,10
r_00037705,family_001828,u_001828,2026-W31,ТС5,462.52,15.08,11
r_00037706,family_001828,u_001828,2026-W31,ТС5,735.14,69.01,11
r_00037707,family_001828,u_001828,2026-W32,ТС5,684.73,13.83,7
r_00037708,family_001828,u_001828,2026-W32,ТС5,484.33,18.69,8
r_00037709,family_001828,u_001828,2026-W32,ТС5,554.67,23.25,8
r_00037710,family_001828,u_001828,2026-W33,ТС5,539.33,41.83,9
r_00037711,family_001828,u_001828,2026-W34,ТС5,817.98,25.06,7
r_00037712,family_001828,u_001828,2026-W34,ТС5,750.84,36.14,6
r_00037713,family_001828,u_001828,2026-W35,ТС5,506.54,40.27,10
r_00037714,family_001828,u_001828,2026-W35,ТС5,747.49,30.97,7
r_00037715,family_001828,u_001828,2026-W35,ТС5,900.42,31.42,6
r_00037716,family_001828,u_001828,2026-W36,ТС5,512.25,56.57,7
r_00037717,family_001828,u_001828,2026-W36,ТС5,651.98,15.45,8
r_00037718,family_001829,u_001829,2026-W25,ТС5,557.21,40.79,6
r_00037719,family_001829,u_001829,2026-W25,ТС5,697.16,35.70,11
r_00037720,family_001829,u_001829,2026-W26,ТС5,716.13,28.74,5
r_00037721,family_001829,u_001829,2026-W26,ТС5,612.44,19.98,8
r_00037722,family_001829,u_001829,2026-W27,ТС5,605.33,43.87,11
r_00037723,family_001829,u_001829,2026-W27,ТС5,637.72,32.47,8
r_00037724,family_001829,u_001829,2026-W28,ТС5,650.30,46.00,11
r_00037725,family_001829,u_001829,2026-W28,ТС5,725.14,18.91,7
r_00037726,family_001829,u_001829,2026-W29,ТС5,784.48,0.00,6
r_00037727,family_001829,u_001829,2026-W29,ТС5,607.64,87.11,6
r_00037728,family_001829,u_001829,2026-W30,ТС5,610.07,35.03,7
r_00037729,family_001829,u_001829,2026-W30,ТС5,761.32,23.34,10
r_00037730,family_001829,u_001829,2026-W30,ТС5,711.81,42.24,11
r_00037731,family_001829,u_001829,2026-W31,ТС5,762.57,101.08,6
r_00037732,family_001829,u_001829,2026-W31,ТС5,608.33,35.96,7
r_00037733,family_001829,u_001829,2026-W32,ТС5,811.24,39.15,5
r_00037734,family_001829,u_001829,2026-W32,ТС5,663.61,29.07,8
r_00037735,family_001829,u_001829,2026-W33,ТС5,505.70,14.67,5
r_00037736,family_001829,u_001829,2026-W33,ТС5,735.56,87.93,9
r_00037737,family_001829,u_001829,2026-W34,ТС5,705.95,29.72,8
r_00037738,family_001829,u_001829,2026-W34,ТС5,580.53,13.70,9
r_00037739,family_001829,u_001829,2026-W35,ТС5,582.54,0.00,10
r_00037740,family_001829,u_001829,2026-W35,ТС5,705.35,29.92,10
r_00037741,family_001829,u_001829,2026-W36,ТС5,702.69,25.62,10
r_00037742,family_001829,u_001829,2026-W36,ТС5,719.45,33.05,8
r_00037808,family_001833,u_001833,2026-W25,ТС5,723.70,90.00,10
r_00037809,family_001833,u_001833,2026-W25,ТС5,674.34,60.21,7
r_00037810,family_001833,u_001833,2026-W26,ТС5,614.50,122.63,11
r_00037811,family_001833,u_001833,2026-W26,ТС5,541.62,98.91,5
r_00037812,family_001833,u_001833,2026-W27,ТС5,639.06,151.20,9
r_00037813,family_001833,u_001833,2026-W27,ТС5,702.53,90.15,9
r_00037814,family_001833,u_001833,2026-W28,ТС5,552.97,153.56,5
r_00037815,family_001833,u_001833,2026-W28,ТС5,569.68,43.22,11
r_00037816,family_001833,u_001833,2026-W29,ТС5,772.82,106.06,7
r_00037817,family_001833,u_001833,2026-W29,ТС5,582.96,23.11,11
r_00037818,family_001833,u_001833,2026-W30,ТС5,729.30,68.67,7
r_00037819,family_001833,u_001833,2026-W30,ТС5,729.58,25.30,9
r_00037820,family_001833,u_001833,2026-W31,ТС5,563.00,50.33,9
r_00037821,family_001833,u_001833,2026-W31,ТС5,532.38,80.07,11
r_00037822,family_001833,u_001833,2026-W32,ТС5,638.16,85.18,7
r_00037823,family_001833,u_001833,2026-W32,ТС5,522.77,70.87,7
r_00037824,family_001833,u_001833,2026-W33,ТС5,651.88,100.84,10
r_00037825,family_001833,u_001833,2026-W33,ТС5,722.06,138.30,5
r_00037826,family_001833,u_001833,2026-W34,ТС5,608.08,95.18,8
r_00037827,family_001833,u_001833,2026-W34,ТС5,734.00,45.73,5
r_00037828,family_001833,u_001833,2026-W35,ТС5,547.80,66.34,10
r_00037829,family_001833,u_001833,2026-W35,ТС5,577.34,37.27,10
r_00037830,family_001833,u_001833,2026-W36,ТС5,584.92,98.61,10
r_00037831,family_001833,u_001833,2026-W36,ТС5,729.59,74.57,7
r_00037832,family_001834,u_001834,2026-W25,ТС5,652.85,25.19,6
r_00037833,family_001834,u_001834,2026-W25,ТС5,761.78,19.19,10
r_00037834,family_001834,u_001834,2026-W25,ТС5,561.27,13.06,8
r_00037835,family_001834,u_001834,2026-W26,ТС5,701.18,28.65,11
r_00037836,family_001834,u_001834,2026-W26,ТС5,662.99,47.99,8
r_00037837,family_001834,u_001834,2026-W26,ТС5,566.91,42.80,9
r_00037838,family_001834,u_001834,2026-W27,ТС5,573.02,32.16,6
r_00037839,family_001834,u_001834,2026-W27,ТС5,574.80,68.35,6
r_00037840,family_001834,u_001834,2026-W27,ТС5,530.65,0.00,6
r_00037841,family_001834,u_001834,2026-W28,ТС5,742.70,10.78,9
r_00037842,family_001834,u_001834,2026-W28,ТС5,642.64,59.18,10
r_00037843,family_001834,u_001834,2026-W28,ТС5,718.47,42.52,11
r_00037844,family_001834,u_001834,2026-W29,ТС5,817.48,36.02,11
r_00037845,family_001834,u_001834,2026-W29,ТС5,788.68,47.81,5
r_00037846,family_001834,u_001834,2026-W29,ТС5,499.58,22.59,8
r_00037847,family_001834,u_001834,2026-W30,ТС5,432.88,18.34,7
r_00037848,family_001834,u_001834,2026-W30,ТС5,505.16,70.96,6
r_00037849,family_001834,u_001834,2026-W30,ТС5,422.79,27.58,9
r_00037850,family_001834,u_001834,2026-W31,ТС5,598.36,7.10,6
r_00037851,family_001834,u_001834,2026-W31,ТС5,669.82,74.05,9
r_00037852,family_001834,u_001834,2026-W31,ТС5,690.66,76.58,6
r_00037853,family_001834,u_001834,2026-W32,ТС5,642.83,41.92,7
r_00037854,family_001834,u_001834,2026-W32,ТС5,709.63,46.65,9
r_00037855,family_001834,u_001834,2026-W33,ТС5,671.65,40.80,10
r_00037856,family_001834,u_001834,2026-W33,ТС5,801.93,0.00,5
r_00037857,family_001834,u_001834,2026-W33,ТС5,282.67,9.91,8
r_00037858,family_001834,u_001834,2026-W34,ТС5,632.26,28.45,5
r_00037859,family_001834,u_001834,2026-W34,ТС5,616.25,16.80,9
r_00037860,family_001834,u_001834,2026-W34,ТС5,532.98,54.30,10
r_00037861,family_001834,u_001834,2026-W35,ТС5,621.18,12.43,6
r_00037862,family_001834,u_001834,2026-W35,ТС5,734.19,66.80,6
r_00037863,family_001834,u_001834,2026-W35,ТС5,563.18,10.23,10
r_00037864,family_001834,u_001834,2026-W36,ТС5,720.82,33.99,7
r_00037865,family_001834,u_001834,2026-W36,ТС5,508.69,21.25,9
r_00037866,family_001834,u_001834,2026-W36,ТС5,488.32,43.61,9
r_00038062,family_001847,u_001847,2026-W25,ТС5,940.14,51.45,11
r_00038063,family_001847,u_001847,2026-W25,ТС5,685.15,36.86,10
r_00038064,family_001847,u_001847,2026-W25,ТС5,463.71,85.57,7
r_00038065,family_001847,u_001847,2026-W26,ТС5,734.22,0.00,11
r_00038066,family_001847,u_001847,2026-W26,ТС5,600.21,4.54,11
r_00038067,family_001847,u_001847,2026-W26,ТС5,479.96,28.68,10
r_00038068,family_001847,u_001847,2026-W27,ТС5,742.42,65.26,8
r_00038069,family_001847,u_001847,2026-W27,ТС5,572.72,51.10,8
r_00038070,family_001847,u_001847,2026-W27,ТС5,741.69,68.53,6
r_00038071,family_001847,u_001847,2026-W28,ТС5,765.30,40.86,9
r_00038072,family_001847,u_001847,2026-W28,ТС5,736.48,34.02,6
r_00038073,family_001847,u_001847,2026-W29,ТС5,375.86,41.15,9
r_00038074,family_001847,u_001847,2026-W29,ТС5,692.31,38.36,9
r_00038075,family_001847,u_001847,2026-W30,ТС5,582.60,8.22,6
r_00038076,family_001847,u_001847,2026-W30,ТС5,533.15,42.43,5
r_00038077,family_001847,u_001847,2026-W31,ТС5,485.25,49.13,10
r_00038078,family_001847,u_001847,2026-W31,ТС5,737.84,52.11,5
r_00038079,family_001847,u_001847,2026-W32,ТС5,772.13,0.00,5
r_00038080,family_001847,u_001847,2026-W32,ТС5,742.74,28.78,9
r_00038081,family_001847,u_001847,2026-W32,ТС5,675.76,86.33,6
r_00038082,family_001847,u_001847,2026-W33,ТС5,655.10,27.30,10
r_00038083,family_001847,u_001847,2026-W33,ТС5,687.53,58.52,9
r_00038084,family_001847,u_001847,2026-W33,ТС5,845.05,42.51,10
r_00038085,family_001847,u_001847,2026-W34,ТС5,703.15,37.98,6
r_00038086,family_001847,u_001847,2026-W34,ТС5,347.84,20.39,11
r_00038087,family_001847,u_001847,2026-W35,ТС5,667.80,0.00,7
r_00038088,family_001847,u_001847,2026-W35,ТС5,688.09,51.08,6
r_00038089,family_001847,u_001847,2026-W35,ТС5,729.78,60.76,11
r_00038090,family_001847,u_001847,2026-W36,ТС5,624.79,18.97,10
r_00038091,family_001847,u_001847,2026-W36,ТС5,463.23,21.01,10
r_00038092,family_001847,u_001847,2026-W36,ТС5,563.93,12.35,7
r_00038108,family_001849,u_001849,2026-W25,ТС5,944.19,35.71,6
r_00038109,family_001849,u_001849,2026-W25,ТС5,491.11,25.66,5
r_00038110,family_001849,u_001849,2026-W26,ТС5,550.32,68.25,7
r_00038111,family_001849,u_001849,2026-W26,ТС5,621.69,41.95,9
r_00038112,family_001849,u_001849,2026-W27,ТС5,728.49,40.81,7
r_00038113,family_001849,u_001849,2026-W27,ТС5,717.80,35.56,7
r_00038114,family_001849,u_001849,2026-W28,ТС5,857.18,37.49,9
r_00038115,family_001849,u_001849,2026-W28,ТС5,604.58,43.17,8
r_00038116,family_001849,u_001849,2026-W29,ТС5,639.79,14.86,8
r_00038117,family_001849,u_001849,2026-W29,ТС5,633.59,9.89,10
r_00038118,family_001849,u_001849,2026-W30,ТС5,791.24,42.57,9
r_00038119,family_001849,u_001849,2026-W30,ТС5,626.82,37.18,11
r_00038120,family_001849,u_001849,2026-W31,ТС5,494.04,33.39,11
r_00038121,family_001849,u_001849,2026-W31,ТС5,661.92,11.81,8
r_00038122,family_001849,u_001849,2026-W32,ТС5,678.09,26.22,10
r_00038123,family_001849,u_001849,2026-W32,ТС5,625.75,18.58,5
r_00038124,family_001849,u_001849,2026-W33,ТС5,619.00,17.39,5
r_00038125,family_001849,u_001849,2026-W34,ТС5,631.24,87.22,9
r_00038126,family_001849,u_001849,2026-W35,ТС5,632.44,10.08,6
r_00038127,family_001849,u_001849,2026-W35,ТС5,706.08,24.05,9
r_00038128,family_001849,u_001849,2026-W35,ТС5,550.81,32.04,7
r_00038129,family_001849,u_001849,2026-W36,ТС5,689.09,34.70,11
r_00038130,family_001849,u_001849,2026-W36,ТС5,841.38,0.00,5
r_00038193,family_001853,u_001853,2026-W25,ТС5,659.45,41.14,10
r_00038194,family_001853,u_001853,2026-W25,ТС5,678.60,44.11,8
r_00038195,family_001853,u_001853,2026-W26,ТС5,492.38,56.57,5
r_00038196,family_001853,u_001853,2026-W26,ТС5,647.22,44.14,10
r_00038197,family_001853,u_001853,2026-W26,ТС5,508.36,12.07,10
r_00038198,family_001853,u_001853,2026-W27,ТС5,673.52,51.68,10
r_00038199,family_001853,u_001853,2026-W27,ТС5,688.61,0.00,5
r_00038200,family_001853,u_001853,2026-W28,ТС5,552.27,54.79,8
r_00038201,family_001853,u_001853,2026-W28,ТС5,487.87,13.23,10
r_00038202,family_001853,u_001853,2026-W29,ТС5,794.51,61.37,10
r_00038203,family_001853,u_001853,2026-W29,ТС5,671.25,32.90,8
r_00038204,family_001853,u_001853,2026-W30,ТС5,780.78,46.08,11
r_00038205,family_001853,u_001853,2026-W31,ТС5,677.85,20.21,6
r_00038206,family_001853,u_001853,2026-W31,ТС5,548.00,45.83,9
r_00038207,family_001853,u_001853,2026-W32,ТС5,603.48,42.77,11
r_00038208,family_001853,u_001853,2026-W32,ТС5,582.67,26.92,9
r_00038209,family_001853,u_001853,2026-W32,ТС5,563.92,9.08,11
r_00038210,family_001853,u_001853,2026-W33,ТС5,574.42,22.68,6
r_00038211,family_001853,u_001853,2026-W33,ТС5,445.57,26.88,9
r_00038212,family_001853,u_001853,2026-W34,ТС5,620.17,74.46,10
r_00038213,family_001853,u_001853,2026-W34,ТС5,660.99,39.42,11
r_00038214,family_001853,u_001853,2026-W35,ТС5,824.85,30.90,10
r_00038215,family_001853,u_001853,2026-W35,ТС5,620.38,47.60,8
r_00038216,family_001853,u_001853,2026-W36,ТС5,473.76,36.79,5
r_00038217,family_001853,u_001853,2026-W36,ТС5,541.47,33.67,8
r_00038338,family_001860,u_001860,2026-W25,ТС5,565.92,40.67,5
r_00038339,family_001860,u_001860,2026-W25,ТС5,892.52,5.94,7
r_00038340,family_001860,u_001860,2026-W26,ТС5,546.51,8.78,9
r_00038341,family_001860,u_001860,2026-W26,ТС5,694.98,0.00,5
r_00038342,family_001860,u_001860,2026-W27,ТС5,881.42,0.00,6
r_00038343,family_001860,u_001860,2026-W27,ТС5,572.24,24.46,9
r_00038344,family_001860,u_001860,2026-W28,ТС5,599.95,27.54,11
r_00038345,family_001860,u_001860,2026-W28,ТС5,785.02,18.74,5
r_00038346,family_001860,u_001860,2026-W29,ТС5,473.83,72.99,5
r_00038347,family_001860,u_001860,2026-W29,ТС5,725.40,41.90,5
r_00038348,family_001860,u_001860,2026-W30,ТС5,875.73,39.22,9
r_00038349,family_001860,u_001860,2026-W30,ТС5,451.75,64.90,5
r_00038350,family_001860,u_001860,2026-W31,ТС5,486.25,19.70,9
r_00038351,family_001860,u_001860,2026-W31,ТС5,413.14,28.63,11
r_00038352,family_001860,u_001860,2026-W32,ТС5,516.93,37.76,9
r_00038353,family_001860,u_001860,2026-W32,ТС5,681.03,35.13,6
r_00038354,family_001860,u_001860,2026-W33,ТС5,749.93,75.96,8
r_00038355,family_001860,u_001860,2026-W33,ТС5,479.70,41.74,11
r_00038356,family_001860,u_001860,2026-W34,ТС5,434.00,7.23,8
r_00038357,family_001860,u_001860,2026-W34,ТС5,549.30,19.86,5
r_00038358,family_001860,u_001860,2026-W35,ТС5,771.13,58.28,11
r_00038359,family_001860,u_001860,2026-W35,ТС5,607.45,39.51,11
r_00038360,family_001860,u_001860,2026-W36,ТС5,409.64,0.00,5
r_00038361,family_001860,u_001860,2026-W36,ТС5,610.44,39.25,6
r_00038455,family_001866,u_001866,2026-W25,ТС5,524.52,75.66,9
r_00038456,family_001866,u_001866,2026-W25,ТС5,465.39,44.90,8
r_00038457,family_001866,u_001866,2026-W26,ТС5,517.69,68.35,11
r_00038458,family_001866,u_001866,2026-W26,ТС5,685.09,102.97,6
r_00038459,family_001866,u_001866,2026-W27,ТС5,611.43,47.82,8
r_00038460,family_001866,u_001866,2026-W27,ТС5,325.52,44.16,11
r_00038461,family_001866,u_001866,2026-W28,ТС5,725.10,96.07,9
r_00038462,family_001866,u_001866,2026-W28,ТС5,531.26,60.68,11
r_00038463,family_001866,u_001866,2026-W29,ТС5,569.13,33.56,7
r_00038464,family_001866,u_001866,2026-W30,ТС5,597.57,39.43,8
r_00038465,family_001866,u_001866,2026-W30,ТС5,584.57,38.82,6
r_00038466,family_001866,u_001866,2026-W31,ТС5,601.03,74.64,9
r_00038467,family_001866,u_001866,2026-W31,ТС5,481.37,24.53,7
r_00038468,family_001866,u_001866,2026-W32,ТС5,489.17,37.91,10
r_00038469,family_001866,u_001866,2026-W32,ТС5,734.27,12.50,6
r_00038470,family_001866,u_001866,2026-W33,ТС5,698.77,75.81,7
r_00038471,family_001866,u_001866,2026-W33,ТС5,790.75,61.71,5
r_00038472,family_001866,u_001866,2026-W34,ТС5,825.60,114.66,8
r_00038473,family_001866,u_001866,2026-W35,ТС5,751.37,103.08,9
r_00038474,family_001866,u_001866,2026-W35,ТС5,472.57,62.19,8
r_00038475,family_001866,u_001866,2026-W36,ТС5,758.27,82.14,10
r_00038476,family_001866,u_001866,2026-W36,ТС5,697.76,0.00,5
r_00038578,family_001871,u_001871,2026-W25,ТС5,633.73,0.00,5
r_00038579,family_001871,u_001871,2026-W25,ТС5,613.16,83.47,7
r_00038580,family_001871,u_001871,2026-W25,ТС5,531.13,18.92,8
r_00038581,family_001871,u_001871,2026-W26,ТС5,587.27,55.57,9
r_00038582,family_001871,u_001871,2026-W26,ТС5,767.16,36.84,11
r_00038583,family_001871,u_001871,2026-W26,ТС5,624.35,15.58,6
r_00038584,family_001871,u_001871,2026-W27,ТС5,545.76,25.08,5
r_00038585,family_001871,u_001871,2026-W27,ТС5,633.37,19.72,6
r_00038586,family_001871,u_001871,2026-W27,ТС5,585.05,44.49,6
r_00038587,family_001871,u_001871,2026-W28,ТС5,616.15,29.22,11
r_00038588,family_001871,u_001871,2026-W28,ТС5,625.83,24.27,9
r_00038589,family_001871,u_001871,2026-W28,ТС5,732.04,79.54,5
r_00038590,family_001871,u_001871,2026-W29,ТС5,741.90,46.54,11
r_00038591,family_001871,u_001871,2026-W29,ТС5,477.19,43.35,6
r_00038592,family_001871,u_001871,2026-W29,ТС5,706.43,60.51,9
r_00038593,family_001871,u_001871,2026-W30,ТС5,693.91,76.08,7
r_00038594,family_001871,u_001871,2026-W30,ТС5,563.03,31.69,6
r_00038595,family_001871,u_001871,2026-W30,ТС5,707.40,11.84,8
r_00038596,family_001871,u_001871,2026-W31,ТС5,771.26,21.85,11
r_00038597,family_001871,u_001871,2026-W31,ТС5,598.63,41.07,11
r_00038598,family_001871,u_001871,2026-W31,ТС5,728.06,68.90,11
r_00038599,family_001871,u_001871,2026-W32,ТС5,577.60,57.87,6
r_00038600,family_001871,u_001871,2026-W32,ТС5,629.42,48.33,8
r_00038601,family_001871,u_001871,2026-W32,ТС5,750.91,19.29,7
r_00038602,family_001871,u_001871,2026-W33,ТС5,600.49,71.31,5
r_00038603,family_001871,u_001871,2026-W33,ТС5,745.90,8.89,7
r_00038604,family_001871,u_001871,2026-W33,ТС5,560.13,30.28,7
r_00038605,family_001871,u_001871,2026-W33,ТС5,804.31,94.40,7
r_00038606,family_001871,u_001871,2026-W34,ТС5,531.88,10.68,5
r_00038607,family_001871,u_001871,2026-W34,ТС5,699.41,61.37,10
r_00038608,family_001871,u_001871,2026-W34,ТС5,499.77,47.96,10
r_00038609,family_001871,u_001871,2026-W35,ТС5,738.75,8.88,9
r_00038610,family_001871,u_001871,2026-W35,ТС5,589.28,36.32,10
r_00038611,family_001871,u_001871,2026-W35,ТС5,629.30,35.64,11
r_00038612,family_001871,u_001871,2026-W36,ТС5,627.10,36.65,10
r_00038613,family_001871,u_001871,2026-W36,ТС5,464.43,8.80,8
r_00038614,family_001871,u_001871,2026-W36,ТС5,503.15,4.81,7
r_00038680,family_001877,u_001877,2026-W25,ТСХ,811.83,77.55,11
r_00038681,family_001877,u_001877,2026-W25,ТСХ,880.77,155.49,6
r_00038682,family_001877,u_001877,2026-W26,ТСХ,1079.11,105.62,6
r_00038683,family_001877,u_001877,2026-W26,ТСХ,753.24,142.99,10
r_00038684,family_001877,u_001877,2026-W26,ТСХ,1131.89,135.45,5
r_00038685,family_001877,u_001877,2026-W27,ТСХ,815.31,114.71,10
r_00038686,family_001877,u_001877,2026-W27,ТСХ,1114.67,106.68,9
r_00038687,family_001877,u_001877,2026-W27,ТСХ,1055.57,21.55,8
r_00038688,family_001877,u_001877,2026-W28,ТСХ,824.25,74.49,10
r_00038689,family_001877,u_001877,2026-W28,ТСХ,865.63,112.55,8
r_00038690,family_001877,u_001877,2026-W28,ТСХ,991.26,131.36,11
r_00038691,family_001877,u_001877,2026-W29,ТСХ,773.91,181.82,9
r_00038692,family_001877,u_001877,2026-W29,ТСХ,704.77,43.51,8
r_00038693,family_001877,u_001877,2026-W30,ТСХ,981.68,109.45,6
r_00038694,family_001877,u_001877,2026-W30,ТСХ,564.48,49.14,8
r_00038695,family_001877,u_001877,2026-W30,ТСХ,945.66,62.40,5
r_00038696,family_001877,u_001877,2026-W31,ТСХ,696.38,55.73,8
r_00038697,family_001877,u_001877,2026-W31,ТСХ,1038.45,152.34,11
r_00038698,family_001877,u_001877,2026-W32,ТСХ,992.34,86.31,11
r_00038699,family_001877,u_001877,2026-W32,ТСХ,1081.18,101.58,8
r_00038700,family_001877,u_001877,2026-W32,ТСХ,1045.10,81.93,8
r_00038701,family_001877,u_001877,2026-W33,ТСХ,829.86,163.92,8
r_00038702,family_001877,u_001877,2026-W34,ТСХ,745.98,35.03,5
r_00038703,family_001877,u_001877,2026-W34,ТСХ,650.11,58.15,7
r_00038704,family_001877,u_001877,2026-W34,ТСХ,792.27,136.80,11
r_00038705,family_001877,u_001877,2026-W35,ТСХ,692.96,129.27,11
r_00038706,family_001877,u_001877,2026-W35,ТСХ,945.69,165.60,8
r_00038707,family_001877,u_001877,2026-W35,ТСХ,899.10,154.72,10
r_00038708,family_001877,u_001877,2026-W36,ТСХ,761.41,130.18,8
r_00038709,family_001877,u_001877,2026-W36,ТСХ,1229.99,197.43,9
r_00038710,family_001877,u_001877,2026-W36,ТСХ,898.73,62.85,10
r_00038711,family_001878,u_001878,2026-W25,ТСЧ,917.25,41.02,9
r_00038712,family_001878,u_001878,2026-W25,ТСЧ,1087.25,53.52,7
r_00038713,family_001878,u_001878,2026-W26,ТСЧ,806.72,69.35,7
r_00038714,family_001878,u_001878,2026-W26,ТСЧ,817.07,30.78,7
r_00038715,family_001878,u_001878,2026-W26,ТСЧ,740.74,10.68,8
r_00038716,family_001878,u_001878,2026-W27,ТСЧ,1017.61,44.11,7
r_00038717,family_001878,u_001878,2026-W27,ТСЧ,820.46,17.70,10
r_00038718,family_001878,u_001878,2026-W27,ТСЧ,871.07,22.93,10
r_00038719,family_001878,u_001878,2026-W28,ТСЧ,625.94,13.57,7
r_00038720,family_001878,u_001878,2026-W28,ТСЧ,638.09,5.64,11
r_00038721,family_001878,u_001878,2026-W28,ТСЧ,789.33,49.75,7
r_00038722,family_001878,u_001878,2026-W29,ТСЧ,929.00,9.89,8
r_00038723,family_001878,u_001878,2026-W29,ТСЧ,845.15,45.89,7
r_00038724,family_001878,u_001878,2026-W29,ТСЧ,775.68,9.47,8
r_00038725,family_001878,u_001878,2026-W30,ТСЧ,664.40,21.24,9
r_00038726,family_001878,u_001878,2026-W30,ТСЧ,558.23,25.49,10
r_00038727,family_001878,u_001878,2026-W30,ТСЧ,997.49,44.10,8
r_00038728,family_001878,u_001878,2026-W31,ТСЧ,850.69,122.32,5
r_00038729,family_001878,u_001878,2026-W31,ТСЧ,752.68,20.23,5
r_00038730,family_001878,u_001878,2026-W31,ТСЧ,802.79,16.12,8
r_00038731,family_001878,u_001878,2026-W32,ТСЧ,733.91,85.11,8
r_00038732,family_001878,u_001878,2026-W32,ТСЧ,846.46,92.68,6
r_00038733,family_001878,u_001878,2026-W33,ТСЧ,783.41,105.95,5
r_00038734,family_001878,u_001878,2026-W33,ТСЧ,738.34,34.20,9
r_00038735,family_001878,u_001878,2026-W33,ТСЧ,840.20,63.86,6
r_00038736,family_001878,u_001878,2026-W34,ТСЧ,747.02,22.39,11
r_00038737,family_001878,u_001878,2026-W34,ТСЧ,956.58,25.51,11
r_00038738,family_001878,u_001878,2026-W34,ТСЧ,834.49,35.22,8
r_00038739,family_001878,u_001878,2026-W35,ТСЧ,843.47,35.15,11
r_00038740,family_001878,u_001878,2026-W35,ТСЧ,763.88,14.56,10
r_00038741,family_001878,u_001878,2026-W35,ТСЧ,902.38,27.77,11
r_00038742,family_001878,u_001878,2026-W36,ТСЧ,1021.95,21.65,6
r_00038743,family_001878,u_001878,2026-W36,ТСЧ,880.59,42.02,9
r_00038744,family_001878,u_001878,2026-W36,ТСЧ,606.66,27.94,6
r_00038745,family_001879,u_001879,2026-W25,ТС5,569.04,5.15,11
r_00038746,family_001879,u_001879,2026-W25,ТС5,652.21,72.64,5
r_00038747,family_001879,u_001879,2026-W26,ТС5,758.16,9.22,9
r_00038748,family_001879,u_001879,2026-W26,ТС5,493.07,18.20,11
r_00038749,family_001879,u_001879,2026-W27,ТС5,809.42,49.38,6
r_00038750,family_001879,u_001879,2026-W27,ТС5,594.03,13.51,6
r_00038751,family_001879,u_001879,2026-W28,ТС5,825.92,25.35,7
r_00038752,family_001879,u_001879,2026-W28,ТС5,492.54,35.85,8
r_00038753,family_001879,u_001879,2026-W29,ТС5,798.60,41.68,11
r_00038754,family_001879,u_001879,2026-W29,ТС5,673.46,47.67,5
r_00038755,family_001879,u_001879,2026-W30,ТС5,614.70,34.91,7
r_00038756,family_001879,u_001879,2026-W30,ТС5,819.82,21.12,7
r_00038757,family_001879,u_001879,2026-W31,ТС5,552.45,46.96,8
r_00038758,family_001879,u_001879,2026-W31,ТС5,340.64,20.76,6
r_00038759,family_001879,u_001879,2026-W32,ТС5,618.52,8.16,10
r_00038760,family_001879,u_001879,2026-W32,ТС5,645.36,59.22,5
r_00038761,family_001879,u_001879,2026-W33,ТС5,817.90,36.13,5
r_00038762,family_001879,u_001879,2026-W33,ТС5,627.59,24.41,8
r_00038763,family_001879,u_001879,2026-W34,ТС5,612.49,30.79,8
r_00038764,family_001879,u_001879,2026-W34,ТС5,666.58,49.17,11
r_00038765,family_001879,u_001879,2026-W35,ТС5,710.56,15.43,10
r_00038766,family_001879,u_001879,2026-W35,ТС5,385.00,37.86,7
r_00038767,family_001879,u_001879,2026-W36,ТС5,586.33,71.26,10
r_00038768,family_001879,u_001879,2026-W36,ТС5,643.84,0.00,9
r_00038914,family_001888,u_001888,2026-W25,ТСХ,893.75,43.94,9
r_00038915,family_001888,u_001888,2026-W25,ТСХ,1194.83,89.76,5
r_00038916,family_001888,u_001888,2026-W26,ТСХ,754.28,73.15,10
r_00038917,family_001888,u_001888,2026-W26,ТСХ,872.48,163.01,10
r_00038918,family_001888,u_001888,2026-W27,ТСХ,1328.11,41.03,8
r_00038919,family_001888,u_001888,2026-W27,ТСХ,765.05,31.36,7
r_00038920,family_001888,u_001888,2026-W27,ТСХ,928.71,63.95,9
r_00038921,family_001888,u_001888,2026-W28,ТСХ,850.46,51.08,9
r_00038922,family_001888,u_001888,2026-W28,ТСХ,969.83,14.62,8
r_00038923,family_001888,u_001888,2026-W28,ТСХ,1215.21,0.00,6
r_00038924,family_001888,u_001888,2026-W29,ТСХ,941.83,62.32,8
r_00038925,family_001888,u_001888,2026-W29,ТСХ,1144.66,64.66,11
r_00038926,family_001888,u_001888,2026-W29,ТСХ,982.79,57.96,9
r_00038927,family_001888,u_001888,2026-W30,ТСХ,925.52,75.65,11
r_00038928,family_001888,u_001888,2026-W30,ТСХ,636.75,71.45,11
r_00038929,family_001888,u_001888,2026-W30,ТСХ,844.15,69.11,8
r_00038930,family_001888,u_001888,2026-W31,ТСХ,1147.20,0.00,6
r_00038931,family_001888,u_001888,2026-W32,ТСХ,1116.52,140.50,8
r_00038932,family_001888,u_001888,2026-W32,ТСХ,1182.25,31.64,7
r_00038933,family_001888,u_001888,2026-W33,ТСХ,961.96,12.58,10
r_00038934,family_001888,u_001888,2026-W33,ТСХ,1266.87,57.67,11
r_00038935,family_001888,u_001888,2026-W34,ТСХ,587.60,82.00,11
r_00038936,family_001888,u_001888,2026-W34,ТСХ,816.90,61.29,8
r_00038937,family_001888,u_001888,2026-W35,ТСХ,975.38,28.73,7
r_00038938,family_001888,u_001888,2026-W35,ТСХ,866.62,85.89,9
r_00038939,family_001888,u_001888,2026-W35,ТСХ,808.83,52.35,11
r_00038940,family_001888,u_001888,2026-W36,ТСХ,815.40,50.20,10
r_00038941,family_001888,u_001888,2026-W36,ТСХ,1083.68,93.21,10
r_00038942,family_001888,u_001888,2026-W36,ТСХ,1096.24,81.79,5
r_00039037,family_001893,u_001893,2026-W25,ТС5,638.10,128.87,6
r_00039038,family_001893,u_001893,2026-W25,ТС5,747.94,108.38,6
r_00039039,family_001893,u_001893,2026-W25,ТС5,465.59,24.83,10
r_00039040,family_001893,u_001893,2026-W26,ТС5,586.86,26.36,9
r_00039041,family_001893,u_001893,2026-W26,ТС5,472.19,92.25,11
r_00039042,family_001893,u_001893,2026-W27,ТС5,848.22,99.18,5
r_00039043,family_001893,u_001893,2026-W28,ТС5,690.97,68.07,5
r_00039044,family_001893,u_001893,2026-W28,ТС5,543.69,140.92,9
r_00039045,family_001893,u_001893,2026-W28,ТС5,512.77,54.79,9
r_00039046,family_001893,u_001893,2026-W29,ТС5,497.85,61.34,11
r_00039047,family_001893,u_001893,2026-W29,ТС5,430.85,51.83,5
r_00039048,family_001893,u_001893,2026-W30,ТС5,395.85,89.76,8
r_00039049,family_001893,u_001893,2026-W30,ТС5,634.33,71.20,8
r_00039050,family_001893,u_001893,2026-W31,ТС5,740.78,101.24,10
r_00039051,family_001893,u_001893,2026-W31,ТС5,634.58,55.82,11
r_00039052,family_001893,u_001893,2026-W32,ТС5,707.36,82.34,7
r_00039053,family_001893,u_001893,2026-W32,ТС5,408.70,80.07,8
r_00039054,family_001893,u_001893,2026-W33,ТС5,560.33,103.51,11
r_00039055,family_001893,u_001893,2026-W33,ТС5,553.86,142.14,8
r_00039056,family_001893,u_001893,2026-W33,ТС5,597.85,87.27,7
r_00039057,family_001893,u_001893,2026-W34,ТС5,730.07,64.48,10
r_00039058,family_001893,u_001893,2026-W34,ТС5,493.27,46.97,5
r_00039059,family_001893,u_001893,2026-W34,ТС5,552.53,30.34,8
r_00039060,family_001893,u_001893,2026-W35,ТС5,601.33,41.09,9
r_00039061,family_001893,u_001893,2026-W35,ТС5,512.90,62.94,8
r_00039062,family_001893,u_001893,2026-W36,ТС5,347.26,103.06,10
r_00039063,family_001894,u_001894,2026-W25,ТСХ,1063.89,23.95,5
r_00039064,family_001894,u_001894,2026-W25,ТСХ,752.31,35.87,10
r_00039065,family_001894,u_001894,2026-W25,ТСХ,1297.40,52.48,10
r_00039066,family_001894,u_001894,2026-W26,ТСХ,1309.13,88.79,8
r_00039067,family_001894,u_001894,2026-W26,ТСХ,1153.15,48.15,11
r_00039068,family_001894,u_001894,2026-W27,ТСХ,954.60,48.41,11
r_00039069,family_001894,u_001894,2026-W27,ТСХ,942.90,53.98,11
r_00039070,family_001894,u_001894,2026-W28,ТСХ,1110.53,86.55,5
r_00039071,family_001894,u_001894,2026-W28,ТСХ,876.28,81.55,7
r_00039072,family_001894,u_001894,2026-W29,ТСХ,785.69,7.89,9
r_00039073,family_001894,u_001894,2026-W29,ТСХ,1100.80,62.15,7
r_00039074,family_001894,u_001894,2026-W30,ТСХ,1029.99,57.34,10
r_00039075,family_001894,u_001894,2026-W30,ТСХ,1572.72,0.00,5
r_00039076,family_001894,u_001894,2026-W31,ТСХ,1178.68,57.28,10
r_00039077,family_001894,u_001894,2026-W31,ТСХ,598.30,26.36,8
r_00039078,family_001894,u_001894,2026-W31,ТСХ,1242.74,55.95,11
r_00039079,family_001894,u_001894,2026-W32,ТСХ,1142.74,16.73,6
r_00039080,family_001894,u_001894,2026-W32,ТСХ,975.51,9.49,10
r_00039081,family_001894,u_001894,2026-W33,ТСХ,1059.47,135.03,7
r_00039082,family_001894,u_001894,2026-W33,ТСХ,1035.23,22.03,11
r_00039083,family_001894,u_001894,2026-W34,ТСХ,956.45,46.07,9
r_00039084,family_001894,u_001894,2026-W34,ТСХ,1233.69,70.10,7
r_00039085,family_001894,u_001894,2026-W35,ТСХ,956.17,32.22,7
r_00039086,family_001894,u_001894,2026-W35,ТСХ,866.39,42.48,6
r_00039087,family_001894,u_001894,2026-W36,ТСХ,1224.39,92.42,11
r_00039088,family_001894,u_001894,2026-W36,ТСХ,1117.55,21.58,7
r_00039213,family_001901,u_001901,2026-W25,ТС5,442.59,122.75,9
r_00039214,family_001901,u_001901,2026-W25,ТС5,576.73,66.57,11
r_00039215,family_001901,u_001901,2026-W26,ТС5,558.87,77.80,11
r_00039216,family_001901,u_001901,2026-W26,ТС5,615.21,103.12,11
r_00039217,family_001901,u_001901,2026-W27,ТС5,682.73,196.74,6
r_00039218,family_001901,u_001901,2026-W27,ТС5,504.38,64.81,8
r_00039219,family_001901,u_001901,2026-W28,ТС5,717.57,138.90,7
r_00039220,family_001901,u_001901,2026-W28,ТС5,605.95,14.07,5
r_00039221,family_001901,u_001901,2026-W29,ТС5,419.49,12.95,10
r_00039222,family_001901,u_001901,2026-W29,ТС5,644.70,75.78,10
r_00039223,family_001901,u_001901,2026-W30,ТС5,576.39,179.97,8
r_00039224,family_001901,u_001901,2026-W30,ТС5,657.49,60.70,11
r_00039225,family_001901,u_001901,2026-W31,ТС5,301.20,62.34,5
r_00039226,family_001901,u_001901,2026-W31,ТС5,484.54,61.48,5
r_00039227,family_001901,u_001901,2026-W32,ТС5,730.96,82.48,9
r_00039228,family_001901,u_001901,2026-W33,ТС5,684.98,149.55,9
r_00039229,family_001901,u_001901,2026-W34,ТС5,528.90,70.79,9
r_00039230,family_001901,u_001901,2026-W34,ТС5,554.86,69.42,10
r_00039231,family_001901,u_001901,2026-W35,ТС5,567.36,114.95,11
r_00039232,family_001901,u_001901,2026-W35,ТС5,743.43,104.80,8
r_00039233,family_001901,u_001901,2026-W36,ТС5,505.49,71.93,10
r_00039234,family_001901,u_001901,2026-W36,ТС5,705.14,124.80,10
r_00039235,family_001902,u_001902,2026-W25,ТС5,879.38,33.56,8
r_00039236,family_001902,u_001902,2026-W25,ТС5,724.16,0.00,7
r_00039237,family_001902,u_001902,2026-W25,ТС5,533.15,56.89,10
r_00039238,family_001902,u_001902,2026-W26,ТС5,677.95,48.31,10
r_00039239,family_001902,u_001902,2026-W26,ТС5,525.30,40.31,5
r_00039240,family_001902,u_001902,2026-W26,ТС5,616.35,45.76,9
r_00039241,family_001902,u_001902,2026-W27,ТС5,691.60,60.46,9
r_00039242,family_001902,u_001902,2026-W27,ТС5,689.05,0.00,7
r_00039243,family_001902,u_001902,2026-W27,ТС5,616.58,130.53,5
r_00039244,family_001902,u_001902,2026-W28,ТС5,886.25,36.97,6
r_00039245,family_001902,u_001902,2026-W28,ТС5,401.73,51.91,6
r_00039246,family_001902,u_001902,2026-W28,ТС5,565.39,29.14,5
r_00039247,family_001902,u_001902,2026-W29,ТС5,533.77,33.38,5
r_00039248,family_001902,u_001902,2026-W29,ТС5,455.65,38.39,7
r_00039249,family_001902,u_001902,2026-W30,ТС5,616.09,56.72,6
r_00039250,family_001902,u_001902,2026-W30,ТС5,542.34,59.22,7
r_00039251,family_001902,u_001902,2026-W30,ТС5,621.33,61.62,7
r_00039252,family_001902,u_001902,2026-W31,ТС5,542.95,16.13,10
r_00039253,family_001902,u_001902,2026-W31,ТС5,574.59,31.13,11
r_00039254,family_001902,u_001902,2026-W32,ТС5,625.60,17.72,11
r_00039255,family_001902,u_001902,2026-W32,ТС5,639.14,40.26,8
r_00039256,family_001902,u_001902,2026-W32,ТС5,563.74,85.10,8
r_00039257,family_001902,u_001902,2026-W33,ТС5,658.28,38.19,5
r_00039258,family_001902,u_001902,2026-W33,ТС5,431.99,25.37,9
r_00039259,family_001902,u_001902,2026-W33,ТС5,676.56,37.87,10
r_00039260,family_001902,u_001902,2026-W34,ТС5,621.78,93.70,10
r_00039261,family_001902,u_001902,2026-W34,ТС5,763.51,58.29,7
r_00039262,family_001902,u_001902,2026-W34,ТС5,665.71,60.59,5
r_00039263,family_001902,u_001902,2026-W34,ТС5,579.06,21.18,9
r_00039264,family_001902,u_001902,2026-W35,ТС5,683.67,21.99,6
r_00039265,family_001902,u_001902,2026-W35,ТС5,384.44,33.94,5
r_00039266,family_001902,u_001902,2026-W35,ТС5,571.75,36.05,8
r_00039267,family_001902,u_001902,2026-W36,ТС5,536.85,31.64,10
r_00039268,family_001902,u_001902,2026-W36,ТС5,745.78,5.53,11
r_00039477,family_001912,u_001912,2026-W25,ТС5,706.31,106.13,11
r_00039478,family_001912,u_001912,2026-W25,ТС5,444.38,57.42,8
r_00039479,family_001912,u_001912,2026-W25,ТС5,736.22,82.76,7
r_00039480,family_001912,u_001912,2026-W26,ТС5,791.77,42.28,7
r_00039481,family_001912,u_001912,2026-W26,ТС5,587.77,186.61,9
r_00039482,family_001912,u_001912,2026-W26,ТС5,469.89,56.41,11
r_00039483,family_001912,u_001912,2026-W27,ТС5,654.28,85.39,10
r_00039484,family_001912,u_001912,2026-W27,ТС5,475.61,65.59,10
r_00039485,family_001912,u_001912,2026-W27,ТС5,820.00,39.34,5
r_00039486,family_001912,u_001912,2026-W28,ТС5,639.86,59.65,7
r_00039487,family_001912,u_001912,2026-W28,ТС5,506.69,53.53,9
r_00039488,family_001912,u_001912,2026-W29,ТС5,602.30,121.94,11
r_00039489,family_001912,u_001912,2026-W29,ТС5,678.12,123.84,10
r_00039490,family_001912,u_001912,2026-W30,ТС5,419.54,36.17,8
r_00039491,family_001912,u_001912,2026-W30,ТС5,767.75,131.15,5
r_00039492,family_001912,u_001912,2026-W30,ТС5,707.55,70.12,8
r_00039493,family_001912,u_001912,2026-W31,ТС5,421.37,71.68,7
r_00039494,family_001912,u_001912,2026-W31,ТС5,587.99,114.53,9
r_00039495,family_001912,u_001912,2026-W31,ТС5,577.26,67.25,8
r_00039496,family_001912,u_001912,2026-W32,ТС5,595.17,78.13,7
r_00039497,family_001912,u_001912,2026-W32,ТС5,688.48,109.04,10
r_00039498,family_001912,u_001912,2026-W32,ТС5,484.95,25.33,9
r_00039499,family_001912,u_001912,2026-W33,ТС5,556.21,52.29,5
r_00039500,family_001912,u_001912,2026-W33,ТС5,542.16,114.28,8
r_00039501,family_001912,u_001912,2026-W34,ТС5,499.84,23.18,5
r_00039502,family_001912,u_001912,2026-W34,ТС5,639.05,93.36,10
r_00039503,family_001912,u_001912,2026-W35,ТС5,525.79,57.26,10
r_00039504,family_001912,u_001912,2026-W35,ТС5,539.68,23.95,8
r_00039505,family_001912,u_001912,2026-W35,ТС5,753.09,42.11,11
r_00039506,family_001912,u_001912,2026-W36,ТС5,565.43,59.45,7
r_00039507,family_001912,u_001912,2026-W36,ТС5,495.60,39.42,5
r_00039508,family_001912,u_001912,2026-W36,ТС5,652.83,17.66,6
r_00039714,family_001924,u_001924,2026-W25,ТС5,720.18,35.94,5
r_00039715,family_001924,u_001924,2026-W25,ТС5,675.50,26.12,7
r_00039716,family_001924,u_001924,2026-W26,ТС5,611.24,48.33,6
r_00039717,family_001924,u_001924,2026-W26,ТС5,766.63,127.77,11
r_00039718,family_001924,u_001924,2026-W27,ТС5,844.95,29.28,6
r_00039719,family_001924,u_001924,2026-W27,ТС5,562.41,0.00,5
r_00039720,family_001924,u_001924,2026-W27,ТС5,734.13,19.68,10
r_00039721,family_001924,u_001924,2026-W28,ТС5,608.85,137.71,5
r_00039722,family_001924,u_001924,2026-W28,ТС5,890.66,31.85,8
r_00039723,family_001924,u_001924,2026-W29,ТС5,623.21,23.60,6
r_00039724,family_001924,u_001924,2026-W29,ТС5,567.27,86.73,7
r_00039725,family_001924,u_001924,2026-W29,ТС5,887.73,137.36,10
r_00039726,family_001924,u_001924,2026-W30,ТС5,664.13,11.41,7
r_00039727,family_001924,u_001924,2026-W30,ТС5,621.38,61.47,11
r_00039728,family_001924,u_001924,2026-W30,ТС5,563.95,32.52,6
r_00039729,family_001924,u_001924,2026-W31,ТС5,644.78,10.42,7
r_00039730,family_001924,u_001924,2026-W31,ТС5,638.17,39.00,7
r_00039731,family_001924,u_001924,2026-W32,ТС5,764.28,20.69,5
r_00039732,family_001924,u_001924,2026-W32,ТС5,526.45,23.81,11
r_00039733,family_001924,u_001924,2026-W33,ТС5,606.85,5.34,10
r_00039734,family_001924,u_001924,2026-W33,ТС5,674.82,20.52,10
r_00039735,family_001924,u_001924,2026-W34,ТС5,581.01,48.92,11
r_00039736,family_001924,u_001924,2026-W34,ТС5,503.52,33.82,9
r_00039737,family_001924,u_001924,2026-W35,ТС5,630.17,0.00,8
r_00039738,family_001924,u_001924,2026-W35,ТС5,533.98,44.53,5
r_00039739,family_001924,u_001924,2026-W36,ТС5,621.53,54.20,9
r_00039740,family_001924,u_001924,2026-W36,ТС5,562.99,24.81,11
r_00039741,family_001925,u_001925,2026-W25,ТС5,460.70,31.59,11
r_00039742,family_001925,u_001925,2026-W25,ТС5,696.05,23.23,7
r_00039743,family_001925,u_001925,2026-W25,ТС5,421.60,44.53,9
r_00039744,family_001925,u_001925,2026-W26,ТС5,716.36,65.06,10
r_00039745,family_001925,u_001925,2026-W26,ТС5,705.98,48.03,11
r_00039746,family_001925,u_001925,2026-W26,ТС5,721.75,36.78,11
r_00039747,family_001925,u_001925,2026-W27,ТС5,669.52,52.42,8
r_00039748,family_001925,u_001925,2026-W27,ТС5,614.94,39.37,10
r_00039749,family_001925,u_001925,2026-W28,ТС5,661.52,5.61,9
r_00039750,family_001925,u_001925,2026-W28,ТС5,443.40,52.55,8
r_00039751,family_001925,u_001925,2026-W29,ТС5,613.44,70.28,8
r_00039752,family_001925,u_001925,2026-W29,ТС5,483.92,26.46,6
r_00039753,family_001925,u_001925,2026-W29,ТС5,626.43,4.54,9
r_00039754,family_001925,u_001925,2026-W30,ТС5,666.47,8.20,8
r_00039755,family_001925,u_001925,2026-W30,ТС5,377.92,18.33,9
r_00039756,family_001925,u_001925,2026-W30,ТС5,1010.17,53.47,8
r_00039757,family_001925,u_001925,2026-W31,ТС5,614.19,35.46,8
r_00039758,family_001925,u_001925,2026-W31,ТС5,510.92,11.61,6
r_00039759,family_001925,u_001925,2026-W32,ТС5,1007.95,9.10,9
r_00039760,family_001925,u_001925,2026-W32,ТС5,653.42,98.80,6
r_00039761,family_001925,u_001925,2026-W33,ТС5,581.15,10.50,10
r_00039762,family_001925,u_001925,2026-W33,ТС5,452.06,58.15,11
r_00039763,family_001925,u_001925,2026-W33,ТС5,544.39,122.68,6
r_00039764,family_001925,u_001925,2026-W34,ТС5,882.07,18.35,7
r_00039765,family_001925,u_001925,2026-W34,ТС5,675.11,67.78,6
r_00039766,family_001925,u_001925,2026-W34,ТС5,449.08,71.67,5
r_00039767,family_001925,u_001925,2026-W35,ТС5,506.56,65.72,9
r_00039768,family_001925,u_001925,2026-W35,ТС5,488.08,26.47,7
r_00039769,family_001925,u_001925,2026-W35,ТС5,626.89,25.47,5
r_00039770,family_001925,u_001925,2026-W36,ТС5,571.58,11.80,11
r_00039771,family_001925,u_001925,2026-W36,ТС5,732.98,23.83,6
r_00039772,family_001925,u_001925,2026-W36,ТС5,688.71,130.19,5
r_00039789,family_001927,u_001927,2026-W25,ТС5,534.41,99.65,9
r_00039790,family_001927,u_001927,2026-W25,ТС5,497.61,82.97,9
r_00039791,family_001927,u_001927,2026-W25,ТС5,611.09,65.19,6
r_00039792,family_001927,u_001927,2026-W26,ТС5,615.63,89.78,11
r_00039793,family_001927,u_001927,2026-W26,ТС5,731.29,59.86,6
r_00039794,family_001927,u_001927,2026-W27,ТС5,544.78,55.22,10
r_00039795,family_001927,u_001927,2026-W27,ТС5,612.05,120.41,7
r_00039796,family_001927,u_001927,2026-W27,ТС5,454.63,65.06,6
r_00039797,family_001927,u_001927,2026-W28,ТС5,294.27,28.47,11
r_00039798,family_001927,u_001927,2026-W28,ТС5,453.17,30.50,6
r_00039799,family_001927,u_001927,2026-W29,ТС5,692.78,34.17,8
r_00039800,family_001927,u_001927,2026-W29,ТС5,475.08,32.49,7
r_00039801,family_001927,u_001927,2026-W30,ТС5,543.29,128.40,7
r_00039802,family_001927,u_001927,2026-W30,ТС5,444.83,59.44,6
r_00039803,family_001927,u_001927,2026-W31,ТС5,684.15,93.62,5
r_00039804,family_001927,u_001927,2026-W31,ТС5,642.12,85.33,6
r_00039805,family_001927,u_001927,2026-W31,ТС5,396.76,38.83,9
r_00039806,family_001927,u_001927,2026-W31,ТС5,791.79,164.20,10
r_00039807,family_001927,u_001927,2026-W32,ТС5,603.73,28.82,8
r_00039808,family_001927,u_001927,2026-W32,ТС5,526.44,101.67,5
r_00039809,family_001927,u_001927,2026-W33,ТС5,457.69,69.95,9
r_00039810,family_001927,u_001927,2026-W33,ТС5,616.98,79.11,9
r_00039811,family_001927,u_001927,2026-W33,ТС5,581.37,59.86,6
r_00039812,family_001927,u_001927,2026-W34,ТС5,557.38,117.86,9
r_00039813,family_001927,u_001927,2026-W34,ТС5,731.74,92.56,7
r_00039814,family_001927,u_001927,2026-W35,ТС5,559.12,67.06,11
r_00039815,family_001927,u_001927,2026-W35,ТС5,612.45,52.71,8
r_00039816,family_001927,u_001927,2026-W35,ТС5,629.07,84.62,7
r_00039817,family_001927,u_001927,2026-W36,ТС5,630.58,92.17,11
r_00039818,family_001927,u_001927,2026-W36,ТС5,359.29,133.62,6
r_00039819,family_001927,u_001927,2026-W36,ТС5,735.18,78.22,9
r_00039881,family_001931,u_001931,2026-W25,ТСЧ,850.07,57.12,11
r_00039882,family_001931,u_001931,2026-W25,ТСЧ,804.24,33.94,6
r_00039883,family_001931,u_001931,2026-W26,ТСЧ,884.62,62.13,8
r_00039884,family_001931,u_001931,2026-W26,ТСЧ,1035.06,46.29,8
r_00039885,family_001931,u_001931,2026-W27,ТСЧ,533.81,0.00,5
r_00039886,family_001931,u_001931,2026-W27,ТСЧ,753.34,16.07,10
r_00039887,family_001931,u_001931,2026-W28,ТСЧ,860.12,17.70,11
r_00039888,family_001931,u_001931,2026-W28,ТСЧ,549.70,12.81,5
r_00039889,family_001931,u_001931,2026-W29,ТСЧ,717.99,66.60,5
r_00039890,family_001931,u_001931,2026-W29,ТСЧ,898.41,113.75,7
r_00039891,family_001931,u_001931,2026-W30,ТСЧ,510.69,0.00,6
r_00039892,family_001931,u_001931,2026-W30,ТСЧ,631.80,38.97,10
r_00039893,family_001931,u_001931,2026-W31,ТСЧ,538.06,18.44,9
r_00039894,family_001931,u_001931,2026-W31,ТСЧ,1046.22,107.10,10
r_00039895,family_001931,u_001931,2026-W32,ТСЧ,976.99,69.36,9
r_00039896,family_001931,u_001931,2026-W32,ТСЧ,706.40,55.53,8
r_00039897,family_001931,u_001931,2026-W33,ТСЧ,981.46,125.63,5
r_00039898,family_001931,u_001931,2026-W33,ТСЧ,854.73,85.89,7
r_00039899,family_001931,u_001931,2026-W34,ТСЧ,791.49,33.37,6
r_00039900,family_001931,u_001931,2026-W34,ТСЧ,703.23,35.54,9
r_00039901,family_001931,u_001931,2026-W35,ТСЧ,846.01,41.72,8
r_00039902,family_001931,u_001931,2026-W35,ТСЧ,1074.85,37.91,5
r_00039903,family_001931,u_001931,2026-W36,ТСЧ,828.33,75.14,6
r_00039904,family_001931,u_001931,2026-W36,ТСЧ,884.49,31.30,11
r_00039905,family_001931,u_001931,2026-W36,ТСЧ,1074.62,0.00,5
r_00039906,family_001932,u_001932,2026-W25,ТСХ,1068.07,181.76,10
r_00039907,family_001932,u_001932,2026-W25,ТСХ,1008.65,121.37,11
r_00039908,family_001932,u_001932,2026-W25,ТСХ,1119.07,202.57,10
r_00039909,family_001932,u_001932,2026-W26,ТСХ,975.20,100.39,8
r_00039910,family_001932,u_001932,2026-W26,ТСХ,942.43,161.06,10
r_00039911,family_001932,u_001932,2026-W26,ТСХ,818.20,115.62,6
r_00039912,family_001932,u_001932,2026-W27,ТСХ,757.10,224.20,5
r_00039913,family_001932,u_001932,2026-W27,ТСХ,1300.58,159.80,10
r_00039914,family_001932,u_001932,2026-W27,ТСХ,882.24,90.50,6
r_00039915,family_001932,u_001932,2026-W27,ТСХ,1058.80,0.00,5
r_00039916,family_001932,u_001932,2026-W28,ТСХ,857.26,109.71,10
r_00039917,family_001932,u_001932,2026-W28,ТСХ,1068.56,164.79,10
r_00039918,family_001932,u_001932,2026-W28,ТСХ,984.19,114.66,10
r_00039919,family_001932,u_001932,2026-W29,ТСХ,1017.99,89.35,11
r_00039920,family_001932,u_001932,2026-W29,ТСХ,751.01,147.20,10
r_00039921,family_001932,u_001932,2026-W29,ТСХ,782.84,56.15,5
r_00039922,family_001932,u_001932,2026-W30,ТСХ,831.58,99.48,5
r_00039923,family_001932,u_001932,2026-W30,ТСХ,1025.08,85.50,11
r_00039924,family_001932,u_001932,2026-W30,ТСХ,741.11,101.61,10
r_00039925,family_001932,u_001932,2026-W31,ТСХ,1164.27,94.72,5
r_00039926,family_001932,u_001932,2026-W31,ТСХ,1190.38,86.17,8
r_00039927,family_001932,u_001932,2026-W32,ТСХ,1261.90,269.02,5
r_00039928,family_001932,u_001932,2026-W32,ТСХ,1041.37,104.40,6
r_00039929,family_001932,u_001932,2026-W33,ТСХ,874.33,143.20,7
r_00039930,family_001932,u_001932,2026-W33,ТСХ,1249.38,128.04,11
r_00039931,family_001932,u_001932,2026-W33,ТСХ,877.96,96.16,11
r_00039932,family_001932,u_001932,2026-W34,ТСХ,874.16,123.82,6
r_00039933,family_001932,u_001932,2026-W34,ТСХ,1130.01,140.95,10
r_00039934,family_001932,u_001932,2026-W34,ТСХ,646.74,50.62,10
r_00039935,family_001932,u_001932,2026-W35,ТСХ,1180.96,139.39,11
r_00039936,family_001932,u_001932,2026-W35,ТСХ,806.49,209.89,7
r_00039937,family_001932,u_001932,2026-W35,ТСХ,1042.80,140.76,10
r_00039938,family_001932,u_001932,2026-W36,ТСХ,933.06,72.53,9
r_00039939,family_001932,u_001932,2026-W36,ТСХ,840.04,85.04,10
r_00039940,family_001932,u_001932,2026-W36,ТСХ,1065.33,24.39,5
r_00039993,family_001936,u_001936,2026-W25,ТС5,830.42,10.61,9
r_00039994,family_001936,u_001936,2026-W25,ТС5,629.74,25.96,10
r_00039995,family_001936,u_001936,2026-W26,ТС5,740.46,0.00,5
r_00039996,family_001936,u_001936,2026-W26,ТС5,546.18,24.09,8
r_00039997,family_001936,u_001936,2026-W27,ТС5,629.92,43.88,10
r_00039998,family_001936,u_001936,2026-W27,ТС5,499.92,22.48,10
r_00039999,family_001936,u_001936,2026-W28,ТС5,663.15,77.20,10
r_00040000,family_001936,u_001936,2026-W29,ТС5,638.81,5.72,11
r_00040001,family_001936,u_001936,2026-W29,ТС5,640.33,64.33,8
r_00040002,family_001936,u_001936,2026-W29,ТС5,736.79,24.44,9
r_00040003,family_001936,u_001936,2026-W30,ТС5,527.56,46.79,9
r_00040004,family_001936,u_001936,2026-W30,ТС5,761.41,74.47,11
r_00040005,family_001936,u_001936,2026-W31,ТС5,542.41,76.01,9
r_00040006,family_001936,u_001936,2026-W32,ТС5,591.75,0.00,5
r_00040007,family_001936,u_001936,2026-W32,ТС5,629.45,50.12,10
r_00040008,family_001936,u_001936,2026-W33,ТС5,709.15,6.30,10
r_00040009,family_001936,u_001936,2026-W33,ТС5,777.93,48.06,10
r_00040010,family_001936,u_001936,2026-W34,ТС5,535.17,21.78,7
r_00040011,family_001936,u_001936,2026-W34,ТС5,450.99,34.21,6
r_00040012,family_001936,u_001936,2026-W34,ТС5,476.52,22.36,10
r_00040013,family_001936,u_001936,2026-W35,ТС5,542.77,29.73,6
r_00040014,family_001936,u_001936,2026-W35,ТС5,521.80,15.94,9
r_00040015,family_001936,u_001936,2026-W36,ТС5,727.86,62.21,7
r_00040016,family_001936,u_001936,2026-W36,ТС5,501.68,48.31,5
r_00040219,family_001948,u_001948,2026-W25,ТС5,541.13,42.77,9
r_00040220,family_001948,u_001948,2026-W25,ТС5,634.47,32.72,9
r_00040221,family_001948,u_001948,2026-W26,ТС5,861.00,82.13,9
r_00040222,family_001948,u_001948,2026-W27,ТС5,600.97,29.38,11
r_00040223,family_001948,u_001948,2026-W27,ТС5,707.71,46.94,6
r_00040224,family_001948,u_001948,2026-W28,ТС5,679.42,11.99,10
r_00040225,family_001948,u_001948,2026-W28,ТС5,498.10,12.87,11
r_00040226,family_001948,u_001948,2026-W29,ТС5,783.66,59.90,5
r_00040227,family_001948,u_001948,2026-W29,ТС5,429.45,6.44,10
r_00040228,family_001948,u_001948,2026-W30,ТС5,625.46,10.62,7
r_00040229,family_001948,u_001948,2026-W30,ТС5,611.73,44.74,8
r_00040230,family_001948,u_001948,2026-W31,ТС5,588.85,41.80,5
r_00040231,family_001948,u_001948,2026-W31,ТС5,539.38,38.20,5
r_00040232,family_001948,u_001948,2026-W32,ТС5,339.31,11.42,10
r_00040233,family_001948,u_001948,2026-W32,ТС5,276.98,8.70,5
r_00040234,family_001948,u_001948,2026-W33,ТС5,454.09,53.59,6
r_00040235,family_001948,u_001948,2026-W33,ТС5,513.24,22.17,9
r_00040236,family_001948,u_001948,2026-W33,ТС5,620.08,36.81,5
r_00040237,family_001948,u_001948,2026-W34,ТС5,450.30,33.16,10
r_00040238,family_001948,u_001948,2026-W34,ТС5,825.88,22.23,8
r_00040239,family_001948,u_001948,2026-W35,ТС5,542.23,32.53,8
r_00040240,family_001948,u_001948,2026-W35,ТС5,571.51,19.60,10
r_00040241,family_001948,u_001948,2026-W36,ТС5,668.48,38.52,11
r_00040299,family_001953,u_001953,2026-W25,ТСЧ,774.40,0.00,5
r_00040300,family_001953,u_001953,2026-W25,ТСЧ,1071.87,19.87,9
r_00040301,family_001953,u_001953,2026-W26,ТСЧ,943.48,64.62,10
r_00040302,family_001953,u_001953,2026-W26,ТСЧ,707.66,33.19,9
r_00040303,family_001953,u_001953,2026-W27,ТСЧ,714.89,43.35,8
r_00040304,family_001953,u_001953,2026-W27,ТСЧ,730.88,46.88,5
r_00040305,family_001953,u_001953,2026-W28,ТСЧ,659.59,64.55,5
r_00040306,family_001953,u_001953,2026-W28,ТСЧ,899.09,13.31,6
r_00040307,family_001953,u_001953,2026-W29,ТСЧ,915.94,43.73,10
r_00040308,family_001953,u_001953,2026-W29,ТСЧ,898.18,46.09,9
r_00040309,family_001953,u_001953,2026-W30,ТСЧ,1042.50,17.43,8
r_00040310,family_001953,u_001953,2026-W30,ТСЧ,1152.34,30.28,11
r_00040311,family_001953,u_001953,2026-W31,ТСЧ,982.29,15.12,9
r_00040312,family_001953,u_001953,2026-W31,ТСЧ,871.10,55.41,6
r_00040313,family_001953,u_001953,2026-W32,ТСЧ,590.42,41.56,6
r_00040314,family_001953,u_001953,2026-W32,ТСЧ,568.41,32.94,5
r_00040315,family_001953,u_001953,2026-W33,ТСЧ,913.31,39.95,6
r_00040316,family_001953,u_001953,2026-W33,ТСЧ,991.58,22.71,10
r_00040317,family_001953,u_001953,2026-W34,ТСЧ,1018.06,63.50,6
r_00040318,family_001953,u_001953,2026-W34,ТСЧ,1016.48,84.76,11
r_00040319,family_001953,u_001953,2026-W35,ТСЧ,771.38,156.90,5
r_00040320,family_001953,u_001953,2026-W35,ТСЧ,599.94,23.92,7
r_00040321,family_001953,u_001953,2026-W35,ТСЧ,1160.14,23.22,7
r_00040322,family_001953,u_001953,2026-W35,ТСЧ,764.15,11.92,10
r_00040323,family_001953,u_001953,2026-W36,ТСЧ,453.96,34.04,5
r_00040324,family_001953,u_001953,2026-W36,ТСЧ,803.83,55.50,6
r_00040325,family_001953,u_001953,2026-W36,ТСЧ,705.20,35.98,7
r_00040382,family_001956,u_001956,2026-W25,ТС5,753.84,0.00,5
r_00040383,family_001956,u_001956,2026-W25,ТС5,721.25,74.14,6
r_00040384,family_001956,u_001956,2026-W25,ТС5,550.35,0.00,6
r_00040385,family_001956,u_001956,2026-W26,ТС5,437.91,28.72,10
r_00040386,family_001956,u_001956,2026-W26,ТС5,784.58,80.68,6
r_00040387,family_001956,u_001956,2026-W26,ТС5,760.63,50.73,10
r_00040388,family_001956,u_001956,2026-W27,ТС5,629.49,54.17,6
r_00040389,family_001956,u_001956,2026-W27,ТС5,806.48,27.89,10
r_00040390,family_001956,u_001956,2026-W27,ТС5,712.88,23.70,5
r_00040391,family_001956,u_001956,2026-W28,ТС5,494.44,30.50,5
r_00040392,family_001956,u_001956,2026-W28,ТС5,703.03,10.38,7
r_00040393,family_001956,u_001956,2026-W28,ТС5,543.16,0.00,6
r_00040394,family_001956,u_001956,2026-W29,ТС5,371.35,44.55,6
r_00040395,family_001956,u_001956,2026-W29,ТС5,508.82,49.88,5
r_00040396,family_001956,u_001956,2026-W29,ТС5,818.08,36.70,11
r_00040397,family_001956,u_001956,2026-W30,ТС5,466.46,37.56,10
r_00040398,family_001956,u_001956,2026-W30,ТС5,580.31,6.06,7
r_00040399,family_001956,u_001956,2026-W30,ТС5,588.04,30.00,11
r_00040400,family_001956,u_001956,2026-W31,ТС5,462.08,39.96,11
r_00040401,family_001956,u_001956,2026-W31,ТС5,592.16,15.16,9
r_00040402,family_001956,u_001956,2026-W31,ТС5,868.52,77.42,5
r_00040403,family_001956,u_001956,2026-W32,ТС5,615.30,30.61,6
r_00040404,family_001956,u_001956,2026-W32,ТС5,603.00,34.92,11
r_00040405,family_001956,u_001956,2026-W32,ТС5,650.35,35.17,5
r_00040406,family_001956,u_001956,2026-W33,ТС5,734.71,15.04,11
r_00040407,family_001956,u_001956,2026-W33,ТС5,720.07,9.15,9
r_00040408,family_001956,u_001956,2026-W33,ТС5,533.05,93.14,5
r_00040409,family_001956,u_001956,2026-W34,ТС5,707.84,108.65,9
r_00040410,family_001956,u_001956,2026-W34,ТС5,660.58,40.27,5
r_00040411,family_001956,u_001956,2026-W34,ТС5,692.19,0.00,8
r_00040412,family_001956,u_001956,2026-W35,ТС5,645.69,41.92,5
r_00040413,family_001956,u_001956,2026-W35,ТС5,637.00,29.39,10
r_00040414,family_001956,u_001956,2026-W35,ТС5,808.06,46.55,9
r_00040415,family_001956,u_001956,2026-W36,ТС5,650.44,76.75,9
r_00040416,family_001956,u_001956,2026-W36,ТС5,707.62,93.76,7
r_00040417,family_001956,u_001956,2026-W36,ТС5,785.76,51.02,8
r_00040418,family_001956,u_001956,2026-W36,ТС5,506.99,49.32,5
r_00040481,family_001960,u_001960,2026-W25,ТС5,502.14,70.32,9
r_00040482,family_001960,u_001960,2026-W25,ТС5,605.85,47.05,6
r_00040483,family_001960,u_001960,2026-W25,ТС5,444.67,105.86,10
r_00040484,family_001960,u_001960,2026-W26,ТС5,363.30,108.37,8
r_00040485,family_001960,u_001960,2026-W26,ТС5,844.19,160.70,6
r_00040486,family_001960,u_001960,2026-W26,ТС5,736.49,139.03,9
r_00040487,family_001960,u_001960,2026-W27,ТС5,751.99,100.20,8
r_00040488,family_001960,u_001960,2026-W27,ТС5,707.19,15.34,5
r_00040489,family_001960,u_001960,2026-W27,ТС5,663.43,38.63,6
r_00040490,family_001960,u_001960,2026-W28,ТС5,657.63,66.58,9
r_00040491,family_001960,u_001960,2026-W28,ТС5,580.05,48.21,9
r_00040492,family_001960,u_001960,2026-W29,ТС5,684.27,45.61,8
r_00040493,family_001960,u_001960,2026-W29,ТС5,586.07,145.79,8
r_00040494,family_001960,u_001960,2026-W29,ТС5,576.74,72.53,7
r_00040495,family_001960,u_001960,2026-W30,ТС5,639.63,41.23,10
r_00040496,family_001960,u_001960,2026-W30,ТС5,465.24,46.93,5
r_00040497,family_001960,u_001960,2026-W30,ТС5,655.36,54.86,10
r_00040498,family_001960,u_001960,2026-W31,ТС5,797.18,44.50,9
r_00040499,family_001960,u_001960,2026-W31,ТС5,766.53,32.48,7
r_00040500,family_001960,u_001960,2026-W31,ТС5,636.66,120.54,10
r_00040501,family_001960,u_001960,2026-W32,ТС5,570.74,84.02,5
r_00040502,family_001960,u_001960,2026-W32,ТС5,679.71,108.15,9
r_00040503,family_001960,u_001960,2026-W32,ТС5,442.08,111.92,5
r_00040504,family_001960,u_001960,2026-W33,ТС5,585.95,104.51,8
r_00040505,family_001960,u_001960,2026-W33,ТС5,546.54,97.27,9
r_00040506,family_001960,u_001960,2026-W33,ТС5,508.16,45.51,6
r_00040507,family_001960,u_001960,2026-W34,ТС5,618.17,94.21,6
r_00040508,family_001960,u_001960,2026-W34,ТС5,694.35,68.37,7
r_00040509,family_001960,u_001960,2026-W34,ТС5,745.05,44.48,11
r_00040510,family_001960,u_001960,2026-W35,ТС5,517.50,61.21,5
r_00040511,family_001960,u_001960,2026-W35,ТС5,584.67,84.50,5
r_00040512,family_001960,u_001960,2026-W35,ТС5,546.46,67.21,8
r_00040513,family_001960,u_001960,2026-W36,ТС5,609.47,39.70,9
r_00040514,family_001960,u_001960,2026-W36,ТС5,674.16,45.20,7
r_00040515,family_001960,u_001960,2026-W36,ТС5,755.94,71.96,9
r_00040588,family_001966,u_001966,2026-W25,ТСХ,1267.90,40.18,7
r_00040589,family_001966,u_001966,2026-W25,ТСХ,885.57,50.12,8
r_00040590,family_001966,u_001966,2026-W26,ТСХ,1201.08,123.48,9
r_00040591,family_001966,u_001966,2026-W26,ТСХ,944.65,87.10,6
r_00040592,family_001966,u_001966,2026-W26,ТСХ,1176.14,39.82,7
r_00040593,family_001966,u_001966,2026-W27,ТСХ,769.77,56.15,9
r_00040594,family_001966,u_001966,2026-W27,ТСХ,1252.62,119.00,5
r_00040595,family_001966,u_001966,2026-W27,ТСХ,1173.53,131.58,10
r_00040596,family_001966,u_001966,2026-W28,ТСХ,1092.65,90.03,8
r_00040597,family_001966,u_001966,2026-W28,ТСХ,1267.41,127.00,5
r_00040598,family_001966,u_001966,2026-W28,ТСХ,998.39,158.91,5
r_00040599,family_001966,u_001966,2026-W29,ТСХ,689.97,29.49,11
r_00040600,family_001966,u_001966,2026-W29,ТСХ,1020.82,46.68,7
r_00040601,family_001966,u_001966,2026-W30,ТСХ,949.26,21.84,9
r_00040602,family_001966,u_001966,2026-W30,ТСХ,824.11,76.31,8
r_00040603,family_001966,u_001966,2026-W30,ТСХ,961.32,49.05,10
r_00040604,family_001966,u_001966,2026-W31,ТСХ,1003.91,60.98,11
r_00040605,family_001966,u_001966,2026-W31,ТСХ,920.12,88.40,9
r_00040606,family_001966,u_001966,2026-W32,ТСХ,765.24,23.24,10
r_00040607,family_001966,u_001966,2026-W32,ТСХ,887.69,92.05,10
r_00040608,family_001966,u_001966,2026-W33,ТСХ,1114.44,83.27,6
r_00040609,family_001966,u_001966,2026-W33,ТСХ,1079.37,23.36,6
r_00040610,family_001966,u_001966,2026-W34,ТСХ,952.22,9.94,6
r_00040611,family_001966,u_001966,2026-W34,ТСХ,759.29,19.06,5
r_00040612,family_001966,u_001966,2026-W35,ТСХ,1040.17,28.70,11
r_00040613,family_001966,u_001966,2026-W35,ТСХ,1194.11,71.17,8
r_00040614,family_001966,u_001966,2026-W36,ТСХ,1047.32,54.86,7
r_00040615,family_001966,u_001966,2026-W36,ТСХ,703.49,41.64,10
r_00040645,family_001969,u_001969,2026-W25,ТС5,449.23,112.18,9
r_00040646,family_001969,u_001969,2026-W25,ТС5,537.95,66.49,11
r_00040647,family_001969,u_001969,2026-W26,ТС5,612.91,66.91,11
r_00040648,family_001969,u_001969,2026-W26,ТС5,712.33,104.08,11
r_00040649,family_001969,u_001969,2026-W27,ТС5,688.94,156.61,11
r_00040650,family_001969,u_001969,2026-W27,ТС5,727.69,51.38,9
r_00040651,family_001969,u_001969,2026-W28,ТС5,661.33,18.01,6
r_00040652,family_001969,u_001969,2026-W28,ТС5,551.37,38.56,8
r_00040653,family_001969,u_001969,2026-W29,ТС5,440.75,24.39,8
r_00040654,family_001969,u_001969,2026-W29,ТС5,629.60,126.91,10
r_00040655,family_001969,u_001969,2026-W30,ТС5,544.01,72.62,8
r_00040656,family_001969,u_001969,2026-W30,ТС5,571.62,102.60,6
r_00040657,family_001969,u_001969,2026-W31,ТС5,612.26,65.50,7
r_00040658,family_001969,u_001969,2026-W31,ТС5,647.38,85.58,7
r_00040659,family_001969,u_001969,2026-W32,ТС5,478.55,47.00,10
r_00040660,family_001969,u_001969,2026-W33,ТС5,661.16,53.54,11
r_00040661,family_001969,u_001969,2026-W33,ТС5,553.03,89.04,11
r_00040662,family_001969,u_001969,2026-W34,ТС5,572.23,96.41,8
r_00040663,family_001969,u_001969,2026-W34,ТС5,625.48,69.18,11
r_00040664,family_001969,u_001969,2026-W35,ТС5,884.60,78.62,8
r_00040665,family_001969,u_001969,2026-W35,ТС5,725.03,112.05,7
r_00040666,family_001969,u_001969,2026-W36,ТС5,751.33,25.10,9
r_00040667,family_001969,u_001969,2026-W36,ТС5,557.90,83.26,7
r_00040668,family_001970,u_001970,2026-W25,ТС5,638.40,131.03,8
r_00040669,family_001970,u_001970,2026-W25,ТС5,650.11,27.54,10
r_00040670,family_001970,u_001970,2026-W25,ТС5,570.21,119.21,5
r_00040671,family_001970,u_001970,2026-W26,ТС5,553.82,62.45,6
r_00040672,family_001970,u_001970,2026-W26,ТС5,509.81,68.89,5
r_00040673,family_001970,u_001970,2026-W26,ТС5,557.70,48.24,5
r_00040674,family_001970,u_001970,2026-W27,ТС5,603.30,160.55,11
r_00040675,family_001970,u_001970,2026-W27,ТС5,654.37,70.94,5
r_00040676,family_001970,u_001970,2026-W27,ТС5,651.14,52.75,11
r_00040677,family_001970,u_001970,2026-W28,ТС5,582.74,76.54,9
r_00040678,family_001970,u_001970,2026-W28,ТС5,609.37,93.59,11
r_00040679,family_001970,u_001970,2026-W28,ТС5,608.06,65.80,11
r_00040680,family_001970,u_001970,2026-W29,ТС5,318.16,49.45,7
r_00040681,family_001970,u_001970,2026-W29,ТС5,648.51,46.61,8
r_00040682,family_001970,u_001970,2026-W30,ТС5,844.33,27.07,9
r_00040683,family_001970,u_001970,2026-W30,ТС5,569.30,32.97,5
r_00040684,family_001970,u_001970,2026-W30,ТС5,553.91,102.63,10
r_00040685,family_001970,u_001970,2026-W31,ТС5,439.81,62.25,9
r_00040686,family_001970,u_001970,2026-W31,ТС5,558.47,67.82,5
r_00040687,family_001970,u_001970,2026-W31,ТС5,622.27,102.87,5
r_00040688,family_001970,u_001970,2026-W32,ТС5,604.06,135.10,9
r_00040689,family_001970,u_001970,2026-W32,ТС5,443.81,15.22,10
r_00040690,family_001970,u_001970,2026-W32,ТС5,526.05,169.74,8
r_00040691,family_001970,u_001970,2026-W33,ТС5,615.44,0.00,5
r_00040692,family_001970,u_001970,2026-W33,ТС5,544.24,50.44,5
r_00040693,family_001970,u_001970,2026-W33,ТС5,456.24,83.08,9
r_00040694,family_001970,u_001970,2026-W34,ТС5,493.86,33.76,9
r_00040695,family_001970,u_001970,2026-W34,ТС5,413.18,59.01,9
r_00040696,family_001970,u_001970,2026-W34,ТС5,615.01,52.59,8
r_00040697,family_001970,u_001970,2026-W35,ТС5,698.85,51.32,9
r_00040698,family_001970,u_001970,2026-W35,ТС5,425.50,90.28,9
r_00040699,family_001970,u_001970,2026-W35,ТС5,615.84,25.80,9
r_00040700,family_001970,u_001970,2026-W36,ТС5,562.71,79.17,9
r_00040701,family_001970,u_001970,2026-W36,ТС5,511.86,99.60,5
r_00040722,family_001972,u_001972,2026-W25,ТС5,836.65,27.06,9
r_00040723,family_001972,u_001972,2026-W25,ТС5,815.12,23.67,10
r_00040724,family_001972,u_001972,2026-W26,ТС5,685.82,68.09,6
r_00040725,family_001972,u_001972,2026-W26,ТС5,488.96,38.78,5
r_00040726,family_001972,u_001972,2026-W27,ТС5,660.43,29.28,9
r_00040727,family_001972,u_001972,2026-W27,ТС5,747.37,14.58,8
r_00040728,family_001972,u_001972,2026-W28,ТС5,780.56,68.17,9
r_00040729,family_001972,u_001972,2026-W28,ТС5,648.07,85.58,10
r_00040730,family_001972,u_001972,2026-W29,ТС5,533.24,51.82,5
r_00040731,family_001972,u_001972,2026-W29,ТС5,733.03,41.69,10
r_00040732,family_001972,u_001972,2026-W30,ТС5,591.25,60.29,6
r_00040733,family_001972,u_001972,2026-W31,ТС5,988.45,0.00,6
r_00040734,family_001972,u_001972,2026-W32,ТС5,531.65,16.13,11
r_00040735,family_001972,u_001972,2026-W32,ТС5,563.86,33.61,6
r_00040736,family_001972,u_001972,2026-W33,ТС5,727.14,89.07,9
r_00040737,family_001972,u_001972,2026-W33,ТС5,756.07,19.85,9
r_00040738,family_001972,u_001972,2026-W34,ТС5,641.62,83.74,8
r_00040739,family_001972,u_001972,2026-W34,ТС5,795.56,22.11,8
r_00040740,family_001972,u_001972,2026-W35,ТС5,569.33,11.34,5
r_00040741,family_001972,u_001972,2026-W36,ТС5,718.99,10.64,6
r_00040742,family_001972,u_001972,2026-W36,ТС5,718.09,31.92,11
r_00040752,family_001974,u_001974,2026-W25,ТСЧ,695.22,34.59,8
r_00040753,family_001974,u_001974,2026-W26,ТСЧ,895.40,33.68,11
r_00040754,family_001974,u_001974,2026-W26,ТСЧ,550.26,40.21,8
r_00040755,family_001974,u_001974,2026-W27,ТСЧ,556.58,0.00,10
r_00040756,family_001974,u_001974,2026-W27,ТСЧ,551.24,62.73,11
r_00040757,family_001974,u_001974,2026-W28,ТСЧ,667.09,0.00,5
r_00040758,family_001974,u_001974,2026-W28,ТСЧ,959.80,24.73,9
r_00040759,family_001974,u_001974,2026-W29,ТСЧ,471.97,22.32,5
r_00040760,family_001974,u_001974,2026-W29,ТСЧ,916.03,0.00,8
r_00040761,family_001974,u_001974,2026-W29,ТСЧ,1020.59,81.04,11
r_00040762,family_001974,u_001974,2026-W30,ТСЧ,809.08,35.65,9
r_00040763,family_001974,u_001974,2026-W30,ТСЧ,859.59,41.66,10
r_00040764,family_001974,u_001974,2026-W31,ТСЧ,854.73,30.50,10
r_00040765,family_001974,u_001974,2026-W31,ТСЧ,835.86,9.73,5
r_00040766,family_001974,u_001974,2026-W32,ТСЧ,1096.32,95.53,6
r_00040767,family_001974,u_001974,2026-W33,ТСЧ,792.67,41.30,8
r_00040768,family_001974,u_001974,2026-W33,ТСЧ,887.87,50.11,9
r_00040769,family_001974,u_001974,2026-W34,ТСЧ,789.94,81.93,5
r_00040770,family_001974,u_001974,2026-W34,ТСЧ,783.87,36.54,6
r_00040771,family_001974,u_001974,2026-W35,ТСЧ,802.40,42.96,10
r_00040772,family_001974,u_001974,2026-W35,ТСЧ,700.37,37.53,10
r_00040773,family_001974,u_001974,2026-W36,ТСЧ,853.90,71.50,9
r_00040967,family_001989,u_001989,2026-W25,ТСЧ,819.61,56.17,6
r_00040968,family_001989,u_001989,2026-W25,ТСЧ,688.65,66.60,5
r_00040969,family_001989,u_001989,2026-W26,ТСЧ,1093.40,36.76,9
r_00040970,family_001989,u_001989,2026-W26,ТСЧ,1060.69,22.83,5
r_00040971,family_001989,u_001989,2026-W27,ТСЧ,879.47,47.84,8
r_00040972,family_001989,u_001989,2026-W27,ТСЧ,860.46,73.80,5
r_00040973,family_001989,u_001989,2026-W28,ТСЧ,676.21,57.40,10
r_00040974,family_001989,u_001989,2026-W28,ТСЧ,913.04,23.22,10
r_00040975,family_001989,u_001989,2026-W29,ТСЧ,669.59,39.89,10
r_00040976,family_001989,u_001989,2026-W29,ТСЧ,688.41,10.69,11
r_00040977,family_001989,u_001989,2026-W29,ТСЧ,580.53,19.75,5
r_00040978,family_001989,u_001989,2026-W30,ТСЧ,859.94,41.82,5
r_00040979,family_001989,u_001989,2026-W30,ТСЧ,814.01,12.40,10
r_00040980,family_001989,u_001989,2026-W30,ТСЧ,763.90,7.34,11
r_00040981,family_001989,u_001989,2026-W31,ТСЧ,750.89,90.08,8
r_00040982,family_001989,u_001989,2026-W31,ТСЧ,831.36,9.33,10
r_00040983,family_001989,u_001989,2026-W31,ТСЧ,829.84,124.89,6
r_00040984,family_001989,u_001989,2026-W32,ТСЧ,975.00,0.00,5
r_00040985,family_001989,u_001989,2026-W32,ТСЧ,850.49,22.47,9
r_00040986,family_001989,u_001989,2026-W33,ТСЧ,986.71,106.03,5
r_00040987,family_001989,u_001989,2026-W33,ТСЧ,755.86,43.54,10
r_00040988,family_001989,u_001989,2026-W33,ТСЧ,875.00,51.86,6
r_00040989,family_001989,u_001989,2026-W34,ТСЧ,646.07,22.74,8
r_00040990,family_001989,u_001989,2026-W34,ТСЧ,729.32,65.63,10
r_00040991,family_001989,u_001989,2026-W35,ТСЧ,1159.19,22.61,11
r_00040992,family_001989,u_001989,2026-W35,ТСЧ,909.49,7.48,9
r_00040993,family_001989,u_001989,2026-W35,ТСЧ,659.83,38.45,8
r_00040994,family_001989,u_001989,2026-W36,ТСЧ,985.31,24.30,11
r_00040995,family_001989,u_001989,2026-W36,ТСЧ,889.39,70.28,9
r_00041014,family_001991,u_001991,2026-W25,ТС5,567.01,9.76,7
r_00041015,family_001991,u_001991,2026-W25,ТС5,429.14,22.22,9
r_00041016,family_001991,u_001991,2026-W25,ТС5,831.51,0.00,6
r_00041017,family_001991,u_001991,2026-W26,ТС5,652.75,19.00,10
r_00041018,family_001991,u_001991,2026-W26,ТС5,715.99,85.26,7
r_00041019,family_001991,u_001991,2026-W26,ТС5,588.55,48.47,9
r_00041020,family_001991,u_001991,2026-W27,ТС5,692.62,31.03,10
r_00041021,family_001991,u_001991,2026-W27,ТС5,658.85,20.31,6
r_00041022,family_001991,u_001991,2026-W27,ТС5,698.21,69.69,10
r_00041023,family_001991,u_001991,2026-W27,ТС5,540.98,43.14,9
r_00041024,family_001991,u_001991,2026-W28,ТС5,608.31,17.21,8
r_00041025,family_001991,u_001991,2026-W28,ТС5,682.28,56.84,10
r_00041026,family_001991,u_001991,2026-W28,ТС5,650.91,9.05,6
r_00041027,family_001991,u_001991,2026-W29,ТС5,597.10,69.79,11
r_00041028,family_001991,u_001991,2026-W29,ТС5,595.37,34.56,11
r_00041029,family_001991,u_001991,2026-W29,ТС5,696.61,26.33,11
r_00041030,family_001991,u_001991,2026-W30,ТС5,517.75,24.65,7
r_00041031,family_001991,u_001991,2026-W30,ТС5,551.06,19.43,5
r_00041032,family_001991,u_001991,2026-W30,ТС5,563.70,19.63,8
r_00041033,family_001991,u_001991,2026-W31,ТС5,574.46,0.00,9
r_00041034,family_001991,u_001991,2026-W31,ТС5,794.41,49.72,11
r_00041035,family_001991,u_001991,2026-W31,ТС5,615.18,9.77,6
r_00041036,family_001991,u_001991,2026-W32,ТС5,624.00,34.28,10
r_00041037,family_001991,u_001991,2026-W32,ТС5,806.81,32.58,9
r_00041038,family_001991,u_001991,2026-W33,ТС5,555.84,14.25,11
r_00041039,family_001991,u_001991,2026-W33,ТС5,882.08,0.00,7
r_00041040,family_001991,u_001991,2026-W33,ТС5,842.31,45.99,11
r_00041041,family_001991,u_001991,2026-W33,ТС5,575.69,73.42,5
r_00041042,family_001991,u_001991,2026-W34,ТС5,802.51,66.53,7
r_00041043,family_001991,u_001991,2026-W34,ТС5,522.44,15.19,9
r_00041044,family_001991,u_001991,2026-W34,ТС5,631.92,25.93,8
r_00041045,family_001991,u_001991,2026-W35,ТС5,491.45,41.43,8
r_00041046,family_001991,u_001991,2026-W35,ТС5,717.59,9.74,10
r_00041047,family_001991,u_001991,2026-W35,ТС5,833.71,84.15,6
r_00041048,family_001991,u_001991,2026-W36,ТС5,739.98,23.49,5
r_00041049,family_001991,u_001991,2026-W36,ТС5,708.90,0.00,6
r_00041050,family_001991,u_001991,2026-W36,ТС5,698.09,8.26,9
r_00041051,family_001992,u_001992,2026-W25,ТСХ,839.47,37.92,11
r_00041052,family_001992,u_001992,2026-W25,ТСХ,1329.68,26.09,5
r_00041053,family_001992,u_001992,2026-W26,ТСХ,1036.98,0.00,11
r_00041054,family_001992,u_001992,2026-W26,ТСХ,798.29,39.76,11
r_00041055,family_001992,u_001992,2026-W27,ТСХ,1066.69,103.65,6
r_00041056,family_001992,u_001992,2026-W27,ТСХ,566.98,65.72,6
r_00041057,family_001992,u_001992,2026-W28,ТСХ,990.64,15.84,7
r_00041058,family_001992,u_001992,2026-W28,ТСХ,971.41,30.92,8
r_00041059,family_001992,u_001992,2026-W29,ТСХ,1167.47,36.86,5
r_00041060,family_001992,u_001992,2026-W29,ТСХ,950.84,54.24,5
r_00041061,family_001992,u_001992,2026-W29,ТСХ,833.93,70.32,11
r_00041062,family_001992,u_001992,2026-W30,ТСХ,999.47,63.77,8
r_00041063,family_001992,u_001992,2026-W30,ТСХ,796.18,23.51,11
r_00041064,family_001992,u_001992,2026-W30,ТСХ,1298.51,81.49,10
r_00041065,family_001992,u_001992,2026-W31,ТСХ,1249.26,60.48,11
r_00041066,family_001992,u_001992,2026-W31,ТСХ,1073.58,65.94,9
r_00041067,family_001992,u_001992,2026-W32,ТСХ,1238.10,60.06,11
r_00041068,family_001992,u_001992,2026-W32,ТСХ,1073.64,0.00,5
r_00041069,family_001992,u_001992,2026-W33,ТСХ,759.15,39.27,5
r_00041070,family_001992,u_001992,2026-W33,ТСХ,855.81,61.07,10
r_00041071,family_001992,u_001992,2026-W34,ТСХ,739.75,34.76,11
r_00041072,family_001992,u_001992,2026-W34,ТСХ,995.06,131.59,8
r_00041073,family_001992,u_001992,2026-W34,ТСХ,1067.84,0.00,7
r_00041074,family_001992,u_001992,2026-W35,ТСХ,973.94,237.06,5
r_00041075,family_001992,u_001992,2026-W35,ТСХ,1003.72,18.18,8
r_00041076,family_001992,u_001992,2026-W36,ТСХ,583.07,29.57,11
r_00041077,family_001992,u_001992,2026-W36,ТСХ,832.92,20.45,9
r_00041107,family_001995,u_001995,2026-W25,ТСХ,860.27,176.85,8
r_00041108,family_001995,u_001995,2026-W25,ТСХ,1167.44,213.31,10
r_00041109,family_001995,u_001995,2026-W25,ТСХ,848.34,55.11,8
r_00041110,family_001995,u_001995,2026-W26,ТСХ,991.16,21.89,5
r_00041111,family_001995,u_001995,2026-W26,ТСХ,962.65,197.36,8
r_00041112,family_001995,u_001995,2026-W26,ТСХ,834.08,213.79,5
r_00041113,family_001995,u_001995,2026-W27,ТСХ,906.46,231.25,9
r_00041114,family_001995,u_001995,2026-W27,ТСХ,736.71,41.40,5
r_00041115,family_001995,u_001995,2026-W27,ТСХ,925.60,192.79,8
r_00041116,family_001995,u_001995,2026-W28,ТСХ,969.54,81.35,11
r_00041117,family_001995,u_001995,2026-W28,ТСХ,631.97,93.77,8
r_00041118,family_001995,u_001995,2026-W28,ТСХ,1000.56,139.74,5
r_00041119,family_001995,u_001995,2026-W29,ТСХ,858.18,295.01,7
r_00041120,family_001995,u_001995,2026-W29,ТСХ,721.37,123.27,7
r_00041121,family_001995,u_001995,2026-W30,ТСХ,1287.87,105.68,10
r_00041122,family_001995,u_001995,2026-W30,ТСХ,986.92,99.55,11
r_00041123,family_001995,u_001995,2026-W30,ТСХ,894.30,126.92,6
r_00041124,family_001995,u_001995,2026-W31,ТСХ,1225.11,170.69,8
r_00041125,family_001995,u_001995,2026-W31,ТСХ,944.22,124.47,5
r_00041126,family_001995,u_001995,2026-W31,ТСХ,866.07,101.58,8
r_00041127,family_001995,u_001995,2026-W32,ТСХ,809.90,54.77,10
r_00041128,family_001995,u_001995,2026-W32,ТСХ,665.72,96.69,11
r_00041129,family_001995,u_001995,2026-W32,ТСХ,673.34,78.19,7
r_00041130,family_001995,u_001995,2026-W33,ТСХ,955.07,96.31,11
r_00041131,family_001995,u_001995,2026-W33,ТСХ,863.27,112.50,10
r_00041132,family_001995,u_001995,2026-W33,ТСХ,843.28,188.51,10
r_00041133,family_001995,u_001995,2026-W34,ТСХ,965.81,36.86,11
r_00041134,family_001995,u_001995,2026-W34,ТСХ,815.52,66.85,9
r_00041135,family_001995,u_001995,2026-W34,ТСХ,764.26,153.71,10
r_00041136,family_001995,u_001995,2026-W35,ТСХ,881.41,114.87,8
r_00041137,family_001995,u_001995,2026-W35,ТСХ,728.79,73.35,6
r_00041138,family_001995,u_001995,2026-W36,ТСХ,932.08,308.87,6
r_00041139,family_001995,u_001995,2026-W36,ТСХ,798.24,141.71,10
r_00041140,family_001995,u_001995,2026-W36,ТСХ,828.05,167.23,8
